_id,divert_typeISbb_encore_waste_types_divert_typesID,name,email,telephone,address1,address2,address3,address4,city,postcode,website,supplier_contact,supplier_contact_email,supplier_contact_telephone,creditorISbb_usersID_IN_Creditors,percent_recyclableNUM,percent_efwNUM,provides_a_rebateYN,carrier_licenseISfile,carrier_license_expiry_date,carrier_license_not_applicableYN,permitISfile,permit_expiry_date,permit_not_applicableYN,permit2ISfile,permit2_expiry_date,permit2_not_applicableYN,permit3ISfile,permit3_expiry_date,permit3_not_applicableYN,permit4ISfile,permit4_expiry_date,permit4_not_applicableYN,permit5ISfile,permit5_expiry_date,permit5_not_applicableYN,insuranceISfile,insurance_expiry_date,insurance_not_applicableYN,supplier_auditISLIST_Yes_No_NA,supplier_audit_date_completed,notesISsmallplaintextbox,latitudeNUM,longitudeNUM,archivedYN,_apikey,_deleted,_authorid,_dateadded,_modifierid,_datemodified
1,1,MSK,alex.coombs@mskltd.co.uk,"020 7264 4100","7 Prescot Street",,,,London,"E1 8AY",http://mskgroup.co.uk/,"Alex Coombes",,,,,,0,"portal/encore/UserFiles/SysDocs/bb_encore_suppliers/10000/1/WCL, expires 30.04.20.PNG","2020-04-30 00:00:00",0,"portal/encore/UserFiles/SysDocs/bb_encore_suppliers/10000/1/MSK Transfer Station Licence.pdf","2019-04-24 00:00:00",0,,,1,,,1,,,1,,,1,"portal/encore/UserFiles/SysDocs/bb_encore_suppliers/10000/1/Ins, expires 01.04.18.pdf","2018-04-01 00:00:00",0,,,,51.51162880,-0.06919830,1,589e4a9cfa4308a7fdb28df3641bdb2b,0,1,"2016-01-21 11:20:19",48,"2020-10-23 12:51:36"
2,1,"Simply Waste",alex@simplywastesolutions.co.uk,08007817750,"Oakleaf Farm Resource and Recovery Park","Horton Road","Starwell Moor",,,"TW19 6AF",https://simplywastesolutions.co.uk/,,sales@simplywastesolutions.co.uk,,,100,,0,"portal/encore/UserFiles/SysDocs/bb_encore_suppliers/10000/2/Waste Carrier License Expire 1.05.2020.pdf","2020-05-01 00:00:00",0,"portal/encore/UserFiles/SysDocs/bb_encore_suppliers/10000/2/Simply Waste Site Permit.pdf","2019-04-30 00:00:00",1,,,1,,,1,,,1,,,1,"portal/encore/UserFiles/SysDocs/bb_encore_suppliers/10000/2/Insurance expires 06.03.18.JPG","2018-03-06 00:00:00",0,,,,51.46075320,-0.49792880,1,65ca655d6f2cac3aa437f123b3d6052c,0,1,"2016-01-21 11:20:29",48,"2020-10-23 12:54:37"
6,1,"A Brunton",info@abruntonskiphire.co.uk,"0800 069 9569",Woodside,Boynton,,,Bridlington,"YO16 4XG",https://abruntonskiphire.co.uk/,,,,,,,1,"portal/encore/UserFiles/SysDocs/bb_encore_suppliers/10000/6/A Brunton Waste Carrier Licence 2018.jpg","2018-11-14 00:00:00",0,portal/encore/UserFiles/SysDocs/bb_encore_suppliers/10000/6/waste-management-liscense-2016.pdf,"2019-03-13 00:00:00",0,,,1,,,1,,,1,,,1,"portal/encore/UserFiles/SysDocs/bb_encore_suppliers/10000/6/Public liabilty Insurance 21.02.19.pdf","2019-02-21 00:00:00",0,,,,54.09492870,-0.25506320,1,d7bffd4937acabdebdd1a23902e7f888,0,7,"2016-02-09 12:47:49",48,"2020-10-23 12:56:55"
7,1,"A J Pain",ajandwaste@aol.com,"0207 732 0044","127-135 Ormside Street",,,,London,"SE15 1TF",https://www.ajpskiphire.co.uk/,,,,,,,0,"portal/encore/UserFiles/SysDocs/bb_encore_suppliers/10000/7/WCL 11-03-19.pdf","2019-03-11 00:00:00",0,,,1,,,1,,,1,,,1,,,1,portal/encore/UserFiles/SysDocs/bb_encore_suppliers/10000/7/AJWaste,"2018-07-14 00:00:00",0,,,,51.48334370,-0.05593300,1,12097d27117e71e30bbc20e0965ae726,0,7,"2016-02-09 12:47:49",48,"2020-10-23 12:58:24"
8,1,"A M Waste London",info@am-waste.co.uk,"0207 284 3838","Unit 6 Burdon & Miles Industrial Estate","Delamare Road",Cheshunt,,Hertfordshire,"EN8 9SP",https://amwaste.co.uk/,,,,,,,0,"portal/encore/UserFiles/SysDocs/bb_encore_suppliers/10000/8/Waste Carriers Licence 24.10.20.pdf","2020-10-24 00:00:00",0,,,1,,,1,,,1,,,1,,,1,"portal/encore/UserFiles/SysDocs/bb_encore_suppliers/10000/8/To Whom It May Concern Liability letter 07.04.19.pdf","2019-04-07 00:00:00",0,,,,51.70604800,-0.02390820,1,dfa8c831cb6b2ba5fc1afd5d72bec987,0,7,"2016-02-09 12:47:49",48,"2020-10-26 14:28:51"
10,1,"A1 Skip Hire",info@a1services-manchester.co.uk,"01617 362020","Mayo House","Agrecroft Commerce Park",Swinton,,Lancastershire,"M27 8BQ",https://www.a1services-manchester.co.uk/,,,,,,0,0,"portal/encore/UserFiles/SysDocs/bb_encore_suppliers/10000/10/WCL, expires 02.07.19.pdf","2019-07-02 00:00:00",0,portal/encore/UserFiles/SysDocs/bb_encore_suppliers/10000/10/Permit.pdf,"2019-03-20 00:00:00",0,,,1,,,1,,,1,,,1,"portal/encore/UserFiles/SysDocs/bb_encore_suppliers/10000/10/Ins, expires 08.02.18.pdf","2018-02-08 00:00:00",0,,,,53.50537200,-2.29678220,1,9367efe9ebb75b2c175a26154d62a167,0,7,"2016-02-09 12:47:49",48,"2020-10-23 13:04:55"
11,1,"Abbey Skip Hire",abbeyskiphireltd@gmail.com,"0161 724 7252","Unit 6, Park Road Industrial Estate","Park Road",Fernhill,,Bury,"BL9 5BQ",https://abbeyskiphireltd.co.uk/,,,,,,0,1,"portal/encore/UserFiles/SysDocs/bb_encore_suppliers/10000/11/WASTECARRIERS 2023.pdf","2023-09-28 00:00:00",0,"portal/encore/UserFiles/SysDocs/bb_encore_suppliers/10000/11/PERMITS  02.11.19.pdf","2021-11-02 00:00:00",0,,,1,,,1,,,1,,,1,"portal/encore/UserFiles/SysDocs/bb_encore_suppliers/10000/11/Liability Documents 2020.pdf","2021-06-30 00:00:00",0,,,,53.60009200,-2.29731550,0,35e9bcaa673e84eab9f9d4b1b27491e0,0,7,"2016-02-09 12:47:49",48,"2020-10-23 13:13:34"
13,1,Acorn,Jenny@acornwaste.co.uk;info@acornrecyclers.com,"01509 881215","Unit 61 Wymeswold Industrial Park","Wymeswold Lane",Burton-on-the-Wolds,LOUGHBROUGH,LEICESTERSHIRE,"LE12 5TY",www.acornrecyclers.com,,,,,,,0,"portal/encore/UserFiles/SysDocs/bb_encore_suppliers/10000/13/waste carriers license 11.12-2020.JPG","2020-12-11 00:00:00",0,,,1,,,1,,,1,,,1,,,1,,,1,,,,52.79517040,-1.12246040,0,d49260ca1ad2123b1e6b630204dc77b7,0,7,"2016-02-09 12:47:49",48,"2020-10-23 13:22:36"
14,1,"AE Burgess & Sons",scott@aeburgess.com,"0116 262 0065","Ulverscroft Road",,,,Leceister,"LE4 0BY",www.acornrecyclers.com,Scott,,,,,,0,"portal/encore/UserFiles/SysDocs/bb_encore_suppliers/10000/14/AEB Waste Carriers Licence 2019-2022.pdf","2022-04-02 00:00:00",0,"portal/encore/UserFiles/SysDocs/bb_encore_suppliers/10000/14/Environmental Permit EAWML43379.pdf","2021-06-27 00:00:00",0,,,1,,,1,,,1,,,1,"portal/encore/UserFiles/SysDocs/bb_encore_suppliers/10000/14/AEB Insurance 2020-2021.pdf","2021-06-26 00:00:00",0,,"2020-08-13 00:00:00",,52.64687530,-1.13948120,0,09655c13762a88bfa4d3fe279185b46b,0,7,"2016-02-09 12:47:49",48,"2020-10-23 13:24:25"
15,1,Ahern,transport@ahern.co.uk,"01708 865599","Oliver Close",,,,"West Thurrock","RM20 3EE",https://www.ahern.co.uk/,,,,,,,0,"portal/encore/UserFiles/SysDocs/bb_encore_suppliers/10000/15/P F Ahern (London) Ltd expires 16 August 2019.pdf","2019-08-16 00:00:00",0,"portal/encore/UserFiles/SysDocs/bb_encore_suppliers/10000/15/OPER017INT1 West Thurrock Site Licence.pdf","2019-04-30 00:00:00",0,,,1,,,1,,,1,,,1,"portal/encore/UserFiles/SysDocs/bb_encore_suppliers/10000/15/Public Liability Insurance  expires 31 October 2018.pdf","2018-10-31 00:00:00",0,,,,51.46938460,0.26642760,1,9c0a45a8cd77d3e60aa860439aa164ea,0,7,"2016-02-09 12:47:49",48,"2020-10-23 13:32:35"
16,1,"Alan Skips",enquiries@alansskips.co.uk,"0800 988 5481","Unit 5 Oasis Park","Road One, Winsford ind Est",Winsford,,Cheshire,"CW7 3RY",https://www.alansskips.co.uk/,,,,,,,0,"portal/encore/UserFiles/SysDocs/bb_encore_suppliers/10000/16/Waste Carrier license Expires 1.08.18.pdf","2018-08-01 00:00:00",0,portal/encore/UserFiles/SysDocs/bb_encore_suppliers/10000/16/environment-agency-permit-wrexham.pdf,"2021-05-05 00:00:00",0,,,1,,,1,,,1,,,1,"portal/encore/UserFiles/SysDocs/bb_encore_suppliers/10000/16/Ins, 31.03.19.pdf","2019-03-31 00:00:00",0,,,,53.19685830,-2.49549000,1,0bb2707b31de53c111346e06d97ac367,0,7,"2016-02-09 12:47:49",48,"2020-10-23 13:35:16"
17,1,"Albion Waste",Ops@albionwaste.net,"020 8834 4833","Depot Road","Wood Lane",,,London,"W12 7RZ",https://www.albionwaste.net/,,,,,,,0,"portal/encore/UserFiles/SysDocs/bb_encore_suppliers/10000/17/Albion Waste carrier's licence.pdf","2018-07-09 00:00:00",0,"portal/encore/UserFiles/SysDocs/bb_encore_suppliers/10000/17/Albion Environmental permit.pdf","2018-06-06 00:00:00",0,,,1,,,1,,,1,,,1,"portal/encore/UserFiles/SysDocs/bb_encore_suppliers/10000/17/Certificate of Employers Liability_expires 15.12.17.pdf","2017-12-15 00:00:00",0,,,,51.51331830,-0.22282250,1,db1fecdce6b7c0fb0da5bf64ccc9e366,0,7,"2016-02-09 12:47:49",48,"2020-10-23 13:38:11"
24,1,Baco-Compak,sales@baco-compak.com,"01553 630 247","Innisfree Trading Estate",Bawsey,,,"Kings Lynn","PE32 1EX",https://www.baco-compak.com/,,,,,,,0,"portal/encore/UserFiles/SysDocs/bb_encore_suppliers/10000/24/Baco-Compak Waste Carriers Licence May 2016 - May 2019.pdf","2019-05-29 00:00:00",0,"portal/encore/UserFiles/SysDocs/bb_encore_suppliers/10000/24/Baco - compak Waste Transfer permit.jpg","2019-04-30 00:00:00",0,,,1,,,1,,,1,,,1,"portal/encore/UserFiles/SysDocs/bb_encore_suppliers/10000/24/Baco Compak Public & Employers Liability Insurance 2017.pdf","2017-11-14 00:00:00",0,,,,52.75258580,0.47238700,1,9757080e8105c5722056d75b71b9d62c,0,7,"2016-02-09 12:47:50",48,"2020-10-23 13:39:15"
25,1,"Bagnall and Morris",Wendy.Mitchell@bandmwaste.com;nationals@bandmwaste.com;Darren.Hunter-Moore@bandmwaste.com,01513462902,"16 Dock Road South",Wirral,,,Merseyside,"CH62 4SQ",https://www.bagnallandmorris.com/,,,,,,,0,portal/encore/UserFiles/SysDocs/bb_encore_suppliers/10000/25/BMWasteCertificatePack_June2020_compressed.pdf,"2023-06-25 00:00:00",0,"portal/encore/UserFiles/SysDocs/bb_encore_suppliers/10000/25/Environmental Permit.pdf","2021-06-30 00:00:00",1,,,1,,,1,,,1,,,1,"portal/encore/UserFiles/SysDocs/bb_encore_suppliers/10000/25/TWIMC 2020.pdf","2021-07-06 00:00:00",0,,,,53.34798300,-2.98058890,0,c2c886e65a2c2dc81d5223a8eba23b9b,0,7,"2016-02-09 12:47:50",48,"2020-10-23 13:46:10"
26,1,"Baileys skip",skiphire.bailey@btconnect.com,"01536 743030","Heritage Way",,Corby,,Northants,"NN17 5XW",https://www.baileysskiphire.co.uk/,,,,,,,0,"portal/encore/UserFiles/SysDocs/bb_encore_suppliers/10000/26/Waste Carriers EXP Jan22.pdf","2022-01-31 00:00:00",0,"portal/encore/UserFiles/SysDocs/bb_encore_suppliers/10000/26/BAILEY'S SITE LICENCE - FULL.pdf","2019-04-30 00:00:00",1,,,1,,,1,,,1,,,1,"portal/encore/UserFiles/SysDocs/bb_encore_suppliers/10000/26/LIABILITY INSURANCE 2020.pdf","2020-12-16 00:00:00",0,Yes,"2020-11-10 00:00:00",,52.50729550,-0.68080230,0,cfa3f8bff61fe5d743323d307942d3c8,0,7,"2016-02-09 12:47:50",32,"2020-11-10 10:46:00"
27,1,"Baldwin Skip Hire",enquiries@baldwinskip.co.uk,"01953 453 625","Walnut Tree Farm","Silver Street","Bestthorpe Attleborough",,Norwich,"NR17 2LF",https://www.baldwinskip.co.uk/,,,,,,,0,portal/encore/UserFiles/SysDocs/bb_encore_suppliers/10000/27/WasteCarrierRegistrationCertificate-CBDU213502.pdf,"2020-12-15 00:00:00",0,"portal/encore/UserFiles/SysDocs/bb_encore_suppliers/10000/27/BAILEY'S SITE LICENCE - FULL.pdf","2019-04-30 00:00:00",0,,,1,,,1,,,1,,,1,"portal/encore/UserFiles/SysDocs/bb_encore_suppliers/10000/27/Liability Policy 08.06.19.pdf","2019-06-08 00:00:00",0,,,,52.52607330,1.05289460,1,a61fa8d07880ecd280eb2366833eb019,0,7,"2016-02-09 12:47:50",48,"2020-10-23 13:49:35"
28,1,"Basingstoke Skip Hire",sales@basingstokeskiphire.co.uk;sam.cross@basingstokeskiphire.co.uk,01256322088,"Wade Road",,,,Basingstoke,"RG24 8PL",https://www.basingstokeskiphire.co.uk/,,,,,,,0,"portal/encore/UserFiles/SysDocs/bb_encore_suppliers/10000/28/Waste Carrier Licence 02.04.2022.pdf","2022-04-02 00:00:00",0,"portal/encore/UserFiles/SysDocs/bb_encore_suppliers/10000/28/Basingstoke skip hire Site Permit.pdf","2019-04-30 00:00:00",0,,,1,,,1,,,1,,,1,"portal/encore/UserFiles/SysDocs/bb_encore_suppliers/10000/28/Public and Employer Liability Insurance 16.09.19.pdf","2019-09-16 00:00:00",0,,,,51.28029840,-1.06693990,1,2cfd53cc3a4bb8453b3aa16b4ffdc2ce,0,7,"2016-02-09 12:47:50",48,"2020-10-23 13:57:16"
29,1,Ellgia,info@bellwc.com,"01724 277 299","Pit Bottom","Winterton Road",Scunthorpe,,"North Lincolnshire","DN15 0DH",https://www.ellgia.co.uk/,,,,,100,,0,"portal/encore/UserFiles/SysDocs/bb_encore_suppliers/10000/29/Waste Carrier Licence, expires 04.03.19.docx","2019-03-04 00:00:00",0,portal/encore/UserFiles/SysDocs/bb_encore_suppliers/10000/29/scrap_metal_license14.pdf,"2019-04-30 00:00:00",0,,,1,,,1,,,1,,,1,"portal/encore/UserFiles/SysDocs/bb_encore_suppliers/10000/29/Ellgia Ltd (General Insurance) - 2017 expires 31.12.17.pdf","2017-12-31 00:00:00",0,,,,53.59669470,-0.64063640,1,a98ae342dbde20436ea6d5bc00060753,0,7,"2016-02-09 12:47:50",48,"2020-10-23 14:10:34"
31,1,"Biffa - New chapel",elaine.pearce@biffa.co.uk,"01342 835496","Hobbs Industrial Estate","New Chapel",Felbridge,,Lingfield,"RH7 6HN",https://www.biffa.co.uk/,,,,,,,0,"portal/encore/UserFiles/SysDocs/bb_encore_suppliers/10000/31/WCL, 23.05.19.pdf","2019-05-23 00:00:00",0,,,1,,,1,,,1,,,1,,,1,"portal/encore/UserFiles/SysDocs/bb_encore_suppliers/10000/31/Ins, 31.03.18.pdf","2018-03-31 00:00:00",0,,,,51.15460540,-0.05648500,1,459595921f4cd320d45681d35d706eef,0,7,"2016-02-09 12:47:50",48,"2020-10-23 14:21:10"
32,1,"Bill Dyson",info@dysonskips.co.uk,01132038313,"Whitehall Industrial Estate","Whitehall Road",,,Leeds,"LS12 5JB",https://billdysonwastemanagement.co.uk/,,,,,,,0,"portal/encore/UserFiles/SysDocs/bb_encore_suppliers/10000/32/BDSH Waste Carriers License Sep 2018 - Dec 2021.pdf","2021-12-11 00:00:00",0,"portal/encore/UserFiles/SysDocs/bb_encore_suppliers/10000/32/BDSH EAWML.pdf","2022-04-30 00:00:00",0,,,1,,,1,,,1,,,1,"portal/encore/UserFiles/SysDocs/bb_encore_suppliers/10000/32/BDSH - EL & PL June 2020 - June 2021.pdf","2021-06-09 00:00:00",0,Yes,"2020-01-23 00:00:00",,53.77965830,-1.61355940,0,3813dc07995d4b083f31e264b6352b88,0,7,"2016-02-09 12:47:50",48,"2020-10-23 14:22:37"
33,1,"Binn Group",services@binngroup.co.uk,"01577 830833","Shore Rd",,,,Perth,"PH2 8BH",binngroup.co.uk,,,,,97,0,0,"portal/encore/UserFiles/SysDocs/bb_encore_suppliers/10000/33/WCL, expires 05.0319.pdf","2019-03-05 00:00:00",0,portal/encore/UserFiles/SysDocs/bb_encore_suppliers/10000/33/WasteManagementLicenceFirstPage.pdf,"2019-03-13 00:00:00",0,,,1,,,1,,,1,,,1,"portal/encore/UserFiles/SysDocs/bb_encore_suppliers/10000/33/Ins expires 28.02.18.pdf","2018-02-28 00:00:00",0,,,,56.38626660,-3.42581090,1,cc6834bcb374d871526d1d8bd9fe9013,0,7,"2016-02-09 12:47:50",48,"2020-10-23 14:24:08"
34,1,"Bithell's Waste Disposal",enquiries@bithells.co.uk,"01942 248965","Unit 1 Victoria Brewery","Westwood Road",Wigan,,Lancashire,"WN3 5DE",http://www.bithells.co.uk/,,,,,78,22,0,"portal/encore/UserFiles/SysDocs/bb_encore_suppliers/10000/34/carriers license 01.10.18.pdf","2018-10-01 00:00:00",0,portal/encore/UserFiles/SysDocs/bb_encore_suppliers/10000/34/Permit.pdf,"2019-03-13 00:00:00",0,,,1,,,1,,,1,,,1,"portal/encore/UserFiles/SysDocs/bb_encore_suppliers/10000/34/Liability Insurance 07.10.18.pdf","2018-10-07 00:00:00",0,,,,53.53894670,-2.62949640,1,effabc6903a6c8ffffdaa4b9b4ac29e9,0,7,"2016-02-09 12:47:50",48,"2020-10-23 14:25:29"
35,1,"Blackpool Skip Hire",info@skipsinblackpool.co.uk,"01253 892020","Kingscourt Recycling Centre","Beacon Road","Poulton Business Park",,Lancashire,"FY6 8JE",https://www.blackpool-skiphire.co.uk/,,,,,98,2,0,portal/encore/UserFiles/SysDocs/bb_encore_suppliers/10000/35/CARRIERS-19-22.pdf,"2022-06-19 00:00:00",0,portal/encore/UserFiles/SysDocs/bb_encore_suppliers/10000/35/Permit.pdf,"2021-03-19 00:00:00",0,,,1,,,1,,,1,,,1,"portal/encore/UserFiles/SysDocs/bb_encore_suppliers/10000/35/Liability ins 26.07.21.pdf","2021-07-26 00:00:00",0,,,,53.84371610,-2.97144410,0,55708cf6b216d0a674a508316ad490ff,0,7,"2016-02-09 12:47:50",48,"2020-10-23 14:26:57"
37,1,"Blitz Recycling Ltd",servicedesk@blitzrecycling.com,"0121 517 1111- Birmimgham, 01902 870 370- Wolverhampton","Blitz Business Park","Woden Road",,,Wolverhampton,"WV10 0AU",https://www.blitzrecycling.com/,,,,,80,0,1,"portal/encore/UserFiles/SysDocs/bb_encore_suppliers/10000/37/Waste Carriers Certificate Feb 2022.pdf","2022-02-10 00:00:00",0,,,1,,,1,,,1,,,1,,,1,"portal/encore/UserFiles/SysDocs/bb_encore_suppliers/10000/37/Ins expires 11-08-17.pdf","2017-08-11 00:00:00",1,,,"Don't use! Had issues with payment and supplier has been fined previously in the past.",52.59600570,-2.11097520,0,77848b91462685bb136c21d10fcf4c06,0,7,"2016-02-09 12:47:50",48,"2020-10-23 14:28:42"
38,1,"Bradwell Skips",chris@bradwellskips.co.uk,"0114 244 2489","Baker Street",,,,Sheffield,"S9 3WG",https://www.bradwellskips.co.uk/,Chris,,,,,,0,"portal/encore/UserFiles/SysDocs/bb_encore_suppliers/10000/38/WCL, expires 20-11-18.pdf","2018-11-20 00:00:00",0,portal/encore/UserFiles/SysDocs/bb_encore_suppliers/10000/38/Permit.pdf,"2019-03-13 00:00:00",0,,,1,,,1,,,1,,,1,"portal/encore/UserFiles/SysDocs/bb_encore_suppliers/10000/38/employers-liability  27.04.2019.pdf","2019-04-27 00:00:00",0,,,,53.39399970,-1.43368720,1,7cb1ead1105f758676a16dd292d1e677,0,7,"2016-02-09 12:47:50",48,"2020-10-26 13:36:36"
40,1,Brewsters,gavin@brewsterswaste.co.uk,"020 7474 3535","Dock Road",,,,London,"E16 1AF",https://brewsterswaste.co.uk/,,,,,,,0,"portal/encore/UserFiles/SysDocs/bb_encore_suppliers/10000/40/WCL, expires 15.01.19.pdf","2019-01-15 00:00:00",0,portal/encore/UserFiles/SysDocs/bb_encore_suppliers/10000/40/BrewstersWasteManagementLtdLicences.pdf,"2019-03-27 00:00:00",0,,,1,,,1,,,1,,,1,,,0,,,,51.50679450,0.01062840,1,0318b798129435306942a81e672f35b2,0,7,"2016-02-09 12:47:50",48,"2020-10-26 13:38:05"
41,1,"Brian Plant",info@brianplant.com,"01472 341499","Estate Road No.2","South Humberside Industrial Estate",Grimsby,,"North East Lincolnshire","DN31 2TG",https://brianplant.com/,,,,,99,,0,"portal/encore/UserFiles/SysDocs/bb_encore_suppliers/10000/41/Waste Carriers Licence 24.04.2022.pdf","2022-04-24 00:00:00",0,portal/encore/UserFiles/SysDocs/bb_encore_suppliers/10000/41/Permit.pdf,"2021-03-24 00:00:00",0,,,1,,,1,,,1,,,1,"portal/encore/UserFiles/SysDocs/bb_encore_suppliers/10000/41/Insurance Letter May 10.2021.pdf","2021-03-10 00:00:00",0,,,,53.57534380,-0.11742380,0,8602a2536c7ce57e43b19123e5989d6d,0,7,"2016-02-09 12:47:50",48,"2020-10-26 13:39:05"
42,1,"Broadoak's UK Ltd",info@broadoaks4skips.co.uk,"0121 241 5100","11 Hollyfield Road South",,,,"Sutton Coldfield","B76 1NY",https://www.broadoaks4skips.co.uk/,,,,,,,0,"portal/encore/UserFiles/SysDocs/bb_encore_suppliers/10000/42/WCL 30.10.20.pdf","2020-10-30 00:00:00",0,,,1,,,1,,,1,,,1,,,1,"portal/encore/UserFiles/SysDocs/bb_encore_suppliers/10000/42/Ins, expires 28.05.18.pdf","2018-05-28 00:00:00",0,,,Broker!,52.55970060,-1.80250480,1,7821579155493555d84182d9cd4fc8e1,0,7,"2016-02-09 12:47:50",48,"2020-10-26 13:40:11"
43,1,"Brown & son Recycling",traffic@brownrecycling.co.uk;P.Cox@brownrecycling.co.uk;M.Brown@brownrecycling.co.uk,"0800 998 1069","Vanguard House, Sneyd Hill",Burslem,Stoke-on-Trent,,Staffordshire,"ST6 2DZ",https://www.brownrecycling.co.uk/,,,,,98,,1,"portal/encore/UserFiles/SysDocs/bb_encore_suppliers/10000/43/Carriers Licence 2019-2022.pdf","2022-03-09 00:00:00",0,"portal/encore/UserFiles/SysDocs/bb_encore_suppliers/10000/43/WML 102279 Sneyd Hill.pdf","2019-03-13 00:00:00",0,,,1,,,1,,,1,,,1,"portal/encore/UserFiles/SysDocs/bb_encore_suppliers/10000/43/Liability Insurance 28.02.2020.pdf","2020-02-28 00:00:00",0,,,,53.04443810,-2.18011130,1,e65c9879b8937338efd9fa1ab0d40aa2,0,7,"2016-02-09 12:47:50",48,"2020-10-26 13:41:13"
46,1,"Cartwright Skips",sales@cartskips.co.uk,"01952 587587","Unit 21, Halesfield 21",Telford,,,Shropshire,"TF7 4NX",https://cartwrightswastedisposal.co.uk/,,,,,,,0,"portal/encore/UserFiles/SysDocs/bb_encore_suppliers/10000/46/WCL, expires 15.07.20.pdf","2020-07-15 00:00:00",0,portal/encore/UserFiles/SysDocs/bb_encore_suppliers/10000/46/Permit.pdf,"2019-06-30 00:00:00",0,,,1,,,1,,,1,,,1,"portal/encore/UserFiles/SysDocs/bb_encore_suppliers/10000/46/Ins, 20.06.18.pdf","2018-06-21 00:00:00",0,,,,52.64223940,-2.42712940,1,31add5d28e0c983297ad40a3b4eb9243,0,7,"2016-02-09 12:47:50",48,"2020-10-26 13:45:24"
47,1,Cawleys,customer.services@cawleys.co.uk;brokers@cawleys.co.uk;lisa.weller@cawleys.co.uk,"0845 2602000 ; 07976 750484","1 Covent Garden Close",,Luton,,Bedfordshire,"LU4 8QG",www.cawleys.co.uk,,,,,,,0,"portal/encore/UserFiles/SysDocs/bb_encore_suppliers/10000/47/waste carriers license 2021.pdf","2022-12-01 00:00:00",0,"portal/encore/UserFiles/SysDocs/bb_encore_suppliers/10000/47/Cawleys Site Permit.pdf","2021-03-26 00:00:00",0,,,1,,,1,,,1,,,1,"portal/encore/UserFiles/SysDocs/bb_encore_suppliers/10000/47/Cawleys Compliance Pack October 2020.pdf","2021-10-27 00:00:00",0,Yes,"2020-01-24 00:00:00",,51.90941790,-0.48422690,0,0c23f149374a10551c7824fe1bf3a8ef,0,7,"2016-02-09 12:47:50",48,"2020-10-28 12:57:42"
48,1,"CD Waste Management",antony@cdwaste.co.uk,"020 8469 4858","Deptford Recycling Centre","Landmann Way",,,London,"SE14 5RS",http://cdwaste.co.uk/,,,,,,,0,"portal/encore/UserFiles/SysDocs/bb_encore_suppliers/10000/48/CD Waste - Waste Carriers Licence.pdf","2020-07-06 00:00:00",0,,,1,,,1,,,1,,,1,,,1,"portal/encore/UserFiles/SysDocs/bb_encore_suppliers/10000/48/Employers Liability 17-18.pdf","2018-04-16 00:00:00",0,,,,51.48576690,-0.04432830,1,80fd6f115fe8173b5540d87b91ca1490,0,7,"2016-02-09 12:47:50",48,"2020-10-26 13:48:49"
49,1,"Central Waste",centralwasteuk@btconnect.com,"0115 963 8080","15B Wigwam Lane",Hucknall,,,Nottinghamshire,"NG15 7TA",https://nottinghamskip.com/,,,,,,,0,"portal/encore/UserFiles/SysDocs/bb_encore_suppliers/10000/49/WCL, expires 18.12.19.pdf","2019-12-18 00:00:00",0,portal/encore/UserFiles/SysDocs/bb_encore_suppliers/10000/49/Permit.pdf,"2019-04-27 00:00:00",0,,,1,,,1,,,1,,,1,"portal/encore/UserFiles/SysDocs/bb_encore_suppliers/10000/49/Liability Insurance 25.05.18.pdf","2018-05-25 00:00:00",0,,,,53.03662690,-1.18699660,1,beabc2130c220bc259d4e1e29125f366,0,7,"2016-02-09 12:47:50",48,"2020-10-26 13:49:57"
51,1,Clearaway,transport@clearaway.uk.com,01299252510,"Rushock Trading Estate","Droitwich Road",Rushock,,Worcestershire,"WR9 0NR",https://www.clearawaywastemanagement.co.uk/,,,,,92,4,0,portal/encore/UserFiles/SysDocs/bb_encore_suppliers/10000/51/Waste-Carriers-Licence-Clearaway-July-2016-Web.pdf,"2019-07-02 00:00:00",0,,,1,,,1,,,1,,,1,,,1,"portal/encore/UserFiles/SysDocs/bb_encore_suppliers/10000/51/Liability Insurance expires 04.09.18.pdf","2018-09-04 00:00:00",0,,,,52.33455810,-2.18345940,1,673fb6bf2c29744ca32e23acc2918ef6,0,7,"2016-02-09 12:47:50",48,"2020-10-26 13:50:47"
52,1,"Clews Recycling",richard@clewsrecycling.co.uk;emma@clewsrecycling.co.uk;orders@clewsrecycling.co.uk,01788541549,"Unit 17 Hunters Lane",,,,Rugby,"CV21 1EA",https://www.clewsrecycling.co.uk/,,,,,97,,0,"portal/encore/UserFiles/SysDocs/bb_encore_suppliers/10000/52/Waste Carriers Licence expires 08.11.20.pdf","2020-11-08 00:00:00",0,portal/encore/UserFiles/SysDocs/bb_encore_suppliers/10000/52/Permit.pdf,"2021-05-11 00:00:00",0,"portal/encore/UserFiles/SysDocs/bb_encore_suppliers/10000/52/Scrap metal licence.pdf","2019-05-11 00:00:00",0,,,1,,,1,,,1,"portal/encore/UserFiles/SysDocs/bb_encore_suppliers/10000/52/Insurance 17.05.2021.pdf","2021-05-17 00:00:00",0,,,,52.38190590,-1.26145110,1,7153515572e9d31de4fc5a0e676669ab,0,7,"2016-02-09 12:47:51",48,"2020-10-26 13:51:43"
53,1,"Commercial Waste- Birmingham","sarah@cwrecyclingltd.co.uk, kerry@cwrecyclingltd.co.uk","0121 553 7333 /Colin 07986575864","Montague Street",,,,Birmingham,"B9 4BA",,,,,,92,8,0,"portal/encore/UserFiles/SysDocs/bb_encore_suppliers/10000/53/CW 29.06.18.pdf","2018-06-29 00:00:00",0,"portal/encore/UserFiles/SysDocs/bb_encore_suppliers/10000/53/SB Waste Management Licence(16page).pdf","2019-04-30 00:00:00",0,,,1,,,1,,,1,,,1,"portal/encore/UserFiles/SysDocs/bb_encore_suppliers/10000/53/Ins 13.06.18.pdf","2019-06-13 00:00:00",0,,,,52.48026780,-1.88134770,1,5e72fdb3c6043e87b33dfc184f02a883,0,7,"2016-02-09 12:47:51",1,"2020-08-10 12:07:40"
56,1,"Cwik Skip",info@cwikskip.co.uk,"01788 221915","Templar Avenue",Coventry,,,"West Midlands","CV4 9AP",https://www.cwik-skip.co.uk/,,,,,,,0,"portal/encore/UserFiles/SysDocs/bb_encore_suppliers/10000/56/carriers 12.03.2022.pdf","2022-03-12 00:00:00",0,,,1,,,1,,,1,,,1,,,1,"portal/encore/UserFiles/SysDocs/bb_encore_suppliers/10000/56/Verification of Insurance 31.01.2021.pdf","2021-01-31 00:00:00",0,,,,52.39785740,-1.57000310,0,8473e673b50a49e6905187a025cd7190,0,7,"2016-02-09 12:47:51",48,"2020-10-26 13:55:23"
59,1,"Direct 365",suppliesoffice@direct365.co.uk,"0800 612 9688","Oasis Business Park","Parkside Place",,,Skelmersdale,"WN8 9RD",https://www.direct365.co.uk/,,,,,,,0,,,1,,,1,,,1,,,1,,,1,,,1,,,1,,,,53.53034370,-2.73420340,0,5b14d45c56b82765f393db119048fe74,0,7,"2016-02-09 12:47:51",48,"2020-10-26 13:56:32"
60,1,"DMS Limited",john@dms-limited.com,"020 83304596","The Old Mill","Old Maiden lane","Worcester Park",,Surrey,"KT4 7PY",https://www.dms-limited.com/,,,,,,,0,"portal/encore/UserFiles/SysDocs/bb_encore_suppliers/10000/60/Waste Carrier Licence, expires April 2018.pdf","2018-04-01 00:00:00",0,,,1,,,1,,,1,,,1,,,1,"portal/encore/UserFiles/SysDocs/bb_encore_suppliers/10000/60/Insurance, expires October 2017.pdf","2017-10-01 00:00:00",0,,,,51.37588920,-0.26443700,1,534a3b4f29b9056edc40b15c27a77c20,0,7,"2016-02-09 12:47:51",48,"2020-10-26 13:59:08"
61,1,"Docklands Recycling",info@docklandsrecycling.co.uk,"0207 5115634","Plot 4 Thames Wharf","Dock Road","Canning Town",,London,"E16 1AF",,,,,,,,0,"portal/encore/UserFiles/SysDocs/bb_encore_suppliers/10000/61/WCL, 06.06.18.pdf","2018-06-06 00:00:00",0,,,1,,,1,,,1,,,1,,,1,"portal/encore/UserFiles/SysDocs/bb_encore_suppliers/10000/61/Ins, 26.04.18.pdf","2018-04-26 00:00:00",0,,,,51.50679450,0.01062840,1,71aae77585f227c7a05ac8d9601c7197,0,7,"2016-02-09 12:47:51",1,"2020-08-10 12:07:40"
62,1,"DOW waste management",info@dowuk.com,"01236 730730","23 Lenzie Mill Road",,Cumbernauld,,Glasgow,"G67 2RL",https://www.dowuk.com/,,,,,,,0,"portal/encore/UserFiles/SysDocs/bb_encore_suppliers/10000/62/Waste Carriers Licence - expiry 19.07.2018.pdf","2018-07-19 00:00:00",0,,,1,,,1,,,1,,,1,,,1,"portal/encore/UserFiles/SysDocs/bb_encore_suppliers/10000/62/Waste Carriers Licence - expiry 19.07.2018.pdf","2018-07-19 00:00:00",0,,,,55.93489780,-3.98492860,1,7ecac4c0db0c9e8b3f53498c2ac4a6d0,0,7,"2016-02-09 12:47:51",48,"2020-10-26 14:01:56"
63,1,"DP Skip Hire",info@dpskiphire.co.uk,"01782 551222","Moorview Farm","Kingsley Road",,,Stoke-on-trent,"ST9 0DJ",https://www.dpskiphire.com/,,,,,,,0,"portal/encore/UserFiles/SysDocs/bb_encore_suppliers/10000/63/WCL, 20.06.19.pdf","2019-06-20 00:00:00",0,portal/encore/UserFiles/SysDocs/bb_encore_suppliers/10000/63/Permit.PNG,"2019-06-20 00:00:00",0,,,1,,,1,,,1,,,1,"portal/encore/UserFiles/SysDocs/bb_encore_suppliers/10000/63/Ins, 05.06.18.pdf","2018-06-05 00:00:00",0,,,,53.02478620,-2.05719650,1,73ec688659cf4cb036ea3a260033a26c,0,7,"2016-02-09 12:47:51",48,"2020-10-26 14:02:47"
64,1,"DS Smith",mike.wilcox@dssmith.com,"0700 273 2925","Ty Gwyredd","11 Beddau Way",Caerphilly,,Wales,"CF83 2AX",https://www.dssmith.com/recycling/contact,,,,,,,0,"portal/encore/UserFiles/SysDocs/bb_encore_suppliers/10000/64/NIEA Carriers License.pdf","2020-07-21 00:00:00",0,,,1,,,1,,,1,,,1,,,1,"portal/encore/UserFiles/SysDocs/bb_encore_suppliers/10000/64/PPL Insurance 2016.pdf","2018-01-01 00:00:00",0,,,,51.57078100,-3.24768740,1,3f50ce0633f45f5de08dd23f95ceb3f3,0,7,"2016-02-09 12:47:51",48,"2020-10-26 14:04:08"
65,1,"Dumpall Waste Management",enquiries@dumpall.co.uk,"01302 322092","Clay lane","Long Sandall",,,Doncaster,"Dn2 4RA",,,,,,,,0,"portal/encore/UserFiles/SysDocs/bb_encore_suppliers/10000/65/waste carriers licence 05.10.18.pdf","2018-10-05 00:00:00",0,"portal/encore/UserFiles/SysDocs/bb_encore_suppliers/10000/65/dumpall cert.pdf","2019-04-30 00:00:00",0,,,1,,,1,,,1,,,1,"portal/encore/UserFiles/SysDocs/bb_encore_suppliers/10000/65/Dumpall TWIMC letter 2017.pdf","2018-07-26 00:00:00",0,,,,53.55625010,-1.08906410,1,2e59810b6749e127087c86ae0d115a40,0,7,"2016-02-09 12:47:51",1,"2020-08-10 12:07:41"
66,1,"Economic Skip Hire",sales@economicskips.com,"020 7639 6666","2 Mercury Way",,,,London,"SE14 5RR",https://www.economicskips.com/,,,,,,,0,,,0,,,1,,,1,,,1,,,1,,,1,,,0,,,,51.48199020,-0.04523840,1,5a0164bafaaaf8083dcb2db7a09c55df,0,7,"2016-02-09 12:47:51",48,"2020-10-26 14:06:18"
67,1,EIS,info@eiswaste.co.uk,"01224 784100",Gallowhill,Checkbar,Nigg,,Aberdeen,"AB12 4LP",http://eiswaste.com/,,,,,,,0,"portal/encore/UserFiles/SysDocs/bb_encore_suppliers/10000/67/Carriers-Licence EIS.pdf","2018-10-23 00:00:00",0,,,1,,,1,,,1,,,1,,,1,"portal/encore/UserFiles/SysDocs/bb_encore_suppliers/10000/67/EIS Airside-Legal-Liability-Insurance-Certificate-2017-20181.pdf","2018-03-31 00:00:00",0,,,,57.08494680,-2.11337570,1,1edc98a3e6e6aa0efb396dd29c256e9f,0,7,"2016-02-09 12:47:51",1,"2020-08-10 12:07:41"
68,1,EMR,poppy.huntley@emrgroup.com;paul.cripps@emrgroup.com,02392674550,"Sirius House","Delta Crescent",Westbrook,,Warrington,"WA5 7NS",https://uk.emrgroup.com/,,,,,,,0,"portal/encore/UserFiles/SysDocs/bb_encore_suppliers/10000/68/WasteCarrier 21.08.23.pdf","2023-08-21 00:00:00",0,"portal/encore/UserFiles/SysDocs/bb_encore_suppliers/10000/68/Metal dealers License.pdf","2021-04-30 00:00:00",0,,,1,,,1,,,1,,,1,"portal/encore/UserFiles/SysDocs/bb_encore_suppliers/10000/68/TWIMC Liability 2020.pdf","2021-07-01 00:00:00",0,,,,53.41099550,-2.62982060,0,d4eeec6e551ca411ff4a0ace7f644b4b,0,7,"2016-02-09 12:47:51",48,"2020-10-26 14:07:52"
70,1,Environcom,customer.service@environcom.co.uk,"0844 736 0071","Spittlegate Level",Grantham,,,Lincolnshire,"NG31 7UH",https://www.environcom.co.uk,,,,,100,,0,"portal/encore/UserFiles/SysDocs/bb_encore_suppliers/10000/70/WCL, expires 01.04.19.pdf","2049-04-01 00:00:00",0,portal/encore/UserFiles/SysDocs/bb_encore_suppliers/10000/70/Permit.pdf,"2019-03-27 00:00:00",0,,,1,,,1,,,1,,,1,"portal/encore/UserFiles/SysDocs/bb_encore_suppliers/10000/70/Ins, expires 28.01.17.pdf","2018-01-28 00:00:00",0,,,,52.88718000,-0.63716900,1,5cc7116afb2611d29892e76fbce016b0,0,7,"2016-02-09 12:47:51",48,"2020-10-26 14:08:50"
71,1,"F J L",operations@fjlrecycling.co.uk,"0844 335 1669","Electroline House","15 Lion Road",Twickenham,,London,"TW1 4JH",https://fjlwaste.co.uk/,,,,,,,0,,,0,,,1,,,1,,,1,,,1,,,1,,,0,,,,51.44597660,-0.33823300,1,bf6c9711d368a06c50b894d911039237,0,7,"2016-02-09 12:47:51",48,"2020-10-26 14:10:39"
72,1,Finnies,info@finnies.net,"01463 713 637","32 Longman Drive",,,,Inverness,"IV1 1SU",https://www.finniesinverness.co.uk/,,,,,97,,1,"portal/encore/UserFiles/SysDocs/bb_encore_suppliers/10000/72/WCL, expires 02.04.19.jpg","2019-04-02 00:00:00",0,portal/encore/UserFiles/SysDocs/bb_encore_suppliers/10000/72/Permit.jpg,"2019-03-13 00:00:00",0,,,1,,,1,,,1,,,1,"portal/encore/UserFiles/SysDocs/bb_encore_suppliers/10000/72/Ins, expires 12.12.17.jpg","2017-12-12 00:00:00",0,,,,57.49062910,-4.22982940,1,f22defbb1ec87443b1fb8455657d9f1f,0,7,"2016-02-09 12:47:51",48,"2020-10-26 14:11:47"
74,1,"Frank Barnes",Info@frank-barnes.co.uk,01254702748,"Albert and Hope Mills","Cross Street",Darwen,,Lancashire,"BB3 2PN",https://frank-barnes.uk/,,,,,,,0,"portal/encore/UserFiles/SysDocs/bb_encore_suppliers/10000/74/WCL, expires 06.05.19.pdf","2019-05-06 00:00:00",0,"portal/encore/UserFiles/SysDocs/bb_encore_suppliers/10000/74/Scrap metal licence.pdf","2019-04-30 00:00:00",0,,,1,,,1,,,1,,,1,"portal/encore/UserFiles/SysDocs/bb_encore_suppliers/10000/74/Insurance expires 30.03.18.pdf","2018-03-30 00:00:00",0,,,,53.68761900,-2.46143070,1,e511ee31776a47a003aba474497509df,0,7,"2016-02-09 12:47:51",48,"2020-10-28 12:51:25"
75,1,FreshStart,info@fswaste.co.uk,"01942 879 440","114 Scott House, Higher Green Lane",Tyldesley,Manchester,,Lancastershire,"M29 7JB",https://www.fswaste.co.uk/,,,,,11,50,0,"portal/encore/UserFiles/SysDocs/bb_encore_suppliers/10000/75/Fresh-Start-Waste-Carries-Registration 16.04.2021.pdf","2021-04-16 00:00:00",0,"portal/encore/UserFiles/SysDocs/bb_encore_suppliers/10000/75/Fresh Start - Environmental Licence (swinton) 2014.pdf","2019-04-30 00:00:00",0,,,1,,,1,,,1,,,1,"portal/encore/UserFiles/SysDocs/bb_encore_suppliers/10000/75/Liability Insurance 21.05.2019.pdf","2019-05-21 00:00:00",0,,,,53.49500640,-2.44879770,1,b2685504d568c36d4c6d5a8e60f8f49b,0,7,"2016-02-09 12:47:51",48,"2020-10-28 12:53:36"
76,1,GBN,"info@gbnservices.co.uk,joleen.conlon@gbnservices.co.uk","0203 887 5345- Option 2/OOH Karen Smith 07834729421","10 Estate Way",Leyton,,,London,"E10 7JN",https://www.gbnservices.co.uk/,,,,,,,0,"portal/encore/UserFiles/SysDocs/bb_encore_suppliers/10000/76/Waste-carriers-licence 2022.pdf","2022-04-19 00:00:00",0,"portal/encore/UserFiles/SysDocs/bb_encore_suppliers/10000/76/GBN Waste Permit.jpg","2021-03-27 00:00:00",0,,,1,,,1,,,1,,,1,"portal/encore/UserFiles/SysDocs/bb_encore_suppliers/10000/76/Ins, 01.04.21.pdf","2021-04-01 00:00:00",0,Yes,"2020-06-05 00:00:00",,51.56767060,-0.02490740,0,51add7f19d3c96535ac62a2f9568093c,0,7,"2016-02-09 12:47:51",48,"2020-10-28 12:55:07"
77,1,"Golding Skip Hire",enquiries@golding-skips.co.uk,"01283 544389","Nicolson Way",,"Burton On Trent",,Staffordshire,"DE14 2AW",https://www.golding-skips.co.uk/,,,,,,,0,"portal/encore/UserFiles/SysDocs/bb_encore_suppliers/10000/77/Waste Carriers Licence 18.01.22.pdf","2022-01-18 00:00:00",0,portal/encore/UserFiles/SysDocs/bb_encore_suppliers/10000/77/Permit.pdf,"2021-04-30 00:00:00",0,,,1,,,1,,,1,,,1,"portal/encore/UserFiles/SysDocs/bb_encore_suppliers/10000/77/2021 Confirmation of cover Letter.pdf","2021-10-27 00:00:00",0,,,,52.79867550,-1.65396190,0,22fba688d63bacf7d9125d813e88e816,0,7,"2016-02-09 12:47:51",48,"2020-11-04 12:33:29"
78,1,"Gowing and Pursey",orders@gowingandpursey.co.uk,"020 8963 4070/ Karen 07885846254 OOH/Mick07788590982","100 Twyford Abbey Road","Park Royal",,,London,"NW10 2AW",https://www.gowingandpursey.co.uk/,Ania,,07446658002,,,,0,"portal/encore/UserFiles/SysDocs/bb_encore_suppliers/10000/78/Waste Carrier Certificate 13.05.2022.pdf","2022-05-13 00:00:00",0,"portal/encore/UserFiles/SysDocs/bb_encore_suppliers/10000/78/Gowing and Pursey Site Permit.pdf","2022-04-30 00:00:00",0,,,1,,,1,,,1,,,1,"portal/encore/UserFiles/SysDocs/bb_encore_suppliers/10000/78/Ins, 31.03.21.pdf","2021-03-31 00:00:00",0,Yes,"2020-06-30 00:00:00",,51.54102290,-0.25309450,0,eeda5c2bc6ff160955bd29fe1b1b0831,0,7,"2016-02-09 12:47:51",48,"2020-10-28 13:03:44"
79,1,"Grays Recycling",office@graysrecycling.co.uk,"01343 821999","Old Airfield","Nether Dallachy","Spey Bay",,,"IV32 7PL",https://www.graysrecyclingservices.co.uk/,,,,,,,0,"portal/encore/UserFiles/SysDocs/bb_encore_suppliers/10000/79/Waste Carriers 08.11.19.jpg","2019-11-08 00:00:00",0,,,1,,,1,,,1,,,1,,,1,"portal/encore/UserFiles/SysDocs/bb_encore_suppliers/10000/79/Liability Insurance 31.10.18.pdf","2018-10-31 00:00:00",0,,,,57.66167340,-3.08309370,1,b4155300eb1195b4e8aa94caf63d93cf,0,7,"2016-02-09 12:47:51",48,"2020-10-28 13:05:32"
81,1,"Hamilton Waste & Recycling",orders@hamiltonwaste.com,"0131 665 2173","Smeaton Recycling Centre","Carberry Road",Musselburgh,,"East Lothian","EH21 8PZ",https://www.hamiltonwaste.com/,,,,,86,13,0,"portal/encore/UserFiles/SysDocs/bb_encore_suppliers/10000/81/WCL, expires 24.01.20.pdf","2020-01-24 00:00:00",0,portal/encore/UserFiles/SysDocs/bb_encore_suppliers/10000/81/Permit.pdf,"2019-03-28 00:00:00",0,,,1,,,1,,,1,,,1,"portal/encore/UserFiles/SysDocs/bb_encore_suppliers/10000/81/Ins, expires 30.11.17.pdf","2017-11-30 00:00:00",0,,,,55.91215350,-3.01919160,1,a55b24e1d4d324ecbdaa5e43d6735ef0,0,7,"2016-02-09 12:47:52",48,"2020-10-28 13:06:40"
82,1,"Hammond Skips",hammondskiphire@aol.com,02476365600,"24 Colliery Lane","Bayton Road Industrial Estate",Exhall,,Coventry,"CV7 9NW",https://www.hammondskiphire.co.uk/,,,,,,,0,"portal/encore/UserFiles/SysDocs/bb_encore_suppliers/10000/82/Capture WASTE CARRIER LICENSE 2023.03.21.JPG","2023-03-21 00:00:00",0,"portal/encore/UserFiles/SysDocs/bb_encore_suppliers/10000/82/Environmental Permit.pdf","2021-03-26 00:00:00",0,,,1,,,1,,,1,,,1,"portal/encore/UserFiles/SysDocs/bb_encore_suppliers/10000/82/INS Letter - Evidence of Renewal.pdf","2021-11-23 00:00:00",0,Yes,"2020-01-17 00:00:00",,52.47139960,-1.47135270,0,ea3260a4f097135739d6fd084ea0cfc3,0,7,"2016-02-09 12:47:52",48,"2020-11-26 09:28:58"
84,1,"Hardings Valley Skips",enquiries@hardingsvalleyskips.co.uk,"01706 227787","Under Brow Farm","Cribden Side",Haslingden,,Rossendale,"BB4 5UB",https://www.hardingsvalleyskips.co.uk/,,,,,80,,0,"portal/encore/UserFiles/SysDocs/bb_encore_suppliers/10000/84/WCL, expires 25.03.2022.JPG","2022-03-25 00:00:00",0,,,1,,,1,,,1,,,1,,,1,"portal/encore/UserFiles/SysDocs/bb_encore_suppliers/10000/84/public lilability insurance 07.06.2020.pdf","2020-06-07 00:00:00",1,,,,53.71871460,-2.31269630,0,0bc0153af5b51a82cc14ebdce3cf7b52,0,7,"2016-02-09 12:47:52",48,"2020-10-28 13:09:24"
85,1,Hawes,Dan@hawesskiphire.com;Kelvin@hawesskiphire.com,"01494 559900; Dan 07979422695","Coronation Road","Cressex Industrial Estate","High Wycombe",,Buckinghamshire,"HP12 3RP",https://www.hawesgroup.co.uk/,,,,,,,0,"portal/encore/UserFiles/SysDocs/bb_encore_suppliers/10000/85/EA-waste-carriers-licence 2020.pdf","2021-03-18 00:00:00",0,"portal/encore/UserFiles/SysDocs/bb_encore_suppliers/10000/85/Hawes EA permit.pdf","2021-03-18 00:00:00",0,,,1,,,1,,,1,,,1,"portal/encore/UserFiles/SysDocs/bb_encore_suppliers/10000/85/hsk liability insurance 01.12.21.pdf","2021-12-01 00:00:00",0,,,"Dans number Out of hours only",51.62194290,-0.77558990,0,8ae9e4fecdd71a62e4553ac9380c0d07,0,7,"2016-02-09 12:47:52",48,"2020-12-01 14:05:11"
86,1,"Haz Environmental",mail@haz-enviro.co.uk,"0121 580 3055","Bullock Street","West Bromwich",,,"West Midlands","B70 7HE",https://www.haz-enviro.co.uk/,,,,,100,,0,portal/encore/UserFiles/SysDocs/bb_encore_suppliers/10000/86/Certificate.pdf,"2018-05-11 00:00:00",0,portal/encore/UserFiles/SysDocs/bb_encore_suppliers/10000/86/Waste-Management-Licence.pdf,"2019-03-28 00:00:00",0,,,1,,,1,,,1,,,1,"portal/encore/UserFiles/SysDocs/bb_encore_suppliers/10000/86/Haz Environmental, Ins 15.06.18.pdf","2018-06-15 00:00:00",0,,,,52.50826070,-1.99434330,1,5440b6e97123a6401cb4ad1387cd7da3,0,7,"2016-02-09 12:47:52",48,"2020-10-28 13:11:13"
87,1,"Hazell & Jefferies",admin@hazellj.co.uk,"01189 842684","Mount Pleasant Farm","Coombe End","Whitchurch Hill, Pangbourne",,Reading,"RG8 7TB",https://www.hazellj.co.uk/,,,,,92,,0,"portal/encore/UserFiles/SysDocs/bb_encore_suppliers/10000/87/WCL, expires 25.03.2022.JPG","2022-05-28 00:00:00",0,"portal/encore/UserFiles/SysDocs/bb_encore_suppliers/10000/87/Hazel and Jefferies Permit.pdf","2021-03-28 00:00:00",0,,,1,,,1,,,1,,,1,"portal/encore/UserFiles/SysDocs/bb_encore_suppliers/10000/87/All Risks 2021 & Professional Indenmity.pdf","2021-11-26 00:00:00",0,,,,51.50717870,-1.10603640,0,bc6456c0466e6af82d7df3ff6b95e87b,0,7,"2016-02-09 12:47:52",48,"2020-11-26 15:06:11"
88,1,"Hector Moore",hectormoore@googlemail.com,"01535 603759","Deal Street","Worth village",Keighley,,,"BD21 4LA",https://www.hmlrecyclingkeighley.co.uk/,,,,,,,1,"portal/encore/UserFiles/SysDocs/bb_encore_suppliers/10000/88/WCL, expires 14.03.19.pdf","2019-03-14 00:00:00",0,portal/encore/UserFiles/SysDocs/bb_encore_suppliers/10000/88/Scan_20160122_090158.pdf,"2019-04-30 00:00:00",0,,,1,,,1,,,1,,,1,"portal/encore/UserFiles/SysDocs/bb_encore_suppliers/10000/88/Ins, expires 31.03.18.pdf","2018-03-31 00:00:00",0,,,,53.87045890,-1.89309380,1,2be663b43d9db4206f71b90f8a8a0ace,0,7,"2016-02-09 12:47:52",48,"2020-10-28 13:14:05"
89,1,"Henry Waste(Henry home lifts)",info@henryhomeuplifts.co.uk,"0141 637 6666","Coltswold Road",,,,Coatbridge,"ML5 2AA",https://www.henrywastemanagement.co.uk/,,,,,,,0,"portal/encore/UserFiles/SysDocs/bb_encore_suppliers/10000/89/WCL, expires 23.06.20.pdf","2020-06-23 00:00:00",0,portal/encore/UserFiles/SysDocs/bb_encore_suppliers/10000/89/Permit.jpg,"2019-06-19 00:00:00",0,,,1,,,1,,,1,,,1,"portal/encore/UserFiles/SysDocs/bb_encore_suppliers/10000/89/Ltr re Insurance 02.07.18.pdf","2018-07-02 00:00:00",0,,,,55.86933040,-4.02414840,1,6647949b9ddaa1ff46e3aaf4cb5a9bf9,0,7,"2016-02-09 12:47:52",48,"2020-10-28 13:15:21"
90,1,"Hunter Waste",info@hunterwaste.co.uk,"0800 0124727","Villa Barnes 1","Partridge Drive","Rothwell, Market Rasen",,Lincolnshire,"LN7 6BH",http://www.hunterwaste.co.uk/,,,,,,,0,"portal/encore/UserFiles/SysDocs/bb_encore_suppliers/10000/90/WCL expires 01.12.17.pdf","2017-12-01 00:00:00",0,portal/encore/UserFiles/SysDocs/bb_encore_suppliers/10000/90/Permit.pdf,"2019-04-30 00:00:00",0,,,1,,,1,,,1,,,1,"portal/encore/UserFiles/SysDocs/bb_encore_suppliers/10000/90/Public and Employers Liab Ins 20.05.18.pdf","2018-05-20 00:00:00",0,,,,53.47743030,-0.25957980,1,938b169b8c60bb903ee11b3a4cc03283,0,7,"2016-02-09 12:47:52",48,"2020-10-28 13:16:20"
91,1,"Hurleys Skip Hire",info@skiphire4london.co.uk,"01707 656086","Unit 24 Cranbourne Road Industrial Estate","Potters Bar",,,Hertfordshire,"EN6 3JN",https://www.skiphire4london.co.uk/,,,,,93,0,0,,,0,,,0,,,1,,,1,,,1,,,1,,,0,,,,51.70455590,-0.20196030,1,ef26e5749be80f87dd5ca792a857ccb8,0,7,"2016-02-09 12:47:52",48,"2020-10-28 13:17:36"
92,1,"ISL ltd",sales@isl-wasteservices.co.uk,"0121 706 0630","34 Redfern Road",,,,Birmingham,"B11 2BH",https://www.isl-wasteservices.co.uk/,,,,,,,1,"portal/encore/UserFiles/SysDocs/bb_encore_suppliers/10000/92/Waste Carriers Licence 02.12.2021.pdf","2021-12-02 00:00:00",0,portal/encore/UserFiles/SysDocs/bb_encore_suppliers/10000/92/Permit.pdf,"2019-04-30 00:00:00",0,portal/encore/UserFiles/SysDocs/bb_encore_suppliers/10000/92/terry-site-licence.pdf,,1,,,1,,,1,,,1,"portal/encore/UserFiles/SysDocs/bb_encore_suppliers/10000/92/19.11.19  ISL Insurance Cert.pdf","2019-11-19 00:00:00",0,,,,52.45531720,-1.83599590,1,19a513ca5d02dba1f829c3b9749d92fb,0,7,"2016-02-09 12:47:52",48,"2020-10-28 13:22:31"
94,1,"J Byne Haulage",sales@jbynehaulage.co.uk,"01923 778803","PO Box 162",Rickmansworth,,,Hertfordshire,"WD3 8UX",https://www.isl-wasteservices.co.uk/,,,,,,,0,"portal/encore/UserFiles/SysDocs/bb_encore_suppliers/10000/94/2018-2019  J Byne Waste Carriers Licence.pdf","2021-11-13 00:00:00",0,portal/encore/UserFiles/SysDocs/bb_encore_suppliers/10000/94/Permit.pdf,"2021-04-20 00:00:00",0,,,1,,,1,,,1,,,1,"portal/encore/UserFiles/SysDocs/bb_encore_suppliers/10000/94/Insurance 21.pdf","2021-09-29 00:00:00",0,Yes,"2020-09-11 00:00:00",,51.62741730,-0.49235980,0,66f9ee08ec8aea2f9215c1d14192e594,0,7,"2016-02-09 12:47:52",48,"2020-10-28 13:23:03"
95,1,"J. Dickinson & Sons Limited",transport@jdickinson.co.uk,"01204 696446","Crown Lane","Station Road",,,Horwich,"BL6 5BN",https://www.jdickinson.co.uk/,,,,,,,0,,,0,"portal/encore/UserFiles/SysDocs/bb_encore_suppliers/10000/95/Site License -permit expires 02.11.19.docx","2019-11-02 00:00:00",0,,,1,,,1,,,1,,,1,"portal/encore/UserFiles/SysDocs/bb_encore_suppliers/10000/95/public liability expires 09.03.18.pdf","2018-03-09 00:00:00",0,,,,53.58757460,-2.57193930,1,675f1dd4e7e49b5b2065251037f778cd,0,7,"2016-02-09 12:47:52",48,"2020-10-28 13:23:57"
96,1,"Jacksons Recycling",transport@jacksonrecycling.co.uk,"01772 860033","Bradley Sandpit","Lightfoot Green",Fulwood,,Preston,"PR4 0AP",http://www.jacksonrecycling.co.uk/,,,,,,100,0,"portal/encore/UserFiles/SysDocs/bb_encore_suppliers/10000/96/Waste Carrier Licence - Expiry 30 03 18.pdf","2018-03-30 00:00:00",0,portal/encore/UserFiles/SysDocs/bb_encore_suppliers/10000/96/PERMIT.pdf,"2019-03-13 00:00:00",0,,,1,,,1,,,1,,,1,"portal/encore/UserFiles/SysDocs/bb_encore_suppliers/10000/96/Insurance expires 31.03.18.pdf","2018-03-31 00:00:00",0,,,,53.79944000,-2.73360220,1,5abb70702c8d47970dd121d6f236cdc4,0,7,"2016-02-09 12:47:52",48,"2020-10-28 13:24:55"
97,1,"JBT Waste Services",info@jbtwaste.co.uk,"01670 827 820","Stephenson Way","Barrington Industrial Estate",Bedlington,,Northumberland,"NE22 7DL",https://www.remondis-uk.com/,,,,,96,2,0,"portal/encore/UserFiles/SysDocs/bb_encore_suppliers/10000/97/Waste Carriers 2015-2018.pdf","2018-01-01 00:00:00",0,"portal/encore/UserFiles/SysDocs/bb_encore_suppliers/10000/97/Waste Management Licence.pdf","2019-03-14 00:00:00",0,,,1,,,1,,,1,,,1,"portal/encore/UserFiles/SysDocs/bb_encore_suppliers/10000/97/Insurance, expires May 2017.pdf","2017-05-01 00:00:00",0,,,,55.14626690,-1.58542850,1,f5c2436fbb2029e71faedc4eda3fba66,0,7,"2016-02-09 12:47:52",48,"2020-10-28 13:26:40"
98,1,"John Wade",i.brotton@johnwade.co.uk,"01325 315521","Ayclifee Quarry","Aycliffe Village",Darlington,,"Co Durham","DL5 6NB",https://www.johnwade.co.uk/skip-hire/,,,,,,,0,"portal/encore/UserFiles/SysDocs/bb_encore_suppliers/10000/98/WCL, 01.04.19.pdf","2019-04-01 00:00:00",0,"portal/encore/UserFiles/SysDocs/bb_encore_suppliers/10000/98/Scrap metal licence.pdf","2019-06-21 00:00:00",0,"portal/encore/UserFiles/SysDocs/bb_encore_suppliers/10000/98/Permit 1.pdf","2019-06-21 00:00:00",0,"portal/encore/UserFiles/SysDocs/bb_encore_suppliers/10000/98/Permit 2.pdf","2019-06-21 00:00:00",0,"portal/encore/UserFiles/SysDocs/bb_encore_suppliers/10000/98/Permit 3.pdf","2019-06-21 00:00:00",0,"portal/encore/UserFiles/SysDocs/bb_encore_suppliers/10000/98/Permit 4.pdf","2019-06-21 00:00:00",0,"portal/encore/UserFiles/SysDocs/bb_encore_suppliers/10000/98/Ins, 31.05.18.pdf","2018-05-31 00:00:00",0,,,,54.58980220,-1.56526960,1,2670efc7f61bc6cf308f931eb53296dd,0,7,"2016-02-09 12:47:52",48,"2020-10-28 13:28:08"
99,1,"JWS Waste",customercare@jwswaste.co.uk,"0161 737 4545","Westport House","35 Frederick Road",Salford,,,"M6 6LD",https://www.jwswaste.co.uk/,,,,,97,3,0,portal/encore/UserFiles/SysDocs/bb_encore_suppliers/10000/99/JWS-Waste-Carriers-Registration-Expires-04-Feb-2022.pdf,"2022-02-04 00:00:00",0,portal/encore/UserFiles/SysDocs/bb_encore_suppliers/10000/99/JWSPermitpdf.pdf,"2021-03-07 00:00:00",0,,,1,,,1,,,1,,,1,"portal/encore/UserFiles/SysDocs/bb_encore_suppliers/10000/99/JWS Public and Employee Liability Insurance 2020 - 2021.pdf","2021-08-30 00:00:00",0,,,,53.49152470,-2.27835420,0,06fc6ae75351ed0babfd61eaf3fa8b2f,0,7,"2016-02-09 12:47:52",48,"2020-10-28 13:29:36"
100,1,"K S Patersons",info@patersonskips.co.uk,"01382 774653","5 Piper Street",,,,Dundee,"DD4 0NT",https://www.patersons-skiphire.co.uk/,,,,,80,5,1,"portal/encore/UserFiles/SysDocs/bb_encore_suppliers/10000/100/WCL, expires 29.11.18.jpg","2018-11-29 00:00:00",0,"portal/encore/UserFiles/SysDocs/bb_encore_suppliers/10000/100/Waste Management License 100458.pdf","2019-03-14 00:00:00",0,,,1,,,1,,,1,,,1,"portal/encore/UserFiles/SysDocs/bb_encore_suppliers/10000/100/Liability Ins Exp. 29.9.18.jpg","2018-09-29 00:00:00",0,,,,56.48634200,-2.90763760,1,188d5f760cf884bd07124591720463f6,0,7,"2016-02-09 12:47:52",48,"2020-10-28 13:33:30"
101,1,"Kayleigh Plant Hire Limited",sales@kayleigh.co.uk;plantdesk@kayleigh.co.uk,"020 8801 2220","Markfield House","82 Markfield Road",Tottenham,,London,"N15 4QF",https://www.kayleigh.co.uk/,,,,,96,4,0,"portal/encore/UserFiles/SysDocs/bb_encore_suppliers/10000/101/WCL, espires 10.02.20.pdf","2020-02-10 00:00:00",0,,,1,,,1,,,1,,,1,,,1,"portal/encore/UserFiles/SysDocs/bb_encore_suppliers/10000/101/Liability Insurance 05.05.19.pdf","2019-05-05 00:00:00",0,,,,51.58303070,-0.06361230,1,a26037899ffd670be56cb296fccd45b6,0,7,"2016-02-09 12:47:52",48,"2020-10-28 13:34:50"
102,1,"Kirkby Skips",kirkbyskipsltd@gmail.com;office@kirkbyskips.com,"01515 491837","The Laurels","Broad Lane",Thornton,,Liverpool,"L29 8YB",http://www.kirkbyskipsltd.co.uk/,,,,,100,,0,"portal/encore/UserFiles/SysDocs/bb_encore_suppliers/10000/102/waste carriers license 01.02.2022.pdf","2022-02-01 00:00:00",0,"portal/encore/UserFiles/SysDocs/bb_encore_suppliers/10000/102/Kirkby Skips Waste Management License Full.pdf","2019-04-30 00:00:00",1,,,1,,,1,,,1,,,1,"portal/encore/UserFiles/SysDocs/bb_encore_suppliers/10000/102/liability letter 2020.docx","2021-06-14 00:00:00",0,,,,53.51683350,-2.98817690,0,164d7d2d17bfbb29b5e91529b6e7759e,0,7,"2016-02-09 12:47:52",48,"2020-10-28 13:36:43"
103,1,KMR,kmr-skip-hire@btconnect.com,"01977 672 735","The Yard","Englands Lane",,,Knottingley,"WF11 0JP",https://kmrskiphire.co.uk/,,,,,,,0,"portal/encore/UserFiles/SysDocs/bb_encore_suppliers/10000/103/WASTE CARRIERS LICENCE 04.04.19.docx","2019-04-04 00:00:00",0,"portal/encore/UserFiles/SysDocs/bb_encore_suppliers/10000/103/PERMIT 02.11.19.pdf","2019-11-02 00:00:00",1,,,1,,,1,,,1,,,1,"portal/encore/UserFiles/SysDocs/bb_encore_suppliers/10000/103/insurmarchjune 21.06.18.pdf","2018-06-21 00:00:00",0,,,,53.70266740,-1.24541400,1,4112074ba3c1f8995afa5526792acf20,0,7,"2016-02-09 12:47:52",48,"2020-10-28 13:37:59"
104,1,"Kniveton (UK) Ltd",knivetonukltd@btconnect.com,"01709 376172 / 01709 935247","North Drive",Rotherham,,,"South Yorkshire","S60 1QF",https://knivetonukltd.co.uk/,,,,,95,,0,"portal/encore/UserFiles/SysDocs/bb_encore_suppliers/10000/104/Kniveton UK waste carriers.pdf","2019-03-28 00:00:00",0,portal/encore/UserFiles/SysDocs/bb_encore_suppliers/10000/104/scan0004.jpg,"2019-04-30 00:00:00",0,,,1,,,1,,,1,,,1,"portal/encore/UserFiles/SysDocs/bb_encore_suppliers/10000/104/Kniveton Employers Liability Cert 16-17 (1).pdf","2017-12-08 00:00:00",0,,,,53.43841740,-1.35932970,1,73383e0d1c2d6c732445348f301fdd61,0,7,"2016-02-09 12:47:52",48,"2020-10-28 13:39:08"
105,1,"L&S Waste Management",info@lswaste.co.uk,"01329 840000","Pegham Industrial Estate","Laveys Lane",,,Fareham,"PO15 6SD",https://lswaste.co.uk/,,,,,,,0,portal/encore/UserFiles/SysDocs/bb_encore_suppliers/10000/105/Waste-Carriers-Certificate-2020-2023.pdf,"2023-10-25 00:00:00",0,"portal/encore/UserFiles/SysDocs/bb_encore_suppliers/10000/105/Permit 1.pdf","2021-10-25 00:00:00",0,"portal/encore/UserFiles/SysDocs/bb_encore_suppliers/10000/105/Permit 2.pdf","2021-04-20 00:00:00",0,"portal/encore/UserFiles/SysDocs/bb_encore_suppliers/10000/105/Permit 3.pdf","2021-04-20 00:00:00",0,,,1,,,1,"portal/encore/UserFiles/SysDocs/bb_encore_suppliers/10000/105/Insurance 2021.pdf","2021-09-30 00:00:00",0,,,,50.87895180,-1.22023080,0,f17251d39e61b93ac4739ae5d6595a5f,0,7,"2016-02-09 12:47:52",48,"2020-10-28 13:41:24"
106,1,"Lanz Group",sales@lanzgroup.net,01753686867,"Galleymead House",Colnbrook,Slough,,Berkshire,"SL3 0NT",https://www.lanzgroup.net/,,,,,,,0,"portal/encore/UserFiles/SysDocs/bb_encore_suppliers/10000/106/WASTE CARRIERS LICENCE 2016-2019.pdf","2019-02-23 00:00:00",0,,,1,,,1,,,1,,,1,,,1,,,1,,,,51.47680260,-0.50672260,1,b9b86ad821b4f476afefc87045960bd9,0,7,"2016-02-09 12:47:52",48,"2020-10-28 13:42:58"
107,1,"Lion Skips",info@lionskips.com,02031055238,"Greenford Business Centre","Station Approach","Oldfield Lane",,"North Greenford","UB6 OAL",,,,,,91,9,0,"portal/encore/UserFiles/SysDocs/bb_encore_suppliers/10000/107/Waste carrier licence certificate.pdf","2018-05-15 00:00:00",0,,,1,,,1,,,1,,,1,,,1,"portal/encore/UserFiles/SysDocs/bb_encore_suppliers/10000/107/Public Liability 2016 - 2017.pdf","2017-09-13 00:00:00",0,,,,,,1,90fa950776fca6fcb4a02eed911b9c30,0,7,"2016-02-09 12:47:52",1,"2020-08-10 12:07:47"
108,1,Loosemore's,daniel@loosemorestransport.co.uk,"01743 443156",Battlefield,Shrewsbury,,,Shropshire,"SY4 3DE",https://loosemorestransport.co.uk,,,,,88,,0,"portal/encore/UserFiles/SysDocs/bb_encore_suppliers/10000/108/waste carriers 2016-2019.pdf","2019-01-01 00:00:00",0,,,1,,,1,,,1,,,1,,,1,"portal/encore/UserFiles/SysDocs/bb_encore_suppliers/10000/108/Insurance expires 05.09.17.pdf","2017-09-05 00:00:00",0,,,,52.74843160,-2.71279160,1,a1b6442af3096c6bf40b50e5cb372c4b,0,7,"2016-02-09 12:47:52",48,"2020-10-28 13:46:25"
110,1,LRCS,enquiries@skiphirelincolnltd.co.uk,"01522 856028","Unit 9a Westminster Industrial Estate","Station Road","North Hykeham",,Lincoln,"LN6 3QY",https://www.skiphirelincolnltd.co.uk/,,,,,88,,0,,,0,,,0,,,1,,,1,,,1,,,1,,,1,,,,53.19940040,-0.59515450,1,5e362ad58b718e54eaa7a7f379245347,0,7,"2016-02-09 12:47:52",48,"2020-10-28 13:48:05"
111,1,LSPS,info@lspsskiphire.co.uk,"0800 0837807","61-70  Harrison Close","South Wigston",,,Leceister,"LE18 4ZL",https://www.lspsskiphire.co.uk/,,,,,,,0,"portal/encore/UserFiles/SysDocs/bb_encore_suppliers/10000/111/WCL, 23.01.20.pdf","2020-01-23 00:00:00",0,,,1,,,1,,,1,,,1,,,1,"portal/encore/UserFiles/SysDocs/bb_encore_suppliers/10000/111/Ins, 27.03.18.pdf","2018-03-27 00:00:00",0,,,,52.57760440,-1.12105100,1,9340d74d1cddc999201bccbc36de5ec8,0,7,"2016-02-09 12:47:52",48,"2020-10-28 13:49:07"
112,1,LSS,enquiries@lsswaste.co.uk,"0113 2824531","Recycling House","Knowsthorpe Lane","Cross green Industrial Park",,Leeds,"LS9 OPF",https://www.lsswaste.co.uk,,,,,,,0,"portal/encore/UserFiles/SysDocs/bb_encore_suppliers/10000/112/WasteCarrier expires 3.06.2020.pdf","2020-06-03 00:00:00",0,"portal/encore/UserFiles/SysDocs/bb_encore_suppliers/10000/112/Waste Management Licence.pdf","2020-06-16 00:00:00",0,,,1,,,1,,,1,,,1,"portal/encore/UserFiles/SysDocs/bb_encore_suppliers/10000/112/certificate-of-insurance  14.05.19.pdf","2019-05-14 00:00:00",0,,,,,,1,7da7f3c3508f914826deddc6c8b6f1b7,0,7,"2016-02-09 12:47:52",48,"2020-10-28 13:50:02"
113,1,"R Collard",steve@rcollard.com;karen@rcollard.com;sammib@rcollard.com;kelly@rcollard.com,"01252 844 688 01189 590252","Eversley Haulgae PArk","Brick House Hill",Eversley,,Hook,"RG27 0PZ",https://www.rcollard.com/,,,,,0,0,0,"portal/encore/UserFiles/SysDocs/bb_encore_suppliers/10000/113/WASTE CARR LICENSE 22.03.2022.pdf","2022-03-22 00:00:00",0,"portal/encore/UserFiles/SysDocs/bb_encore_suppliers/10000/113/Permit No..pdf","2021-04-30 00:00:00",0,,,1,,,1,,,1,,,1,"portal/encore/UserFiles/SysDocs/bb_encore_suppliers/10000/113/Insurance 2020 - 2021.pdf","2021-08-31 00:00:00",0,Yes,"2020-09-15 00:00:00",,51.32678860,-0.86556710,0,c5b8cc1b3e90b13e01d0df7bf4795d38,0,7,"2016-02-09 12:47:52",48,"2020-10-28 13:50:50"
114,1,"MAC Skip Hire",sales@macskiphire.co.uk,"01455 250856","Leicester Road",Hinkley,,,leicestershire,"LE10 3DR",https://www.macskiphire.co.uk/,,,,,,,0,"portal/encore/UserFiles/SysDocs/bb_encore_suppliers/10000/114/Waste Carriers 07.11.2021.pdf","2021-11-07 00:00:00",0,"portal/encore/UserFiles/SysDocs/bb_encore_suppliers/10000/114/Environmental Permit.pdf","2022-06-02 00:00:00",0,,,1,,,1,,,1,,,1,"portal/encore/UserFiles/SysDocs/bb_encore_suppliers/10000/114/MAC Skip Hire Insurance 2021.pdf","2021-08-25 00:00:00",0,Yes,"2020-01-17 00:00:00",,52.55483390,-1.35292870,0,c402d09b2c3176eab7e2e4b1d2800681,0,7,"2016-02-09 12:47:53",48,"2020-10-28 13:54:05"
115,1,"Maguire Skips Ltd",sales@maguireskips.com,"020 8648 7688","Wandle Way",Mitcham,,,Surrey,"CR4 4NB",https://www.maguireskips.co.uk/,,,,,,,0,"portal/encore/UserFiles/SysDocs/bb_encore_suppliers/10000/115/Waste Carrier Certificate 20.08.22.pdf","2022-08-20 00:00:00",0,"portal/encore/UserFiles/SysDocs/bb_encore_suppliers/10000/115/5.1.1 Environmental Permit.pdf","2021-05-01 00:00:00",0,,,1,,,1,,,1,,,1,"portal/encore/UserFiles/SysDocs/bb_encore_suppliers/10000/115/Insurance 2021.pdf","2021-09-13 00:00:00",0,,,,51.39508520,-0.16709290,0,e04df682e70f297537c9d1cfb3863c0b,0,7,"2016-02-09 12:47:53",48,"2020-10-28 13:54:43"
116,1,"Malbay Waste Disposal",john@malbay.co.uk,"020 89882900","5 Staffa Road",,,,London,"E10 7PY",http://www.malbay.co.uk/,,,,,,,0,,,0,,,0,,,1,,,1,,,1,,,1,,,1,,,,51.56972370,-0.03913160,1,38656183ded1f7c50006b3464c590f6d,0,7,"2016-02-09 12:47:53",48,"2020-10-28 13:55:27"
117,1,"Martin of York Skips",martinskips@yahoo.co.uk,"01904 412476","171C Osbaldwick Lane",,,,York,"YO10 3BA",https://www.martinsofyorkltd.co.uk/,,,,,,,0,,,0,,,0,,,1,,,1,,,1,,,1,,,1,,,,53.95870520,-1.03636940,1,ce2e500347c5002da03408cc5f7249fd,0,7,"2016-02-09 12:47:53",48,"2020-10-28 13:56:24"
118,1,Martlands,paul@martlands.co.uk,"01704 893161","Bartons Farm","Moss Lane",Buscough,,Ormskirk,"L40 4AU",http://www.martlands.co.uk/,,,,,,,0,,,0,,,0,,,1,,,1,,,1,,,1,,,0,,,,53.60730490,-2.83793460,1,77dbc0be1e9cc6ba6a03ec64a1ada177,0,7,"2016-02-09 12:47:53",48,"2020-10-28 13:58:29"
119,1,McGrath,service@mcgrathgroup.co.uk,"0845 548 5500","Mcgrath house","Hepscott Road",,,London,"E9 5HH",https://mcgrathgroup.co.uk/,,,,,,,0,portal/encore/UserFiles/SysDocs/bb_encore_suppliers/10000/119/McGrath-Waste-Carriers-Licence-Expiry-Date-15.05.22.pdf,"2021-05-15 00:00:00",0,portal/encore/UserFiles/SysDocs/bb_encore_suppliers/10000/119/River-Road-Environmental-Permit.png,"2021-05-07 00:00:00",0,,,1,,,1,,,1,,,1,portal/encore/UserFiles/SysDocs/bb_encore_suppliers/10000/119/Public-and-Employers-Liability-Insuracnce-Expires-27.01.2021.pdf,"2021-01-07 00:00:00",0,,,,51.54172600,-0.02378130,0,6bfde0e12f0b3a07cd711d69e85ebf0e,0,7,"2016-02-09 12:47:53",48,"2020-10-28 13:59:29"
120,1,"Mellor Metals",scrap@mellormetals.com,01953669985,"Attleborough Road","Great Ellingham",Attleborough,,Norfolk,"NR17 1LG",https://www.metalrecyclers.co.uk/,,,,,100,,1,,,0,,,0,,,1,,,1,,,1,,,1,,,1,,,,52.53381070,0.98067370,1,0dd24301340ece8dc6ebe05599277e1a,0,7,"2016-02-09 12:47:53",48,"2020-10-28 14:00:51"
121,1,"Mick George",mgskip@mickgeorge.co.uk;Alix.Richardson@mickgeorge.co.uk,"01480 587662/OOH Courtney 07469 853463/Alix 07392 081047","6 Lancaster Way","Ermine Business Park",Huntingdon,,Cambridge,"PE29 6XU",https://www.mickgeorge.co.uk/,,,,,,,0,"portal/encore/UserFiles/SysDocs/bb_encore_suppliers/10000/121/Waste carrier license 28.02.2022.pdf","2022-02-28 00:00:00",0,portal/encore/UserFiles/SysDocs/bb_encore_suppliers/10000/121/cambridge-transfer-station-permit.pdf,"2021-03-22 00:00:00",0,portal/encore/UserFiles/SysDocs/bb_encore_suppliers/10000/121/great-billing-ii-waste-transfer-station-permit.pdf,"2021-03-14 00:00:00",0,portal/encore/UserFiles/SysDocs/bb_encore_suppliers/10000/121/milton-keynes-waste-transfer-and-recycling-centre.pdf,"2022-03-22 00:00:00",0,portal/encore/UserFiles/SysDocs/bb_encore_suppliers/10000/121/peterborough-transfer-station-licence.pdf,"2021-03-22 00:00:00",0,portal/encore/UserFiles/SysDocs/bb_encore_suppliers/10000/121/st-ives-transfer-station-permit.pdf,"2021-03-22 00:00:00",0,"portal/encore/UserFiles/SysDocs/bb_encore_suppliers/10000/121/Public, Products & Employers Liability 2020.pdf","2021-05-31 00:00:00",0,Yes,"2020-06-16 00:00:00",,52.34737060,-0.19698370,0,272720e7842a548aa37dc1a5310c9f64,0,7,"2016-02-09 12:47:53",48,"2020-10-28 14:01:45"
122,1,"C.H. Middleton Ltd",enquiries@chmiddletonltd.co.uk,"01302 783731","65/71 Sprotbrough Road",,,,Doncaster,"DN5 8BW",https://www.chmiddletonltd.co.uk/about/,,,,,,,0,,,0,,,0,,,1,,,1,,,1,,,1,,,1,,,,53.52589540,-1.15310130,1,f1bb1af9e7f3b652f48038a854861da9,0,7,"2016-02-09 12:47:53",48,"2020-10-28 14:03:26"
123,1,"Mobile Compactor Services Limited (MCS)",kye@mcsrecycling.com,"01634 892 440","Gillingham Gate","Chatham Docks",Chatham,,Kent,"ME4 4SW",https://www.mcsrecycling.co.uk/,,,,,97,3,0,"portal/encore/UserFiles/SysDocs/bb_encore_suppliers/10000/123/MCS Waste Carriers Lic exspires 7.05.2020.pdf","2020-05-07 00:00:00",0,"portal/encore/UserFiles/SysDocs/bb_encore_suppliers/10000/123/MCS Transfer Station Bywaters - LeaRiverside.pdf","2020-06-01 00:00:00",1,,,1,,,1,,,1,,,1,"portal/encore/UserFiles/SysDocs/bb_encore_suppliers/10000/123/Liability Insurance expires 17.10.18.pdf","2018-10-17 00:00:00",0,,,,51.40047060,0.55110630,1,405158f76532796bd8b208394d5e3e91,0,7,"2016-02-09 12:47:53",48,"2020-10-28 14:04:33"
124,1,"Mountain Skips",sales@mountainskiphire.co.uk,"0800 026 3699","38 Town Road",Quarrington,Sleaford,,Lincolnshire,"NG34 8RT",http://www.mountainskiphire.co.uk/,,,,,100,,0,"portal/encore/UserFiles/SysDocs/bb_encore_suppliers/10000/124/NES West Carrier Broker Certificate Dec 19.pdf","2022-05-20 00:00:00",0,portal/encore/UserFiles/SysDocs/bb_encore_suppliers/10000/124/MountainSkipsPermit.pdf,"2021-04-27 00:00:00",0,,,1,,,1,,,1,,,1,"portal/encore/UserFiles/SysDocs/bb_encore_suppliers/10000/124/New Earth Solutions (West) Ltd. trading as Mid UK Recycling - Liability ....pdf","2021-10-31 00:00:00",0,,,,52.98798810,-0.43310250,0,2dd2457b7f4d1d6b729da1a8ba675e89,0,7,"2016-02-09 12:47:53",48,"2020-11-17 11:33:45"
126,1,"Morrow Skip Hire Ltd",rnmorrow@btconnect.com,"0800 028 6855","Brunthill Farm","New Deer",,,Turriff,"AB53 6UX",http://morrowskiphire.co.uk/,,,,,88,8,0,"portal/encore/UserFiles/SysDocs/bb_encore_suppliers/10000/126/Carriers License 02.11.2021.pdf","2021-11-02 00:00:00",0,portal/encore/UserFiles/SysDocs/bb_encore_suppliers/10000/126/Permit.jpg,"2021-03-26 00:00:00",0,,,1,,,1,,,1,,,1,"portal/encore/UserFiles/SysDocs/bb_encore_suppliers/10000/126/MorrowSkipHire_ insurance 01.11.2021.pdf","2021-11-01 00:00:00",0,,,,57.56476290,-2.23065910,0,31818545161022bd4c7f1611e0d6a552,0,7,"2016-02-09 12:47:53",48,"2020-10-28 14:06:41"
127,1,"New Era Metal Recycling",mail@newerametalrecycling.co.uk;lauren@newerametalrecycling.co.uk,"0208 688 8817","51 Imperial Way",,Croydon,,London,"CR0 4RR",https://www.newerametalrecycling.co.uk/,,,,,100,,1,"portal/encore/UserFiles/SysDocs/bb_encore_suppliers/10000/127/WCL, expires 05.04.20.pdf","2020-04-05 00:00:00",0,portal/encore/UserFiles/SysDocs/bb_encore_suppliers/10000/127/Permit.pdf,"2019-04-21 00:00:00",0,,,1,,,1,,,1,,,1,"portal/encore/UserFiles/SysDocs/bb_encore_suppliers/10000/127/Ins, expires 21.11.17.pdf","2017-11-21 00:00:00",0,,,,51.35711370,-0.12007020,1,f9c02b673902099f4fa1511dbcc8236c,0,7,"2016-02-09 12:47:53",48,"2020-10-28 14:07:25"
128,1,"Nick Brookes",sales@nickbrookes.co.uk,"01829 260687","Wardle Industrial Estate","Green Lane",Wardle,,Cheshire,"CW5 6DB",https://www.nickbrookes.co.uk/,,,,,,,0,portal/encore/UserFiles/SysDocs/bb_encore_suppliers/10000/128/nick-brookes-recycling-carrier-2023.pdf,"2023-01-22 00:00:00",0,portal/encore/UserFiles/SysDocs/bb_encore_suppliers/10000/128/Permit.pdf,"2022-06-16 00:00:00",0,,,1,,,1,,,1,,,1,"portal/encore/UserFiles/SysDocs/bb_encore_suppliers/10000/128/(1024626216) E Comm TWIMC Combined Liability.pdf","2021-05-26 00:00:00",0,,,,53.10852710,-2.58957430,0,3014a6c3867ece4d844f4f024174fb22,0,7,"2016-02-09 12:47:53",48,"2020-10-28 14:08:27"
129,1,"Norris Skips",orders@norriskips.co.uk,01689821417,"Station Approach","St Mary Cray",Orpington,,Kent,"BR5 2NB",https://norriskips.co.uk/,,,,,0,0,0,portal/encore/UserFiles/SysDocs/bb_encore_suppliers/10000/129/WCL-expiry-May-2022.pdf,"2022-05-22 00:00:00",0,"portal/encore/UserFiles/SysDocs/bb_encore_suppliers/10000/129/Norris Skips Greenwich waste permit.pdf","2021-03-15 00:00:00",0,,,1,,,1,,,1,,,1,"portal/encore/UserFiles/SysDocs/bb_encore_suppliers/10000/129/Norris Compliance Documents.pdf","2021-11-21 00:00:00",0,Yes,"2020-07-15 00:00:00",,51.39499110,0.10724510,0,01b4696b44e9b0c787356d9fdc230bbb,0,7,"2016-02-09 12:47:53",48,"2020-12-01 12:18:47"
131,1,"NW Recycling/Brampton Skip Hire/green waste ltd",info@nwrecycling.co.uk,"01228 672999","Unit A, Kingsmoor Park","Rockcliffe Estate",Carlisle,,Cumbria,"CA6 4RW",https://www.nwrecycling.co.uk/,,,,,80,10,0,"portal/encore/UserFiles/SysDocs/bb_encore_suppliers/10000/131/Brampton Skip Hire Ltd Waste Carrier Licence exp 28 09 2020 -CBDU201836.pdf","2020-09-28 00:00:00",0,"portal/encore/UserFiles/SysDocs/bb_encore_suppliers/10000/131/Permit 1.pdf","2019-03-15 00:00:00",0,"portal/encore/UserFiles/SysDocs/bb_encore_suppliers/10000/131/Permit 2.pdf","2019-03-15 00:00:00",0,,,1,,,1,,,1,"portal/encore/UserFiles/SysDocs/bb_encore_suppliers/10000/131/Ins, expires 01.03.18.pdf","2018-03-01 00:00:00",0,,,"Brampton Skip Hire have previously been fined for illegal waste disposal. Not against using them but aren't our first choice.",54.93677690,-2.99424260,1,d569623e37614834d72ba00b14f30b43,0,7,"2016-02-09 12:47:53",48,"2020-11-11 14:09:03"
132,1,"Oakbank Waste Management Ltd",info@oakbank.co.uk,"01387 268160","Moss Park","Annan Road",Dumfries,,,"DG1 4PH",oakbank.co.uk,,,,,,,0,,,0,,,0,,,1,,,1,,,1,,,1,,,0,,,,55.06107510,-3.55108440,1,0963bc50fbc83ba4dbdd78a8924eb8bf,0,7,"2016-02-09 12:47:53",1,"2020-08-10 12:07:49"
133,1,O'Brien,Skips@obrienwaste.co.uk,"0800 169 1243","Aaron House","Potter Street",Wallsend,,Newcastle,"NE28 6UE",https://www.obrienskips.co.uk/,,,,,98,1,0,"portal/encore/UserFiles/SysDocs/bb_encore_suppliers/10000/133/WCL 23.05.19.pdf","2019-05-23 00:00:00",0,"portal/encore/UserFiles/SysDocs/bb_encore_suppliers/10000/133/O'Brien Permit.pdf","2021-05-11 00:00:00",0,,,1,,,1,,,1,,,1,"portal/encore/UserFiles/SysDocs/bb_encore_suppliers/10000/133/Insurance 31.03.19.pdf","2019-03-31 00:00:00",0,,,,54.98887420,-1.49319800,1,6733b7c87d956fed113d9d6804887af6,0,7,"2016-02-09 12:47:53",48,"2020-11-11 14:11:39"
134,1,O'Donovan,"skipadmin@odonovan.co.uk,skipdesk@odonovan.co.uk,orders@odonovan.co.uk","0800 731 3332","Markfield House","82 Markfield Road",Tottenham,,London,"N15 4QF",https://www.odonovan.co.uk/,,,,,,,0,"portal/encore/UserFiles/SysDocs/bb_encore_suppliers/10000/134/Waste Carriers Licence 2020.pdf","2022-07-10 00:00:00",0,"portal/encore/UserFiles/SysDocs/bb_encore_suppliers/10000/134/2. WASTE MANAGEMENT LICENCE - 82 MARKFIELD ROAD.pdf","2021-04-21 00:00:00",0,,,1,,,1,,,1,,,1,"portal/encore/UserFiles/SysDocs/bb_encore_suppliers/10000/134/Insurance 05.05.2021.pdf","2021-05-05 00:00:00",0,,,,51.58326570,-0.06388240,0,b039fe1c40d42cfdf5915e08139e74fb,0,7,"2016-02-09 12:47:53",48,"2020-11-11 14:13:16"
135,1,"GBN Originally Orion",info@gbnservices.co.uk,"020 8558 1234","10 Estate Way",,Leyton,,London,"E10 7JN",https://www.gbnservices.co.uk/,,,,,,,0,"portal/encore/UserFiles/SysDocs/bb_encore_suppliers/10000/135/Waste-carriers-licence 2022.pdf","2022-04-19 00:00:00",0,"portal/encore/UserFiles/SysDocs/bb_encore_suppliers/10000/135/Orion Waste Management License.pdf","2021-05-05 00:00:00",0,,,1,,,1,,,1,,,1,"portal/encore/UserFiles/SysDocs/bb_encore_suppliers/10000/135/Liability Insurance 01.04.2020.pdf","2020-04-01 00:00:00",0,,,"Canning Town",51.52035930,-0.00095130,1,74e3d5b1e15790a258c5e9f280201f40,0,7,"2016-02-09 12:47:53",48,"2020-11-11 14:20:31"
136,1,"Owen Baguley",owen@blackpoolskiphire.co.uk,"01253 693636","Chapel Road",,,,"Blackpool & Fylde","FY4 5HU",https://www.blackpoolskiphire.co.uk/,,,,,,,0,,,0,,,0,,,1,,,1,,,1,,,1,,,0,,,,53.78950660,-3.00719920,1,883dc3d4a3a2f9ab5833dc03c545e4a2,0,7,"2016-02-09 12:47:53",48,"2020-11-11 14:22:53"
137,1,"Paul Richies Skips",richesskips@aol.com,"01234 843326","Kempston Court","Unit 1 Kempston Court","Kempston Hardwick",,Bedford,"MK43 3PQ",https://www.paul-riches-skips.com/,,,,,88,,0,"portal/encore/UserFiles/SysDocs/bb_encore_suppliers/10000/137/waste carriers licence CBDU84506 expiers 22-03-19.pdf","2019-03-22 00:00:00",0,portal/encore/UserFiles/SysDocs/bb_encore_suppliers/10000/137/PaulRichiesPermit.pdf,"2019-03-17 00:00:00",0,,,1,,,1,,,1,,,1,"portal/encore/UserFiles/SysDocs/bb_encore_suppliers/10000/137/Ins, expires 31.08.17.pdf","2017-08-31 00:00:00",0,,,,52.12624700,-0.55466610,1,d555d2bc6e3974e749e2a785ef5c66be,0,7,"2016-02-09 12:47:53",48,"2020-11-11 14:26:44"
139,1,"PG Skips Ltd",pgskips@hotmail.co.uk,01939-232492,"Lowe Cottage Farm","The Lowe",,,Wem,"SY4 5UE",https://www.pgskipsltd.co.uk/,,,,,88,,0,"portal/encore/UserFiles/SysDocs/bb_encore_suppliers/10000/139/WCL, expires 30.11.18.tif","2018-11-30 00:00:00",0,portal/encore/UserFiles/SysDocs/bb_encore_suppliers/10000/139/Permit.pdf,"2019-03-17 00:00:00",0,,,1,,,1,,,1,,,1,"portal/encore/UserFiles/SysDocs/bb_encore_suppliers/10000/139/PG Skips, ins, 22.04.18.jpg","2018-04-22 00:00:00",0,,,,52.87328430,-2.74660960,1,f70022f7b3fabca77162c87860997803,0,7,"2016-02-09 12:47:53",48,"2020-11-11 14:29:45"
140,1,"Pips Skips",sales@pipsskips.co.uk,"01603 882100","Fransgreen Industrial Estate","Sandy Lane","East Tuddenham, Dereham",,Norfolk,"NR20 3JG",,,,,,,,0,"portal/encore/UserFiles/SysDocs/bb_encore_suppliers/10000/140/Pips, Ins 19.05.20.pdf","2020-05-19 00:00:00",0,"portal/encore/UserFiles/SysDocs/bb_encore_suppliers/10000/140/Waste management licence.jpg","2021-03-26 00:00:00",0,,,1,,,1,,,1,,,1,"portal/encore/UserFiles/SysDocs/bb_encore_suppliers/10000/140/Ins, expires 03.09.17.pdf","2019-09-03 00:00:00",0,,,,52.68039150,1.09279910,1,e661cd7624ce6375ea76d7c60e1d62b4,0,7,"2016-02-09 12:47:53",1,"2020-08-10 12:07:50"
141,1,Powerday,serena.simpson@powerday.co.uk,"020 3858 0504","Crossan House","Old Oak Sidings, Off Scrubs Lane",,,London,"NW10 6RJ",,,,,,,,0,"portal/encore/UserFiles/SysDocs/bb_encore_suppliers/10000/141/Waste-Carriers-Licence 2022.08.12.pdf","2022-09-12 00:00:00",0,portal/encore/UserFiles/SysDocs/bb_encore_suppliers/10000/141/Permit.pdf,"2021-03-26 00:00:00",0,"portal/encore/UserFiles/SysDocs/bb_encore_suppliers/10000/141/Permit 2.pdf","2021-03-26 00:00:00",0,,,1,,,1,,,1,"portal/encore/UserFiles/SysDocs/bb_encore_suppliers/10000/141/Insurance Expires 11.11.2018.JPG",,1,,,,51.52854940,-0.24634580,0,03890033bfc1e9f34aa591bf05a73205,0,7,"2016-02-09 12:47:53",1,"2020-08-10 12:07:50"
142,1,"Premier Waste",traffic@premierwasteuk.co.uk,"0161 351 0022","Sheffield Road",Hyde,,,Manchester,"SK14 2JP",,,,,,96,,1,"portal/encore/UserFiles/SysDocs/bb_encore_suppliers/10000/142/WCL, expires 03.11.18.pdf","2018-11-03 00:00:00",0,"portal/encore/UserFiles/SysDocs/bb_encore_suppliers/10000/142/Permit 1.pdf","2019-03-16 00:00:00",0,,,1,,,1,,,1,,,1,"portal/encore/UserFiles/SysDocs/bb_encore_suppliers/10000/142/Ins, 01.10.17.pdf","2017-10-01 00:00:00",0,,,,53.45663430,-2.06874130,1,dbce374c20746307f2b7f0fb0d7166b7,0,7,"2016-02-09 12:47:53",1,"2020-08-10 12:07:50"
143,1,"Quick Skips",admin@quickskips.org,"0207 987 9389","Murphy's Transfer Station","Horn Lane",Greenwich,,London,"SE10 0RT",,,,,,,,0,"portal/encore/UserFiles/SysDocs/bb_encore_suppliers/10000/143/WCL, expires 07.11.20.pdf","2020-11-07 00:00:00",0,"portal/encore/UserFiles/SysDocs/bb_encore_suppliers/10000/143/QS LIC~PERMIT.PDF","2020-06-02 00:00:00",0,,,1,,,1,,,1,,,1,"portal/encore/UserFiles/SysDocs/bb_encore_suppliers/10000/143/FABI1471058XB-Quick Skips -Business-Certificate of insurance 13.03.19.pdf","2019-03-13 00:00:00",0,,,,51.48905750,0.01941380,1,15a80a74f4dfacb367b134952302bbf8,0,7,"2016-02-09 12:47:53",1,"2020-08-10 12:07:51"
144,1,"R L Smith & Sons",NA,"01890 870241","Herriot Bank Farm",Whitstone,Duns,,Berwickshire,"TD11 3NB",,,,,,,,0,,,0,,,0,,,1,,,1,,,1,,,1,,,0,,,,55.75745710,-2.21047730,1,ae71fd1065f9ece2956b1a2bd1f3bb0d,0,7,"2016-02-09 12:47:53",1,"2020-08-10 12:07:51"
145,1,"Rabbit Skips",info@rabbitgroup.co.uk,"01903 762020","Unit 1 - 2 37 Chartwell Road","Lancing Business Park",,,"West Sussex","BN15 8TU",,,,,,,,0,"portal/encore/UserFiles/SysDocs/bb_encore_suppliers/10000/145/Carriers-Licence-Exp 05.08.20.pdf","2020-08-05 00:00:00",0,"portal/encore/UserFiles/SysDocs/bb_encore_suppliers/10000/145/Permit 02.11.19.pdf","2019-11-02 00:00:00",0,,,1,,,1,,,1,,,1,"portal/encore/UserFiles/SysDocs/bb_encore_suppliers/10000/145/INS, 20.06.18.pdf","2018-06-20 00:00:00",0,,,,50.82337620,-0.33340430,1,6f46f83448018fe9661ad36097519296,0,7,"2016-02-09 12:47:53",1,"2020-08-10 12:07:51"
146,1,"Raymond Brown",skiporders@brownskips.com,"01264 720257","A303 Enviropark","Drayton Road","Barton Stacey",,Hampshire,"SO21 3QS",,,,,,,,0,"portal/encore/UserFiles/SysDocs/bb_encore_suppliers/10000/146/Waste Carriers Licence 03.04.2021.pdf","2021-04-03 00:00:00",0,"portal/encore/UserFiles/SysDocs/bb_encore_suppliers/10000/146/Nursling Site Licence.pdf","2022-05-21 00:00:00",0,,,1,,,1,,,1,,,1,"portal/encore/UserFiles/SysDocs/bb_encore_suppliers/10000/146/Waste Carriers 03.01.2021.pdf","2021-03-30 00:00:00",0,,,,51.18857430,-1.35958490,0,960673a30eca8e3f11863736df2b7f81,0,7,"2016-02-09 12:47:53",1,"2020-08-10 12:07:51"
147,1,Recolight,info@recolight.co.uk,"0208 2539750","Suite 265 Airport House","Purley Way",Croydon,,London,"CR0 OXZ",,,,,,,,0,"portal/encore/UserFiles/SysDocs/bb_encore_suppliers/10000/147/Balcan - Waste Carriers Licence - expires 19 10 19.pdf","2018-11-19 00:00:00",0,,,0,,,1,,,1,,,1,,,1,"portal/encore/UserFiles/SysDocs/bb_encore_suppliers/10000/147/Liability Insurance - expires  16 02 18 .pdf","2018-02-16 00:00:00",0,,,,,,1,ce15bb3003815b8027e76a130658cd60,0,7,"2016-02-09 12:47:53",1,"2020-08-10 12:07:51"
149,1,"Reston Waste",orders@restonwaste.co.uk,"02089441349 (OOH- 07786999590.)","Waste transfer and recovery Facility","6 Weir Road",Wimbledon,,London,"SW19 8UG",,,,,,,,0,"portal/encore/UserFiles/SysDocs/bb_encore_suppliers/10000/149/WasteCarrierRegistrationCertificate-CBDU202945 2023.pdf","2023-11-13 00:00:00",0,portal/encore/UserFiles/SysDocs/bb_encore_suppliers/10000/149/Permit.pdf,"2022-05-21 00:00:00",0,,,1,,,1,,,1,,,1,"portal/encore/UserFiles/SysDocs/bb_encore_suppliers/10000/149/Insurance Cert 2020 to 2021.pdf","2021-07-25 00:00:00",0,Yes,"2020-06-09 00:00:00",,51.43539640,-0.19118180,0,8752ea36ebe51405f1abfce1f42f5dcb,0,7,"2016-02-09 12:47:54",48,"2020-11-13 11:10:32"
150,1,"RH Butler",NA,"01233 720947","Woodleas Farm,","Goldwell Lane",,"Ashford, Kent",,"TN25 7DX",,,,,,,,0,,,0,,,0,,,1,,,1,,,1,,,1,,,0,,,,51.09588240,0.95265990,1,f750877474294b9de250dbe20199e82a,0,7,"2016-02-09 12:47:54",1,"2020-08-10 12:07:52"
151,1,"Ron Hull","nigel.keeton@ronhull.co.uk; gary.dickens@ronhull.co.uk","01709 524115","Mangham Road",Parkgate,Rotherham,,"South Yorkshire","S62 6EF",,,,,,,,0,"portal/encore/UserFiles/SysDocs/bb_encore_suppliers/10000/151/Carrier Licence  04.03.2022.pdf","2022-03-04 00:00:00",0,portal/encore/UserFiles/SysDocs/bb_encore_suppliers/10000/151/Permit.pdf,"2020-02-05 00:00:00",0,,,1,,,1,,,1,,,1,"portal/encore/UserFiles/SysDocs/bb_encore_suppliers/10000/151/Ins, exp 29.09.19.pdf","2019-09-29 00:00:00",0,,,,53.44675750,-1.35349070,1,c5269fa5509b05b7b8804416f6299e6c,0,7,"2016-02-09 12:47:54",1,"2020-08-10 12:07:52"
152,1,"Ron Smith",orders@ronsmithrecycling.co.uk,02085703424,"St Albans Farm","Staines Road",Feltham,,Middlesex,"TW14 0HH",,,,,,98.28,,0,"portal/encore/UserFiles/SysDocs/bb_encore_suppliers/10000/152/waste carrier 02 07 2022.pdf","2022-07-02 00:00:00",0,"portal/encore/UserFiles/SysDocs/bb_encore_suppliers/10000/152/Ron Smith Site Permit.pdf","2022-05-17 00:00:00",0,,,1,,,1,,,1,,,1,"portal/encore/UserFiles/SysDocs/bb_encore_suppliers/10000/152/public insurance 2021.pdf","2021-03-01 00:00:00",0,Yes,"2020-12-03 00:00:00",,51.46080370,-0.39859660,0,9e3318909fa350ed05432db61fa8eccc,0,7,"2016-02-09 12:47:54",32,"2020-12-03 12:52:30"
153,1,RTS,orders@rtswaste.co.uk,02072321711,"Unit 1 Stockholm Road",Bermondsey,,,London,"SE16 3LP",,,,,,,,0,portal/encore/UserFiles/SysDocs/bb_encore_suppliers/10000/153/Waste-Carriers-Certificate-RTS-Waste-Management-Ltd-exp-27-January-2023.pdf,"2023-01-17 00:00:00",0,"portal/encore/UserFiles/SysDocs/bb_encore_suppliers/10000/153/RTS Waste Permit.png","2021-05-30 00:00:00",0,"portal/encore/UserFiles/SysDocs/bb_encore_suppliers/10000/153/Stockholm Road Site Permit - EPR-HB3332AY.pdf","2021-05-30 00:00:00",0,,,1,,,1,,,1,"portal/encore/UserFiles/SysDocs/bb_encore_suppliers/10000/153/Public Liability Insurance 23.12.20.pdf","2020-12-23 00:00:00",0,,,,51.48496080,-0.05204730,0,9b680543780311818536cc26b172ef77,0,7,"2016-02-09 12:47:54",1,"2020-08-10 12:07:52"
154,1,Scanlans,na,"01270 567599","Tricketts Mews,","Crewe,","Willaston,",Nantwich,,"CW5 6PZ",,,,,,,,0,,,0,,,0,,,1,,,1,,,1,,,1,,,0,,,,53.06822810,-2.47631690,1,7fd53221b073248bcb249d781d4302c3,0,7,"2016-02-09 12:47:54",1,"2020-08-10 12:07:53"
155,1,Scotwaste,kevin.ramsay@scotwaste.com.,"0131 2240330","Pond Industrial Park","Whitburn Road",bathgate,,"West Lothian","EH48 2HR",,,,,,,,0,,,0,,,0,,,1,,,1,,,1,,,1,,,0,,,,55.88649640,-3.65792150,1,b78c0da01c3cf7feb7b88f4509c72565,0,7,"2016-02-09 12:47:54",1,"2020-08-10 12:07:53"
156,1,"Sharp Skips",orders@sharpskips.co.uk,"01708 555666","Unit 6 Albright Industrial Estate","Ferry Lane",Rainham,,Essex,"Rm13 9BU",,,,,,,,0,"portal/encore/UserFiles/SysDocs/bb_encore_suppliers/10000/156/WasteCarrierRegistration 02.11.2021.pdf","2021-11-02 00:00:00",0,portal/encore/UserFiles/SysDocs/bb_encore_suppliers/10000/156/WasteManagementLicenceFULL.pdf,"2021-05-12 00:00:00",0,,,1,,,1,,,1,,,1,"portal/encore/UserFiles/SysDocs/bb_encore_suppliers/10000/156/Public liability insurance 2021.pdf","2021-02-17 00:00:00",0,Yes,"2020-06-12 00:00:00",,51.51549350,0.18318050,0,a3a6daad1ee0a963a1ac281e21b34d81,0,7,"2016-02-09 12:47:54",1,"2020-08-10 12:07:53"
157,1,Sherringtons,june.sherrington@googlemail.com,"0121 622 5660 / 07853089003 out of hours (Chris Giles)","146 Charles Henry Street",Digbeth,,,Birmingham,"B12 0SD",,,,,,,,0,"portal/encore/UserFiles/SysDocs/bb_encore_suppliers/10000/157/SWM Waste Carriers Licence 28.09.2018 - 31.10.2021.pdf","2021-10-30 00:00:00",0,portal/encore/UserFiles/SysDocs/bb_encore_suppliers/10000/157/Permit.pdf,"2021-05-10 00:00:00",0,"portal/encore/UserFiles/SysDocs/bb_encore_suppliers/10000/157/Permit transfer letter EPREP3998SJ.pdf","2021-05-10 00:00:00",0,"portal/encore/UserFiles/SysDocs/bb_encore_suppliers/10000/157/Sherringtons Permit.pdf","2021-05-10 00:00:00",0,"portal/encore/UserFiles/SysDocs/bb_encore_suppliers/10000/157/Waste Management Permit modification EAWML42509.pdf","2021-05-10 00:00:00",0,"portal/encore/UserFiles/SysDocs/bb_encore_suppliers/10000/157/Permit number EPR.VP3691FX to EAWML 42509 10.09.2009.pdf","2021-05-10 00:00:00",0,"portal/encore/UserFiles/SysDocs/bb_encore_suppliers/10000/157/Ins, 26.03.21.pdf","2021-03-26 00:00:00",0,Yes,"2020-08-05 00:00:00",,52.47132270,-1.88841710,0,2db4f15c6410787d3603369a3bec4657,0,7,"2016-02-09 12:47:54",1,"2020-08-10 14:05:43"
158,1,"Shorts Group Ltd",linda@shorts-group.co.uk;wasteteam@shorts-group.co.uk;Danny.tippett@shorts-group.co.uk,"01344 620316","London Court","London Road",Bracknell,,Berks,"RG12 2UT",,,,,,,,0,"portal/encore/UserFiles/SysDocs/bb_encore_suppliers/10000/158/WasteCarrierRegistrationCertificate 24.02.2022.pdf","2022-02-24 00:00:00",0,"portal/encore/UserFiles/SysDocs/bb_encore_suppliers/10000/158/ShortsOperating Permit (Ascot).pdf","2022-05-01 00:00:00",0,"portal/encore/UserFiles/SysDocs/bb_encore_suppliers/10000/158/ShortsOps Permit (Aldershot).pdf","2021-05-31 00:00:00",0,"portal/encore/UserFiles/SysDocs/bb_encore_suppliers/10000/158/ShortsOperating Permit (Ascot).pdf","2021-05-31 00:00:00",0,,,1,,,1,"portal/encore/UserFiles/SysDocs/bb_encore_suppliers/10000/158/Shorts Group Public Liability, PI & EL Exp 31.05.2021.pdf","2021-05-31 00:00:00",0,Yes,"2020-09-18 00:00:00",,51.41599500,-0.74039170,0,5d74e410d8da8f66b71e89b63550b466,0,7,"2016-02-09 12:47:54",32,"2020-09-18 10:57:56"
159,1,"Skippy Waste",sales@skippyskips.co.uk,"01642612999 teeside 01915673373 newcastle","Yarm  farm depot","the recycling centre","yarm road",stockton,teeside,"TS18 3RU",skippyskips.co.uk,,,,,,,0,,,0,,,0,,,1,,,1,,,1,,,1,,,0,,,,54.54837120,-1.33379740,1,3e9c2d1b81edf19f9bfc01fa6f0df070,0,7,"2016-02-09 12:47:54",1,"2020-08-10 12:07:53"
160,1,"Skipsafe Ltd",lizzie@skipsafe.co.uk,"0161 766 9145","SkipSafe  Ground Floor","Haweswater House","Waterfold Business Park",Bury,,"BL9 7BR",,,,,,,,0,,,0,,,0,,,1,,,1,,,1,,,1,,,0,,,,53.58867940,-2.27449460,1,66d432a22f7685082768ab3ecef20d04,0,7,"2016-02-09 12:47:54",1,"2020-08-10 12:07:54"
161,1,"Smiths Ltd",external.skiphire@smiths-gloucester.co.uk,"0117 9829295 - bristol 01453 822227 - Gloucester","Alkerton Court",Eastington,StoneHouse,,Gliucestershire,"GL10 3AQ",,,,,,,,0,"portal/encore/UserFiles/SysDocs/bb_encore_suppliers/10000/161/WASTE CARRIERS CBDU102863.pdf","2019-05-08 00:00:00",0,"portal/encore/UserFiles/SysDocs/bb_encore_suppliers/10000/161/Avonmouth Permit EPR SP3290FW.pdf","2019-04-30 00:00:00",0,"portal/encore/UserFiles/SysDocs/bb_encore_suppliers/10000/161/Cardiff Permit.pdf","2019-04-30 00:00:00",0,"portal/encore/UserFiles/SysDocs/bb_encore_suppliers/10000/161/Moreton Valence Permit.pdf","2019-04-30 00:00:00",0,"portal/encore/UserFiles/SysDocs/bb_encore_suppliers/10000/161/Tewkesbury Waste Permit EPR LP3189CY.pdf","2019-04-30 00:00:00",0,,,1,"portal/encore/UserFiles/SysDocs/bb_encore_suppliers/10000/161/Liability Insurance  12.07.18.pdf","2018-07-12 00:00:00",0,,,,51.74933650,-2.33201630,1,e7c0c92dcdc151185fca27a872ab1b73,0,7,"2016-02-09 12:47:54",1,"2020-08-10 12:07:54"
162,1,"Stevenage Skips",stevenageskiphire@live.co.uk,"0800 1698588","Envirowaste recycling centre","Jacks Hill",Graveley,,Herts,"SG4 7EG",,,,,,,,0,,,0,,,0,,,1,,,1,,,1,,,1,,,0,,,,51.94327940,-0.21039680,1,dc9d949d7e2db137bf5782a35e9a2d9f,0,7,"2016-02-09 12:47:54",1,"2020-08-10 12:07:54"
163,1,"Swift skips",swiftskips@swiftskips.karoo.co.uk,"01482 225506","Duesberry Yeard","68 Swann Street",Hull,,,"HU2 0PH",,,,,,,,0,"portal/encore/UserFiles/SysDocs/bb_encore_suppliers/10000/163/WCL, 20.05.19.pdf","2019-05-20 00:00:00",0,portal/encore/UserFiles/SysDocs/bb_encore_suppliers/10000/163/Permit.pdf,"2019-06-21 00:00:00",0,,,1,,,1,,,1,,,1,"portal/encore/UserFiles/SysDocs/bb_encore_suppliers/10000/163/Ins, 27.10.17.pdf","2017-10-27 00:00:00",0,,,,53.75322940,-0.33476810,1,4a86cc5f275319d858f1a6320416ccbc,0,7,"2016-02-09 12:47:54",1,"2020-08-10 12:07:54"
164,1,"T Watts",wattsgroup@wattsworks.co.uk,"0116 2667497","Barkby Road",,,,Leicester,"LE4 9LG",,,,,,,,0,,,0,,,0,,,1,,,1,,,1,,,1,,,0,,,,52.65797980,-1.09542550,1,9b94334e2a2a6aa0f7fbc7d6b656e2a8,0,7,"2016-02-09 12:47:54",1,"2020-08-10 12:07:54"
165,1,"Tiley and Prior  / enviro skips",info@enviroskiphire.co.uk,"01270 820 426","Unit 3a,",,"Norton Way,","Sandbach,",,"CW11 3WL",,,,,,,,0,,,0,,,0,,,1,,,1,,,1,,,1,,,0,,,,53.14659660,-2.39377170,1,5858f2d8b1a7f45d744793f6c746d6f7,0,7,"2016-02-09 12:47:54",1,"2020-08-10 12:07:55"
166,1,"TOC Recycling",dennishealey@toc-recycling.co.uk,01582391005,"Dog kennel farm","lilley bottom",Luton,,,"LU2 8LQ",toc-recycling.co.uk,,,,,,,0,,,0,,,0,,,1,,,1,,,1,,,1,,,0,,,,51.91908900,-0.36884300,1,fbaba331c13546b7226584ba88b4fc32,0,7,"2016-02-09 12:47:54",1,"2020-08-10 12:07:55"
167,1,"Tom White Waste Limited",orders@tomwhitewaste.co.uk,"02476662525/OOH Craig Gee 07738993648","The Recycling Centre",StonebrookWay,Longford,,Coventry,"CV6 6LN",,,,,,,,0,"portal/encore/UserFiles/SysDocs/bb_encore_suppliers/10000/167/WCL, expires 22.02.21.pdf","2021-02-21 00:00:00",0,portal/encore/UserFiles/SysDocs/bb_encore_suppliers/10000/167/TomWhiteWasteSitePermitpdf.pdf,"2021-05-22 00:00:00",0,portal/encore/UserFiles/SysDocs/bb_encore_suppliers/10000/167/TomWhiteWastePermit2.pdf,"2021-05-07 00:00:00",0,"portal/encore/UserFiles/SysDocs/bb_encore_suppliers/10000/167/rowley site licence top copy.pdf","2021-05-15 00:00:00",1,,,1,,,1,"portal/encore/UserFiles/SysDocs/bb_encore_suppliers/10000/167/Insurance 2020-2021.pdf","2021-06-18 00:00:00",0,Yes,"2020-01-21 00:00:00",,52.44548390,-1.49222300,0,edf0310b8dabc0ee82516b3610bd75fc,0,7,"2016-02-09 12:47:54",48,"2020-10-22 13:43:30"
168,1,"Trotters Skips",sales@trottersskips.co.uk,"Unit 5A Wavell Drive","Rosehill Ind Est",Carlisle,,,Cumbria,"CA1 2ST",,,,,,,,0,,,0,,,0,,,1,,,1,,,1,,,1,,,0,,,,54.89219120,-2.89468530,1,adaef495b0b265b490963fe5e26772dd,0,7,"2016-02-09 12:47:54",1,"2020-08-10 12:07:55"
170,1,"V C Cooke",info@vccookeltd.co.uk,"01502 712328","Elough Road",Beccles,,,Suffolk,"NR34 7TQ",,,,,,,,0,"portal/encore/UserFiles/SysDocs/bb_encore_suppliers/10000/170/Waste Carriers Licence 2015-2018 Exp 01042018.png","2018-04-01 00:00:00",0,"portal/encore/UserFiles/SysDocs/bb_encore_suppliers/10000/170/Site Permit.pdf","2019-03-20 00:00:00",0,,,1,,,1,,,1,,,1,"portal/encore/UserFiles/SysDocs/bb_encore_suppliers/10000/170/PUBLIC LIABILITY INSURANCE 17.10.18.pdf","2018-10-17 00:00:00",0,,,,52.43921680,1.58994430,1,edf210226f3af45a1fd6cc1cc01f7031,0,7,"2016-02-09 12:47:54",1,"2020-08-10 12:07:55"
171,1,"Ward Brothers",info@wardbros.co.uk,"0191 300 2091","Littleburn Ind est","Langley moor",Durham,,,"DH7 8HJ",,,skip-hire-durham.co.uk,,,75,,0,,,0,,,0,,,1,,,1,,,1,,,1,,,0,,,,54.75361090,-1.60492780,1,5fdffacabaa5556fea93c34c80acf755,0,7,"2016-02-09 12:47:54",1,"2020-08-10 12:07:55"
172,1,"Ward Recycling",Customer.Services@ward.com;KDeller@ward.com,"0845 337 0000; 07506903779 Kevin","Recycling Centre","Moira Road",Woodville,,Swadlincote,"DE11 8DG",,,,,,95,,0,"portal/encore/UserFiles/SysDocs/bb_encore_suppliers/10000/172/carrier Lisence 28.01.2022.pdf","2022-01-28 00:00:00",0,"portal/encore/UserFiles/SysDocs/bb_encore_suppliers/10000/172/Permit Chesterfield.JPG","2021-04-25 00:00:00",0,"portal/encore/UserFiles/SysDocs/bb_encore_suppliers/10000/172/permit Forward recycling.JPG","2021-04-30 00:00:00",0,"portal/encore/UserFiles/SysDocs/bb_encore_suppliers/10000/172/Permit Ilkeston Depot.JPG","2021-04-30 00:00:00",0,"portal/encore/UserFiles/SysDocs/bb_encore_suppliers/10000/172/Permit Swadlincote Depot.JPG","2021-04-30 00:00:00",0,,,1,"portal/encore/UserFiles/SysDocs/bb_encore_suppliers/10000/172/TWITMC - 2020 - Plant Policy.pdf","2021-05-30 00:00:00",0,Yes,"2020-01-23 00:00:00",,52.76889320,-1.53477640,0,d30dc465c304e055425fa7aca9f297ba,0,7,"2016-02-09 12:47:54",9,"2020-10-22 13:43:39"
173,1,"Waste Cycle",leicesterbookings@wastecycle.co.uk,"0116 2752166","Wesley Street",,,,Leicester,"LE4 5PZ",,,,,,,,0,"portal/encore/UserFiles/SysDocs/bb_encore_suppliers/10000/173/Waste Carriers License expires 25.02.19.pdf","2019-02-25 00:00:00",0,"portal/encore/UserFiles/SysDocs/bb_encore_suppliers/10000/173/Wesley Street Site Permit .pdf","2019-11-02 00:00:00",0,,,1,,,1,,,1,,,1,"portal/encore/UserFiles/SysDocs/bb_encore_suppliers/10000/173/Liability Insurance 29.05.19.pdf","2019-05-29 00:00:00",0,,,,52.66100520,-1.12912610,1,2fda8005a8ce8c95744e6308dcbde232,0,7,"2016-02-09 12:47:54",1,"2020-08-10 12:07:56"
174,1,"Waste King",info@wasteking.co.uk,"01442 216784","19 westbare road","west hampton",,,london,"nw2 3sp",wastekingrubbishclearence.com,,,,,,,0,"portal/encore/UserFiles/SysDocs/bb_encore_suppliers/10000/174/WCL expires 28.03.19.pdf","2019-03-28 00:00:00",0,"portal/encore/UserFiles/SysDocs/bb_encore_suppliers/10000/174/Waste King Permit.pdf","2019-06-16 00:00:00",0,,,1,,,1,,,1,,,1,"portal/encore/UserFiles/SysDocs/bb_encore_suppliers/10000/174/Liability Insurance  expires 15.03.18.pdf","2018-03-15 00:00:00",0,,,"DO NOT USE- previously we have had issues regarding Waste King and now no longer use.",51.55147190,-0.20395640,1,b8135e01e3b7ae414438de4ba5c8714f,0,7,"2016-02-09 12:47:54",1,"2020-08-10 12:07:56"
175,1,Watts,wattsgroup@wattsworks.co.uk,"0116 266 7497","Barkby Road,",,,"Leicester,",,"LE4 9LG",,,,,,,,0,,,0,,,0,,,1,,,1,,,1,,,1,,,0,,,,52.65797980,-1.09542550,1,1505ca31483e9d2a2f9c8ef8e969033d,0,7,"2016-02-09 12:47:54",1,"2020-08-10 12:07:56"
176,1,"We Clear Junk",bookings@weclearjunk.com,"0208 961 2861","Harrow Road",,,,London,"NW10 0RG",,,,,,,,0,"portal/encore/UserFiles/SysDocs/bb_encore_suppliers/10000/176/WCJ Expires 27.01.22.pdf","2022-01-27 00:00:00",0,,,1,,,1,,,1,,,1,,,1,"portal/encore/UserFiles/SysDocs/bb_encore_suppliers/10000/176/WCJ Ltd - Public Liability October 2021.pdf","2021-10-22 00:00:00",0,Yes,"2020-09-14 00:00:00",,51.54327980,-0.27266880,0,7d85a932e7053161ed57f63d8024164c,0,7,"2016-02-09 12:47:54",48,"2020-10-23 14:18:28"
177,1,"Weir Waste (Now Biffa)",weirconstruction@biffa.co.uk;hannah.keenan@biffa.co.uk,"0121 312 0459 or 0121 380 4450","Cato Street",,,,Birmingham,"B7 4TS",,,,,,95,,0,"portal/encore/UserFiles/SysDocs/bb_encore_suppliers/10000/177/Waste Carriers Licence - Expires 23 05 2022.pdf","2022-05-23 00:00:00",0,"portal/encore/UserFiles/SysDocs/bb_encore_suppliers/10000/177/O licence.pdf","2020-03-27 00:00:00",1,"portal/encore/UserFiles/SysDocs/bb_encore_suppliers/10000/177/Permit, Trinity St.pdf","2021-03-27 00:00:00",1,,,1,,,1,,,1,"portal/encore/UserFiles/SysDocs/bb_encore_suppliers/10000/177/Client Information Letter  - 2020 EL PL 10m  Motor.pdf","2021-03-31 00:00:00",0,Yes,"2019-10-01 00:00:00","Have previously been fined- Overbury do not like to use them a lot.",52.49011750,-1.86980630,0,239ddf7f0f456a8c1499ec4d1eeb7cb1,0,7,"2016-02-09 12:47:54",1,"2020-08-10 12:07:56"
180,1,"Westminster Waste",Bookings@westminsterwaste.com,"0207 2310777/OOH Dominic 07880797115","Maybank Wharf","Herringham Road",,,London,"SE7 8NW",,,,,,,,0,"portal/encore/UserFiles/SysDocs/bb_encore_suppliers/10000/180/WWL Waste Carriers 2019-2022.pdf","2022-12-28 00:00:00",0,"portal/encore/UserFiles/SysDocs/bb_encore_suppliers/10000/180/WWL MW Permit.pdf","2021-03-22 00:00:00",0,,,1,,,1,,,1,,,1,"portal/encore/UserFiles/SysDocs/bb_encore_suppliers/10000/180/Brokers Certificate Westminster - 2020-21.pdf","2021-01-30 00:00:00",0,Yes,"2020-10-26 00:00:00",,51.49362460,0.03249680,0,4927ac9c817e56bacce5fdc8aa19d2ef,0,7,"2016-02-09 12:47:55",48,"2020-11-02 13:00:49"
181,1,Westmoreland,info@westmorelandwaste.co.uk,"01302 366437","Keham Street",,,,Doncaster,"DN1 3RE",,,,,,86,10,0,"portal/encore/UserFiles/SysDocs/bb_encore_suppliers/10000/181/WCL, 13.05.18.tif","2018-05-13 00:00:00",0,portal/encore/UserFiles/SysDocs/bb_encore_suppliers/10000/181/Permit.pdf,"2019-03-28 00:00:00",1,,,1,,,1,,,1,,,1,"portal/encore/UserFiles/SysDocs/bb_encore_suppliers/10000/181/Ins, 14.11.17.pdf","2017-11-14 00:00:00",0,,,,53.51328090,-1.13776940,1,f31f09f140e71c0822e20c619d9c77f4,0,7,"2016-02-09 12:47:55",1,"2020-08-10 12:07:56"
182,1,"Weybridge Skips",info@weybridgeskiphire.co.uk,"01932 221 952","Weylands Treatment Works","Molesey Road",Walton-On-Thames,,Surrey,"KT12 3PB",,,,,,95,,0,"portal/encore/UserFiles/SysDocs/bb_encore_suppliers/10000/182/WCL, expires 28.02.19.pdf","2019-02-28 00:00:00",0,,,1,,,1,,,1,,,1,,,1,"portal/encore/UserFiles/SysDocs/bb_encore_suppliers/10000/182/Weybridge, Ins 22.03.18.pdf","2018-03-22 00:00:00",0,,,,51.37883950,-0.38345390,1,3c2ec6e3e653ffe3e113e2384d8fc8b1,0,7,"2016-02-09 12:47:55",1,"2020-08-10 12:07:56"
183,1,"Wheeldon Brothers",Hire@wheeldonbrothers.co.uk,"0161 764 2000","Bridge House","Bury New Road",,,Bury,"BL9 7HT",,,,,,96,,0,"portal/encore/UserFiles/SysDocs/bb_encore_suppliers/10000/183/WCL, expires 25.03.19.docx","2019-03-25 00:00:00",0,"portal/encore/UserFiles/SysDocs/bb_encore_suppliers/10000/183/Permit 1.pdf","2019-03-23 00:00:00",0,"portal/encore/UserFiles/SysDocs/bb_encore_suppliers/10000/183/Permit 2.pdf","2019-03-23 00:00:00",0,"portal/encore/UserFiles/SysDocs/bb_encore_suppliers/10000/183/Permit 3.pdf","2019-03-23 00:00:00",0,"portal/encore/UserFiles/SysDocs/bb_encore_suppliers/10000/183/Permit 4.pdf","2019-03-23 00:00:00",0,"portal/encore/UserFiles/SysDocs/bb_encore_suppliers/10000/183/Permit 5.pdf","2019-03-23 00:00:00",0,"portal/encore/UserFiles/SysDocs/bb_encore_suppliers/10000/183/Wheeldon, Ins01.04.18.pdf","2018-04-01 00:00:00",0,,,,53.59193140,-2.26362940,1,3692521b37c5e395842317f689015df7,0,7,"2016-02-09 12:47:55",1,"2020-08-10 12:07:56"
184,1,"White Recycling",info@whitesrecycling.co.uk,"01572 767177","The Mine Site, Mill Lane","South Wiham",Grantham,,Lincolnshire,"NG33 5QN",,,,,,100,,0,"portal/encore/UserFiles/SysDocs/bb_encore_suppliers/10000/184/Waste Carrier Licence expires 13 10 20.pdf","2020-10-13 00:00:00",0,,,1,,,1,,,1,,,1,,,1,"portal/encore/UserFiles/SysDocs/bb_encore_suppliers/10000/184/Liability 22.01.19.pdf","2019-01-22 00:00:00",0,,,,52.76782550,-0.66393890,1,e70660ae626ae714afc1599f6c070974,0,7,"2016-02-09 12:47:55",1,"2020-08-10 12:07:57"
185,1,"Williams Environmental Management",Zoe@williamsenvironmental.co.uk,"020 74741100","Unit 3 Charles Street","Charles Street Silvertown",,,London,"E16 2BY",,,,,,100,,0,"portal/encore/UserFiles/SysDocs/bb_encore_suppliers/10000/185/WCL, expires 28.03.20.pdf","2020-03-28 00:00:00",0,portal/encore/UserFiles/SysDocs/bb_encore_suppliers/10000/185/Permit.pdf,"2019-03-22 00:00:00",0,,,1,,,1,,,1,,,1,"portal/encore/UserFiles/SysDocs/bb_encore_suppliers/10000/185/4.1. 28-08-19 Employers Insurance.pdf","2019-08-27 00:00:00",0,,,,51.50383320,0.03592230,1,3b3e9e0987ea29174bc8b93e944da8e1,0,7,"2016-02-09 12:47:55",1,"2020-08-10 12:07:57"
186,1,"Winters Skip Hire/UK Skip Hire",skipdesk@wintershaulage.co.uk,"0208 361 2221","Hunting Gate",,,,Hitchin,"SG4 0TJ",,,,,,,,0,"portal/encore/UserFiles/SysDocs/bb_encore_suppliers/10000/186/WCL, expires September 2019.pdf","2019-09-22 00:00:00",0,"portal/encore/UserFiles/SysDocs/bb_encore_suppliers/10000/186/Site permit.pdf","2019-03-22 00:00:00",0,,,1,,,1,,,1,,,1,"portal/encore/UserFiles/SysDocs/bb_encore_suppliers/10000/186/Liability Insurance 19.03.20.pdf","2020-03-19 00:00:00",0,,,,51.96533100,-0.26259710,1,3205735fda418d0c9ee7ca8c6f88b11e,0,7,"2016-02-09 12:47:55",1,"2020-08-10 12:07:57"
187,1,"WM Briers",enquiries@wmbriers.co.uk,"01827 62668","Anchor Sidings","Glascote Road",Tamworth,,Staffordshire,"B77 2AN",,,,,,90,10,1,"portal/encore/UserFiles/SysDocs/bb_encore_suppliers/10000/187/Waste Carrier Licence 02.04.2022.pdf","2022-04-02 00:00:00",0,"portal/encore/UserFiles/SysDocs/bb_encore_suppliers/10000/187/Permit 1.pdf","2021-03-22 00:00:00",0,"portal/encore/UserFiles/SysDocs/bb_encore_suppliers/10000/187/Permit 2.pdf","2021-03-22 00:00:00",0,"portal/encore/UserFiles/SysDocs/bb_encore_suppliers/10000/187/Permit 3.pdf","2021-03-22 00:00:00",0,,,1,,,1,"portal/encore/UserFiles/SysDocs/bb_encore_suppliers/10000/187/Liability Insurance 30.05.2019.pdf","2019-05-30 00:00:00",0,,,,52.62953630,-1.67884570,1,bcd4bb5916265bb7c432ca6285ffa9ac,0,7,"2016-02-09 12:47:55",1,"2020-08-10 12:07:57"
188,1,"WM Russell",office@wmrussell.co.uk,"01383 723367",Lillehill,,,,Dunfermline,"KY12 0TE",,,,,,,,0,"portal/encore/UserFiles/SysDocs/bb_encore_suppliers/10000/188/Waste Carrier Licence 31.03.2022.pdf","2022-03-31 00:00:00",0,portal/encore/UserFiles/SysDocs/bb_encore_suppliers/10000/188/WMRussellLicense.pdf,"2021-03-22 00:00:00",0,portal/encore/UserFiles/SysDocs/bb_encore_suppliers/10000/188/WMRussellLicense2.pdf,"2021-03-22 00:00:00",0,portal/encore/UserFiles/SysDocs/bb_encore_suppliers/10000/188/WMRussellLicense3.pdf,"2021-03-22 00:00:00",0,,,1,,,1,"portal/encore/UserFiles/SysDocs/bb_encore_suppliers/10000/188/Insurance 20-21.pdf","2021-10-26 00:00:00",0,,,,56.10119260,-3.44332970,0,03832302cffd2b69fcf8844219e4fd48,0,7,"2016-02-09 12:47:55",32,"2020-09-23 09:49:10"
189,1,"World Care Ltd",worldcareskiphire@gmail.com,"01492 593080","Plot 2A Tremarl Industrial Estate","Llandudno Junction",Conwy,,Wales,"LL31 9PN",,,,,,,,0,,,0,,,0,,,1,,,1,,,1,,,1,,,0,,,,53.28050240,-3.80324020,1,45ebb3fbeab93375f323be382a38acf3,0,7,"2016-02-09 12:47:55",1,"2020-08-10 12:07:57"
190,1,"WSR Recycling",info@wsrrecycling.co.uk,"0151 423 5928","Ditton Road",Widnes,,,Cheshire,"WA8 0PA",,,,,,,,0,portal/encore/UserFiles/SysDocs/bb_encore_suppliers/10000/190/Waste-Carriers-Licence01.01.22.pdf,"2022-01-01 00:00:00",0,portal/encore/UserFiles/SysDocs/bb_encore_suppliers/10000/190/Permit.pdf,"2021-03-22 00:00:00",0,,,1,,,1,,,1,,,1,"portal/encore/UserFiles/SysDocs/bb_encore_suppliers/10000/190/Liability Insurance 02.08.19.pdf","2019-08-02 00:00:00",0,,,,53.35808770,-2.74553050,1,b70254b53d7abfdcfb4245b873519db9,0,7,"2016-02-09 12:47:55",1,"2020-08-10 12:07:57"
191,1,"PB Donoghue",orders@pbdonoghue.com,"020 8208 2211","3 Shannon Close",Cricklewood,,,London,"NW2 1RR",,,,,,,,0,"portal/encore/UserFiles/SysDocs/bb_encore_suppliers/10000/191/Waste Carrier Certificate-21.09.2020.pdf","2020-09-21 00:00:00",0,"portal/encore/UserFiles/SysDocs/bb_encore_suppliers/10000/191/Cricklewood Permit.pdf","2019-03-17 00:00:00",0,"portal/encore/UserFiles/SysDocs/bb_encore_suppliers/10000/191/PB Donoghue Waste Management Permit.pdf","2019-03-17 00:00:00",0,"portal/encore/UserFiles/SysDocs/bb_encore_suppliers/10000/191/Watford Permit.pdf","2019-03-17 00:00:00",0,,,1,,,1,"portal/encore/UserFiles/SysDocs/bb_encore_suppliers/10000/191/PB Donoghue Liabiliuty Insurance 27.04.19.pdf","2019-04-27 00:00:00",0,,,,51.56152730,-0.21448920,1,1f8f95a40d6c2bf50dc7312cf45d8ada,0,7,"2016-02-24 11:00:45",9,"2020-09-02 16:31:28"
192,12,"Encore Environment Ltd",info@encore-environment.com,01604496987,"Unit 1, Home Farm",Sywell,,,Northampton,"NN6 0BQ",,,,,,,,0,"portal/encore/UserFiles/SysDocs/bb_encore_suppliers/10000/192/Encore Waste Carrier Licence, expires 04.04.2022.pdf","2022-04-04 00:00:00",0,,,1,,,1,,,1,,,1,,,1,"portal/encore/UserFiles/SysDocs/bb_encore_suppliers/10000/192/(847229160) Encore Environment Ltd.pdf","2021-04-01 00:00:00",0,,,,52.29714850,-0.79618740,0,7e06645f176d8b00d1f3ea8f3c558e15,0,7,"2016-02-24 12:48:31",1,"2020-04-24 10:16:45"
193,1,Simpsons,info@simpsonrecycling.com,"01344 723046","Simpsons Way",,Slough,,Berkshire,"SL1 3GD",,,,,,,,0,"portal/encore/UserFiles/SysDocs/bb_encore_suppliers/10000/193/Simpsons Waste Carriers Expiry 07 10 2023.pdf","2023-10-07 00:00:00",0,"portal/encore/UserFiles/SysDocs/bb_encore_suppliers/10000/193/Waste Managers Licence.jpg","2021-05-14 00:00:00",0,,,1,,,1,,,1,,,1,"portal/encore/UserFiles/SysDocs/bb_encore_suppliers/10000/193/Combined Ins Cover 20Jun2020 to 19Jun2021.pdf","2021-06-19 00:00:00",0,,,,51.51509280,-0.60531010,0,bd59c54578c3e44d4e58273432edb321,0,7,"2016-02-24 14:40:05",48,"2020-10-08 14:31:01"
194,1,"Collins Skip Hire",orders@collins-skiphire.co.uk,"01473 327596","Folly Farm",Tattingston,,,Ipswich,"IP9 2NY",,,,,,,,0,"portal/encore/UserFiles/SysDocs/bb_encore_suppliers/10000/194/Carriers License 22.12.2021.pdf","2021-12-22 00:00:00",0,"portal/encore/UserFiles/SysDocs/bb_encore_suppliers/10000/194/Folly Farm combined permit 2015.pdf","2021-05-22 00:00:00",0,,,1,,,1,,,1,,,1,"portal/encore/UserFiles/SysDocs/bb_encore_suppliers/10000/194/Insurance 25.07.21.pdf","2021-07-25 00:00:00",0,,,,51.97681620,1.08825610,0,1cffbb1a5fb83a6b2e3bd046d183dec4,0,7,"2016-02-24 15:40:24",20,"2020-08-26 13:12:50"
195,1,"Derwent Recycling Services",info@derwentrecyclingservices.co.uk,"01900 873789","7 Pitwood Road","Lillyhall Industrial Estate",Workington,,Cumbria,"CA14 4JP",,,,,,100,,0,"portal/encore/UserFiles/SysDocs/bb_encore_suppliers/10000/195/WCL, expires 21.06.18.pdf","2018-06-21 00:00:00",0,portal/encore/UserFiles/SysDocs/bb_encore_suppliers/10000/195/Permit.pdf,"2019-03-13 00:00:00",0,,,1,,,1,,,1,,,1,"portal/encore/UserFiles/SysDocs/bb_encore_suppliers/10000/195/Ins, expires 22.11.17.pdf","2017-11-22 00:00:00",0,,,,54.60648260,-3.51788360,1,50624f83891b77740d3fa44054156e48,0,7,"2016-02-29 12:01:52",1,"2020-08-10 12:07:40"
196,1,"BB Skips",info@blackburnskips.co.uk,"01282 427770","Oxford Mill","Oxford Road",Burnley,,Lancashire,"BB11 3AZ",,,,,,92,0,0,portal/encore/UserFiles/SysDocs/bb_encore_suppliers/10000/196/WCL-18-20.pdf,"2021-04-22 00:00:00",0,"portal/encore/UserFiles/SysDocs/bb_encore_suppliers/10000/196/ENV WASTE PERMIT.pdf","2021-05-15 00:00:00",0,,,1,,,1,,,1,,,1,"portal/encore/UserFiles/SysDocs/bb_encore_suppliers/10000/196/BBS LIABILITY INSURANCE COVER 2019-20.pdf","2020-12-15 00:00:00",0,,,,53.78608340,-2.23462180,0,b3fd5be4d344221f2e28b0376bc5c50f,0,7,"2016-03-30 15:11:09",1,"2020-08-10 12:07:37"
197,1,"Enviro Skip Hire",orders@enviroskiphire.co.uk,"01270 820426","Station Yard, Radway Green",Crewe,,,Cheshire,"CW2 5PH",,,,,,50,50,1,"portal/encore/UserFiles/SysDocs/bb_encore_suppliers/10000/197/waste carrier license 2023.JPG","2023-03-23 00:00:00",0,portal/encore/UserFiles/SysDocs/bb_encore_suppliers/10000/197/AlsagerSitePermitEnviroSkips.pdf,"2021-03-22 00:00:00",0,,,1,,,1,,,1,,,1,"portal/encore/UserFiles/SysDocs/bb_encore_suppliers/10000/197/Insurance EXP July 2021 NEW.pdf","2021-07-05 00:00:00",0,,,,53.08278100,-2.33830000,0,6070e211f9399a58b4b2ad95ab114d01,0,7,"2016-04-14 10:32:38",1,"2020-08-10 14:05:42"
198,1,EcoLamp,"info@ecolamp.co.uk,rachel@ecolamp.co.uk","01925 230 825 / Rachel 07961694686","83 Ducie Street",,,,Manchester,"M1 2JQ",,,,,,,,0,"portal/encore/UserFiles/SysDocs/bb_encore_suppliers/10000/198/WasteCarrier 18.11.2021.pdf","2021-11-18 00:00:00",0,portal/encore/UserFiles/SysDocs/bb_encore_suppliers/10000/198/Environmental-policy-ecolamp-recycling-ltd.pdf,"2021-05-15 00:00:00",1,"portal/encore/UserFiles/SysDocs/bb_encore_suppliers/10000/198/Wiser - S1 and  S2 Exemptions for Huddersfield - 27.09.21.pdf","2021-09-27 00:00:00",1,"portal/encore/UserFiles/SysDocs/bb_encore_suppliers/10000/198/Wiser - Waste Management Licence for Thetford.pdf","2021-09-27 00:00:00",1,"portal/encore/UserFiles/SysDocs/bb_encore_suppliers/10000/198/Wiser - Waste Management Licence for Thetford.pdf",,1,,,1,"portal/encore/UserFiles/SysDocs/bb_encore_suppliers/10000/198/Insurance Documents Pl and EL 2020 to 2021.PDF","2021-11-19 00:00:00",0,,,,53.48091640,-2.22685370,0,4e93f042c7abcc70d24de23cf6b7d927,0,9,"2016-04-29 12:02:54",48,"2020-11-20 11:28:14"
199,1,"KAR Skip Hire",ssk_associates@hotmail.co.uk,"01274 686844","Unit 13, Iron Works Park","Bowling Back Lane",,,Bradford,"BD4 8SX",,,,,,100,,0,,,0,,,0,,,1,,,1,,,1,,,1,,,0,,,,53.78654060,-1.72855320,1,43343953836df97309204f84473b764d,0,9,"2016-04-29 12:03:08",1,"2020-08-10 12:07:46"
200,1,AYS,faxays@yahoo.com,"01202 808007","Bailie Gate Industrial Estate","Sturminster Marshall",Wimborne,,Dorset,"BH21 4DB",,,,,,,0,0,"portal/encore/UserFiles/SysDocs/bb_encore_suppliers/10000/200/WCL, expires 02-04-2019.pdf","2019-04-02 00:00:00",0,portal/encore/UserFiles/SysDocs/bb_encore_suppliers/10000/200/Permit.pdf,"2019-03-13 00:00:00",0,,,1,,,1,,,1,,,1,"portal/encore/UserFiles/SysDocs/bb_encore_suppliers/10000/200/Pub Emp Insurance 2017 2018.doc","2018-03-31 00:00:00",0,,,,50.79416080,-2.06983320,1,360fba2e01c9ace5b54111d0997cd02c,0,9,"2016-04-29 14:49:58",1,"2020-08-10 12:07:36"
201,1,"Nationwide Skips",sales@nationwideservices.co.uk,"02392 604 392","2 Frankton Way",,,,"PO12 1FR","PO12 1FR",,,,,,95,,0,"portal/encore/UserFiles/SysDocs/bb_encore_suppliers/10000/201/WCL, expires 28.06.18.htm","2018-06-28 00:00:00",0,,,1,,,1,,,1,,,1,,,1,"portal/encore/UserFiles/SysDocs/bb_encore_suppliers/10000/201/Ins, expires 30.12.17.pdf","2017-12-30 00:00:00",0,,,,50.79715550,-1.12494940,1,8e582f25662134197b1fa66f076e1637,0,11,"2016-05-05 16:21:02",1,"2020-08-10 12:07:49"
203,1,"James Waste",info@expertskiphire.co.uk,"01323 899608","Unit 3 Cradelhill Industrial Estate",Seaford,,,"East Sussex","BN25 3JE",,,,,,91,,0,,,0,,,0,,,1,,,1,,,1,,,1,,,0,,,,50.78414500,0.12265120,1,ce153e66baa751ce248a6dea226e885f,0,11,"2016-05-12 10:16:57",1,"2020-08-10 12:07:45"
204,1,"Mercian Skip Hire",mercianskiphire@live.co.uk,"0121 458 7383","24 Edbury Road","Kings Norton",,,Birmingham,"B30 3JJ",,,,,,,,0,"portal/encore/UserFiles/SysDocs/bb_encore_suppliers/10000/204/WCL, expires 21-09-17.pdf","2017-09-21 00:00:00",0,portal/encore/UserFiles/SysDocs/bb_encore_suppliers/10000/204/Permit.pdf,"2019-03-14 00:00:00",0,,,1,,,1,,,1,,,1,"portal/encore/UserFiles/SysDocs/bb_encore_suppliers/10000/204/Ins, expires 30-11-17.pdf","2017-11-30 00:00:00",0,,,,52.41706880,-1.91636320,1,18d94c65a393c9e22b7c6bd698d5ed6a,0,9,"2016-05-13 10:46:33",1,"2020-08-10 12:07:48"
205,1,AWM,sales@awm.uk.com;claire.brooksbank@awm.uk.com;claire.goodyear@awm.uk.com;tradewaste@awm.uk.com,"0845 4567128","Gelderd Road",Morley,,,Leeds,"LS27 7NA",,,,,,,,1,"portal/encore/UserFiles/SysDocs/bb_encore_suppliers/10000/205/WCL 17.05.2022.pdf","2022-05-17 00:00:00",0,portal/encore/UserFiles/SysDocs/bb_encore_suppliers/10000/205/Permit.pdf,"2021-03-22 00:00:00",0,,,1,,,1,,,1,,,1,"portal/encore/UserFiles/SysDocs/bb_encore_suppliers/10000/205/Liability  31 03 20.pdf","2020-03-31 00:00:00",0,,,,53.76474510,-1.61267850,1,b12b7b54168746cd5bd15fb4a6af7a94,0,9,"2016-05-13 12:46:40",1,"2020-08-10 12:07:36"
206,1,"Jones Skip Hire",info@jonesskips.com,"01902 490642 / Andy 07870666222","Chillington Works","Hickman Avenue",Wolverhampton,,,"WV1 2HS",,,,,,,,0,"portal/encore/UserFiles/SysDocs/bb_encore_suppliers/10000/206/Carriers licence 15.02.2022.pdf","2022-02-15 00:00:00",0,"portal/encore/UserFiles/SysDocs/bb_encore_suppliers/10000/206/Environmental Permit.pdf","2021-03-22 00:00:00",0,,,1,,,1,,,1,,,1,"portal/encore/UserFiles/SysDocs/bb_encore_suppliers/10000/206/Jones skips public and employers liability 2020.pdf","2021-07-26 00:00:00",0,Yes,"2020-08-05 00:00:00",,52.58088100,-2.10724020,0,c0d50ebcf3be8fd255845ed7aeb02180,0,9,"2016-05-23 09:05:44",1,"2020-08-10 14:05:42"
207,1,Bywaters,j.walsh@bywaters.co.uk,"020 7001 6000","Lea Riverside","Twelvetrees Crescent Bow",,,London,"E3 3JG",,,,,,90,10,0,"portal/encore/UserFiles/SysDocs/bb_encore_suppliers/10000/207/WasteCarrierRegistration 2019 - 2022.pdf","2022-04-30 00:00:00",0,"portal/encore/UserFiles/SysDocs/bb_encore_suppliers/10000/207/EAWML-80147-Permit-Variation-2014 (3).pdf","2022-03-31 00:00:00",0,,,1,,,1,,,1,,,1,"portal/encore/UserFiles/SysDocs/bb_encore_suppliers/10000/207/Insurance (Confirmation of) 2020-2021.pdf","2021-03-31 00:00:00",0,,,"**DO NOT EVER USE THIS SUPPLIER!!** IF YOU WANT TO USE, APPROVAL MUST BE PROVIDED BY THE DIRECTORS FIRST!",51.52322130,-0.00550040,0,8a5751eabc28caefc09a20e84f5bc891,0,11,"2016-06-02 10:10:23",48,"2020-12-01 11:30:43"
208,1,Waltet,wws@waltet.co.uk,"023 807 48826","Waltet House","Andes Road","Nursling Ind Est",,Southampton,"SO16 0YZ",,,,,,,,0,"portal/encore/UserFiles/SysDocs/bb_encore_suppliers/10000/208/Carrier Licence 17.09.2020.pdf","2020-09-17 00:00:00",0,portal/encore/UserFiles/SysDocs/bb_encore_suppliers/10000/208/permit.pdf,"2022-03-06 00:00:00",0,,,1,,,1,,,1,,,1,"portal/encore/UserFiles/SysDocs/bb_encore_suppliers/10000/208/Liability Insurance 30.11.19.pdf","2019-11-30 00:00:00",1,,,,50.93488300,-1.47933420,1,8f9685072abc4cf70e08e6c2650793d9,0,9,"2016-06-06 14:51:29",1,"2020-08-10 12:07:55"
209,1,Neales,Zoe.Tomlinson@neales-waste.co.uk,"01254 506305","Walker Road",Guide,,,Blackburn,"BB1 2JZ",,,,,,100,,0,"portal/encore/UserFiles/SysDocs/bb_encore_suppliers/10000/209/Waste Carrier Licence.pdf","2019-02-24 00:00:00",0,"portal/encore/UserFiles/SysDocs/bb_encore_suppliers/10000/209/Environmental Permit.pdf","2019-05-21 00:00:00",0,,,1,,,1,,,1,,,1,"portal/encore/UserFiles/SysDocs/bb_encore_suppliers/10000/209/Ins, expires 01.01.18.pdf","2018-01-01 00:00:00",0,,,,53.72612260,-2.45201230,1,f4413b2e67f9dc6bf550d6c92f6e0bea,0,9,"2016-06-08 15:36:16",1,"2020-08-10 12:07:49"
210,1,"Biffa Hull",hullservicegroup@biffa.co.uk,"01482 322268","Stoneferry Road",,,,Hull,"HU8 8BZ",,,,,,,,0,"portal/encore/UserFiles/SysDocs/bb_encore_suppliers/10000/210/WCL, 23.05.19.pdf","2019-05-23 00:00:00",0,"portal/encore/UserFiles/SysDocs/bb_encore_suppliers/10000/210/Hull permit.tif","2019-06-21 00:00:00",0,,,1,,,1,,,1,,,1,"portal/encore/UserFiles/SysDocs/bb_encore_suppliers/10000/210/Ins, 31.03.18.pdf","2018-03-31 00:00:00",0,,,,53.75918740,-0.32583890,1,f750f2e07b01ffa3e8500a7cc6506b5c,0,9,"2016-06-14 08:18:23",1,"2020-08-10 12:07:37"
211,1,"Budget Skips / Skip Hire Rugby",orders@budgetskips.net,"024 7636 9173 / 01788 211012","Crondal Road",Exhall,,,Coventry,"CV7 9NH",,,,,,,,0,portal/encore/UserFiles/SysDocs/bb_encore_suppliers/10000/211/20200117_114655_0677_001.pdf,"2023-02-02 00:00:00",0,,,1,,,1,,,1,,,1,,,1,"portal/encore/UserFiles/SysDocs/bb_encore_suppliers/10000/211/Liabilities 20-21.pdf","2021-11-17 00:00:00",0,Yes,"2019-11-01 00:00:00",,52.46567540,-1.47612520,0,088a27602f7e6f442d5be5ddae60d3de,0,11,"2016-06-14 11:55:10",48,"2020-12-02 11:52:53"
212,1,Wastege,sales@wastege.com,"0800 756 3997","220 Wincolmlee",,,,Hull,"HU2 0PZ",,,,,,100,,0,"portal/encore/UserFiles/SysDocs/bb_encore_suppliers/10000/212/WCL expires 06.11.17.pdf","2017-11-06 00:00:00",0,,,1,,,1,,,1,,,1,,,1,"portal/encore/UserFiles/SysDocs/bb_encore_suppliers/10000/212/Ins, expires 15.06.18.pdf","2018-06-15 00:00:00",0,,,,53.75442990,-0.32978230,1,e08f6073c8901e720f9b617c9c30f286,0,9,"2016-06-15 09:51:07",1,"2020-08-10 12:07:56"
213,1,"Aquaforce Recycling",darren@aquaforce-recycling.co.uk,"01902 798599","Sprint Ind Est","Station Road, Four Ashes",Wolverhampton,,"West Midlands","WV10 7DB",,,,,,,,0,"portal/encore/UserFiles/SysDocs/bb_encore_suppliers/10000/213/WasteCarrierRegistrationCertificate 2018 -2021.pdf","2021-06-18 00:00:00",0,"portal/encore/UserFiles/SysDocs/bb_encore_suppliers/10000/213/Aquaforce WML.pdf","2021-05-15 00:00:00",0,,,1,,,1,,,1,,,1,"portal/encore/UserFiles/SysDocs/bb_encore_suppliers/10000/213/Aqua Force TWIMC letter 2020 21.docx","2021-09-09 00:00:00",0,,,,52.67549690,-2.12163920,0,1223db18fcb6758c9b7a90c4435a038b,0,9,"2016-06-21 13:43:05",32,"2020-09-15 10:21:59"
214,1,"Bakers Waste",orders@bakerswaste.co.uk,"0370 350 6 350","Granite Close",Enderby,,,Leceister,"LE19 4AE",,,,,,,,0,"portal/encore/UserFiles/SysDocs/bb_encore_suppliers/10000/214/WCL, 28.08.22.pdf","2021-08-28 00:00:00",0,portal/encore/UserFiles/SysDocs/bb_encore_suppliers/10000/214/Permit.pdf,"2021-05-15 00:00:00",0,,,1,,,1,,,1,,,1,"portal/encore/UserFiles/SysDocs/bb_encore_suppliers/10000/214/2020-21-Liabilities 2021.pdf","2021-09-29 00:00:00",0,,,,52.59365430,-1.21615310,0,157c6699ce442c99ac57efab76d3bf38,0,9,"2016-06-27 14:03:11",48,"2020-09-30 10:34:33"
216,1,"Enlightened Lamp Company",info@elr-ltd.com,"01737 826500","11 Ormside Way","Holmethorpe Industrial Estate",Redhill,,Surrey,"RH1 2LW",,,,,,99.99,0.01,0,"portal/encore/UserFiles/SysDocs/bb_encore_suppliers/10000/216/waste carrier licence 19- 13.12.22.JPG","2022-12-13 00:00:00",0,,,1,,,1,,,1,,,1,,,1,"portal/encore/UserFiles/SysDocs/bb_encore_suppliers/10000/216/Insurance 2020.12.05.pdf","2020-12-05 00:00:00",0,,,,51.25211480,-0.15622050,0,25130f46bf6186e32f884da939eb40ee,0,11,"2016-07-01 09:20:14",1,"2020-08-10 12:07:41"
217,1,"J Davidsons Metal",angela@jdavidsonscrap.com,"0161 928 9981","35 Craven Road",Broadheath,,,Altrincham,"WA14 5HD",,,,,,,,1,"portal/encore/UserFiles/SysDocs/bb_encore_suppliers/10000/217/WCL, 04.04.19.pdf","2019-04-04 00:00:00",0,portal/encore/UserFiles/SysDocs/bb_encore_suppliers/10000/217/Permit.pdf,"2019-03-13 00:00:00",0,,,1,,,1,,,1,,,1,,,0,,,,53.40127260,-2.35922260,1,579adf5d2f4913502e47dee22f862051,0,9,"2016-07-01 09:47:37",1,"2020-08-10 12:07:45"
218,1,"EWD / Eastern Waste Disposal",skips@ewdmail.co.uk,"01206 307070","Morses Lane Industrial Estate",Brightlingsea,,,Colchester,"CO7 0SD",,,,,,99.88,0.12,0,"portal/encore/UserFiles/SysDocs/bb_encore_suppliers/10000/218/WCL, expires 14.10.18.png","2018-10-14 00:00:00",0,portal/encore/UserFiles/SysDocs/bb_encore_suppliers/10000/218/Permit.pdf,"2019-03-27 00:00:00",0,,,1,,,1,,,1,,,1,"portal/encore/UserFiles/SysDocs/bb_encore_suppliers/10000/218/Ins, expires 18.12.17.pdf","2017-12-18 00:00:00",0,,,,51.82533120,1.02932780,1,5f96b8b129f88975f6bd2eb876dac7fd,0,9,"2016-07-04 16:06:34",1,"2020-08-10 12:07:42"
219,1,Clearabee,info@clearabee.co.uk,"0333 2505341","Wood Lane",Erdington,,,Birmingham,"B24 9QR",,,,,,92,6,0,"portal/encore/UserFiles/SysDocs/bb_encore_suppliers/10000/219/Carriers License 06.10.2021.pdf","2021-10-06 00:00:00",0,,,1,,,1,,,1,,,1,,,1,"portal/encore/UserFiles/SysDocs/bb_encore_suppliers/10000/219/Insurance expires 05.08.2019.pdf","2019-08-05 00:00:00",0,,,,52.51012250,-1.82703280,1,fa674263671759c182a150701b7580b0,0,11,"2016-07-05 10:58:21",1,"2020-08-10 12:07:39"
220,1,"Greenbox Recycling",orders@gboxkent.com,"01233 511065; 07887 725795.- Richard Lloyd","Unit 1 Ashford Industrial","Cobbs Wood",Ashford,,Kent,"TN23 1EL",,,,,,,,0,"portal/encore/UserFiles/SysDocs/bb_encore_suppliers/10000/220/Waste Carriers Licence.pdf","2022-03-15 00:00:00",0,"portal/encore/UserFiles/SysDocs/bb_encore_suppliers/10000/220/Environmental permit.pdf","2022-03-14 00:00:00",0,,,1,,,1,,,1,,,1,"portal/encore/UserFiles/SysDocs/bb_encore_suppliers/10000/220/INSURANCE 2021- Expires 26th March 21.pdf","2021-03-26 00:00:00",0,Yes,"2020-07-07 00:00:00",,51.14922390,0.85382800,0,d2ff9bf4dd8e6a2898480ef8a271b89c,0,11,"2016-07-13 14:15:27",1,"2020-08-10 14:05:42"
221,1,Rooney's,info@rooneysforrecycling.co.uk,"0191 478 7833","South Shore Road",,,,Gateshead,"NE8 3AE",,,,,,100,,0,"portal/encore/UserFiles/SysDocs/bb_encore_suppliers/10000/221/Waste carrier.pdf","2018-12-31 00:00:00",0,portal/encore/UserFiles/SysDocs/bb_encore_suppliers/10000/221/Permit.pdf,"2019-05-15 00:00:00",0,"portal/encore/UserFiles/SysDocs/bb_encore_suppliers/10000/221/Scrap dealer licence.pdf","2019-05-22 00:00:00",0,,,1,,,1,,,1,"portal/encore/UserFiles/SysDocs/bb_encore_suppliers/10000/221/Insurance 2016 - 2017.pdf","2017-07-23 00:00:00",0,,,,54.96906200,-1.58956080,1,d20c34427e29734fa75d35b400d23cdf,0,9,"2016-07-13 14:55:34",1,"2020-08-10 12:07:52"
222,1,"Bucks recycling",sales@bucksrecycling.co.uk,"01296 651678","Building 214","Westcott Venture Park, Westcott",Aylesbury,,Buckinghamshire,"HP18 OXB",,,,,,,,0,"portal/encore/UserFiles/SysDocs/bb_encore_suppliers/10000/222/WCL, expiry 08.10.19.pdf","2019-10-08 00:00:00",0,"portal/encore/UserFiles/SysDocs/bb_encore_suppliers/10000/222/Bucks Recycling Ltd Permit (Westcott).pdf","2021-03-22 00:00:00",0,,,1,,,1,,,1,,,1,"portal/encore/UserFiles/SysDocs/bb_encore_suppliers/10000/222/Liability Insurance 26.06.19.docx","2019-06-26 00:00:00",0,,,,,,1,799bb2173d39386066905aba0faa4425,0,11,"2016-07-14 14:20:28",1,"2020-08-10 12:07:38"
223,1,Regenr8,enquiries@regnr8.net,"01384 883083","Timmis Road",Lye,,,Stourbridge,"DY9 7BQ",,,,,,92,,0,"portal/encore/UserFiles/SysDocs/bb_encore_suppliers/10000/223/WCL, expires 12.02.18.pdf","2018-02-12 00:00:00",1,portal/encore/UserFiles/SysDocs/bb_encore_suppliers/10000/223/Permut.pdf,"2019-05-15 00:00:00",1,,,1,,,1,,,1,,,1,"portal/encore/UserFiles/SysDocs/bb_encore_suppliers/10000/223/Ins, expires 15.02.18.pdf","2018-02-15 00:00:00",1,,,"Out of Business 18.04.18",52.45912690,-2.12644300,0,846bc47ecb76f74fc9c57e2a0977e685,0,11,"2016-07-15 16:04:51",1,"2020-08-10 12:07:52"
224,1,"Parkers (PSH Environmental)",enquiries@parkersskips.com,"01603 721533","5 Wendover Road","Rackheath Industrial Estate",Rackheath,,Norwich,"NR13 6LH",,,,,,90,10,1,portal/encore/UserFiles/SysDocs/bb_encore_suppliers/10000/224/WCL.pdf,"2019-05-30 00:00:00",0,portal/encore/UserFiles/SysDocs/bb_encore_suppliers/10000/224/Permit.pdf,"2021-03-22 00:00:00",0,,,1,,,1,,,1,,,1,"portal/encore/UserFiles/SysDocs/bb_encore_suppliers/10000/224/Employers  Public Liability 28.02.2020.pdf","2020-02-28 00:00:00",0,,,,52.67498020,1.37276010,1,2b4d2a280060d2500c0888d40fe98e4a,0,9,"2016-07-18 08:35:26",1,"2020-08-10 12:07:50"
225,1,"John Stacey",dave@john-stacey.co.uk,"01189 813531","Stacey industrial park","Silchester Road",Tadley,,Hampshire,"Rg26 3PZ",,,,,,88,,0,"portal/encore/UserFiles/SysDocs/bb_encore_suppliers/10000/225/Waste Carriers Expires 2019.pdf","2019-04-02 00:00:00",0,"portal/encore/UserFiles/SysDocs/bb_encore_suppliers/10000/225/WHITEHOUSE FARM LICENCE 26.04.13.pdf","2019-06-05 00:00:00",0,,,1,,,1,,,1,,,1,"portal/encore/UserFiles/SysDocs/bb_encore_suppliers/10000/225/Liability Insurance 30.07.2019.pdf","2019-07-31 00:00:00",0,,,,51.35639760,-1.13980560,1,1c37fdc81de05480475f0f327228547a,0,11,"2016-07-19 13:32:28",1,"2020-08-10 12:07:46"
226,1,"Kartaway / Dunmow Waste","Paul.Rennocks@dunmowgroup.com; sales@dunmowgroup.com","01245 466646","Essex Regiment Way","Little Waltham",,,Chelsmford,"CM3 3PZ",,,,,,100,,0,"portal/encore/UserFiles/SysDocs/bb_encore_suppliers/10000/226/docs_Waste-Carriers-Licence-March-2016 to-April-2019.pdf","2019-04-02 00:00:00",0,"portal/encore/UserFiles/SysDocs/bb_encore_suppliers/10000/226/Waste Management License 100458.pdf","2019-04-20 00:00:00",0,,,1,,,1,,,1,,,1,"portal/encore/UserFiles/SysDocs/bb_encore_suppliers/10000/226/Dunow Ins, expires 14.12.17.pdf","2014-12-17 00:00:00",0,,,,51.77212690,0.48735290,1,1dc4f20322b9a5fd88cd570e160a8389,0,9,"2016-07-19 14:24:41",1,"2020-08-10 12:07:46"
227,1,"T J waste",cwhybrow@tj-waste.co.uk,"02392 501600","Charity Farm","127 Wickham Road",Fareham,,Hampshire,"PO17 5BP",,,,,,87,,0,"portal/encore/UserFiles/SysDocs/bb_encore_suppliers/10000/227/Waste Carrier expires 14.10.19.pdf","2019-10-14 00:00:00",0,,,0,,,1,,,1,,,1,,,1,"portal/encore/UserFiles/SysDocs/bb_encore_suppliers/10000/227/Liability Insurance expires 10.08.1818.pdf","2018-08-10 00:00:00",0,,,,50.87735540,-1.18562130,1,b70b6a46971a256af27a61556e4ec12d,0,11,"2016-07-19 15:08:15",1,"2020-08-10 12:07:54"
228,1,"William Beech",info@williambeechskiphire.co.uk,"01477 500379","Betchton Cottage, Cappers Lane",Betchton,Sandbach,,Cheshire,"CW11 2TW",,,,,,96,4,0,"portal/encore/UserFiles/SysDocs/bb_encore_suppliers/10000/228/WCL 18.12.2020.pdf","2020-12-18 00:00:00",0,"portal/encore/UserFiles/SysDocs/bb_encore_suppliers/10000/228/Environmental Permit.jpg","2021-03-22 00:00:00",0,,,1,,,1,,,1,,,1,"portal/encore/UserFiles/SysDocs/bb_encore_suppliers/10000/228/William Beech PUBLIC LIABILITY CERTIFICATE.pdf","2021-05-21 00:00:00",0,,,,53.12209280,-2.30550120,0,6774f506517cdb2d7ca3a3103b82fd19,0,9,"2016-07-22 10:41:19",1,"2020-08-10 12:07:57"
229,1,"Tidy Site","accounts@tidysite.co.uk; reception@tidysite.co.uk","01782 561888","Hamptons Way","Hamptons Industrial Estate","Newcastle under Lyme",,Staffordshire,"ST5 9JQ",,,,,,,,0,"portal/encore/UserFiles/SysDocs/bb_encore_suppliers/10000/229/WCL 29.10.19.pdf","2019-10-29 00:00:00",0,portal/encore/UserFiles/SysDocs/bb_encore_suppliers/10000/229/Permit.jpg,"2019-06-16 00:00:00",0,,,1,,,1,,,1,,,1,"portal/encore/UserFiles/SysDocs/bb_encore_suppliers/10000/229/EmployersPublicLiability 11.05.19.pdf","2019-05-11 00:00:00",0,,,,53.03316040,-2.24466840,1,d1f3902d0a663bf66ba4d08f63d192f4,0,9,"2016-07-22 10:44:04",1,"2020-08-10 12:07:55"
230,1,"T J Hughes",sales@hugheswaste.co.uk,"02392 655949","Ackworth Road",Hilsea,,,Portsmouth,"Po3 5NS",,,,,,,,0,,,0,,,0,,,0,,,0,,,0,,,0,,,0,,,,50.83403300,-1.05669640,1,06187f1010bde292d3dcc2b5f29365a8,0,11,"2016-08-02 11:36:23",1,"2020-08-10 12:07:54"
231,1,"One waste clearance",info@onewasteclearance.co.uk,02038703748,"62 Oakdene Drive",,Surbition,,Surrey,"KT5 9NH",,,,,,,,0,"portal/encore/UserFiles/SysDocs/bb_encore_suppliers/10000/231/Waste Carriers Licence_One_Waste_01.10.2022.pdf","2022-10-01 00:00:00",0,"portal/encore/UserFiles/SysDocs/bb_encore_suppliers/10000/231/One_Waste_Permit (1) 18.03.2021.pdf","2021-03-08 00:00:00",0,,,1,,,1,,,1,,,1,"portal/encore/UserFiles/SysDocs/bb_encore_suppliers/10000/231/One Waste Clearance Insurance 31.January 2021.pdf","2021-01-01 00:00:00",0,Yes,"2020-11-11 00:00:00",,51.38390690,-0.27093340,1,bf773a2cbbd826f200ce0d5e0f69a4b0,0,11,"2016-08-04 13:45:06",32,"2020-11-11 11:39:06"
232,1,NWH,craig@NWHGroup.co.uk,"0131 663 0048","Unit 5","Mayfield Industrial Estate",,,Dalkeith,"EH22 4AD",,,,,,96,4,0,portal/encore/UserFiles/SysDocs/bb_encore_suppliers/10000/232/WCL.pdf,"2018-01-04 00:00:00",0,"portal/encore/UserFiles/SysDocs/bb_encore_suppliers/10000/232/Glasgow - Waste Management Licence 1.pdf","2019-03-15 00:00:00",0,"portal/encore/UserFiles/SysDocs/bb_encore_suppliers/10000/232/Mayfield Yard - SEPA Licence - 7April2014.pdf","2019-03-15 00:00:00",0,"portal/encore/UserFiles/SysDocs/bb_encore_suppliers/10000/232/NWH Waste Services Ltd - Dundee Waste Management Licencedone.pdf",,1,,,1,,,1,"portal/encore/UserFiles/SysDocs/bb_encore_suppliers/10000/232/Ins, expires 01.03.18.pdf","2018-03-01 00:00:00",0,,,,55.86572360,-3.05243100,1,7ba7d418e0539e9f6264861429385bf5,0,9,"2016-08-11 16:54:52",1,"2020-08-10 12:07:49"
233,1,"John Graham Metals",admin@johngrahammetalsltd.co.uk,"01786 461807","8 Munro Road","Spring Kerse Industrial Estate",Stirling,,Scotland,"FK7 7UU",,,,,,100,,0,"portal/encore/UserFiles/SysDocs/bb_encore_suppliers/10000/233/New Sepa Licence.pdf","2018-01-01 00:00:00",0,,,1,,,1,,,1,,,1,,,1,"portal/encore/UserFiles/SysDocs/bb_encore_suppliers/10000/233/Combined Insurance 24.03.18.pdf","2018-03-24 00:00:00",0,,,,56.11340530,-3.91297090,1,9557f9a7e530a89d1550cdd180dd528d,0,9,"2016-08-11 17:05:55",1,"2020-08-10 12:07:46"
234,1,"WM Tracey",Joyce.Balmer@wmtracey.co.uk,"01505 321 000","49 Burnbrae Road",Linwood,,,Paisley,"PA3 3BD",,,,,,90,10,0,"portal/encore/UserFiles/SysDocs/bb_encore_suppliers/10000/234/Waste Carriers Licence.pdf","2019-04-02 00:00:00",0,"portal/encore/UserFiles/SysDocs/bb_encore_suppliers/10000/234/Waste Management Licence - WML.5.96 - Glen.pdf","2019-03-20 00:00:00",0,,,1,,,1,,,1,,,1,"portal/encore/UserFiles/SysDocs/bb_encore_suppliers/10000/234/Insurance 29.05.19.pdf","2019-05-29 00:00:00",0,,,,55.83907480,-4.49105050,1,0ebfaa886b72817562a8ffb69f7f221b,0,9,"2016-08-12 11:25:15",1,"2020-08-10 12:07:57"
235,1,JJC,jjchire@btconnect.com,"01229 827046","Coopers Yard","Barrow - in - Furness",,,Cumbria,"LA14 4EQ",,,,,,100,,0,portal/encore/UserFiles/SysDocs/bb_encore_suppliers/10000/235/WCL.pdf,"2018-01-01 00:00:00",0,portal/encore/UserFiles/SysDocs/bb_encore_suppliers/10000/235/Permit.jpg,"2019-03-14 00:00:00",0,,,1,,,1,,,1,,,1,"portal/encore/UserFiles/SysDocs/bb_encore_suppliers/10000/235/Public Liability 08.06.18.pdf","2018-06-08 00:00:00",0,,,,54.14451030,-3.22776590,1,08fc608f71a4060c9c7ff70193727cd0,0,9,"2016-08-15 15:09:10",1,"2020-08-10 12:07:45"
236,1,"Sinkfall Recycling",armisteadsinkfall@yahoo.co.uk,"01229 465000","Sinkfall Farm","Rakesmoor Lane","Barrow In Furness",,Cumbria,"LA14 4QE",,,,,,,,0,"portal/encore/UserFiles/SysDocs/bb_encore_suppliers/10000/236/Waste Carriers Licence 2016.pdf","2019-01-25 00:00:00",0,"portal/encore/UserFiles/SysDocs/bb_encore_suppliers/10000/236/Waste Management Licence Variation Notice 2016.pdf","2019-05-15 00:00:00",0,,,1,,,1,,,1,,,1,"portal/encore/UserFiles/SysDocs/bb_encore_suppliers/10000/236/Liability Insurance 10.06.19.pdf","2019-06-10 00:00:00",0,,,,54.14979430,-3.20871340,1,7f448a404f82122c94887bad4346cfaf,0,9,"2016-08-15 15:10:05",1,"2020-08-10 12:07:53"
237,1,"CJ Metals, Wakefield",cjmetal@btconnect.com,"01924 273649","Unit 12","Engine Lane",Horbury,,Wakefield,"WF4 5NH",,,,,,100,,1,"portal/encore/UserFiles/SysDocs/bb_encore_suppliers/10000/237/WCL, expires 17.06.18.docx","2018-06-17 00:00:00",0,portal/encore/UserFiles/SysDocs/bb_encore_suppliers/10000/237/Permit.jpg,"2019-03-13 00:00:00",0,,,1,,,1,,,1,,,1,"portal/encore/UserFiles/SysDocs/bb_encore_suppliers/10000/237/Ins, expires 16.10.17.jpg","2017-10-16 00:00:00",0,,,,53.65553610,-1.56706320,1,f907fffb2ee7466f11ced417b7471d1f,0,9,"2016-08-22 10:31:09",1,"2020-08-10 12:07:39"
238,1,"Wilkingsons Brothers",lisa.wilky72@gmail.com,"01924 469409","Heckmondwilke Road",,,,Dewsbury,"WF13 3PH",,,,,,,,0,"portal/encore/UserFiles/SysDocs/bb_encore_suppliers/10000/238/Waste Licence 30.03.16 part 2 of 2.jpg","2019-02-14 00:00:00",0,"portal/encore/UserFiles/SysDocs/bb_encore_suppliers/10000/238/Scrap Metal Dealers Licence.jpg","2019-03-22 00:00:00",0,,,1,,,1,,,1,,,1,,,0,,,,53.69127620,-1.65538510,1,6d0fa33bbf7e46330f6ced54c73263c4,0,9,"2016-08-22 13:33:23",1,"2020-08-10 12:07:57"
239,1,"Biffa- Northampton",sarah.newham@biffa.co.uk,"01604 408881","Jackdaw Close","Crow Lane Industrial Estate",,,Northampton,"NN3 9ER",https://www.biffa.co.uk/,,,,,,,0,"portal/encore/UserFiles/SysDocs/bb_encore_suppliers/10000/239/WCL, 23.05.19.pdf","2019-05-23 00:00:00",0,,,1,,,1,,,1,,,1,,,1,"portal/encore/UserFiles/SysDocs/bb_encore_suppliers/10000/239/Ins, 31.03.18.pdf","2018-03-31 00:00:00",0,,,,52.24654340,-0.81156320,1,fc9754f9ab7db7cccbee0d5ce6941c0c,0,9,"2016-08-22 13:56:00",48,"2020-10-23 14:11:28"
241,1,Pinden,info@pinden.co.uk,"01474 707827","Green Street Green Road",Longfield,Dartford,,Kent,"DA2 8EB",,,,,,100,,0,"portal/encore/UserFiles/SysDocs/bb_encore_suppliers/10000/241/WCL, expires 08.10.19.pdf","2019-10-08 00:00:00",0,portal/encore/UserFiles/SysDocs/bb_encore_suppliers/10000/241/Permit.pdf,"2019-03-28 00:00:00",0,,,1,,,1,,,1,,,1,"portal/encore/UserFiles/SysDocs/bb_encore_suppliers/10000/241/combined Liability Insurance 30.09.18.pdf","2018-09-30 00:00:00",0,,,,51.40369900,0.29077320,1,7283d1cf24379adcda87c3cf29f3aab7,0,7,"2016-08-23 14:41:27",1,"2020-08-10 12:07:50"
242,1,"Edmundson Electrical Ltd",kings-cross.479@eel.co.uk,"020 7428 0090","Po Box 1","Tatton Street",Knutsford,,cheshire,"WA16 6AY",,,,,,100,,0,"portal/encore/UserFiles/SysDocs/bb_encore_suppliers/10000/242/Waste Carrier Licence 18.12.18.pdf","2018-02-18 00:00:00",0,"portal/encore/UserFiles/SysDocs/bb_encore_suppliers/10000/242/permit 07.11.19.pdf","2019-11-07 00:00:00",0,,,1,,,1,,,1,,,1,,,0,,,,53.31248750,-2.35944110,1,95663365602c4e60d58d6244ca182fa8,0,7,"2016-08-23 14:48:02",1,"2020-08-10 12:07:41"
243,1,"Morecambe Metals",william@morecambemetals.co.uk,"01524 69191",Northgate,"White Lund Industrial Estate",,,Morecambe,"LA3 3AZ",,,,,,100,,1,"portal/encore/UserFiles/SysDocs/bb_encore_suppliers/10000/243/WASTE CARRIERS 2016 2019.pdf","2019-03-12 00:00:00",0,portal/encore/UserFiles/SysDocs/bb_encore_suppliers/10000/243/Permit.pdf,"2019-04-24 00:00:00",0,"portal/encore/UserFiles/SysDocs/bb_encore_suppliers/10000/243/Scrap metal, expires 01.12.19.pdf","2019-12-01 00:00:00",0,,,1,,,1,,,1,"portal/encore/UserFiles/SysDocs/bb_encore_suppliers/10000/243/Ins, 22.01.18.pdf","2018-01-22 00:00:00",0,,,,54.06180560,-2.84155270,1,01e60c17986b12b60e9056f2dd89660c,0,9,"2016-08-24 09:57:04",1,"2020-08-10 12:07:49"
244,1,"BW Specialists",info@bw-specialists.co.uk,"01234 215777","Building 18, Twinwoods Business Park","Thurleigh Road","Milton Ernest",,Bedford,"MK44 1FD",,,,,,100,,0,,,0,,,1,,,1,,,1,,,1,,,1,,,0,,,,52.20016500,-0.49159760,1,3e5fd9cd87d32fb9707c66cd829fe1e7,0,7,"2016-08-24 12:39:04",1,"2020-08-10 12:07:38"
246,1,"Gwynedd Skips","info@gwyneddskipand plant.co.uk","01286 677481","Lon Hen Felin","Cibyn Industrial Estate",Caernarfon,,,"LL55 2BD",,,,,,88,12,0,"portal/encore/UserFiles/SysDocs/bb_encore_suppliers/10000/246/Carriers Licence.pdf","2017-08-01 00:00:00",0,portal/encore/UserFiles/SysDocs/bb_encore_suppliers/10000/246/Permit.pdf,"2019-03-14 00:00:00",0,,,1,,,1,,,1,,,1,portal/encore/UserFiles/SysDocs/bb_encore_suppliers/10000/246/Insurance.pdf,"2016-08-01 00:00:00",0,,,,53.13933040,-4.24989690,1,0ff9164529a55519d1a14485c92491a8,0,7,"2016-08-24 14:53:41",1,"2020-08-10 12:07:43"
248,1,"Colchester Skip Hire",paul@cshenvironmental.co.uk,"01245 930240",Greenacres,"packards Lane",Wormingford,,Colchester,"CO6 3AH",,,,,,99.77,,0,"portal/encore/UserFiles/SysDocs/bb_encore_suppliers/10000/248/Waste Carriers  14 Mar 16 to 2 Apr 2019.pdf","2019-04-02 00:00:00",0,"portal/encore/UserFiles/SysDocs/bb_encore_suppliers/10000/248/Waste Management Licence 251 93.pdf","2019-04-10 00:00:00",0,,,1,,,1,,,1,,,1,"portal/encore/UserFiles/SysDocs/bb_encore_suppliers/10000/248/Liability Insurance expires 31.07.18.pdf","2018-07-31 00:00:00",0,,,,51.93800760,0.81508200,1,ce0721fdab663df2d96d80d55e9d3c44,0,7,"2016-08-24 15:17:23",1,"2020-08-10 12:07:39"
249,1,"Sam Allon",marina@samallon.co.uk,"01482 320051","Lincoln Street",,Hull,,"East yorkshire","HU2 0PE",,,,,,,,0,,,0,,,0,,,0,,,0,,,0,,,0,,,0,,,,53.75281040,-0.33306280,1,eea660ec63b597c6f975dc9376b9f1d0,0,7,"2016-08-24 15:45:41",1,"2020-08-10 12:07:52"
250,1,"Northern Recycling",jennifer@nrswm.co.uk,"0345 894 5130","River Drive","Teaninch Industrial Estate",Alness,,Scotland,"IV17 0PG",,,,,,80,,0,"portal/encore/UserFiles/SysDocs/bb_encore_suppliers/10000/250/Waste Carriers Licence - Expires 13.03.2019.pdf","2019-03-13 00:00:00",0,"portal/encore/UserFiles/SysDocs/bb_encore_suppliers/10000/250/Waste Management Licence.pdf","2019-03-15 00:00:00",0,,,1,,,1,,,1,,,1,"portal/encore/UserFiles/SysDocs/bb_encore_suppliers/10000/250/Liability Insurance  Expires 29 10 2018.pdf","2018-10-29 00:00:00",0,,,,57.69304890,-4.26403340,1,2f4412998889fba29ddbeda018f30aca,0,9,"2016-08-25 12:24:35",1,"2020-08-10 12:07:49"
251,1,"HRL Scrap",'info@hrlscrap-waste.co.uk',"01463 714758","24a Longman Drive",,,,Inverness,"IV1 1SU",,,,,,100,0,1,"portal/encore/UserFiles/SysDocs/bb_encore_suppliers/10000/251/Carrier part 2.jpg",,0,,,0,,,0,,,0,,,0,,,0,,,0,,,,57.49062910,-4.22982940,1,a63f476fd914ffaf0d22a1cfcb01f511,0,9,"2016-08-25 12:26:39",1,"2020-08-10 12:07:44"
252,1,"Dalton Metal Recycling",glasgow@daltonmetals.co.uk,"0141 544 3854","52 - 66 Salamander St",Leith,,,Edinburgh,"EH6 7LA",,,,,,100,,1,"portal/encore/UserFiles/SysDocs/bb_encore_suppliers/10000/252/WCR-R-1093637 waste carriers.pdf","2017-06-28 00:00:00",0,"portal/encore/UserFiles/SysDocs/bb_encore_suppliers/10000/252/Ins, expires 01.12.17.pdf","2019-03-13 00:00:00",0,,,1,,,1,,,1,,,1,"portal/encore/UserFiles/SysDocs/bb_encore_suppliers/10000/252/Ins, expires 09.12.17.jpg","2017-12-01 00:00:00",0,,,,55.97301800,-3.15563230,1,a4a09dd2311c62976cf99bef087167e1,0,9,"2016-08-25 16:24:48",1,"2020-08-10 12:07:40"
253,1,"Able Skips / Hills",bristol.transport@hills-group.co.uk,"0117 982 9882","The Recycling Centre","Hallen Industrial Estate","Severn Road",,Bristol,"BS10 7SE",,,,,,,,0,"portal/encore/UserFiles/SysDocs/bb_encore_suppliers/10000/253/WasteCarrier 20.03.22.pdf","2022-03-20 00:00:00",0,portal/encore/UserFiles/SysDocs/bb_encore_suppliers/10000/253/Permit.pdf,"2021-03-22 00:00:00",0,,,1,,,1,,,1,,,1,"portal/encore/UserFiles/SysDocs/bb_encore_suppliers/10000/253/Liability Insurance 30.04.21.pdf","2021-04-30 00:00:00",0,,,,51.52561380,-2.66269960,0,bae434fc01cf7e2c8c62aaa36cdf10da,0,9,"2016-08-26 17:10:29",1,"2020-08-10 12:07:36"
254,1,"Think Pink","John Yates &lt;JohnY@thinkpinkskips.co.uk&gt;","01524 844151","A1 SupaskipsLtd","Unit 37 Lune Ind Est",,,Lancaster,"LA1 5QP",,,,,,100,,0,"portal/encore/UserFiles/SysDocs/bb_encore_suppliers/10000/254/CARRIERS LICENCE 06-07-20.pdf","2020-07-06 00:00:00",0,"portal/encore/UserFiles/SysDocs/bb_encore_suppliers/10000/254/pdf waste management licence.pdf","2019-04-30 00:00:00",0,,,1,,,1,,,1,,,1,"portal/encore/UserFiles/SysDocs/bb_encore_suppliers/10000/254/Certificate of Liability 2017.doc","2018-01-30 00:00:00",0,,,,54.04795870,-2.82422380,1,635a5f5fd40becf17e8c6e6ea13ed868,0,9,"2016-08-30 09:53:05",1,"2020-08-10 12:07:55"
255,1,Lindum,david_sullivan@lindumgroup.co.uk,"01522 706960","Station Road","North Hykeham",,,Lincoln,"LN6 3QX",,,,,,,,0,"portal/encore/UserFiles/SysDocs/bb_encore_suppliers/10000/255/Waste Carriers 29.01.22.pdf","2022-01-29 00:00:00",0,portal/encore/UserFiles/SysDocs/bb_encore_suppliers/10000/255/Permit.PNG,"2019-06-21 00:00:00",0,,,1,,,1,,,1,,,1,"portal/encore/UserFiles/SysDocs/bb_encore_suppliers/10000/255/Public Liabilty 15.05.19.pdf","2019-05-15 00:00:00",0,,,,53.19601550,-0.59902170,1,4d37d8027f641edc752dbff39c17324d,0,9,"2016-08-31 13:21:44",1,"2020-08-10 12:07:47"
256,1,"City Scrap",parcsytic@gmail.com,"01522 541210","7 Dale Street",Lincoln,,,Lincolnshire,"LN5 8LL",,,,,,100,,1,"portal/encore/UserFiles/SysDocs/bb_encore_suppliers/10000/256/WCL, expires 06.04.19.pdf","2019-04-06 00:00:00",0,,,0,,,1,,,1,,,1,,,1,,,0,,,,53.22433960,-0.51647390,1,2f80c00f8178386224faa7261dc64800,0,9,"2016-08-31 13:22:44",1,"2020-08-10 12:07:39"
257,1,"Wetherby Skips",mscholey@wetherbyskips.co.uk,"0113 266 1060","Champagne Whin, Spring Lane",Walton,Wetherby,,"West Yorkshire","LS23 7DN",,,,,,90,,0,"portal/encore/UserFiles/SysDocs/bb_encore_suppliers/10000/257/WCL, expires 17.05.19.pdf","2019-05-17 00:00:00",0,portal/encore/UserFiles/SysDocs/bb_encore_suppliers/10000/257/Permit.pdf,"2019-04-21 00:00:00",0,,,1,,,1,,,1,,,1,"portal/encore/UserFiles/SysDocs/bb_encore_suppliers/10000/257/public liability expires 19.08.18.pdf","2018-08-19 00:00:00",0,,,,53.93449400,-1.33722040,1,b981b017fd470eab5ee120a3092fa560,0,9,"2016-09-01 12:05:53",1,"2020-08-10 12:07:56"
258,1,"McCarthy Marland",sales@mccarthymarland.co.uk,"0117 941 2555","Albert Quay","Albert Road","St Philips",,Bristol,"BS2 0XS",,,,,,,,0,"portal/encore/UserFiles/SysDocs/bb_encore_suppliers/10000/258/waste carriers 2022.pdf","2022-12-17 00:00:00",0,portal/encore/UserFiles/SysDocs/bb_encore_suppliers/10000/258/Licence.pdf,"2021-06-16 00:00:00",0,,,1,,,1,,,1,,,1,"portal/encore/UserFiles/SysDocs/bb_encore_suppliers/10000/258/Insurance 2021.pdf","2021-10-03 00:00:00",0,,,,51.44389090,-2.56972850,0,13b9842774718a3be79deb127d1b528b,0,9,"2016-09-06 09:07:55",48,"2020-10-22 09:45:47"
259,1,"County Waste",info@countywaste.co.uk,"0800 8595 258",,,,,,,,,,,,,,0,,,0,,,0,,,0,,,0,,,0,,,0,,,0,,,,,,1,bd7f5521a73b5a6661ccbbace6ccb47a,0,9,"2016-09-07 08:11:45",1,"2020-08-10 12:07:40"
260,1,"Abbott Skip Hire",info@gwrecycling.co.uk,"0117 947 6104","Avon Mill Lane",Keynsham,,,Bristol,"BS31 2UG",,,,,,,,0,,,0,,,0,,,1,,,1,,,1,,,1,,,0,,,,51.41698010,-2.49304990,1,daa6dc61a088e67006039ea12ca42798,0,9,"2016-09-07 09:16:31",1,"2020-08-10 12:07:35"
261,1,"St Helens Metal Recycling",enquiries@sthelensmetalrecycling.co.uk,"01744 453063","99 Merton Bank Road","St Helens",Merseyside,,,"WA9 1DY",,,,,,100,,0,portal/encore/UserFiles/SysDocs/bb_encore_suppliers/10000/261/WCL.pdf,,0,"portal/encore/UserFiles/SysDocs/bb_encore_suppliers/10000/261/Scrap Metal Licence.pdf",,0,,,1,,,1,,,1,,,1,portal/encore/UserFiles/SysDocs/bb_encore_suppliers/10000/261/Insurance.pdf,,0,,,,53.45680370,-2.71921110,1,1664b2ba6111df0f8fda90917e88083c,0,9,"2016-09-07 14:31:45",1,"2020-08-10 12:07:54"
262,1,"Recycling Management",Stuart@recman.com,"0121 328 5000","Trevor Street Industrial Estate","Trevor Street",Birmingham,,,"B7 SRG",,,,,,,,0,portal/encore/UserFiles/SysDocs/bb_encore_suppliers/10000/262/WCL.pdf,"2018-10-18 00:00:00",0,"portal/encore/UserFiles/SysDocs/bb_encore_suppliers/10000/262/Scrap Metal Dealer Licence.pdf","2019-06-21 00:00:00",1,,,1,,,1,,,1,,,1,"portal/encore/UserFiles/SysDocs/bb_encore_suppliers/10000/262/Insurance, expires Oct 2016.pdf","2018-10-01 00:00:00",0,,,,,,1,260af475c4f640ea209947010e66108e,0,9,"2016-09-09 09:08:53",1,"2020-08-10 12:07:52"
263,1,"RM Recycling.",Sandra@rmrecycling.co.uk,"01383 418901","4 Cruickness road","ferryhill road",inverkeithing,,,"KY11 1HL",Robertson-metalsrecycling.co.uk,,,,,100,,0,"portal/encore/UserFiles/SysDocs/bb_encore_suppliers/10000/263/WCL, expires 02.04.19.jpg","2019-04-02 00:00:00",0,"portal/encore/UserFiles/SysDocs/bb_encore_suppliers/10000/263/Permit 07.11.19.jpg","2019-11-07 00:00:00",0,,,0,,,0,,,0,,,0,"portal/encore/UserFiles/SysDocs/bb_encore_suppliers/10000/263/Liability Insurance 21.09.18.pdf","2018-09-21 00:00:00",0,,,,56.02082290,-3.39714210,1,0beb1d90db46761f550d6496953fae64,0,9,"2016-09-14 12:18:51",1,"2020-08-10 12:07:52"
264,1,"Hamptons Metal",office@hamptonsuk.co.uk,"01782 614456","Field House Keele Road",Newcastle,,,Staffordshire,"ST5 5AA",,,,,,,,1,"portal/encore/UserFiles/SysDocs/bb_encore_suppliers/10000/264/WCL, expires April 2019.pdf","2019-04-01 00:00:00",0,"portal/encore/UserFiles/SysDocs/bb_encore_suppliers/10000/264/Waste Management Licence 1.jpg","2019-03-13 00:00:00",0,"portal/encore/UserFiles/SysDocs/bb_encore_suppliers/10000/264/Waste Management Licence.jpg","2019-03-13 00:00:00",1,,,1,,,1,,,1,"portal/encore/UserFiles/SysDocs/bb_encore_suppliers/10000/264/Ins, 05.05.18.jpg","2018-05-05 00:00:00",0,,,,53.00706930,-2.25667880,1,c56f09023dfc881c8879c8be02fa8584,0,9,"2016-09-19 15:10:17",1,"2020-08-10 12:07:43"
265,1,"Black Country Skip Hire",blackcountryskips@yahoo.co.uk,"01902 904052","Withy Road","Unit 16B",Bilston,,"West Midlands","WV14 0RX",,,,,,80,,0,"portal/encore/UserFiles/SysDocs/bb_encore_suppliers/10000/265/WCL, expires 1st April 2019.pdf","2019-04-04 00:00:00",0,,,1,,,1,,,1,,,1,,,1,"portal/encore/UserFiles/SysDocs/bb_encore_suppliers/10000/265/Employer Liability expires 08-07-2017.jpg","2017-07-08 00:00:00",0,,,,52.55553000,-2.08746670,1,ebc81b3d99636f827d3939f1d48234cc,0,9,"2016-09-20 12:33:57",1,"2020-08-10 12:07:37"
266,1,"SB Waste",info@sbwaste.co.uk,"01902 459667","26 Purbrook Road","Monmore Green",,,Wolverhampton,"WV1 2EJ",,,,,,,,0,"portal/encore/UserFiles/SysDocs/bb_encore_suppliers/10000/266/Waste Carrier Licence exp 18 Oct 2020.pdf","2020-10-08 00:00:00",0,"portal/encore/UserFiles/SysDocs/bb_encore_suppliers/10000/266/permit 15.11.19.pdf",,0,,,1,,,1,,,1,,,1,"portal/encore/UserFiles/SysDocs/bb_encore_suppliers/10000/266/Public Liability Ins 29.11.17.pdf","2017-11-29 00:00:00",0,,,,52.57825620,-2.10465890,1,6f053eab4f4a148c0500190dc8afc92d,0,9,"2016-09-20 12:34:19",1,"2020-08-10 12:07:53"
267,1,"J Smith Metals",jsmithmetals@btconnect.com,"01902 492120","Parkfield Road",,,,Wolverhampton,"WV4 6EL",,,,,,,,1,"portal/encore/UserFiles/SysDocs/bb_encore_suppliers/10000/267/waste carriers cert.jpg","2018-12-28 00:00:00",0,"portal/encore/UserFiles/SysDocs/bb_encore_suppliers/10000/267/Site Licence.jpg","2019-03-13 00:00:00",0,,,1,,,1,,,1,,,1,"portal/encore/UserFiles/SysDocs/bb_encore_suppliers/10000/267/Ins, 31.03.18.pdf","2018-03-31 00:00:00",0,,,,52.56660040,-2.10783780,1,564e22f50fcff3a2ad747a3b38ef537f,0,9,"2016-09-20 12:35:16",1,"2020-08-10 12:07:45"
270,1,"City Demoltion",info@citydemolition.co.uk,"0121 333 7999","Blews Street",Aston,,,Birmingham,"B6 4EP",,,,,,,,0,,,0,,,0,,,0,,,0,,,0,,,0,,,0,,,,52.49125080,-1.89293020,1,06d730b674f492118f90c6f42d5b7b5f,0,11,"2016-09-26 14:55:44",1,"2020-08-10 12:07:39"
273,1,Scrapco,terry@scrapco.co.uk,"01638 751974","The Carlops","Green Lane","Red lodge",,"Bury St Edmunds","IP28 8LD",,,,,,100,0,0,"portal/encore/UserFiles/SysDocs/bb_encore_suppliers/10000/273/Waste Carrier, expires June 2017.pdf","2017-06-01 00:00:00",0,"portal/encore/UserFiles/SysDocs/bb_encore_suppliers/10000/273/Scrap Metal Licence.jpg","2019-05-14 00:00:00",0,"portal/encore/UserFiles/SysDocs/bb_encore_suppliers/10000/273/Waste Management Licence.jpg","2019-05-15 00:00:00",0,,,1,,,1,,,1,portal/encore/UserFiles/SysDocs/bb_encore_suppliers/10000/273/Insurance.jpg,"2016-10-23 00:00:00",0,,,,52.29849670,0.48572830,1,c3af9e6d0432570221be97d331cfc551,0,7,"2016-09-28 11:18:19",1,"2020-08-10 12:07:53"
274,1,"S Norton",inof@s-norton.com,"0208 5949970","Docklands Wharf","72-76 River Road",Barking,,Essex,"IG11 0DY",,,,,,100,,0,"portal/encore/UserFiles/SysDocs/bb_encore_suppliers/10000/274/S. Norton Site Waste carrier Licence Exp 04.03.16.pdf","2016-03-04 00:00:00",0,"portal/encore/UserFiles/SysDocs/bb_encore_suppliers/10000/274/S Norton Permit.pdf",,0,"portal/encore/UserFiles/SysDocs/bb_encore_suppliers/10000/274/S. Norton Site Licence 022917.pdf","2017-09-02 00:00:00",0,,,1,,,1,,,1,,,0,,,,51.53073650,0.09986520,1,65b13720e2b0c549785f87bb4f91cf2e,0,7,"2016-09-28 11:21:23",1,"2020-08-10 12:07:52"
275,1,"Leaner Logistics",info@focuslogistics.co.uk,"020 7265 0303","3 Aztec Row","1 Berners Road",,,London,"N1 0PW",,,,,,97,3,0,,,1,,,1,,,1,,,1,,,1,,,1,,,1,,,,51.53525040,-0.10511980,0,837528139851cf54466e8816163620b8,0,7,"2016-09-29 12:07:52",1,"2020-08-10 12:07:47"
276,1,"Right Lets Shred",enquiries@rlshred.co.uk,"0870 8505654","Unit 17 Cornwall Road Industrial Estate","Cornwall Road",,,Birmingham,"B66 2JS",,,,,,,,0,"portal/encore/UserFiles/SysDocs/bb_encore_suppliers/10000/276/Waste Carrier Licence 2018.pdf","2018-09-06 00:00:00",0,"portal/encore/UserFiles/SysDocs/bb_encore_suppliers/10000/276/RLS Certificate FS512790 -ISO-9001 BSEN15713.pdf","2019-06-21 00:00:00",0,,,1,,,1,,,1,,,1,"portal/encore/UserFiles/SysDocs/bb_encore_suppliers/10000/276/Employers Liability 2015-2016.pdf","2016-10-11 00:00:00",0,,,,52.50010750,-1.95328950,1,29b5723660dffc18bb4c61e1d7a7a088,0,9,"2016-10-06 11:41:12",1,"2020-08-10 12:07:52"
277,1,"Oakham Sweepers",oakham.sweepers@hotmail.com,"0121 532 0265","Unit 58 Birch Road industrial estate","Birch Road East",Brimingham,,,"B6 7DB",None,,,,,,,0,"portal/encore/UserFiles/SysDocs/bb_encore_suppliers/10000/277/waste transfer licence 04.01.18.pdf","2018-01-04 00:00:00",0,,,0,,,1,,,1,,,1,,,1,"portal/encore/UserFiles/SysDocs/bb_encore_suppliers/10000/277/Public Liability Insurance 15.09.18.pdf","2018-09-15 00:00:00",0,,,,52.51671430,-1.87475910,1,1ed9b412fcb53573642a2ab1511ac41a,0,9,"2016-10-06 12:44:06",1,"2020-08-10 12:07:49"
278,1,"Cook and Sons",cook_chris@hotmail.co.uk,"07834 344519/01293 524759","Rowley Farm Cottage","London Road",Cawley,,"West Sussex","RH10 9SL",,,,,,94,,0,"portal/encore/UserFiles/SysDocs/bb_encore_suppliers/10000/278/WCL, 11.12.18.pdf","2018-12-11 00:00:00",0,,,1,,,1,,,1,,,1,,,1,"portal/encore/UserFiles/SysDocs/bb_encore_suppliers/10000/278/WCL, expires 10.18.docx","2018-10-08 00:00:00",0,,,,51.14142030,-0.17538500,1,becb017018dba8e3615c56dfa373158c,0,11,"2016-10-07 10:53:32",1,"2020-08-10 12:07:40"
280,1,"John Lawrie","kevin@johnlawrie.com / dave@johnlawrie.com","01224 871844","Greenbank Road","East Tullos",,,Aberdeen,"AB12 3BQ",,,,,,100,,0,"portal/encore/UserFiles/SysDocs/bb_encore_suppliers/10000/280/Waste Carrier Certificate.pdf","2018-05-07 00:00:00",0,"portal/encore/UserFiles/SysDocs/bb_encore_suppliers/10000/280/Scrap Metal Dealers Licence.pdf","2019-03-06 00:00:00",0,,,1,,,1,,,1,,,1,"portal/encore/UserFiles/SysDocs/bb_encore_suppliers/10000/280/Combined Liability Insurance 30.01.18.pdf","2018-01-30 00:00:00",0,,,,57.12598070,-2.08354370,1,db69f190391e7c811e4a497b08745053,0,9,"2016-10-10 11:17:00",1,"2020-08-10 12:07:46"
281,1,"Enviro Green",info@envirogreen.co.uk,"01753 323001","765 Henley Road",Slough,,,Berkshire,"SL1 4JW",,,,,,,,0,"portal/encore/UserFiles/SysDocs/bb_encore_suppliers/10000/281/WCL, expires 05.08.17.pdf","2017-08-05 00:00:00",0,,,1,,,1,,,1,,,1,,,1,"portal/encore/UserFiles/SysDocs/bb_encore_suppliers/10000/281/Ins, expires 31.12.17.pdf","2017-12-31 00:00:00",0,,,,51.52280460,-0.63816080,1,033c06f993109b14390a6b65d1ab1299,0,9,"2016-10-11 09:53:33",1,"2020-08-10 12:07:41"
285,1,Abacus,abacus.bristol@btconnect.com,01179724433,"Albert Road","St Philips",,,Bristol,"BS2 0XS",,,,,,,0,0,"portal/encore/UserFiles/SysDocs/bb_encore_suppliers/10000/285/Waste Carriers Licence.pdf","2019-05-12 00:00:00",0,"portal/encore/UserFiles/SysDocs/bb_encore_suppliers/10000/285/Transfer Station Lic.jpg","2019-03-13 00:00:00",0,,,1,,,1,,,1,,,1,"portal/encore/UserFiles/SysDocs/bb_encore_suppliers/10000/285/Insurance, expires 16.11.17.pdf","2017-11-16 00:00:00",0,,,,51.44389090,-2.56972850,1,6de8df850e6663168efa4481d090d2be,0,11,"2016-10-19 16:01:36",1,"2020-08-10 12:07:35"
287,1,"Bateman Skips",info@batemanskips.co.uk,01179865275,"Handrbridge Mill","Oxford Road",,,Burnley,"BB11 3AZ",,,,,,,,0,"portal/encore/UserFiles/SysDocs/bb_encore_suppliers/10000/287/Carriers License 09.01.2022.pdf","2022-01-09 00:00:00",0,"portal/encore/UserFiles/SysDocs/bb_encore_suppliers/10000/287/ENV WASTE PERMIT.pdf","2019-06-16 00:00:00",0,,,1,,,1,,,1,,,1,"portal/encore/UserFiles/SysDocs/bb_encore_suppliers/10000/287/Public Liability Insurance 13.01.19.pdf","2019-01-13 00:00:00",0,,,,53.78608340,-2.23462180,1,c376a9576399fe101667366924f44dd3,0,11,"2016-10-24 09:26:49",1,"2020-08-10 12:07:37"
288,1,"MJ Church- Skips",skiporders@mjchurch.com,"01225 891 591/OOH Catherine Aungier  07733152767","Star Farm",Marshfield,,,Chippenham,"SN14 8LH",,,,,,,,0,"portal/encore/UserFiles/SysDocs/bb_encore_suppliers/10000/288/WCL 02.04.2022.pdf","2022-04-02 00:00:00",0,portal/encore/UserFiles/SysDocs/bb_encore_suppliers/10000/288/PERMIT.pdf,"2021-03-22 00:00:00",0,,,1,,,1,,,1,,,1,"portal/encore/UserFiles/SysDocs/bb_encore_suppliers/10000/288/Liability insurance 2021.pdf","2021-09-30 00:00:00",0,Yes,"2020-07-20 00:00:00",,51.46241460,-2.29356840,0,83399e604437017a0d8d0d155b69fbb7,0,9,"2016-10-24 12:20:24",48,"2020-10-23 09:46:56"
289,1,Weber,f.devine@w-weber.com,"07791 056852","Red Lion Building","1 Liverpool Road North",,,Liverpool,"L31 2HB",,,,,,,,0,,,1,,,1,,,1,,,1,,,1,,,1,,,1,,,,53.51325250,-2.94498140,0,179409a8bb0fa198b6fb429c299ee652,0,11,"2016-10-24 15:23:31",1,"2020-08-10 12:07:56"
291,1,"Gilpin Scrap Metals",office@gilpinscrapmetals.com,"01626 830762","The Horsefields,","Clay Pits Way,","Newton Abbot",,"TQ12 3GP",,,,,,,,,0,,,0,,,0,,,0,,,0,,,0,,,0,,,0,,,,,,1,670f7ce58a0e73d92858a0751b53831f,0,9,"2016-10-26 12:45:57",1,"2020-08-10 12:07:43"
293,1,"Nick Ferris Skip Hire",enquiries@nick-ferris-skip-hire.co.uk,"01326 376 292","Herniss Farm Waste Transfer Station",Herniss,Longdowns,,Penryn,"TR10 9DU",,,,,,,,0,,,0,,,0,,,0,,,0,,,0,,,0,,,0,,,,50.16485880,-5.17288490,1,4cb10a1084a4ff9e14c6a0375c8873d4,0,9,"2016-10-26 14:19:00",1,"2020-08-10 12:07:49"
295,1,"Omalley Haulage",info@omalleyhaulage.co.uk,01923252177,"The Brickfields","Oxhey lane",,,Watford,"WD19 5RF",,,,,,,,0,,,0,,,0,,,0,,,0,,,0,,,0,,,0,,,,51.63508010,-0.37808490,1,c12162202d3f49399c4e0c99e3731513,0,11,"2016-10-31 15:01:52",1,"2020-08-10 12:07:49"
296,1,"Green build Haulage",NA,01923597859,"Arquen House","4-6 Spicer Street","St Albans",,Hertfordshire,"AL3 4PQ",,,,,,,,0,,,0,,,0,,,0,,,0,,,0,,,0,,,0,,,,51.75204900,-0.34252360,1,e2c219382919ae22d19570c467ab5f44,0,11,"2016-10-31 15:02:58",1,"2020-08-10 12:07:43"
300,1,"Carpet Tile Recycling",ash@carpettilerecycling.co.uk,"0115 940 4454","27 Forester Street",,,,Nottingham,"NG4 2LJ",,,,,,100,,0,"portal/encore/UserFiles/SysDocs/bb_encore_suppliers/10000/300/WCL, 20.08.20.htm","2019-09-19 00:00:00",0,,,1,,,1,,,1,,,1,,,1,"portal/encore/UserFiles/SysDocs/bb_encore_suppliers/10000/300/Ins 19.09.18.pdf","2019-09-19 00:00:00",0,,,,52.96438780,-1.07560270,1,a36232763106ac5403ff139cdb187cd0,0,7,"2016-11-10 13:11:06",1,"2020-08-10 12:07:38"
301,1,"Clear Flow Drains",neil@clearflowdrains.co.uk,"0800 9875213","Birmingham,",,,"WEST MIDLANDS",,"B25 8LA",,,,,,,,0,,,1,,,1,,,1,,,1,,,1,,,1,,,1,,,,52.46103690,-1.82163200,0,db1bd44e8981c48eb99af09041815942,0,7,"2016-11-14 16:28:11",1,"2020-08-10 12:07:39"
302,1,"Spam Co",sally@spamco.biz,02089612403,"Unit 1 CRBates Ind Est","Wycombe Road",Stokechurch,,Buckinghamshire,"HP14 3PD",,,,,,100,,0,"portal/encore/UserFiles/SysDocs/bb_encore_suppliers/10000/302/SPAMCO Carrier registration 2016-2019.pdf","2019-11-09 00:00:00",0,,,1,,,1,,,1,,,1,,,1,"portal/encore/UserFiles/SysDocs/bb_encore_suppliers/10000/302/Combined Liability Insurance 09.08.18.pdf","2018-08-09 00:00:00",0,,,,51.65842340,-0.89936290,1,d785c2b6d978d106bf28f5136f7ed0bc,0,11,"2016-11-16 11:42:48",1,"2020-08-10 12:07:54"
303,1,"Transwaste ltd",sales@transwasteltd.co.uk,"01482 421657","Gibson Lane",,,,Melton,"HN14 3HH",,,,,,,,0,"portal/encore/UserFiles/SysDocs/bb_encore_suppliers/10000/303/Waste Carriers licence.pdf","2018-07-24 00:00:00",0,"portal/encore/UserFiles/SysDocs/bb_encore_suppliers/10000/303/EA - V005 Site Permit - Notice of Variation (Valid From 21-10-13).pdf","2019-04-30 00:00:00",0,"portal/encore/UserFiles/SysDocs/bb_encore_suppliers/10000/303/EPRDP3195VSV003 Foster St Waste Management lic Feb 12.pdf","2019-04-30 00:00:00",0,,,1,,,1,,,1,"portal/encore/UserFiles/SysDocs/bb_encore_suppliers/10000/303/Insurance Certificate 2017.pdf","2017-11-13 00:00:00",0,,,,,,1,360f583f590003bf55cabd76a2cc58e6,0,11,"2016-11-21 11:34:27",1,"2020-08-10 12:07:55"
304,1,"PMC Soil Solutions",headoffice@pmcsoilsolutions.com,"01727 822500","2 Fountain Court","Victoria Square","St Albans",,Hertfordshire,3TF,,,,,,100,0,0,"portal/encore/UserFiles/SysDocs/bb_encore_suppliers/10000/304/WCL, expires 23.07.19.pdf","2019-07-23 00:00:00",0,,,1,,,1,,,1,,,1,,,1,"portal/encore/UserFiles/SysDocs/bb_encore_suppliers/10000/304/PMC Insurances01.12.18.pdf","2018-12-01 00:00:00",0,,,,,,1,1f8c149a9f69667d3eaf67b634693723,0,11,"2016-12-06 14:19:07",1,"2020-08-10 12:07:50"
305,1,Cappagh,orders@cappagh.co.uk,02089474000,"Cappagh House","Waterside Way",Wimbledon,,London,"SW17 7AB",,,,,,,,0,"portal/encore/UserFiles/SysDocs/bb_encore_suppliers/10000/305/WCL, expires 27.10.19.docx","2019-10-27 00:00:00",0,"portal/encore/UserFiles/SysDocs/bb_encore_suppliers/10000/305/Waste Carriers Licence 2014-17 expires 16.12.17.pdf","2019-06-16 00:00:00",0,,,1,,,1,,,1,,,1,"portal/encore/UserFiles/SysDocs/bb_encore_suppliers/10000/305/Cappagh, Ins 04.06.18.pdf","2018-06-04 00:00:00",0,,,,51.42615800,-0.18443100,1,14bb287205f67013f2d64cccdbb010be,0,11,"2016-12-06 15:10:02",1,"2020-08-10 12:07:38"
306,1,"Clearun Recycling Ltd",info@clearun.co.uk,02085071585,"80 River Road",Barking,,,Essex,"IG11 0DS",,,,,,,,0,"portal/encore/UserFiles/SysDocs/bb_encore_suppliers/10000/306/Waste Carriers Licence  expires 20.07.18.pdf","2018-07-20 00:00:00",0,,,1,,,1,,,1,,,1,,,1,"portal/encore/UserFiles/SysDocs/bb_encore_suppliers/10000/306/Liability expires 14.09.18.png","2018-09-14 00:00:00",0,,,,51.51430380,0.10494910,1,0974e55a6879e3ad746bdb5ab3dde6de,0,11,"2016-12-06 16:25:48",1,"2020-08-10 12:07:39"
307,1,"Hazi Bag",ian.tunstill@hazibaguk.com,07980111240,"Unit 29 Childerditch Industrial Estate","Childerditch Hall Drive","Little Warley",,Essex,"CM13 3HD",,,,,,,100,0,"portal/encore/UserFiles/SysDocs/bb_encore_suppliers/10000/307/Windsor WCL 18.09.18.pdf","2018-09-18 00:00:00",0,,,1,,,1,,,1,,,1,,,1,"portal/encore/UserFiles/SysDocs/bb_encore_suppliers/10000/307/Windsor PLI & ELI Broker Cert Exp 300917.pdf","2017-09-17 00:00:00",0,,,,51.58162630,0.31999580,1,ea25c61af34485628290f5f653db8c77,0,7,"2016-12-08 09:04:34",1,"2020-08-10 12:07:44"
308,1,"Berrymans Glass Recycling Ltd",info@berryman-uk.co.uk,"01977 608020","Tilbury Docks",,Tilbury,,Essex,"RM18 7EH",,,,,,98,2,0,portal/encore/UserFiles/SysDocs/bb_encore_suppliers/10000/308/Waste-Carriers-Licence-Expires-2022.pdf,"2022-05-31 00:00:00",0,portal/encore/UserFiles/SysDocs/bb_encore_suppliers/10000/308/Tilbury_Docks_EA_Exemption_EPRJE5387AJA001_Jan_2014.pdf,"2021-06-06 00:00:00",0,,,1,,,1,,,1,,,1,"portal/encore/UserFiles/SysDocs/bb_encore_suppliers/10000/308/URM Public  Employee Liability Insurance 2020.pdf","2021-02-18 00:00:00",0,,,,51.46406710,0.34633750,0,17f2fb6ddb53b10b37ef4168922ac663,0,7,"2016-12-13 14:32:10",1,"2020-08-10 12:07:37"
309,1,"Country Style",CustomerServices@countrystylegroup.co.uk,"01622 852880","Ridham Dock",Iwade,Sittingbourne,,Kent,"ME9 8SR",,,,,,100,,0,"portal/encore/UserFiles/SysDocs/bb_encore_suppliers/10000/309/Waste-Carriers-Licence-certificate 2022.pdf","2022-05-28 00:00:00",0,portal/encore/UserFiles/SysDocs/bb_encore_suppliers/10000/309/Countrystyle-Consolidated-Permit-EPRCP3095HTV006.pdf,"2021-04-10 00:00:00",0,portal/encore/UserFiles/SysDocs/bb_encore_suppliers/10000/309/Ridham-Permit-EPRXP3298HV-V008.pdf,"2021-05-14 00:00:00",0,portal/encore/UserFiles/SysDocs/bb_encore_suppliers/10000/309/Swale-permit-gypsum-Nov-2012.pdf,"2021-04-24 00:00:00",0,portal/encore/UserFiles/SysDocs/bb_encore_suppliers/10000/309/Waste-Management-Licence-p1430.pdf,"2021-04-10 00:00:00",0,portal/encore/UserFiles/SysDocs/bb_encore_suppliers/10000/309/EPR_DB3038AQ-Notice-of-Transfer-16.11.11.pdf,"2021-04-01 00:00:00",0,"portal/encore/UserFiles/SysDocs/bb_encore_suppliers/10000/309/TWIMC EL  PL 20.2.20-21.pdf","2021-02-15 00:00:00",0,,,,51.23593770,0.72959280,0,4bf73a036bbbd8837036075ffb9b7911,0,7,"2016-12-13 14:33:27",1,"2020-08-10 12:07:40"
311,1,Quattro,info@quattroukltd.co.uk,"0208 8382 648","Regency Street",,,,London,"NW10 6NR",,,,,,100,,0,"portal/encore/UserFiles/SysDocs/bb_encore_suppliers/10000/311/WCL, expires 07.01.20.pdf","2020-01-07 00:00:00",0,"portal/encore/UserFiles/SysDocs/bb_encore_suppliers/10000/311/Permit 1.pdf","2019-03-16 00:00:00",0,"portal/encore/UserFiles/SysDocs/bb_encore_suppliers/10000/311/Permit 2.pdf","2019-03-16 00:00:00",0,"portal/encore/UserFiles/SysDocs/bb_encore_suppliers/10000/311/Permit 3.pdf","2019-03-16 00:00:00",0,,,1,,,1,"portal/encore/UserFiles/SysDocs/bb_encore_suppliers/10000/311/Ins, expires 02.09.17.pdf","2019-09-02 00:00:00",0,,,,51.52360260,-0.25477970,1,a57010436bccad6e356b0239b60d1b05,0,7,"2016-12-13 14:35:31",1,"2020-08-10 12:07:51"
312,1,Sita,NA,"0870 4211122","1 Rigby lane",Hayes,,,Middlesex,"UB3 1ET",,,,,,,,0,"portal/encore/UserFiles/SysDocs/bb_encore_suppliers/10000/312/WCL, 14.03.19.pdf","2019-03-14 00:00:00",0,"portal/encore/UserFiles/SysDocs/bb_encore_suppliers/10000/312/Permit 1.pdf","2019-10-13 00:00:00",0,"portal/encore/UserFiles/SysDocs/bb_encore_suppliers/10000/312/Permit 2.pdf","2019-10-13 00:00:00",1,,"2018-10-10 00:00:00",1,,"2018-10-10 00:00:00",1,,"2018-10-10 00:00:00",1,"portal/encore/UserFiles/SysDocs/bb_encore_suppliers/10000/312/Ins, 31.12.17.pdf","2017-12-31 00:00:00",0,,,,51.50661260,-0.44435060,1,d240ae1755a494f8a95eb6cef5c33aa8,0,7,"2016-12-13 14:37:42",1,"2020-08-10 12:07:53"
313,1,"Southwark Metals",info@southwarkmetals.co.uk,"0207 7320001","1 Ruby Triangle",Peckham,,,London,"SE15 1LG",,,,,,100,,0,"portal/encore/UserFiles/SysDocs/bb_encore_suppliers/10000/313/WCL expires 15.05.19.JPG","2019-05-15 00:00:00",0,"portal/encore/UserFiles/SysDocs/bb_encore_suppliers/10000/313/Permit expires 16.10.19.JPG","2019-11-16 00:00:00",0,,,1,,,1,,,1,,,1,"portal/encore/UserFiles/SysDocs/bb_encore_suppliers/10000/313/insurance 12.04.19.pdf","2019-04-12 00:00:00",0,,,,51.48329580,-0.06246880,1,64036be3fcf72ddc0d69b053eba79d52,0,7,"2016-12-13 14:38:28",1,"2020-08-10 12:07:54"
314,1,Hippo,michelle.trinick@hippowaste.co.uk,,"1000 Lakeside","North Harbour",,,Portsmouth,"PO6 3EN",,,,,,,,0,"portal/encore/UserFiles/SysDocs/bb_encore_suppliers/10000/314/Waste Carriers Registration expires 14-09-2019.pdf","2019-09-14 00:00:00",0,,,1,,,1,,,1,,,1,,,1,"portal/encore/UserFiles/SysDocs/bb_encore_suppliers/10000/314/Employers Product and Public Liability exp 31-10-2018.pdf","2018-10-31 00:00:00",0,,,,50.84071410,-1.08280520,1,19724ee00a3237e254c0198fff1c8938,0,11,"2016-12-14 09:44:29",1,"2020-08-10 12:07:44"
315,1,"Sims Metal management","transportnottinghamuk@simsmm.com;claire.hammond@simsmm.com, steven.hockey@simsmm.com","0800 008 7223  01252334078","Site 11 Stubbs Industrial Estate","Holybush Lane",Aldershot,,Hampshire,"GU11 2PX",,,,,,100,,0,"portal/encore/UserFiles/SysDocs/bb_encore_suppliers/10000/315/Waste Carrier 09 05 19.pdf","2019-05-09 00:00:00",0,"portal/encore/UserFiles/SysDocs/bb_encore_suppliers/10000/315/Permit 24.01.20.pdf","2020-01-24 00:00:00",1,,,1,,,1,,,1,,,1,"portal/encore/UserFiles/SysDocs/bb_encore_suppliers/10000/315/Liability 30.11.18.pdf","2018-11-30 00:00:00",0,,,,51.26417540,-0.73140080,1,b065e1afe946f32424a3ef1f5751f668,0,11,"2017-01-04 13:17:03",1,"2020-08-10 12:07:53"
316,1,RMS,monty@rmseastlondon.co.uk,02075118565,"Sunshine Wharf","Bradfield Road",,,London,"E16 2AX",,,,,,,,0,"portal/encore/UserFiles/SysDocs/bb_encore_suppliers/10000/316/waste carries licence 2020 - 2023.pdf","2023-01-09 00:00:00",0,portal/encore/UserFiles/SysDocs/bb_encore_suppliers/10000/316/Permit.png,"2019-05-08 00:00:00",1,,,1,,,1,,,1,,,1,"portal/encore/UserFiles/SysDocs/bb_encore_suppliers/10000/316/Broker Cert including imdemnity 03.03.2021.pdf","2021-03-03 00:00:00",0,,,,51.50153690,0.02455420,0,b2c14fe4f086287ce64826e15b7a37a2,0,9,"2017-01-05 15:16:06",1,"2020-08-10 12:07:52"
317,1,Econ,enquiries@econconstruction.co.uk,"020 8302 4691","Old Maidstone Road",,,,Ruxley,"DA14 5AZ",,,,,,,,0,,,0,,,0,,,0,,,0,,,0,,,0,,,0,,,,51.41020620,0.14080500,1,61491b99812f4ceef9b1973432701240,0,9,"2017-01-06 14:09:16",1,"2020-08-10 12:07:41"
318,1,Wilrose,sales@wilrose.co.uk,"0208 9777008","62A High Street","Hampton Hill",,,Hampton,"TW12 1PD",,,,,,96,,0,"portal/encore/UserFiles/SysDocs/bb_encore_suppliers/10000/318/Waste Carriers Licence 25.12.21.pdf","2021-12-25 00:00:00",0,portal/encore/UserFiles/SysDocs/bb_encore_suppliers/10000/318/o-licence-interim.pdf,"2020-01-24 00:00:00",1,,,1,,,1,,,1,,,1,"portal/encore/UserFiles/SysDocs/bb_encore_suppliers/10000/318/Employers  Public Liability Insurance certificate 2020-2021.pdf","2021-01-19 00:00:00",0,,,,51.42565850,-0.35703310,0,da68e592a834c6b17edefafc7e0305ff,0,11,"2017-01-10 13:30:50",1,"2020-08-10 12:07:57"
319,1,"Cox Skips",service@coxskips.co.uk,"01342 715978","Burleigh Oask Farm,","Turners Hill",Crawley,,"West Sussex","RH10 4PZ",,,,,,97,,0,"portal/encore/UserFiles/SysDocs/bb_encore_suppliers/10000/319/WasteCarrierRegistrationCertificate-CBDU131693- 2022.pdf","2022-10-07 00:00:00",0,"portal/encore/UserFiles/SysDocs/bb_encore_suppliers/10000/319/Permit 02.11.19.pdf","2020-11-07 00:00:00",1,,,1,,,1,,,1,,,1,portal/encore/UserFiles/SysDocs/bb_encore_suppliers/10000/319/Cox-Verification-of-Insurance-2020.pdf,"2021-08-10 00:00:00",0,Yes,"2020-08-20 00:00:00",,51.11017520,-0.07665620,0,0a64b03706ab2bbf9d595ecbbf697813,0,11,"2017-01-12 11:42:13",1,"2020-11-25 07:19:44"
320,1,"Woodford Recycling",garne.fourie@woodfordrecycling.co.uk;Lee.Palombo@woodfordrecycling.co.uk;info@woodfordrecycling.co.uk,"01487 824541/OOH Lee Palombo 07880198055","Synergen House","Station Road",Warboys,,Huntingdon,"PE28 2TX",,,,,,,,0,"portal/encore/UserFiles/SysDocs/bb_encore_suppliers/10000/320/WCL 2022.pdf","2022-04-25 00:00:00",0,portal/encore/UserFiles/SysDocs/bb_encore_suppliers/10000/320/Permit.pdf,"2021-03-09 00:00:00",0,,,1,,,1,,,1,,,1,"portal/encore/UserFiles/SysDocs/bb_encore_suppliers/10000/320/WASTE PACK 2019-20.pdf","2022-08-30 00:00:00",0,Yes,"2020-01-15 00:00:00",,52.41588810,-0.07730180,0,38a54c054d1e1640b30cf9864f09cc5a,0,9,"2017-01-13 08:08:42",48,"2020-10-22 13:48:50"
322,1,"NJB Recycling",info@njbrecycling.co.uk,"020 8786 7000 / 07801315467 out of hours (Tony)","7 Lyncroft Gardens",,,,Epsom,"KT17 1UR",,,,,,,,0,"portal/encore/UserFiles/SysDocs/bb_encore_suppliers/10000/322/22.01.22 WCL expires.JPG","2022-01-22 00:00:00",0,portal/encore/UserFiles/SysDocs/bb_encore_suppliers/10000/322/Permit.pdf,"2021-03-22 00:00:00",0,,,1,,,1,,,1,,,1,"portal/encore/UserFiles/SysDocs/bb_encore_suppliers/10000/322/public liabilty .insurerance2021.pdf","2021-03-18 00:00:00",0,Yes,"2020-07-14 00:00:00",,51.34920190,-0.25264410,0,41e9346c76898cae28b2c467622a8638,0,9,"2017-01-18 11:42:09",1,"2020-08-10 14:05:42"
323,1,"Willow Waste Ltd",info@willowwaste.co.uk,"01753 855844; Meghan 07979070705","7A Lime Walk",,,,Maidenhead,"SL6 6QB",,,,,,,,0,"portal/encore/UserFiles/SysDocs/bb_encore_suppliers/10000/323/Waste Carriers 07.11.2021.pdf","2021-11-07 00:00:00",0,,,1,,,1,,,1,,,1,,,1,"portal/encore/UserFiles/SysDocs/bb_encore_suppliers/10000/323/Willow Waste Insurance 2021.03.15.pdf","2021-03-15 00:00:00",0,Yes,"2020-05-21 00:00:00",,51.52996930,-0.75962350,0,479302e9bcb931b800bce962d52ce195,0,9,"2017-01-18 11:42:41",1,"2020-08-10 12:07:57"
324,1,"Star Skips",info@starskips.uk,"0208 8974 777","601 Bath Road",Hounslow,,,london,"TW5 9UU",,,,,,,,0,,,0,,,0,,,0,,,0,,,0,,,0,,,0,,,,51.47819680,-0.40069060,1,ff01534bb11d1207bd474b9a2e39c2df,0,9,"2017-01-18 11:42:59",1,"2020-08-10 12:07:54"
325,1,"Dunning Waste Managment",info@dunningwaste.uk,"020 8903 4714","Wycombe Road",,Wembley,,London,"HA0 1NZ",,,,,,,,0,,,0,,,0,,,0,,,0,,,0,,,0,,,0,,,,51.54143930,-0.28648990,1,9084c1f7a006761c824cbf8607bfa597,0,9,"2017-01-18 11:43:40",1,"2020-08-10 12:07:41"
326,1,"CM London",james@cmlondon.com,02038767112,,,,,,,,,,,,100,,0,"portal/encore/UserFiles/SysDocs/bb_encore_suppliers/10000/326/Waste Exemption.pdf","2019-09-13 00:00:00",1,"portal/encore/UserFiles/SysDocs/bb_encore_suppliers/10000/326/Connolley Metals VAT No.pdf","2019-06-14 00:00:00",1,,,1,,,1,,,1,,,1,"portal/encore/UserFiles/SysDocs/bb_encore_suppliers/10000/326/CM LTD Company Details.pdf","2017-09-21 00:00:00",0,,,,,,1,c412af4440666b4cb6d36f05945b17a1,0,11,"2017-01-19 10:41:50",1,"2020-08-10 12:07:39"
327,1,"Lynch Hire",rossc@l-lynch.com,02089000000,"Lynch House","Parr Road",Stanmore,,London,"HA7 1LE",,,,,,100,,0,"portal/encore/UserFiles/SysDocs/bb_encore_suppliers/10000/327/WCL, expires 04.04.19.pdf","2019-04-04 00:00:00",0,portal/encore/UserFiles/SysDocs/bb_encore_suppliers/10000/327/Permit.pdf,"2019-03-12 00:00:00",0,"portal/encore/UserFiles/SysDocs/bb_encore_suppliers/10000/327/Ins, expires 02.12.17.pdf",,1,,,1,,,1,,,1,"portal/encore/UserFiles/SysDocs/bb_encore_suppliers/10000/327/Ins, expires 02.12.17.pdf","2017-12-02 00:00:00",0,,,,51.60520860,-0.29528490,1,15e70e1b47cb1b75d68270b6b8a87c7b,0,11,"2017-01-19 11:37:10",1,"2020-08-10 12:07:47"
328,1,"J O Doherty Haulage LTD",angie@jodohertyhaulageltd.co.uk,02088077722,"Pegamoid Site","Nobel Road",Edmonton,,London,"N18 3BH",,,,,,93.5,6.5,0,"portal/encore/UserFiles/SysDocs/bb_encore_suppliers/10000/328/WCL June 2022.pdf","2022-06-17 00:00:00",0,"portal/encore/UserFiles/SysDocs/bb_encore_suppliers/10000/328/FULL WML.pdf","2022-10-13 00:00:00",0,,,1,,,1,,,1,,,1,"portal/encore/UserFiles/SysDocs/bb_encore_suppliers/10000/328/Insurance 2021.pdf","2021-09-14 00:00:00",0,,,,51.61659190,-0.04527310,0,0d387fc61e619e79aa02643e1c140f04,0,11,"2017-01-20 13:11:16",48,"2020-10-14 09:26:43"
329,1,"1st Place Grab and Skip Hire/ 2020 Recycling",guildford1stplace@hotmail.com,"01483 232010","The Cabin, the Chalk Pit","College Road",,,Epsom,"KT17 4JA",https://www.2020recycling.co.uk,,,,,,,0,"portal/encore/UserFiles/SysDocs/bb_encore_suppliers/10000/329/WCL, expires 10.09.18.pdf","2018-09-10 00:00:00",0,portal/encore/UserFiles/SysDocs/bb_encore_suppliers/10000/329/Permit.pdf,"2019-03-01 00:00:00",0,,,1,,,1,,,1,,,1,,,1,,,,51.32703930,-0.24129510,1,15bf6bc6c46e022841fe0a79312a5fc8,0,11,"2017-01-20 13:32:55",48,"2020-10-26 14:26:43"
330,1,"Cereus Limited","bookings@cereusservices.co.uk; sarah@cereusservices.co.uk;matt@cereusservices.co.uk; sarah@encore-environment.com","07388110317- Matt","The Old Workhouse","7 Sunnyside","Earls Barton",,Northamptonshire,"NN6 0EX",,,,,,,,1,"portal/encore/UserFiles/SysDocs/bb_encore_suppliers/10000/330/Insurance, exp 12.01.19.pdf","2019-01-12 00:00:00",0,,,1,,,1,,,1,,,1,,,1,"portal/encore/UserFiles/SysDocs/bb_encore_suppliers/10000/330/Insurance, exp 12.01.19.pdf","2019-01-12 00:00:00",0,,,,52.26386490,-0.75806640,1,09adac39e395bef5695c7c97ccb2670a,0,9,"2017-01-30 14:48:49",1,"2020-08-10 12:07:39"
331,1,"Print Waste",lee.owen@printwaste.co.uk,"01242 588600","Tewkesbury Road",,,,Cheltenham,"GL51 9AN",,,,,,100,,0,"portal/encore/UserFiles/SysDocs/bb_encore_suppliers/10000/331/WCL, expires 08.02.19.pdf","2019-02-08 00:00:00",0,portal/encore/UserFiles/SysDocs/bb_encore_suppliers/10000/331/Permit.pdf,"2019-03-16 00:00:00",0,,,1,,,1,,,1,,,1,"portal/encore/UserFiles/SysDocs/bb_encore_suppliers/10000/331/Liability Insurance - 31.08. 18.pdf","2018-08-31 00:00:00",0,,,,51.90806770,-2.09159350,1,4c72001158dbcd356350bb6a0d33e89e,0,11,"2017-02-01 10:17:37",1,"2020-08-10 12:07:50"
332,1,Wastecare,linsey.hicks@wastecare.co.uk,"0800 091 0000","Richmond House",Garforth,,,Leeds,"LS25 1NB",,,,,,100,,0,"portal/encore/UserFiles/SysDocs/bb_encore_suppliers/10000/332/waste-carriers-licence-expires 13.02.19.pdf","2019-02-13 00:00:00",0,portal/encore/UserFiles/SysDocs/bb_encore_suppliers/10000/332/Permit.pdf,"2019-06-14 00:00:00",0,,,1,,,1,,,1,,,1,"portal/encore/UserFiles/SysDocs/bb_encore_suppliers/10000/332/waste-carriers-licence-expires 13.02.19.pdf","2019-02-12 00:00:00",0,,,,53.78802810,-1.40643610,1,b8c836c2b8670fd7de444d77495d7347,0,11,"2017-02-09 16:07:28",1,"2020-08-10 12:07:56"
333,1,"Affordable Skip Hire",info@affordableskiphire.co.uk,"0117 937 3328","Cuckoo Lane",,,,Bristol,"BS36 1AG",,,,,,,0,0,,,0,,,0,,,1,,,1,,,1,,,1,,,0,,,,51.50762830,-2.49345360,1,c2ae223f7386c6961a650dbfeb45eb19,0,9,"2017-02-16 10:18:16",1,"2020-08-10 12:07:36"
334,1,"Bristol and Avon Waste Mgmt",info@bristolandavon.co.uk,"0117 9829561","Ironchurch Road",Holesmouth,Avonmouth,,Bristol,"BS11 9BP",,,,,,,,0,"portal/encore/UserFiles/SysDocs/bb_encore_suppliers/10000/334/Waste Carriers License  10 2 22.pdf","2022-02-10 00:00:00",0,"portal/encore/UserFiles/SysDocs/bb_encore_suppliers/10000/334/Permit 15.11.19.pdf","2019-11-15 00:00:00",0,,,1,,,1,,,1,,,1,"portal/encore/UserFiles/SysDocs/bb_encore_suppliers/10000/334/Liability Insurance 19.07.2019.pdf","2019-07-19 00:00:00",0,,,,51.52295920,-2.69263000,1,fe9e4b3731a8a4bcb1ead28d812c5f5e,0,11,"2017-02-16 10:44:37",1,"2020-08-10 12:07:38"
335,1,"Hills Waste Solutions",waste.sales@hills.group.co.uk,"01793 781200","Wiltshire house","County park Business Centre","Shrivenham Road",,Swindon,"SN1 2NR",,,,,,100,,0,,,0,,,0,,,0,,,0,,,0,,,0,,,0,,,,51.56855690,-1.76080970,1,105137d0c8f39d45e5b336b4fc8678f7,0,11,"2017-02-17 14:39:16",1,"2020-08-10 12:07:44"
336,1,"Hamman Metal",paul@thehammanmetalsrecycling.co.uk,"01732 851 245","Orchard Dene Works","Ashes Lane",Tonbridge,,Kent,"TN11 9RA",,,,,,100,0,1,"portal/encore/UserFiles/SysDocs/bb_encore_suppliers/10000/336/WCL, expires 30.05.18.pdf","2018-05-30 00:00:00",0,portal/encore/UserFiles/SysDocs/bb_encore_suppliers/10000/336/Permit.jpg,"2019-03-13 00:00:00",0,,,1,,,1,,,1,,,1,"portal/encore/UserFiles/SysDocs/bb_encore_suppliers/10000/336/Ins, expires 09.12.17.jpg","2017-12-09 00:00:00",0,,,,51.22808060,0.31378010,1,86dc5943ecfe4f1f05172078bed0fd5d,0,9,"2017-02-21 07:59:57",1,"2020-08-10 12:07:43"
337,1,"JN Skips",info@jnskips.co.uk,"020 3553 0348","Anchor Business Park","102 Beddington Lane",,,Croydon,"CR0 4YX",,,,,,,,0,,,0,,,0,,,0,,,0,,,0,,,0,,,0,,,,51.37283780,-0.12891350,1,de20ddc2229e489b7af8d0ca6bbedb9e,0,9,"2017-02-21 12:23:43",1,"2020-08-10 12:07:46"
338,1,"Weald Waste",ann@wealdwaste.co.uk,"01892 518 438","Site B, North Farm Lane","North Farm Industrial Estate","Tunbridge Wells",,Kent,"TN2 3EE",,,,,,90,,0,"portal/encore/UserFiles/SysDocs/bb_encore_suppliers/10000/338/WASTE CARRIERS 06.06.20.pdf","2020-06-06 00:00:00",0,portal/encore/UserFiles/SysDocs/bb_encore_suppliers/10000/338/Permit.pdf,"2019-05-14 00:00:00",0,,,1,,,1,,,1,,,1,"portal/encore/UserFiles/SysDocs/bb_encore_suppliers/10000/338/Ins, expires 07.08.17.pdf","2017-08-07 00:00:00",0,,,,51.16014250,0.28970800,1,d31d1ec9c5997fc998599ac278047247,0,9,"2017-02-21 15:44:53",1,"2020-08-10 12:07:56"
339,1,BMW,paul@broughshire.com,"01656 658404","Unit 9,","Litchard Industrial Estate",,,BRIDGEND,"CF31 2AL",,,,,,,,0,,,0,,,0,,,1,,,1,,,1,,,1,,,0,,,,51.52077290,-3.56522300,1,53500439fdc809dd67c7653b99ece865,0,9,"2017-02-27 09:55:54",1,"2020-08-10 12:07:38"
341,1,Derwen,MatthewSmith@derwengroup.co.uk,"01792 815855","Neath Abbey Wharf",Neath,"Port Talbot",,Wales,"SA10 6BL",,,,,,99.1,0.9,0,portal/encore/UserFiles/SysDocs/bb_encore_suppliers/10000/341/WasteCarrierRegistrationCertificate-CBDU156048.pdf,"2020-01-24 00:00:00",0,"portal/encore/UserFiles/SysDocs/bb_encore_suppliers/10000/341/Derwen Recycling Full Permit.pdf","2019-05-21 00:00:00",0,,,1,,,1,,,1,,,1,"portal/encore/UserFiles/SysDocs/bb_encore_suppliers/10000/341/Ins, expires 30.01.18.pdf","2018-01-30 00:00:00",0,,,,51.65178520,-3.83894510,1,472ee299edf5936cb2dd95df6d96e2f8,0,9,"2017-02-27 10:39:36",1,"2020-08-10 12:07:40"
343,1,"SWS Transport Ltd",swstransportltd@gmail.com,07836507566,"5 Littleton Lane",Shepperton,,,Middlesex,"TW17 0NF",,,,,,,,0,,,0,,,0,,,1,,,1,,,1,,,1,,,0,,,,51.39718780,-0.47688540,1,535189e5e5644d04e6c4307fc5f5edc2,0,9,"2017-03-02 09:45:35",1,"2020-08-10 12:07:54"
344,1,"Co Hart Asbestos Removal",ADMIN@COHARTUK.COM,"01268 293406","17 Archers Fields","Burnt Mills Industrial Estate",Basildon,,Essex,"SS13 1DH",,,,,,,,0,,,0,portal/encore/UserFiles/SysDocs/bb_encore_suppliers/10000/344/Permit.pdf,,0,,,1,,,1,,,1,,,1,"portal/encore/UserFiles/SysDocs/bb_encore_suppliers/10000/344/Ins, expires 10.01.7.pdf","2017-01-10 00:00:00",0,,,,51.58459870,0.50422770,1,dab5fc2f76b7407091094336b7e49a31,0,9,"2017-03-06 13:51:44",1,"2020-08-10 12:07:39"
345,1,KCP,info@kcpdemo.com,"01268 533877",Fairmeadow,"Crays Hill Road","Crays Hill",,Billericay,"CM11 2YR",,,,,,,,0,,,0,,,0,,,1,,,1,,,1,,,1,,,0,,,,51.60052120,0.47183170,1,a78edad4ff2e3cad0d06eeba5feedade,0,9,"2017-03-07 13:16:53",1,"2020-08-10 12:07:46"
346,1,"Windsor Waste Management",Carlie.Niyazi@winwaste.com,"01708 559966","Po Box 208",,Rainham,,Essex,"RM13 8WW",,,,,,100,,0,"portal/encore/UserFiles/SysDocs/bb_encore_suppliers/10000/346/Carriers License 18.10.2021.pdf","2021-10-18 00:00:00",0,,,1,,,1,,,1,,,1,,,1,"portal/encore/UserFiles/SysDocs/bb_encore_suppliers/10000/346/Liability Insurance 01.10.2019.pdf","2019-10-01 00:00:00",0,,,,51.51676560,0.19212020,1,dd34a0419a7d66397710e902ee83ee8e,0,11,"2017-03-07 16:20:46",1,"2020-08-10 12:07:57"
347,1,"Interserve Site services",barry.leech@interserve.com,"0121 5003697","Crabtree Manorway South",Belvedere,,,Kent,"DA17 6BH",,,,,,,,0,,,0,,,0,,,1,,,1,,,1,,,1,,,0,,,,51.49239730,0.16087700,1,f9d37a8b4c53e68a89fe1efff4ec3294,0,11,"2017-03-14 10:40:32",1,"2020-08-10 12:07:45"
348,1,"Augean Energy & Construction",NA,"01780 444900","Thornhaugh Landfill Site","Leicester Road",Thornhaugh,,"Nr Peterborough","PE8 6NL",,,,,,,,0,,,0,,,0,,,1,,,1,,,1,,,1,,,0,,,,52.59187570,-0.45392860,1,37f342630025a552e77161105c9fd574,0,11,"2017-03-14 11:04:13",1,"2020-08-10 12:07:36"
349,1,"Lawmans UK limited",info@lawmens.co.uk,"01932 868584","The Old mill","Mill Yard","Cobham park Road",,Cobham,"KT11 3NE",,,,,,97.9,,0,"portal/encore/UserFiles/SysDocs/bb_encore_suppliers/10000/349/Waste carrier License expires 07.11.2018.JPG","2018-11-07 00:00:00",0,,,1,,,1,,,1,,,1,,,1,"portal/encore/UserFiles/SysDocs/bb_encore_suppliers/10000/349/Ins, expires 03.04.18.pdf","2018-04-03 00:00:00",0,,,,51.31030950,-0.39682220,1,01461216752483c325ad2d8549881c44,0,11,"2017-03-14 14:16:26",1,"2020-08-10 12:07:47"
351,1,"Metal and Waste Recycling",hello@metalandwaste.com,"0208 8074268","Albert Works","Kenninghall Road",Edmonton,,London,"N18 2PD",,,,,,,,0,"portal/encore/UserFiles/SysDocs/bb_encore_suppliers/10000/351/MaW Carrier Registration 2016-2019.pdf","2019-03-04 00:00:00",0,,,0,,,0,,,0,,,0,,,0,,,0,,,,51.61395760,-0.05042400,1,b3bef6ecbfde664de9618c98e4085d19,0,11,"2017-03-16 15:14:28",1,"2020-08-10 12:07:48"
352,1,"Humphries Limited",humpscrap@yahoo.co.uk,"020 85949970","Docklands Wharf","72-76 River Road",Barking,,Essex,"IG11 ODS",,,,,,100,,0,,,0,,,0,,,1,,,1,,,1,,,1,,,0,,,,,,1,193373a9fae9811dc4d4ebf4e4264d7a,0,11,"2017-03-23 11:48:02",1,"2020-08-10 12:07:44"
353,1,"Blackpole Recycling",info@bprecycling.co.uk,"01905 457641","Unit 100, Blackpole Trading Estate West",Worcester,,,Worcestershire,"WR3 8TJ",,,,,,,,0,"portal/encore/UserFiles/SysDocs/bb_encore_suppliers/10000/353/Waste Carrier Licence 04.11.2020.pdf","2022-11-04 00:00:00",0,portal/encore/UserFiles/SysDocs/bb_encore_suppliers/10000/353/Permit.jpg,"2021-03-28 00:00:00",0,,,1,,,1,,,1,,,1,"portal/encore/UserFiles/SysDocs/bb_encore_suppliers/10000/353/Employers  Public Liability Insurance 2021.pdf","2021-02-28 00:00:00",0,,,,52.22090060,-2.20004230,0,aa609d320e41a94170779fc4f32c2626,0,9,"2017-03-28 13:28:09",48,"2020-11-04 10:25:59"
354,1,"W Brazil Bros",david@wbrazilbros.co.uk,"01843 864162","The Lodge","Sacketts Hill","Dane Court Road, Broadstairs",,Kent,"CT10 2QS",,,,,,70,30,0,"portal/encore/UserFiles/SysDocs/bb_encore_suppliers/10000/354/WCL, expires 28.07.19.pdf","2019-07-28 00:00:00",0,portal/encore/UserFiles/SysDocs/bb_encore_suppliers/10000/354/Permit.pdf,"2019-03-29 00:00:00",0,,,1,,,1,,,1,,,1,"portal/encore/UserFiles/SysDocs/bb_encore_suppliers/10000/354/Liability Insurance 24.11.18.pdf","2018-11-24 00:00:00",0,,,,51.36681860,1.40354550,1,fe470538504fd85a9eea9e5976e6a02a,0,9,"2017-03-29 10:41:52",1,"2020-08-10 12:07:55"
355,1,"J&J Transport Ltd",jandjtransport@btconnect.com,"020 8813 1553","Unit 1, Station Approch","off Oldfield Lane North",Greenford,,Middlesex,"UB6 0AL",,,,,,,,0,"portal/encore/UserFiles/SysDocs/bb_encore_suppliers/10000/355/J&J Waste Carrier Licence 2015-2018.pdf","2018-07-12 00:00:00",0,,,1,,,1,,,1,,,1,,,1,"portal/encore/UserFiles/SysDocs/bb_encore_suppliers/10000/355/MCM Insurance Cert 03.02.19.pdf","2019-02-03 00:00:00",0,,,,51.54373840,-0.34801190,1,faecdaac84e282358d7d6118d49dc54a,0,9,"2017-03-30 15:41:58",1,"2020-08-10 12:07:45"
356,1,"A Skip",askip@hotmail.co.uk,"01843 860444","Skip Yard, Port Site,","Ramsgate Road,",Sandwich,,Kent,"CT13 9PQ",,,,,,,,0,"portal/encore/UserFiles/SysDocs/bb_encore_suppliers/10000/356/WCL, 09.04.19.pdf","2019-04-09 00:00:00",0,portal/encore/UserFiles/SysDocs/bb_encore_suppliers/10000/356/Permit.jpg,"2021-03-31 00:00:00",0,,,1,,,1,,,1,,,1,"portal/encore/UserFiles/SysDocs/bb_encore_suppliers/10000/356/certificate of insurance 18.12.18.jpg","2018-12-18 00:00:00",0,,,,51.30276580,1.34743960,1,0219edfd2575b1c0341d70c1ccca31ec,0,9,"2017-03-31 13:49:45",1,"2020-08-10 12:07:35"
357,1,"City Waste London",services@citywastelondon.co.uk,"02035325009 / 07432733246 / 07772137124-Gemma/ 07498263007- Jack","Enterprise House","Perry Road",Harlow,Essex,London,"CM18 7PN",,,,,,,,0,"portal/encore/UserFiles/SysDocs/bb_encore_suppliers/10000/357/WASTE CARRIERS exp 24.10.21.pdf","2021-10-24 00:00:00",0,"portal/encore/UserFiles/SysDocs/bb_encore_suppliers/10000/357/NORRIS SE10.pdf","2022-10-26 00:00:00",0,portal/encore/UserFiles/SysDocs/bb_encore_suppliers/10000/357/Enfield.pdf,"2022-10-26 00:00:00",0,portal/encore/UserFiles/SysDocs/bb_encore_suppliers/10000/357/Weir-Road-EPRHB3802GHT001-TRANSFER-Notice.pdf,"2022-10-26 00:00:00",0,"portal/encore/UserFiles/SysDocs/bb_encore_suppliers/10000/357/POWERDAY BRIXTON.pdf","2022-10-26 00:00:00",0,"portal/encore/UserFiles/SysDocs/bb_encore_suppliers/10000/357/WWL MW Permit 2016.pdf","2022-10-26 00:00:00",0,"portal/encore/UserFiles/SysDocs/bb_encore_suppliers/10000/357/Liability Insurance 20-21.pdf","2021-05-13 00:00:00",0,Yes,"2020-03-23 00:00:00",,51.75094580,0.09065600,0,69d0cadb006b57a902c8e4f7dbf55fc9,0,11,"2017-04-12 12:54:23",32,"2020-10-27 15:06:42"
358,1,"Sherrness Recycling","darren@bgsp.co.ukDarrenPhilpott,Director","01732 885563","Platt Industrial Estate,",,"Maidstone Rd,","St Mary's Platt,",Kent,"TN15 8JL",,,,,,,,0,,,0,,,0,,,1,,,1,,,1,,,1,,,0,,,,51.19314920,0.29114360,1,a7d34a1189cd274f9f83f0981fd29f0e,0,9,"2017-04-28 13:10:32",1,"2020-08-10 12:07:53"
359,1,"M&S Groundworks Grab Hire Ltd",info@mandsgroundworks.co.uk,"01923 232820","Northfields Industrial Estate","Beresford Avenue",Wembley,,London,"HA0 1NW",,,,,,,,0,,,0,,,0,,,1,,,1,,,1,,,1,,,0,,,,51.54062260,-0.28445160,1,2063a628e997c1bc5bfb1088d9f19a95,0,9,"2017-04-28 15:35:03",1,"2020-08-10 12:07:47"
360,1,"Clifford Devlin Ltd",sac@clifford-devlin.co.uk,"020 7538 8721","Clifford House","Towcester Road",Bow,,London,"E3 3ND",,,,,,,,0,"portal/encore/UserFiles/SysDocs/bb_encore_suppliers/10000/360/WCL, 04.04.19.png","2019-04-04 00:00:00",0,portal/encore/UserFiles/SysDocs/bb_encore_suppliers/10000/360/Permit.png,"2019-05-08 00:00:00",0,,,1,,,1,,,1,,,1,"portal/encore/UserFiles/SysDocs/bb_encore_suppliers/10000/360/Liability Insurance 17.06.18.pdf","2018-06-17 00:00:00",0,,,,51.52124940,-0.01210080,1,94dc3b24e45c55a4f70c4484c66edb1c,0,9,"2017-04-28 15:35:47",1,"2020-08-10 12:07:39"
361,1,"Thames Materials",info@thamesmaterials.com,"020 8840 7978","Skip Lane, Harvil Road",Harefield,,,Uxbridge,"UB9 6RP",,,,,,,,0,,,0,portal/encore/UserFiles/SysDocs/bb_encore_suppliers/10000/361/Permit.png,"2019-05-08 00:00:00",0,,,1,,,1,,,1,,,1,,,0,,,,51.57651170,-0.47179670,1,d49129f6f71dc877425ae5271e61f40c,0,9,"2017-04-28 15:36:41",1,"2020-08-10 12:07:54"
362,1,"Manns Waste",mail@mannswaste.co.uk,02089849989,"Old Bus Depot","Perry Road","Chequers Lane",,Dagenham,"RM9 6QL",,,,,,,,0,,,0,portal/encore/UserFiles/SysDocs/bb_encore_suppliers/10000/362/Permit.png,"2019-05-08 00:00:00",0,,,1,,,1,,,1,,,1,,,0,,,,51.54121740,0.13521200,1,261232ad69e159b0811c03473328b7a1,0,9,"2017-05-08 11:56:58",1,"2020-08-10 12:07:48"
363,1,"Enterprise Skip Hire",info@enterprise-skiphire.co.uk,"01296 615320","Wendover Road",Aylesbury,,,Buckinghamshire,"HP22 5GX",,,,,,95,,0,"portal/encore/UserFiles/SysDocs/bb_encore_suppliers/10000/363/Combined Liability Insurance  Waste Carrier License.pdf",,0,"portal/encore/UserFiles/SysDocs/bb_encore_suppliers/10000/363/Permit 2015.pdf",,0,,,1,,,1,,,1,,,1,"portal/encore/UserFiles/SysDocs/bb_encore_suppliers/10000/363/Combined Liability Insurance  Waste Carrier License.pdf",,0,,,,51.78172940,-0.77666590,1,51bf26ee1161d7a335f9d09c45289e6a,0,11,"2017-05-08 12:49:20",1,"2020-08-10 12:07:41"
364,1,"Harpenden Skips",info@harpendenskips.co.uk,"01582 765657","Unit B2, Centre House","Southdown Ind Estate",Harpenden,,Hertfordshire,"AL5 1PW",,,,,,,,0,"portal/encore/UserFiles/SysDocs/bb_encore_suppliers/10000/364/WCL 21.01.2021.pdf","2021-01-21 00:00:00",0,,,1,,,1,,,1,,,1,,,1,"portal/encore/UserFiles/SysDocs/bb_encore_suppliers/10000/364/harpenden skips insurance 06.01.19.pdf","2019-01-06 00:00:00",0,,,,51.80901720,-0.34667600,1,fe46332cf77ab488c9abd517cc208d99,0,9,"2017-06-22 13:46:56",1,"2020-08-10 12:07:44"
367,1,"Crown Waste Management",enquiry@crownwaste.co.uk,"024 7635 1111","Pool Road Industrial Estate",Nuneaton,,,Warwickshire,"CV10 9AE",,,,,,,,0,"portal/encore/UserFiles/SysDocs/bb_encore_suppliers/10000/367/WCL 09.01.20.PNG","2020-01-09 00:00:00",0,portal/encore/UserFiles/SysDocs/bb_encore_suppliers/10000/367/Permit.PNG,"2019-07-17 00:00:00",0,,,1,,,1,,,1,,,1,"portal/encore/UserFiles/SysDocs/bb_encore_suppliers/10000/367/Liberty Schedule 23.02.19.pdf","2019-02-23 00:00:00",0,,,,52.52682590,-1.49113510,1,4b82cd414ae9f8bf21fca1dc0440f4b9,0,9,"2017-06-30 08:54:56",1,"2020-08-10 12:07:40"
368,1,"Ground Skips",info@groundskips.co.uk,"0800 111 4011","7 West Burrowfield",,,,"Welwyn Garden City","AL7 4TW",,,,,,,,0,"portal/encore/UserFiles/SysDocs/bb_encore_suppliers/10000/368/Carriers License 02.05.21.pdf","2021-05-02 00:00:00",0,,,1,,,1,,,1,,,1,,,1,"portal/encore/UserFiles/SysDocs/bb_encore_suppliers/10000/368/Liability Insurance 08.07.2021.pdf","2021-07-08 00:00:00",0,Yes,"2020-01-24 00:00:00",,51.57033580,-0.22567680,0,cf48dc67391884f52fea73c65c35f56d,0,9,"2017-07-11 10:15:39",48,"2020-10-14 11:51:42"
369,11,"Emmaus Greenwich",giorgio@emmausgreenwich.org,"07804 445538","Emmaus Greenwich Charity","9 Knight's Hill","West Norwood",,London,"SE27 0JD",https://www.emmaus.org.uk/lambeth,"Giorgio Salmistraro",giorgio@emmausgreenwich.org,,,100,,0,,,1,,,1,,,1,,,1,,,1,,,1,,,1,,,,51.43123520,-0.10449850,0,16dca7d11848d34c51907fbfdcb20371,0,11,"2017-07-17 14:40:30",1,"2020-04-24 10:16:58"
370,1,"Raven Recycling",ravenr@btconnect.com,02086890787,"Raven Waste Paper Co Ltd","Unit 8-9 Endeavour Way",,,Croydon,"CR0 4TR",,,,,,,,0,"portal/encore/UserFiles/SysDocs/bb_encore_suppliers/10000/370/WCL, expires 28.12.19.jpg","2019-12-28 00:00:00",0,portal/encore/UserFiles/SysDocs/bb_encore_suppliers/10000/370/Permit.jpg,"2021-07-27 00:00:00",0,,,1,,,1,,,1,,,1,"portal/encore/UserFiles/SysDocs/bb_encore_suppliers/10000/370/Ins, 04.09.17.jpg","2019-09-04 00:00:00",0,,,,51.38529200,-0.13262960,1,5294443a38ffd29e92d99af0dc4b646f,0,11,"2017-07-26 16:43:04",1,"2020-08-10 12:07:51"
371,1,"General Demolition Ltd",adam.biggs@general-demolition.co.uk,"07886 328399","Lyon House","16 lyon Road","Walton on Thames",,Surrey,"KT12 3PU",,,,,,,,0,,,0,,,0,,,1,,,1,,,1,,,1,,,0,,,,51.37882740,-0.38713090,1,969f30ee15fb6fd8aede8995a71d7c54,0,11,"2017-07-28 10:13:17",1,"2020-08-10 12:07:43"
373,1,Glynns,info@glynsskips.co.uk,02089696666,"Neasden Lane",Willesden,,,London,"NW10 2UJ",,,,,,,,0,,,0,,,0,,,1,,,1,,,1,,,1,,,0,,,,51.55302960,-0.24859130,1,fc5d533f1484e2efeab83b215138c633,0,11,"2017-08-11 16:14:21",32,"2020-11-17 13:33:27"
374,1,"O Hara Bros",formoss@hotmail.com,"020 89000694",,,,,,,,,,,,,,0,"portal/encore/UserFiles/SysDocs/bb_encore_suppliers/10000/374/WCL 30.09.18.pdf","2018-09-30 00:00:00",0,"portal/encore/UserFiles/SysDocs/bb_encore_suppliers/10000/374/S2 Waste Exemption expires 12 Sept Sept 2018 .pdf","2020-01-24 00:00:00",0,,,1,,,1,,,1,,,1,"portal/encore/UserFiles/SysDocs/bb_encore_suppliers/10000/374/Combined Liability 01.10.18.pdf","2018-10-01 00:00:00",0,,,,,,1,8f3998455d10f799d3b2ddfb6da7dee1,0,11,"2017-08-11 16:17:57",1,"2020-08-10 12:07:49"
375,1,"Chilton Skips",skiporders@chiltonSkips.com,"01235 831913","Old Newbury Road",Chilton,Oxfordshire,,,"OX11 ORP",Chiltonskips.com,,,,,,,0,,,0,,,0,,,1,,,1,,,1,,,1,,,0,,,"Part of Raymond Brown Group",,,1,523816940923ad9d76b0c26bb4f350d3,0,7,"2017-08-14 11:46:21",1,"2020-08-10 12:07:39"
376,1,"Parkers Skips",enquiries@parkersskips.com,"01603 721533","5 Wendover Rd,",Rackheath,,,Norwich,"NR13 6LH",,,,,,,,0,,,1,,,1,,,1,,,1,,,1,,,1,"portal/encore/UserFiles/SysDocs/bb_encore_suppliers/10000/376/Employers & Public liability insurance Expires 28.02.19.pdf","2019-02-28 00:00:00",1,,,,52.67498020,1.37276010,0,946bdef3c1035ebe614ff958bf28b33d,0,19,"2017-08-14 15:13:45",1,"2020-08-10 12:07:50"
377,1,"Centro Waste",centrowaste@btconnect.com,"0121 6330731","145 Nechells Place",Nechells,,,Birmingham,"B7 5AB",,,,,,,,0,"portal/encore/UserFiles/SysDocs/bb_encore_suppliers/10000/377/WCL 13.05.19.jpg","2019-05-13 00:00:00",0,portal/encore/UserFiles/SysDocs/bb_encore_suppliers/10000/377/Permit.PNG,"2019-09-12 00:00:00",0,,,1,,,1,,,1,,,1,"portal/encore/UserFiles/SysDocs/bb_encore_suppliers/10000/377/Ins, expires 20.08.18.jpg","2018-08-20 00:00:00",0,,,,52.49349740,-1.86688360,1,d44effa702cb229f7336f6aa2ff009fe,0,11,"2017-08-16 16:37:30",1,"2020-08-10 12:07:39"
378,1,"The all clear company was Tip Master Recylcing Waste Management",info@tipmaster-wastemanagement.co.uk,"020 81668133",Leaway,"off lea Bridge Road",Leyton,,London,"E10 7QN",,,,,,,,0,"portal/encore/UserFiles/SysDocs/bb_encore_suppliers/10000/378/Waste Carriers 10.01.21.pdf","2021-01-10 00:00:00",0,"portal/encore/UserFiles/SysDocs/bb_encore_suppliers/10000/378/permit 24.01.20.pdf","2020-01-24 00:00:00",0,,,1,,,1,,,1,,,1,"portal/encore/UserFiles/SysDocs/bb_encore_suppliers/10000/378/Employers and Public Liability Insurance - 01.07.18.pdf","2018-07-01 00:00:00",0,,,,51.56725720,-0.04078210,1,e388f8f1911088a2804c379e59ea680e,0,11,"2017-08-17 15:14:43",1,"2020-08-10 12:07:54"
379,1,Castlegate,castlegateukltd@gmail.com,"0121 382 7111","68 Florence Road,","Wylde Green","SUTTON COLDFIELD","WEST MIDLANDS",,"B73 5NG",,,,,,,,0,,,0,,,0,,,1,,,1,,,1,,,1,,,0,,,,52.53591700,-1.83051150,1,7d8bd1e4f3b0c7050b7f4cfe0d68670c,0,9,"2017-08-22 11:55:23",1,"2020-08-10 12:07:38"
380,1,"Paul McGowan",andrew@paulmcgowan.co.uk,"0121 772 5967","117 Montague St",,,,Birmingham,"B9 4BA",,,,,,,,0,"portal/encore/UserFiles/SysDocs/bb_encore_suppliers/10000/380/WCL, expires 10.12.19.pdf","2019-12-10 00:00:00",0,,,1,,,1,,,1,,,1,,,1,"portal/encore/UserFiles/SysDocs/bb_encore_suppliers/10000/380/Confirmation letter Insurance Renewal 08.03.19.pdf","2019-03-08 00:00:00",0,,,,52.48026780,-1.88134770,1,5fc1bfca8e247de1901900d8224f2e72,0,9,"2017-08-24 09:12:02",1,"2020-08-10 12:07:50"
381,1,"Metal Salvage Limited",metalsalvage@btconnect.com,"01865 245834","Jackdaw Lane","iffley Road",Oxford,,Oxon,"OX4 1SR",,,,,,,,1,,,0,,,0,,,1,,,1,,,1,,,1,,,0,,,,51.74243880,-1.24373270,1,3c67f530a0569687f3bfdd2ca8c0efb3,0,11,"2017-09-05 09:38:14",1,"2020-08-10 12:07:48"
382,1,"Rhino Waste Services Limited",bookings@rhinowasteservices.co.uk,"020 76393013","140 Iderton Road",,,,London,"SE15 1NT",,,,,,,,0,,,0,,,0,,,1,,,1,,,1,,,1,,,0,,,,51.48297160,-0.05403660,1,c46750f51fe87ea52165cbe460739ee7,0,11,"2017-09-05 12:23:38",1,"2020-08-10 12:07:52"
383,1,"Able Waste",info@ablewasteservices.co.uk,02086869444,"43 Imperial way",,,,Croydon,"CR0 4RR",www.ablewasteservices.co.uk,,,,,,,0,"portal/encore/UserFiles/SysDocs/bb_encore_suppliers/10000/383/WasteCarrier 20.03.22.pdf","2022-03-20 00:00:00",0,"portal/encore/UserFiles/SysDocs/bb_encore_suppliers/10000/383/Full site permit (1).pdf","2021-10-02 00:00:00",0,,,1,,,1,,,1,,,1,"portal/encore/UserFiles/SysDocs/bb_encore_suppliers/10000/383/Liability Insurance 16.09.2020.pdf","2020-09-16 00:00:00",0,,,,51.35711370,-0.12007020,1,f9d520ebefb912e6db3f32274d41d63d,0,11,"2017-09-05 14:14:44",32,"2020-09-16 16:16:10"
384,1,"ACS Waste",hayleygulliford@acswaste.co.uk,"01268 681177","Yard 1 & 2 Runwood Road","Charfleets Industrial Estate","Canvey Island",,,"SS8 0PL",,,,,,,,0,"portal/encore/UserFiles/SysDocs/bb_encore_suppliers/10000/384/WasteCarrier 24.05.20.pdf","2020-05-24 00:00:00",0,"portal/encore/UserFiles/SysDocs/bb_encore_suppliers/10000/384/permit 24.01.20.pdf","2020-01-24 00:00:00",0,,,1,,,1,,,1,,,1,"portal/encore/UserFiles/SysDocs/bb_encore_suppliers/10000/384/Liability Insurance 30.03.18.pdf","2018-03-30 00:00:00",0,,,,51.51993740,0.55569440,1,cc4d7ed387e33d54d3f1e1b7be1917d2,0,11,"2017-09-11 14:07:39",1,"2020-08-10 12:07:36"
385,1,Envirowaste,barry@envirowaste.co.uk;gemma@envirowaste.co.uk,"020 30513314  07462 574775 02037731332","First Floor Village House","Leyton Industrial Village",London,,,"E10 7QP",envirowaste.co.uk,"Stephen Bourdet",,,,,,0,"portal/encore/UserFiles/SysDocs/bb_encore_suppliers/10000/385/Carrier License 23.11.2021.pdf","2021-11-23 00:00:00",0,portal/encore/UserFiles/SysDocs/bb_encore_suppliers/10000/385/S2-Licence.pdf,"2021-10-15 00:00:00",0,,,1,,,1,,,1,,,1,"portal/encore/UserFiles/SysDocs/bb_encore_suppliers/10000/385/EWL-Public-Products-Employee-Liability-Insurance 21.pdf","2021-10-31 00:00:00",0,Yes,"2020-11-12 00:00:00",,51.57087300,-0.04336070,0,9ad04278127214e611b6d459ed188087,0,11,"2017-09-14 15:20:21",32,"2020-11-12 14:10:12"
386,11,"Forces Support",croydon@forcessupport.uk,"01562 742798 (kidderminster HQ)","50-54 High Street",,,Croydon,London,"CR0 1YB",,Valentina,croydon@forcessupport.uk,,,100,0,0,,,1,,,1,,,1,,,1,,,1,,,1,,,1,,,,51.37252190,-0.10061700,0,c16683bd04d819526a8d369b38c6026e,0,11,"2017-09-21 10:06:10",1,"2020-04-24 10:16:59"
387,11,Furnistore,manager@furnistore.co.uk,"01737 773133","34 Holmethorpe Avenue",,,,Redhill,"RH1 2NL",,,,,,100,,0,,,1,,,1,,,1,,,1,,,1,,,1,,,1,,,,51.24986310,-0.15764860,0,e55aa9081a2c28476cfc2733b36f2fa5,0,11,"2017-09-21 10:35:18",1,"2020-04-24 10:16:59"
388,11,"Help for Heroes",lauren.hinton@helpforheroes.org.uk,"01908 844200","Tedworth House",,,Tidworth,Wiltshire,"SP9 7AJ",www.helpforheroes.co.uk,,,,,100,,0,,,1,,,1,,,1,,,1,,,1,,,1,,,1,,,,51.22680550,-1.66805320,0,c78613504a42b34099ca6acecbdedfca,0,11,"2017-09-21 10:36:41",1,"2020-04-24 10:16:59"
389,11,D.A.D.S,andy@dadssupported.co.uk,"01543 571011","161-163 Longford Road",,Cannock,,Staffordshire,"WS11 0LF",,Billy,,,,,,0,,,1,,,1,,,1,,,1,,,1,,,1,,,1,,,,52.68151670,-2.03749870,0,e9f7babd096ed18aee58cc9cd3dcdb17,0,11,"2017-09-21 10:37:50",1,"2020-04-24 10:16:59"
390,11,"Princess Alice Hospice",enquiries@pah.org.uk,"01372 468811","West End Lane",,,Esher,London,"KT10 8NA",,,,,,100,,0,,,1,,,1,,,1,,,1,,,1,,,1,,,1,,,,51.36713070,-0.37665130,0,0ab296e7eb8b04f7c39d00a2946c261c,0,11,"2017-09-21 10:38:39",1,"2020-04-24 10:16:59"
391,11,"Croydon Churches Floating Shelter",NA,"07752 272481",,,,,London,"CR7 8JL",,David,,"07752 272481",,100,,0,,,1,,,1,,,1,,,1,,,1,,,1,,,1,,,,51.40632530,-0.09838270,0,62bed3f20c709fb7caf3f798e461d0f2,0,11,"2017-09-21 10:39:39",1,"2020-04-24 10:16:59"
392,11,DENS,linda.kirkland@dens.org.uk,"01442 800268","Dens Retail","The Hub",Paradise,"Hemel Hempstead",Herts,"HP2 4TF",,"Linda Kirkland",linda.kirkland@dens.org.uk,"01442 800268",,100,,0,,,1,,,1,,,1,,,1,,,1,,,1,,,1,,,,51.74961450,-0.46851140,0,3e81cf1d191581ff0ec6a525537c0773,0,11,"2017-09-21 10:48:09",1,"2020-04-24 10:16:59"
393,12,"C S B Logistics",jeff.day@csblogistics.com,"020 82931282","669 Woolwich Road",Charlton,,,London,"SE7 8LH",www.csblogistics.com,"Jeff Day",jeff.day@csblogistics.com,"07956 333930",,100,,0,,,1,,,1,,,1,,,1,,,1,,,1,,,1,,,,51.49086020,0.03462280,0,1cf5ece64fd7c5305e64639bd6b1d8fe,0,11,"2017-09-22 13:37:48",1,"2020-04-24 10:17:00"
395,1,"Great Eastern Waste",dan.greateastern@gmail.com;michael@greateasternwaste.co.uk;jarvis.michael@btconnect.com,"020 8510 9590:Dan 07999206367:Mick 07803024734","377 Mentmore Terrace",,,,London,"E8 3PH",,Dan,danjarvis603@gmail.com,,,,,0,"portal/encore/UserFiles/SysDocs/bb_encore_suppliers/10000/395/WCL 06.08.2022.jpg","2022-08-06 00:00:00",0,"portal/encore/UserFiles/SysDocs/bb_encore_suppliers/10000/395/Waste management licence.pdf","2022-10-26 00:00:00",0,portal/encore/UserFiles/SysDocs/bb_encore_suppliers/10000/395/Permit.pdf,"2022-10-26 00:00:00",0,,,1,,,1,,,1,"portal/encore/UserFiles/SysDocs/bb_encore_suppliers/10000/395/EL Certificate - DTW (PDF Export)- Insurance- 20.09.21.pdf","2021-09-20 00:00:00",0,Yes,"2020-06-12 00:00:00",,51.54111660,-0.05782260,0,1b1375ba652bcae6eae9b3de5dbb59b5,0,19,"2017-09-29 15:04:47",32,"2020-10-26 14:17:01"
396,1,"Fowles Haulage",skips@fowleshaulage.co.uk,"01753 720074","Hythe End Farm","Hythe End Road",Wraysbury,,Middlesex,"TW19 5AW",www.fowlesskiphire.com,Jonny,skips@fowleshaulage.co.uk,"01753 720074",,,,0,"portal/encore/UserFiles/SysDocs/bb_encore_suppliers/10000/396/WasteCarriers Licence 2021.pdf","2021-07-05 00:00:00",0,"portal/encore/UserFiles/SysDocs/bb_encore_suppliers/10000/396/Wraysbury Permit 83329 (2001 Part 1).pdf","2019-10-25 00:00:00",1,,,1,,,1,,,1,,,1,"portal/encore/UserFiles/SysDocs/bb_encore_suppliers/10000/396/liability insurance 2021.pdf","2021-01-15 00:00:00",0,,,,51.44251490,-0.54010380,0,fd491b72646302ab8fc4a01a2046b664,0,7,"2017-10-02 16:37:08",1,"2020-08-10 12:07:42"
397,1,"Holywell Haulage",info@holywellhaulage.com,"01442 233022","Maxted Close","Hemel Hempstead",,,Herts,"HP2 7DX",,,,,,,,0,"portal/encore/UserFiles/SysDocs/bb_encore_suppliers/10000/397/Holywell Recycling Ltd Exp 7th Feb 2021.pdf","2021-02-07 00:00:00",0,portal/encore/UserFiles/SysDocs/bb_encore_suppliers/10000/397/Permit.pdf,"2021-10-06 00:00:00",1,,,1,,,1,,,1,,,1,"portal/encore/UserFiles/SysDocs/bb_encore_suppliers/10000/397/Holywell Insurance 2021.pdf","2021-09-29 00:00:00",0,,,,51.76600490,-0.43506700,0,30d347058505510ac5ca03a368a507bf,0,11,"2017-10-03 10:46:22",48,"2020-09-29 12:14:59"
398,1,"Hintons Skip & Grab Hire",accounts@hintonsgrabhire.co.uk,"01737 428 087","128 - 130 Beddington Lane",,,,Croydon,"CR0 4YZ",,,,,,,,0,,,0,,,0,,,1,,,1,,,0,,,1,,,0,,,,51.38070010,-0.13407110,1,cd04b3685e4e182cea525d115e06be74,0,19,"2017-10-03 12:21:25",1,"2020-08-10 12:07:44"
401,1,"SCB Skip Hire Limited",info@scbskiphire.co.uk.,"01844 338322","The Spinney Recycling centres","Oakley Road",Worminghall,,Buckinghamshire,"HP18 9UN",,,,,,,,0,,,0,,,0,,,1,,,1,,,1,,,1,,,0,,,,51.78147870,-1.06248700,1,922a17744370ca6f98858af2fd996a7f,0,11,"2017-10-10 12:37:37",1,"2020-08-10 12:07:53"
402,1,"Project Divert Test",,,,,,,,"se1 9rt",,,,,,,,0,,,0,,,0,,,1,,,1,,,1,,,1,,,0,,,,51.50331180,-0.08967090,1,4bbd942c6c6af6a744641e80ac39adbf,0,7,"2017-10-26 09:47:34",1,"2020-08-10 12:07:50"
403,1,"Swift Force","info@swiftforce.co.uk; shaf@swiftforce.co.uk","08000 314 555","The Old Rectory","Springhead Road",Gravesend,,Kent,"DA11 8HN",www.swiftforce.co.uk,,,,,,,0,,,0,,,0,,,1,,,1,,,1,,,1,,,0,,,,51.43770300,0.33380750,1,101b6171407218b4d08358bcf80b2c61,0,9,"2017-11-03 08:38:37",1,"2020-08-10 12:07:54"
404,1,"Britaniacrest Recycling Ltd",jlee@britaniacrestrecycling.co.uk,"01293 820021","24-26 Reigate Road",Hookwood,,,Surrey,"RH6 0HJ",www.britaniacrestrecycling.co.uk,"John Lee",jlee@britaniacrestrecycling.co.uk,"01293 820021",,,,0,"portal/encore/UserFiles/SysDocs/bb_encore_suppliers/10000/404/Waste Carriers Licence to 06.11.2022.pdf","2022-11-06 00:00:00",0,portal/encore/UserFiles/SysDocs/bb_encore_suppliers/10000/404/Permit.pdf,"2022-11-22 00:00:00",0,,,1,,,1,,,1,,,1,"portal/encore/UserFiles/SysDocs/bb_encore_suppliers/10000/404/Liability Insurance.pdf","2021-11-08 00:00:00",0,Yes,"2020-07-16 00:00:00",,51.18844790,-0.19313810,0,94eeb0476b7151740c4ffaa5d04ae9bc,0,9,"2017-11-08 13:30:02",48,"2020-11-11 09:31:17"
405,12,Euroloo,sales@euroloo.com,08006122075,"148 Cambridge Heath Road","Bethnall green",London,,,"E1 5QJ",euroloo.com,Cat,sales@euroloo.com,08006122075,,,,0,,,1,,,1,,,1,,,1,,,1,,,1,,,1,,,,51.52345520,-0.05457390,0,4a56c1a8107f9d13c2d5e25357551184,0,11,"2017-11-10 10:57:50",1,"2020-04-24 10:17:01"
406,1,Roos,paul@rollonoff.co.uk,"01322 337002","Unit 7 Maypole Crescent",,,Erith,London,"DA8 2JZ",,,,,,,,0,,,0,,,0,,,0,,,0,,,0,,,0,,,0,,,,51.47770000,0.21389650,1,43e542bdfbbfd4975b68837f7b586641,0,11,"2017-11-13 15:27:57",1,"2020-08-10 12:07:52"
407,1,"County Clean",louis@countycleangroup.co.uk,"01323 741818","Pacific House","Sovereign Harbour Innovation Park,",,EASTBOURNE,,"BN23 6FA",,,,,,,,0,,,0,,,0,,,0,,,0,,,0,,,0,,,0,,,,50.79869730,0.32663450,1,cb198072959b89f3abd78d2b91351850,0,11,"2017-11-17 16:39:39",1,"2020-08-10 12:07:40"
408,12,"Express Solutions Group",operations@expresssolutions.group,02089795444,"152-154 Commercial Road",,,,London,"TW18 2QW",,James,,,,100,,0,"portal/encore/UserFiles/SysDocs/bb_encore_suppliers/10000/408/WASTE CARRIERS CERTIFICATE 07.09.18.pdf","2018-09-07 00:00:00",0,,,1,,,1,,,1,,,1,,,1,"portal/encore/UserFiles/SysDocs/bb_encore_suppliers/10000/408/EMPLOYERS AND PUBLIC 2018 10.11.18.pdf","2018-11-10 00:00:00",0,,,,51.42563300,-0.49914890,1,877cf761c1346da5c502af390e81b241,0,11,"2017-11-22 14:38:22",1,"2020-04-24 10:17:01"
409,1,Grundon,ryan.gregory@grundon.com,"0118 9712380","beenham recycling facility","Grange Lane",Reading,,,"RG7 5PY",,,,,,100,,0,,,0,,,0,,,0,,,0,,,0,,,0,,,0,,,,51.40834500,-1.14248780,1,0439c2c489f2a2deff5cf05574090ae7,0,11,"2017-12-07 14:35:47",1,"2020-08-10 12:07:43"
410,11,test2,,,,,,,,"nn6 0fb",,,,,,,,0,,,0,,,0,,,0,,,0,,,0,,,0,,,0,,,,52.29801630,-0.79406590,1,990497861c0fcfc3c2b79f913608b504,0,7,"2017-12-13 09:31:13",1,"2020-04-24 10:17:01"
411,1,"Paper Round",helpdesk@paper-round.co.uk,"020 7407 9100","52 Lant Street",,,,London,"SE1 1RB",,,,,,,,0,"portal/encore/UserFiles/SysDocs/bb_encore_suppliers/10000/411/WCL, 22.07.22.JPG","2022-07-22 00:00:00",0,"portal/encore/UserFiles/SysDocs/bb_encore_suppliers/10000/411/Environmental Permit BPR Group.pdf","2022-04-23 00:00:00",0,,,1,,,1,,,1,,,1,"portal/encore/UserFiles/SysDocs/bb_encore_suppliers/10000/411/Insurance 25.04.2021.pdf","2021-04-25 00:00:00",0,,,,51.50105390,-0.09562350,0,404bea1cfabe1f5778bf216192bcff80,0,11,"2017-12-21 09:56:44",20,"2020-08-20 13:07:38"
412,1,"Hadley recycling & waste Management",sales@hadleys.co.uk;Nathan.Kelly@alanhadley.co.uk,"0118 9323444","Unit 2 Kennet Weir Buisness Park","Arrowhead road",Theale,Reading,,"RG7 4AD",Hadleys.co.uk,,,,,,,0,portal/encore/UserFiles/SysDocs/bb_encore_suppliers/10000/412/WasteCarrierRegistrationCertificate-CBDU280826.pdf,"2022-03-18 00:00:00",0,"portal/encore/UserFiles/SysDocs/bb_encore_suppliers/10000/412/Sheffield Bottom, Theale Quarry Permit.pdf","2020-12-31 00:00:00",0,,,1,,,1,,,1,,,1,"portal/encore/UserFiles/SysDocs/bb_encore_suppliers/10000/412/Insurance 2020-2021.pdf","2021-09-30 00:00:00",0,,,,51.43205350,-1.06345010,0,b8fdce36fac252c91a182bdc6b35ac17,0,11,"2017-12-21 15:31:57",48,"2020-10-01 09:29:45"
413,11,"Greenstream Flooring CIC",ellen@gsflooring.org.uk,"01443 683123","Unit 3, Rheola Industrial Estate,","Rhondda Cynon Taff",,,Porth,"CF39 0AD",https://www.findcarpettiles.co.uk/,"Ellen Petts",ellen@gsflooring.org.uk,"01443 683123",,100,,0,,,0,,,0,,,0,,,0,,,0,,,0,,,0,,,,51.61643500,-3.41041430,1,2b1b6bcaf8121c1b476c6d50f629bf24,0,7,"2018-01-03 15:52:38",1,"2020-04-24 10:17:01"
414,1,"Plasterboard Recycling Solutions",plasterboardrs@aol.com,"01296 682 891","The Old Lime Works","Knowlls View","Lower End",Tottenhoe,"Leighton Buzzard","LU6 2BU",http://www.plasterboardrecyclingsolutions.co.uk,,plasterboardrs@aol.com,"0780 118 6380",,,,0,,,0,,,0,,,0,,,0,,,0,,,0,,,0,,,,51.89213970,-0.57793900,1,88a00d0894a0abb0995a3361478aaf83,0,7,"2018-01-03 16:01:04",1,"2020-08-10 12:07:50"
415,6,"Desso Ltd",khall@desso.com,"01235 554848","9 Hitching Court","Blacklands Way",,,Abingdon,"OX14 1RB",http://www.desso.co.uk/,,,,,,,0,,,0,,,0,,,0,,,0,,,0,,,0,,,0,,,,51.67226680,-1.30120540,1,198f56dfdf0ae11696d80132628fab4f,0,7,"2018-01-03 16:12:43",1,"2020-04-24 10:17:01"
416,2,"Beddington Corner Landfill",enquiries@viridor.co.uk,"01823 721400","Beddington Corner","London Road",,,Mitcham,"CR0 4TD",,,,,,,,0,,,0,,,0,,,0,,,0,,,0,,,0,,,0,,,,51.38458550,-0.13899270,1,e48f150c1d65449279441207543ea7ff,0,7,"2018-01-03 16:17:26",1,"2020-04-24 10:17:01"
417,2,"Tripcock Point Landill",,,"Licenced Facility 3","Tripcock Point",,,Thamesmead,"SE28 0AB",,,,,,,,0,,,0,,,0,,,0,,,0,,,0,,,0,,,0,,,,51.49553830,0.10046700,1,760a4a5c72f6dddb1db0ea73fe6aac32,0,7,"2018-01-04 09:04:48",1,"2020-04-24 10:17:01"
418,1,Agricore,enquiries@agricore.co.uk,"01325 730 168","Hilltop Farm",Winston,,,Darlington,"DL2 3RR",www.agricore.co.uk,,,,,,,0,,,0,,,0,,,0,,,0,,,0,,,0,,,0,,,,54.54056210,-1.77710510,1,3ffb004b6303e92ec6874f6a7ceeb881,0,7,"2018-01-04 11:55:00",1,"2020-08-10 12:07:36"
420,1,"New West Gypsum Recycling UK",bristol@nwgypsum.com,"0117 9382094","Unit 8","Yara Estate","St Andrew Road",,Avonmouth,"BS11 9HW",www.gypsumrecyclinguk.com,,,,,,,0,,,0,,,0,,,0,,,0,,,0,,,0,,,0,,,,51.50900200,-2.69482900,1,7423c50c8f00fc8c4d9cf5bc63977da5,0,7,"2018-01-04 12:04:38",1,"2020-08-10 12:07:49"
421,2,"Kingscliffe Landfill",info@augeanplc.com,"01780 444900",Augean,"Old Leicester Road",Wansford,,Peterborough,"PE8 6NH",,,,,,,,0,,,0,,,0,,,0,,,0,,,0,,,0,,,0,,,"Hazardous Waste Landfill",52.58576700,-0.43619550,1,a717ce8787665cb3e78fab8f50350b27,0,7,"2018-01-04 13:25:24",1,"2020-04-24 10:17:02"
422,1,Viridor,enquiries@viridor.co.uk,"0114 2414140","Salmon Pastures","Attercliffe Road",,,Sheffield,"S4 7WT",www.viridor.co.uk,,,,,100,,0,,,0,,,0,,,0,,,0,,,0,,,0,,,0,,,"Glass reprocessing plant",53.38992680,-1.44749830,1,a246ea8074da40eb8291bdeecae28c98,0,7,"2018-01-04 13:41:57",1,"2020-08-10 12:07:55"
423,1,"Viridor Motherwell",enquiries@viridor.co.uk,"0115 2414140","Motherwell Road",Newhouse,,,Motherwell,"ML1 5ST",www.viridor.co.uk,,,,,100,,0,,,0,,,0,,,0,,,0,,,0,,,0,,,0,,,"Glass reprocessing plant",55.82575210,-3.92491260,1,26115699f1b893da8257a6d3c92a526f,0,7,"2018-01-04 13:45:15",1,"2020-08-10 12:07:55"
424,1,Recresco,liverpool@recresco.com,"0151 355 8372","Manisty Wharf","North Road","Ellesmore Port",,Chester,"CH65 1AB",www.recresco.com,,,,,100,,0,,,0,,,0,,,0,,,0,,,0,,,0,,,0,,,,53.30156320,-2.91503020,1,5e918c8d4a7efc9161699015796cf027,0,7,"2018-01-05 10:13:51",1,"2020-08-10 12:07:51"
425,1,"Recresco Cwmbran",cwmbran@recresco.com,"0845 094 5565","Unit 60 Springvale Industrial Estate",,,,"Cwmbran Torfaen","NP44 5BD",www.recresco.com,,,,,100,,0,,,0,,,0,,,0,,,0,,,0,,,0,,,0,,,,51.65515010,-3.03830300,1,c2f208ac6abc636c09b8ed4d6ac6d5c2,0,7,"2018-01-05 10:15:34",1,"2020-08-10 12:07:51"
426,1,"Recresco Nottingham",mail@recresco.com,"0845 094 5565","Lane End","Urban Road","Kirkby in Ashfield",,Nottinghamshire,"NG17 8AP",www.recresco.com,,,,,100,,0,,,0,,,0,,,0,,,0,,,0,,,0,,,0,,,,53.09892840,-1.25301710,1,10c3390808873e4e0e3c93b0f3da56ac,0,7,"2018-01-05 10:17:01",1,"2020-08-10 12:07:51"
427,1,"Re-Use Glass Ltd",arron@glassrecycle.co.uk,"01977 671777","Headlands Lane",Knottingley,,,Wakefield,"WF11 0HP",,,,,,,,0,,,0,,,0,,,0,,,0,,,0,,,0,,,0,,,,53.70252650,-1.25187160,1,80da198879c4178b8f9c35e1f505f6b1,0,7,"2018-01-05 10:24:52",1,"2020-08-10 12:07:51"
428,1,"MBA Polymers",sales@mbapolymers.com,"01909 504900","Sandy Lane",,,,Worksop,"S80 3ET",,,,,,,,0,,,0,,,0,,,0,,,0,,,0,,,0,,,0,,,,53.31436640,-1.13824060,1,807351b963c554f3b17a4dec50499d63,0,7,"2018-01-05 10:28:57",1,"2020-08-10 12:07:48"
429,1,"Recycled UK Ltd",info@recycleduklimited.com,"0845 603 2397","Cannon Business Park","Gough Road",Coseley,,"West Midlands","WV14 8XR",,,,,,,,0,,,0,,,0,,,0,,,0,,,0,,,0,,,0,,,,52.54704950,-2.08583570,1,51d6506c5ea4b3b0ff5fe757ae2c2c65,0,7,"2018-01-05 10:31:43",1,"2020-08-10 12:07:52"
430,1,"Blue Sky Plastics",info@blueskyplastics.co.uk,"01775 670 226","South Fenn Road",Bourne,,,Lincs,"PE10 0DN",,,,,,,,0,,,0,,,0,,,0,,,0,,,0,,,0,,,0,,,,52.75049810,-0.32604530,1,49d11836822050c4ff58185a70b83f44,0,7,"2018-01-05 10:34:47",1,"2020-08-10 12:07:37"
431,1,Jayplas,enquiries@jayplas.co.uk,"01536 462300","High View Road","Berristow Lane","South Normanton",,Alfreton,"DE55 2DT",,,,,,,,0,,,0,,,0,,,0,,,0,,,0,,,0,,,0,,,,53.11043910,-1.32545760,1,5a62d6fe430a3d92d275318877c51a2f,0,7,"2018-01-05 10:37:08",1,"2020-08-10 12:07:45"
434,2,"Rainham Landfill",veolia.rainhamlandfill@veolia.com,,"Ferry Lane","Phase 4","Rainham Landfill",,"Wennington Marshes  Ferry Lane  Rainham","RM13 9BJ",,,,,,,,0,,,0,,,0,,,0,,,0,,,0,,,0,,,0,,,,51.48900170,0.19274710,1,6115ebad14ca378ad8fa66e93ab395c3,0,1,"2018-01-05 15:24:24",1,"2020-04-24 10:17:03"
435,2,"South Hall Farm",,,"New Road",,,,Rainham,"RM13 9BJ",,,,,,,,0,,,0,,,0,,,0,,,0,,,0,,,0,,,0,,,,51.48900170,0.19274710,1,2155172b7336682c5a1e9a1465442313,0,1,"2018-01-05 15:24:24",1,"2020-04-24 10:17:03"
436,2,"Aveley No2,2a,3 Clay Pit",NA,,"Aveley Landfill","Sandy Lane",Aveley,,"South Ockendon","RM15 4XP",,,,,,,,0,,,0,,,0,,,0,,,0,,,0,,,0,,,0,,,,51.50333100,0.23731230,1,df95a1d48787012df503d2d947e2df7c,0,1,"2018-01-05 15:24:24",1,"2020-04-24 10:17:03"
440,2,"Gerpins Lane Landfill Site",enquries@eastlondonwaste.gov.uk,,"Gerpins Lane",,,,Upminster,"RM14 2XR",,,,,,,,0,,,0,,,0,,,0,,,0,,,0,,,0,,,0,,,,51.53478470,0.23656180,1,4a3b3e16f3e4ead2c5a3da8b86e957da,0,1,"2018-01-05 15:24:24",1,"2020-04-24 10:17:04"
442,2,"Ockendon Area 2 & 3 Landfill",keith.crawley@veolia.com,01708857203,"Medebridge Road",,,,Grays,"RM16 5TZ",,,,,,,,0,,,0,,,0,,,0,,,0,,,0,,,0,,,0,,,,51.51812580,0.32644120,1,5e8e750cd16213c52063f9d1e7fdd461,0,1,"2018-01-05 15:24:24",1,"2020-04-24 10:17:04"
446,2,"Old Mill Farm",keith.crawley@veolia.com,01708857203,"Darenth Hill",Darenth,,,Dartford,"DA2 7QZ",,,,,,,,0,,,0,,,0,,,0,,,0,,,0,,,0,,,0,,,,51.41975760,0.23783080,1,adb434ce331d0ee56f5a8d1a446cfb2f,0,1,"2018-01-05 15:24:25",1,"2020-04-24 10:17:05"
450,2,"Egglesey Farm Area C",info@crestwoodenvironmental.co.uk,,"Egglesey Farm","Colnbrook Bypass Area C",Colnbrook,,,"SL3 0EB",,,,,,,,0,,,0,,,0,,,0,,,0,,,0,,,0,,,0,,,,51.48513220,-0.50191560,1,09f928c66498c0f7bb471fc1ce431e04,0,1,"2018-01-05 15:24:25",1,"2020-04-24 10:17:05"
451,2,"Harmondsworth Landfill Site",enquires@environment-agency.gov.uk,,"Holloway Lane",Sipson,,,,"UB7 0AE",,,,,,,,0,,,0,,,0,,,0,,,0,,,0,,,0,,,0,,,,51.49002390,-0.47401290,1,382842c5a5fa70e3fa77f1a6e3d39937,0,1,"2018-01-05 15:24:25",1,"2020-04-24 10:17:05"
452,2,"Imperial College Harlington",w.hollyer@imperial.ac.uk,02075948962.,"Off Sipson Lane",,,,Harlington,"UB7 0JG",,,,,,,,0,,,0,,,0,,,0,,,0,,,0,,,0,,,0,,,,51.49013940,-0.45604700,1,d866346c70121a0628c411ff30aef10d,0,1,"2018-01-05 15:24:25",1,"2020-04-24 10:17:05"
454,2,"Kingsmead Landfill",services@cemexglobalsolutions.com,"01788 517000","Stanwell Road",Thorpe,,,Horton,"SL3 9PA",,,,,,,,0,,,0,,,0,,,0,,,0,,,0,,,0,,,0,,,,51.47311720,-0.54030750,1,8c656635474c792149424ccea5f3c3b4,0,1,"2018-01-05 15:24:25",1,"2020-04-24 10:17:06"
455,2,"Wraysbury Landfill Site",,"01784 482613 council","Land/Premises at Staines Road",Wraysbury,,,Staines,"TW19 5NH",,,,,,,,0,,,0,,,0,,,0,,,0,,,0,,,0,,,0,,,,51.45811840,-0.54465800,1,1049d77e2bc438d5f0f11234204f2d19,0,1,"2018-01-05 15:24:25",1,"2020-04-24 10:17:06"
457,2,"Burghfield Landfill Site",biffa-award@wildlifetrusts.org,,"Island Road",,,,Reading,"RG2 0RR",,,,,,,,0,,,0,,,0,,,0,,,0,,,0,,,0,,,0,,,,51.43449260,-0.96823650,1,fd9b74adfd11c7f8d44c1a4162b8d385,0,1,"2018-01-05 15:24:25",1,"2020-04-24 10:17:06"
458,2,"Smallmead Farm",help@archaeologydataservice.ac.uk,"+44 (0)1904 323 954",Burghfield,,,,Reading,"RG30 3UR",,,,,,,,0,,,0,,,0,,,0,,,0,,,0,,,0,,,0,,,,51.42510470,-0.99616410,1,42735ac41f2c71e493aaa053991b2888,0,1,"2018-01-05 15:24:25",1,"2020-04-24 10:17:06"
460,2,"Star Works Landfill Site",,"0118 940 6084 (council)","Star Lane","Knowle Hill",,,,"RG10 9XY",,,,,,,,0,,,0,,,0,,,0,,,0,,,0,,,0,,,0,,,,51.50976200,-0.81934110,1,e9de85fd517a5f4f7a5e2e15f49f083d,0,1,"2018-01-05 15:24:25",1,"2020-04-24 10:17:06"
461,2,"Park Lodge Farm",trevor@parklodgefarm.co.uk,,"Iver Heath",,,,,"SL0 0NE",,,,,,,,0,,,0,,,0,,,0,,,0,,,0,,,0,,,0,,,,51.54451130,-0.53140490,1,38c96bd9dad556be7835b81c53414347,0,1,"2018-01-05 15:24:25",1,"2020-04-24 10:17:06"
462,2,"Springfield Farm Landfill",NA,"01494 672651","Broad Lane",,,,Beaconsfield,"HP9 1XD",www.veoliaenvironmentalservices.co.uk,,,,,,,0,,,0,,,0,,,0,,,0,,,0,,,0,,,0,,,,51.59419280,-0.66314260,1,51576296afae4da1df39f0c16ae86c90,0,1,"2018-01-05 15:24:25",1,"2020-04-24 10:17:06"
463,2,"Gerrads Cross Landfill",james.barnes@veolia.com,,"Wapseys Wood","Oxford Road",,,,"SL9 8TE",,,,,,,,0,,,0,,,0,,,0,,,0,,,0,,,0,,,0,,,,51.58816650,-0.59673100,1,e460ef0709d20af34580846c9dba8475,0,1,"2018-01-05 15:24:25",1,"2020-04-24 10:17:06"
466,2,"Tyttenhanger Quarry",,"0845 602 2022","Coursers Road","London Colney","St Albans",,,"AL4 0RZ",,,,,,,,0,,,0,,,0,,,0,,,0,,,0,,,0,,,0,,,,51.73641450,-0.27510860,1,9dfe63dff931771ff7cd3b1c863c0e2d,0,1,"2018-01-05 15:24:25",1,"2020-04-24 10:17:07"
467,2,"Netherhall Landfill",enquiries@roydon.com,01617282901,,,,,Roydon,"CM19 5JX",,,,,,,,0,,,0,,,0,,,0,,,0,,,0,,,0,,,0,,,,51.75143880,0.01856660,1,56a84ba0a228aa2c641c9f15512450e5,0,1,"2018-01-05 15:24:25",1,"2020-04-24 10:17:07"
472,2,"Pitsea Landfill",SHAUN.TAYLOR@VEOLIA.COM,,"Pitsea Hall Lane",,,,Pitsea,"SS16 4UH",,,,,,,,0,,,0,,,0,,,0,,,0,,,0,,,0,,,0,,,,51.55643910,0.50490900,1,14ceb664add30d406b36add456e8ece7,0,1,"2018-01-05 15:24:25",1,"2020-04-24 10:17:08"
474,2,"Allington Landfill",allington@fccenvironment.co.uk,01622761027,"Land/Premises at A20","London Road",Allington,,Maidstone,"ME16 0LE",,,,,,,,0,,,0,,,0,,,0,,,0,,,0,,,0,,,0,,,,51.29263900,0.49326050,1,e07245a63b02d636d5b35f8d5e7d0734,0,1,"2018-01-05 15:24:25",1,"2020-04-24 10:17:08"
476,2,"Offham Landfill",julian.moat@kent.gov.uk,0800807060,"White Ladies","Teston Road",Offham,,"West Malling","ME19 5PF",,,,,,,,0,,,0,,,0,,,0,,,0,,,0,,,0,,,0,,,,51.29298590,0.36072570,1,3f054ccf1c8fff112bc67c4f0a58e33f,0,1,"2018-01-05 15:24:26",1,"2020-04-24 10:17:09"
477,2,"Stangate Landfill",enquries@powersystemsuk.com,"01732 884483","Quarry Hill Road","Borough Green",,,,"TN15 8RW",,,,,,,,0,,,0,,,0,,,0,,,0,,,0,,,0,,,0,,,,51.28852850,0.30276860,1,d764acda7e10bd38701b7207d0e6ed14,0,1,"2018-01-05 15:24:26",1,"2020-04-24 10:17:09"
478,2,"Greatness Quarry Integrated Waste Management Facility",logistics-services@tarmac.com,,"Farm Road",Greatness,,,Sevenoaks,"TN14 5BP",,,,,,,,0,,,0,,,0,,,0,,,0,,,0,,,0,,,0,,,,51.29691920,0.19798300,1,ad5b63f44945ff8cae6c7fda1e50ae8d,0,1,"2018-01-05 15:24:26",1,"2020-04-24 10:17:09"
479,2,"Clacket Lane Sand Pit",enquiries@environment-agency.gov.uk,,"Clacket Lane",,,,Westerham,"TN16 2EP",,,,,,,,0,,,0,,,0,,,0,,,0,,,0,,,0,,,0,,,,51.26424500,0.04939510,1,21cef05bf8cf29a9510d4701c5df71be,0,1,"2018-01-05 15:24:26",1,"2020-04-24 10:17:09"
480,2,"Redhill Landfill",enquiries@environment-agency.gov.uk,,"Cormongers Lane",Nutfield,,,Redhill,"RH1 4ER",,,,,,,,0,,,0,,,0,,,0,,,0,,,0,,,0,,,0,,,,51.24544620,-0.14389820,1,28eb370f38f714135bdb1e3c1f197f8d,0,1,"2018-01-05 15:24:26",1,"2020-04-24 10:17:09"
482,2,"Albury Landfill Site",na,"01483 202411","Shere Road",Albury,,,Guildford,"GU5 9BW",,,,,,,,0,,,0,,,0,,,0,,,0,,,0,,,0,,,0,,,,51.22545690,-0.48353760,1,ce903fb3b94101012e400a4629ec3a58,0,1,"2018-01-05 15:24:26",1,"2020-04-24 10:17:09"
483,1,"London Skip Hire",skips@londonskiphire.co.uk,"0208 5423333","7 Lyon Road",merton,,,London,"SW19 2RL",www.londonskiphire.co.uk,Lisa,lisa@londonskiphire.co.uk,,,,,0,"portal/encore/UserFiles/SysDocs/bb_encore_suppliers/10000/483/Waste Carriers Licence Expires 2019.jpg","2019-01-28 00:00:00",0,,,1,,,1,,,1,,,1,,,1,"portal/encore/UserFiles/SysDocs/bb_encore_suppliers/10000/483/Public Liability Insurance 2017-2018.pdf","2018-04-16 00:00:00",0,,,,51.41326050,-0.18534710,1,bade6e53b1a6222b6786a8eb92e831e5,0,11,"2018-01-17 14:47:09",1,"2020-08-10 12:07:47"
484,1,"London Junk",info@junkhunters.co.uk,02081665752;08002335865,"NDB House","Unit 31 Cygnus Business Centre","Dalmeyer Road",Willesden,London,"NW10 2XA",www.junkhunters.co.uk,,,,,,,0,"portal/encore/UserFiles/SysDocs/bb_encore_suppliers/10000/484/WCL expires 19.02.19.pdf","2019-02-19 00:00:00",0,,,1,,,1,,,1,,,1,,,1,"portal/encore/UserFiles/SysDocs/bb_encore_suppliers/10000/484/Insurance expires 01.08.18.PDF","2018-08-01 00:00:00",0,,,,51.55007750,-0.24561370,1,d994e1ef738291b67e713a9e13bee5aa,0,11,"2018-01-17 15:51:34",1,"2020-08-10 12:07:47"
485,1,"JM Clark Limited",info@jmclarkltd.co.uk,"0800 0146241","Unit A 203 - 207 Manor Road",Eirth,Kent,,,"DA8 2AD",jmclarksweeperhire.co.uk,,,,,,,0,"portal/encore/UserFiles/SysDocs/bb_encore_suppliers/10000/485/WasteCarrier Licence 30.04.2023.pdf","2023-04-30 00:00:00",0,"portal/encore/UserFiles/SysDocs/bb_encore_suppliers/10000/485/Permit 24.01.20.pdf","2022-01-24 00:00:00",1,,,1,,,1,,,1,,,1,"portal/encore/UserFiles/SysDocs/bb_encore_suppliers/10000/485/Insurance 2021.pdf","2021-09-14 00:00:00",0,,,,51.47773560,0.19330960,0,f1530698947c9de5304601fa012120d5,0,11,"2018-01-23 09:07:21",48,"2020-09-23 13:19:16"
486,1,"Pallet Co",orders@palletco.co.uk,"020 8574 6555","Rubastic Road",Southall,,,Middlesex,"UB2 5LL",,,,,,,,0,,,0,,,0,,,0,,,0,,,0,,,0,,,0,,,,51.50085700,-0.40064660,1,8c6f47b2e3934762aaaaad7576bd2535,0,9,"2018-01-24 11:04:33",1,"2020-08-10 12:07:50"
487,11,"Leatherhead Youth Project",info@leatherheadyouthproject.com,"01372 383345",allsaints,"Kingstone Road",,,Leatherhead,"KT22 7BT",,,,,,,,0,,,1,,,1,,,1,,,1,,,1,,,1,,,1,,,,51.30183950,-0.32944110,0,a50810da06583e302e1ae806fadbdc52,0,9,"2018-01-26 15:46:12",1,"2020-04-24 10:17:09"
488,1,"AM Skips & Plant Hire",sales@amskips.co.uk,01825712794,Hazelbank,"London Road",Maresfield,"East Sussex",,"TN22 3EP",www.amskips.co.uk,Karen,,,,,,0,"portal/encore/UserFiles/SysDocs/bb_encore_suppliers/10000/488/WCL Certificate 2016-19.pdf","2019-05-07 00:00:00",0,portal/encore/UserFiles/SysDocs/bb_encore_suppliers/10000/488/wml.pdf,"2022-01-01 00:00:00",0,,,1,,,1,,,1,,,1,"portal/encore/UserFiles/SysDocs/bb_encore_suppliers/10000/488/LIABILITY INS EXP MAY 18.pdf","2018-05-14 00:00:00",0,,,,51.00903970,0.07854350,1,08cca688f9db0afc73ab4e93c47b58bb,0,11,"2018-01-30 11:18:44",1,"2020-08-10 12:07:36"
489,12,Justeel,liz@justeel.co.uk,01273442883,,,,,,,,,,,,,,0,,,1,,,1,,,1,,,1,,,1,,,1,,,1,,,,,,0,e13bb3bc870c1839a73e6686768a44ea,0,11,"2018-01-30 14:01:50",1,"2020-04-24 10:17:09"
491,11,"9 Lives Furniture",enquiries@9livesfurniture.org.uk,"01923 718 666","25 Wharf Lane",,,Rickmansworth,Hertfordshire,"WD3 1HA",,,,,,,,0,,,1,,,1,,,1,,,1,,,1,,,1,,,1,,,,51.63912810,-0.46485150,0,f3cbe848a15c91df135ce4e118b17306,0,20,"2018-02-01 11:45:04",1,"2020-04-24 10:17:10"
492,11,"Acorn Reuse Centre",donate@acorn.co.je,"01534 483 251","La Collette",,,,"St Helier","JE1 234",,,,,,,,0,,,1,,,1,,,1,,,1,,,1,,,1,,,1,,,,31.52412790,120.69258220,0,42a1fe0060e5e07a63a2642d8bc9053e,0,20,"2018-02-01 11:49:37",1,"2020-04-24 10:17:10"
493,11,"Barrow Domestic Appliances CIC",info@barrowdomesticappliances.co.uk,"01229 837 774","59 Hindpool Road",,,Barrow-in-Furness,Cumbria,"LA14 2ND",,,,,,,,0,,,0,,,1,,,1,,,1,,,1,,,1,,,1,,,,54.11217250,-3.23180830,1,5d97cb4ad05b340f91a24e6ee62bb659,0,20,"2018-02-01 11:52:19",1,"2020-04-24 10:17:10"
494,11,BCTFS,admin@bctfs.co.uk,"01204 364 777","139-141 Market Street",,,Farmworth,Bolton,"BL4 8EX",,,,,,,,0,,,1,,,1,,,1,,,1,,,1,,,1,,,1,,,,53.54828780,-2.39264840,0,6ba0bf13cf9f6dcc2317f8a19187827c,0,20,"2018-02-01 11:54:28",1,"2020-04-24 10:17:10"
495,11,"Bootle Shed",info@bootletoolshed.org.uk,"0151 792 0386","26-27 The Palatine,","Strand Shopping Centre",,,Bootle,"L20 4SW",,,,,,,,0,,,1,,,1,,,1,,,1,,,1,,,1,,,1,,,,53.46635900,-2.99461370,0,5e2744bc6612c4095a9a8a670818fe6d,0,20,"2018-02-01 11:57:11",1,"2020-04-24 10:17:10"
497,11,"2ND chance Furniture (Nuneaton)",info@saha.org.uk,"02476 326 907","Abbeygate Shopping Centre","Newdegate Street",,,Nuneaton,"CV11 4EL",,,,,,,,0,,,1,,,1,,,1,,,1,,,1,,,1,,,1,,,,52.52329350,-1.46765620,0,8c570053d271b5c25088c7854a47680c,0,20,"2018-02-01 12:01:22",1,"2020-04-24 10:17:10"
498,11,"Bulky Bobs Furniture World",customerservice@bedfactorydirect.co.uk,"01512 072 148","129-139 London Road",,,,Liverpool,"L3 8JA",,,,,,,,0,,,1,,,1,,,1,,,1,,,1,,,1,,,1,,,,53.40965510,-2.97304100,0,806e6c21d8b36e78ab9b7b81ca770df9,0,20,"2018-02-01 12:03:09",1,"2020-04-24 10:17:10"
499,1,HazGreen,info@hazgreen.co.uk,"01753 785163","SP Block, Goldfinger Avenue","Pinewood Studios, Pinewood Road","Iver Heath",,Buckinghamshire,"SL0 0NH",http://www.hazgreen.co.uk/,,,,,,,0,"portal/encore/UserFiles/SysDocs/bb_encore_suppliers/10000/499/WCL 20.03.20.pdf","2020-03-20 00:00:00",0,,,1,,,1,,,1,,,1,,,1,"portal/encore/UserFiles/SysDocs/bb_encore_suppliers/10000/499/Ins, 14.02.18.pdf","2018-02-14 00:00:00",0,,,,51.54663490,-0.53878230,1,eb1832215f67e92109307e548e048565,0,9,"2018-02-01 12:04:04",1,"2020-08-10 12:07:44"
500,11,"Bulky Bob's Ltd (Liverpool)",Gary.Tait@bulkybobs.co.uk,"01616 650 317","Units 12-14 Atlantic Way",Brunswick,,Merseyside,Liverpool,"L3 4BE",,,,,,,,0,,,1,,,1,,,1,,,1,,,1,,,1,,,1,,,,53.38416840,-2.98161780,0,99ca5bd4c6e26289f11128dd51d5edfd,0,20,"2018-02-01 12:05:06",1,"2020-04-24 10:17:10"
501,11,"Bulkey Bob's Ltd (Oldham)",tony.rowan@frcgroup.co.uk,"01616 650 317","Unit A Oldham Central Trading Park","Coulton Close",,,Oldham,"OL1 4EB",,,,,,,,0,,,1,,,1,,,1,,,1,,,1,,,1,,,1,,,,53.54826130,-2.10080820,0,10a2f20eacb6b9eda9330e8e3728d686,0,20,"2018-02-01 12:07:07",1,"2020-04-24 10:17:10"
502,11,"Cambridge Re-use",donate@cambridgereuse.org.uk,"01223 576 535","Unit H","The Paddocks","347 Cherry Hinton Road",,Cambridge,"CB1 8DH",,,,,,,,0,,,1,,,1,,,1,,,1,,,1,,,1,,,1,,,,52.18783700,0.15509400,0,089667fbbecdcd0e7a43e05b0d8979d3,0,20,"2018-02-01 12:08:42",1,"2020-04-24 10:17:10"
503,11,"Cardiff YMCA Retail",Enquiries@ymcacardiff.wales,"02920 497 364","38 Albany Road",,,,Cardiff,"CF24 3RQ",,,,,,,,0,,,1,,,1,,,1,,,1,,,1,,,1,,,1,,,,51.49303660,-3.16941260,0,e41be298026daec2103297383646cc14,0,20,"2018-02-01 12:10:29",1,"2020-04-24 10:17:10"
504,11,"Care Zone",info@carezone.org.uk,"01733 575 083","Dodson House,",Fengate,Peterborough,Cambridgeshire,,"PE1 5XG",,,,,,,,0,,,1,,,1,,,1,,,1,,,1,,,1,,,1,,,,52.57369340,-0.20871510,0,589f482ae081cab2d0d4690aafc03f75,0,20,"2018-02-01 12:15:25",1,"2020-04-24 10:17:10"
505,11,"Castle Furniture Project",enquiries@castlefurniture.org,"01334 654445","Tom Rodgers Mill",Burside,,,Cupar,"KY15 4DQ",,,,,,,,0,,,1,,,1,,,1,,,1,,,1,,,1,,,1,,,,56.32013380,-3.01165230,0,ec49ede40276bf5677dad5929d56ada2,0,20,"2018-02-01 12:17:13",1,"2020-04-24 10:17:10"
506,11,"Castle Furniture Reuse Mega Store",enquiries@castlefurniture.org,"01592 501 068","Unit 6","Flemington Road",Glenrothes,,Fife,"KY7 5QF",,,,,,,,0,,,1,,,1,,,1,,,1,,,1,,,1,,,1,,,,56.19849130,-3.15965940,0,4ddf3493c9a8c8671c48947586814233,0,20,"2018-02-01 12:19:30",1,"2020-04-24 10:17:11"
508,11,"CCAM (Reading)",mail@ccam.org.uk,"01189 759 459","The Furniture Shop","McQueen House","79 Silver Street",,Reading,"RG1 2SU",,,,,,,,0,,,1,,,1,,,1,,,1,,,1,,,1,,,1,,,,51.44920050,-0.96587600,0,1edbe8a7c0dcecda599f8c052e179e18,0,20,"2018-02-01 12:26:09",1,"2020-04-24 10:17:11"
509,11,"Chalk CIC",info@chalkcic.co.uk,"01691 655 895","17 Leg Street",Oswestry,,,Stropshire,"SY11 2NL",,,,,,,,0,,,1,,,1,,,1,,,1,,,1,,,1,,,1,,,,52.86024020,-3.05372720,0,51033ce83588538a0ad6ebb13258ce96,0,20,"2018-02-01 12:27:46",1,"2020-04-24 10:17:11"
510,11,"CHALK Outlet",info@chalkcic.co.uk,"01691 671 137","100 Castle Street",Oswestry,,,Shropshire,"SY11 2EL",,,,,,,,0,,,1,,,1,,,1,,,1,,,1,,,1,,,1,,,,52.85739030,-3.05475720,0,0c78afbf9d4e66a0f43384547c74a8ab,0,20,"2018-02-01 12:30:06",1,"2020-04-24 10:17:11"
511,11,"Changing Lives in Cheshire",info@clic-changinglives.org.uk,"01606 827 120","Unit 12 Road Two","105 Industrial Estate",Winsford,,Cheshire,"CW7 3QL",,,,,,,,0,,,1,,,1,,,1,,,1,,,1,,,1,,,1,,,,53.19559250,-2.49796580,0,3eacead9544e27f686c566de7b61b3ba,0,20,"2018-02-01 12:31:53",1,"2020-04-24 10:17:11"
512,11,"Changing Lives in Clevedon",office@changinglives.org.uk,"01275 877 745","9-10 Clevedon Triangle Centre",,,,Clevedon,"BS21 6HX",,,,,,,,0,,,1,,,1,,,1,,,1,,,1,,,1,,,1,,,,51.43531010,-2.85228780,0,91ed9356be2253b70f25751c430e6b7d,0,20,"2018-02-01 12:35:27",1,"2020-04-24 10:17:11"
513,11,"Changing Lives in Nailsea",office@changinglives.org.uk,"01275 851 041","10 Clevedon Walk",,,,Nailsea,"BS48 1RS",,,,,,,,0,,,1,,,1,,,1,,,1,,,1,,,1,,,1,,,,51.43373940,-2.75901100,0,cb595f6926dc7077069a46e730ffc2ac,0,20,"2018-02-01 12:37:00",1,"2020-04-24 10:17:11"
514,11,"Changing Lives in Warrington",office@changinglives.org.uk,"01925 634 112","Unit H2","Cockhedge Shopping Centre",,,Warrington,"WA1 2QQ",,,,,,,,0,,,1,,,1,,,1,,,1,,,1,,,1,,,1,,,,53.39089590,-2.58990750,0,359fcca6aa1c93875d6049473cc7dd35,0,20,"2018-02-01 12:39:16",1,"2020-04-24 10:17:11"
515,11,"Changing Lives Warehouse",office@changinglives.org.uk,"01275 878 871","Unit 2A","Kimberley Road",,,Clevedon,"BS21 6QJ",,,,,,,,0,,,1,,,1,,,1,,,1,,,1,,,1,,,1,,,,51.43100880,-2.86134210,0,6a95ab464431eb507ab949e2e39819dd,0,20,"2018-02-01 12:41:02",1,"2020-04-24 10:17:11"
516,11,"Cheltenham Stop (Emmaus Gloucestershire)",ali.keenan@emmaus.org.uk,"01242 269 734","18 Henrietta Street",,,,Cheltenham,"GL50 4AA",,,,,,,,0,,,1,,,1,,,1,,,1,,,1,,,1,,,1,,,,51.90353540,-2.07706090,0,539db3b4566b3269fe0193e1c40d2cab,0,20,"2018-02-01 12:42:39",1,"2020-04-24 10:17:11"
517,11,"Circulate Furniture Recycling",Circulate@garnsychan.org.uk,"01495 793 187","Unit 14","Gilchrist Thomas Industrial Estate",,,Blaenavon,"NP4 9RL",,,,,,,,0,,,1,,,1,,,1,,,1,,,1,,,1,,,1,,,,51.77529290,-3.09587610,0,bd8d21b336b51f14eae260447c0da1ae,0,20,"2018-02-01 12:47:37",1,"2020-04-24 10:17:11"
518,11,"Colchester Furniture Project",cfp@aspects.net,"01206 543 438","Unit 2","Blomfield Place",Colchester,,Essex,"CO2 7EA",,,,,,,,0,,,1,,,1,,,1,,,1,,,1,,,1,,,1,,,,51.88713410,0.90381810,0,17145b93a94cad052e4f50da4156ee6c,0,20,"2018-02-01 12:50:09",1,"2020-04-24 10:17:11"
519,11,"community Furniture Project (Basingstoke)",info@reuse-network.org.uk,"01256 320 700","6 Joule Road",Houndmills,,,Basingstoke,"RG21 6XH",,,,,,,,0,,,1,,,1,,,1,,,1,,,1,,,1,,,1,,,,51.27379290,-1.10088960,0,842b61f6d79dbf2b7f57faa753faeb0f,0,20,"2018-02-01 12:51:35",1,"2020-04-24 10:17:11"
520,11,"Community Furniture Project (Newbury)",enquiries@cfpnewbury.org,"01635 439 33","Unit F","Hambridge Road Idustrial Estate","Bone Lane",,Newbury,"RG14 5SS",,,,,,,,0,,,1,,,1,,,1,,,1,,,1,,,1,,,1,,,,51.39963240,-1.31161940,0,f8f1c2df91a4bee5cdb05d386d94f145,0,20,"2018-02-01 12:53:38",1,"2020-04-24 10:17:11"
521,11,"Community Furniture Shop (TREE)",warranty@tree1.org.uk,"01255 863 007","24 High Street",Clacton-on-Sea,,,Essex,"CO15 1NR",,,,,,,,0,,,1,,,1,,,1,,,1,,,1,,,1,,,1,,,,51.78990710,1.15448760,0,9afc0db6661fb7cc66ca15a4785cf71a,0,20,"2018-02-01 12:56:36",1,"2020-04-24 10:17:12"
522,11,"Community Furniture Store (Ryedale)",ryedale@cfstores.org.uk,"01723 267 177","Unit 5","Mount View Business Park","Salisbury street",,Scarborough,"YO12 4EH",,,,,,,,0,,,1,,,1,,,1,,,1,,,1,,,1,,,1,,,,54.27200610,-0.41727580,0,99586fffad5cf5f26f8e2071efe1347c,0,20,"2018-02-01 13:05:17",1,"2020-04-24 10:17:12"
523,11,"Communityu Furniture Store (Selby)",selby@cfstores.org.uk,"01757 291 444","Unit 2","Bawtry Road Industrial Estate","Bawtry road",Selby,"North Yorkshire","YO8 8NB",,,,,,,,0,,,1,,,1,,,1,,,1,,,1,,,1,,,1,,,,53.76987150,-1.06549930,0,7601449b75e60c427cc0afa22ed63160,0,20,"2018-02-01 13:07:44",1,"2020-04-24 10:17:12"
524,11,"Community Furniture Store (York)",york@cfstores.org.uk,"01904 426 444","Unit 29","The Raylor Centre","James Street",York,"North Yorkshire","YO10 3DW",,,,,,,,0,,,1,,,1,,,1,,,1,,,1,,,1,,,1,,,,53.95727180,-1.06429580,0,d5afbb1df3e782a68875e7f15bde238e,0,20,"2018-02-01 13:14:35",1,"2020-04-24 10:17:12"
525,11,"Community Furniture Warehouse (TREE)",warranty@tree1.org.uk,"0125 5807 412","8 Hoffmans Way",,,,Chelmsford,"CM1 1GH",,,,,,,,0,,,1,,,1,,,1,,,1,,,1,,,1,,,1,,,,51.73444580,0.47531660,0,5e5f45f13c3718a3577f9a6b81d8c276,0,20,"2018-02-01 13:16:42",1,"2020-04-24 10:17:12"
526,11,"Community Sustainability Services",richard.jackson@ucl.ac.uk,"01915 110 614","The Old St Peters Church Hall","Thorndale Road","Thorney Close",,Sunderland,"SR3 4JW",,,,,,,,0,,,1,,,1,,,1,,,1,,,1,,,1,,,1,,,,54.88307420,-1.43394100,0,e1bd6e5b11b6d2ce446e3a45f47c44a4,0,20,"2018-02-01 13:19:43",1,"2020-04-24 10:17:12"
527,11,"Community Sustainability Services*",richard.jackson@ucl.ac.uk,"01915 650 870","24 Holmeside","Cirt Centre",,,Sunderland,"SR1 3JE",,,,,,,,0,,,1,,,1,,,1,,,1,,,1,,,1,,,1,,,,54.90452710,-1.38362670,0,a3f92f843b5212a465a9d9958fb82d8d,0,20,"2018-02-01 13:21:55",1,"2020-04-24 10:17:12"
528,11,"Community Sustainability Services (CSS)",richard.jackson@ucl.ac.uk,"01915 494 343","Unit 13c","Southwick Industrial Estate","North Hylton Road",Southwick,Sunderland,"SR5 3TX",,,,,,,,0,,,1,,,1,,,1,,,1,,,1,,,1,,,1,,,,54.92164780,-1.41534120,0,e4a7d8ecb35705225db8ec472999d8d7,0,20,"2018-02-01 13:27:06",1,"2020-04-24 10:17:12"
529,11,"Coventry City Mission",office@covcitymission.org.uk,"02476 615 931","Deedmore Christian Centre","Deedmore Road","West Midlands",,Coventry,"CV2 2AA",,,,,,,,0,,,1,,,1,,,1,,,1,,,1,,,1,,,1,,,,52.43970580,-1.45816020,0,9b055e560048c686f68a448290716b78,0,20,"2018-02-01 13:30:03",1,"2020-04-24 10:17:12"
530,11,"CRAFT Ceredigion Recycling and Furniture Team",contact@craftrecycling.org.uk,"01970 626532","station buildings","alexandra road",,,Aberystwyth,"SY23 1LH",,,,,,,,0,,,1,,,1,,,1,,,1,,,1,,,1,,,1,,,,52.41395450,-4.08183040,0,b279984666b5f821ab0a65d9cc889052,0,20,"2018-02-01 13:32:27",1,"2020-04-24 10:17:12"
531,11,"Create Old Swan (Total Reuse)",enquiries@ceequal.com,"01512 592 487","692-696 Prescott Road","Old Swan",,,Liverpool,"L13 5XG",,,,,,,,0,,,1,,,1,,,1,,,1,,,1,,,1,,,1,,,,53.41422640,-2.90854060,0,23d11026e8dc4d00d3f03667ba5b6606,0,20,"2018-02-01 13:34:27",1,"2020-04-24 10:17:12"
533,11,"Crest Community Store",info@crestcooperative.co.uk,"01492 531674","10 douglas road","colwyan bay",,,Colwyn,"LL29 7PE",,,,,,,,0,,,0,,,0,,,0,,,0,,,0,,,0,,,0,,,,53.29354660,-3.72519810,1,67c1953f6fd2f48e843358f247149b0b,0,20,"2018-02-01 13:40:54",1,"2020-04-24 10:17:12"
534,11,"Crest Community Store*",info@crestcooperative.co.uk,"01492 596 783","Brierley House","Ferry Farm Road",Llandudno,,Conwy,"LL31 9SF",,,,,,,,0,,,1,,,1,,,1,,,1,,,1,,,1,,,1,,,,53.28558350,-3.81704700,0,19a03a18a0cef40aa8b689110c644dd2,0,20,"2018-02-01 13:44:53",1,"2020-04-24 10:17:12"
535,11,"Cumbria Recycling Limited",sales@cumbria-recycling.com,"01900 605358","unit 2","hallwood road","lillyhall industrial estate",workington,Cumbria,"CA14 4JR",,,,,,,,0,,,0,,,0,,,0,,,0,,,0,,,0,,,0,,,,54.60817680,-3.53135540,1,486773d3d68f80ad571f02c557533d8c,0,20,"2018-02-01 13:48:29",1,"2020-04-24 10:17:12"
536,11,"Cunninghame Furniture Recycling Company",cfrcenquiries@chaltd.org,"01294 475 650","Unit 68","Third Avenue","Heatherhouse Industrial Estate",Irvine,Ayrshire,"KA12 8LT",,,,,,,,1,,,1,,,1,,,1,,,1,,,1,,,1,,,1,,,,55.60573640,-4.67160390,0,66dff83b07a3f724a578aa08a07311ac,0,20,"2018-02-01 13:51:02",1,"2020-04-24 10:17:12"
537,11,"Daventry Contact",charity@daventrycontact.org,"01327 310 711","Units 1&2 South March","Long March Industrial Estate",Daventry,,Northants,"NN11 4PH",www.daventrycontact.org,,,,,,,1,,,1,,,1,,,1,,,1,,,1,,,1,,,1,,,,52.24977290,-1.15308710,0,9a5304f6fc794477ee32f9dbccca6b25,0,20,"2018-02-01 13:53:14",48,"2020-11-06 11:48:21"
539,11,"Doncaster Refurnish*",info@refurnish.co.uk,"01302 337 606","55-59 Cleveland Street",,,,Doncaster,"DN1 3DS",,,,,,,,0,,,1,,,1,,,1,,,1,,,1,,,1,,,1,,,,53.52110810,-1.13401400,0,bca5c4aaa8c34ed990afd08e66734b33,0,20,"2018-02-01 13:57:26",1,"2020-04-24 10:17:13"
541,11,"Dorset Reclaim",darren@dorsetreclaim.org.uk,"01202 773384","85 Stanley Road",Springbourne,Bournemouth,,Dorset,"BH1 4SD",,,,,,,,1,,,1,,,1,,,1,,,1,,,1,,,1,,,1,,,,50.72968030,-1.85585310,0,460300d538872aa2225dd66f68bf2784,0,20,"2018-02-01 14:01:09",1,"2020-04-24 10:17:13"
542,11,"Dorset Reclaim (1)",kirsty@dorsetreclaim.org.uk,"3 Didcot Road",,Poole,,Poole,Dorset,"BH17 0GD",,,,,,,,1,,,1,,,1,,,1,,,1,,,1,,,1,,,1,,,,50.74079220,-1.97915760,0,2d4a830458c31636ccafbed233153aa4,0,20,"2018-02-01 14:02:56",1,"2020-04-24 10:17:13"
543,11,"Dorset Reclaim(2)",rebecca@dorsetreclaim.org.uk,"01305 267 711","Unit 5","Poundbury West Ind Estate","Poundbury Road",Dorchester,Dorset,"DT1 2PG",,,,,,,,1,,,1,,,1,,,1,,,1,,,1,,,1,,,1,,,,50.71660530,-2.45035650,0,bbfa4025fdcfc0f1f755351740d1d2aa,0,20,"2018-02-01 14:05:28",1,"2020-04-24 10:17:13"
544,11,"Dunston Furniture (ST Oswalds Hospice)",retailhelpdesk@stoswaldsuk.org,"01914 932 873","13-16 Ellison Road",Dunston,,,"Tyne and Wear","NE11 9SS",,,,,,,,0,,,1,,,1,,,1,,,1,,,1,,,1,,,1,,,,54.95060780,-1.64099340,0,f62d859bcba723e23b5030d2f39521eb,0,20,"2018-02-01 14:07:15",1,"2020-04-24 10:17:13"
545,11,"EFI Sighthill Superstore",donations@foursquare.org.uk,"01314 503 900","5 Bankhead",Medway,,,Edinburgh,"EH11 4BY",,,,,,,,1,,,1,,,1,,,1,,,1,,,1,,,1,,,1,,,,55.92579310,-3.29614580,0,a08d7ef07215c35effbe0f9a71793938,0,20,"2018-02-01 14:08:56",1,"2020-04-24 10:17:13"
546,11,Emmaus,contact@emmaus.org.uk,"01453 766 563","54-56 London Road",,,,Stroud,"GL5 2AB",,,,,,,,1,,,1,,,1,,,1,,,1,,,1,,,1,,,1,,,,51.74402230,-2.21688860,0,e65ac06c60b7352af2614389427e2452,0,20,"2018-02-01 14:10:19",1,"2020-04-24 10:17:13"
547,11,"Emmaus (1)",contact@emmaus.org.uk,"07793 936 184","Market Street",,,,Nailsworth,"GL6 0BX",,,,,,,,0,,,0,,,0,,,0,,,0,,,0,,,0,,,0,,,,51.69421650,-2.21900840,1,8d50e3f722deacdbf1f5a0595b3b649f,0,20,"2018-02-01 14:11:44",1,"2020-04-24 10:17:13"
548,11,"Emmaus Bolton",info@crestcooperative.co.uk,"01204 398056","Derby Barracks","Fletcher Street",Bolton,,Lancashire,"BL3 6NF",,,,,,,,1,,,1,,,1,,,1,,,1,,,1,,,1,,,1,,,,53.57214050,-2.43491030,0,7f02b08ce15f2d99b742c69d509ec1e3,0,20,"2018-02-01 14:14:31",1,"2020-04-24 10:17:13"
549,11,"Emmaus Brighton & Hove",contact@emmausbrighton.co.uk,"01273 426 474","Drove Road",Portslade,Brighton,Essex,,"BN41 2PA",,,,,,,,0,,,1,,,1,,,1,,,1,,,1,,,1,,,1,,,,50.84378520,-0.22069310,0,64b8e6897c6d365bd83f10540ed96f05,0,20,"2018-02-01 14:26:41",1,"2020-04-24 10:17:13"
550,11,"Emmaus Bristol",info@emmausbristol.org.uk,"01179 540 886","Backfields House","Upper York Street",,,Bristol,"BS2 8Qj",,,,,,,,0,,,1,,,1,,,1,,,1,,,1,,,1,,,1,,,,51.46162910,-2.58903090,0,4f0b46d935d02e05ba1df7d0b0188c3c,0,20,"2018-02-01 14:28:16",1,"2020-04-24 10:17:14"
551,11,"Emmaus (Bristol)",info@emmausbristol.org.uk,"01179 661 436","72 Bedminster Parade",Bedminster,,,Bristol,"BS3 4HL",,,,,,,,0,,,1,,,1,,,1,,,1,,,1,,,1,,,1,,,,51.44385730,-2.59343530,0,02c3538cecd335615d6ab69801a6ef12,0,20,"2018-02-01 14:31:39",1,"2020-04-24 10:17:14"
552,11,"Emmaus By The Sea",contact@emmausbrighton.co.uk,"01273 592 673","Station Road",Southwick,,,"West Sussex","BN42 4AE",,,,,,,,0,,,1,,,1,,,1,,,1,,,1,,,1,,,1,,,,50.83240500,-0.23644880,0,c43a546867b74652d0704b0caa879e7b,0,20,"2018-02-01 14:33:09",1,"2020-04-24 10:17:14"
553,11,"Emmaus Cambridge",info@emmauscambridge.org,"01223 863 657","Green End",Landbeach,Cambridge,Cambridgeshire,,"CB25 9FD",,,,,,,,0,,,1,,,1,,,1,,,1,,,1,,,1,,,1,,,,52.26903200,0.16209360,0,eb7835ec0bab07ec8cd31694742e2e1c,0,20,"2018-02-01 14:35:13",1,"2020-04-24 10:17:14"
554,11,"Emmaus Electrical(Preston)",donations@emmauspreston.org.uk,"01772 796 622","Unit 5","St Johns Shopping Centre","Lancasterr Road",Preston,,"PR1 1FB",,,,,,,,0,,,1,,,1,,,1,,,1,,,1,,,1,,,1,,,,53.76086410,-2.69781980,0,687b198e2f71cb5633883476df2b3b99,0,20,"2018-02-01 14:36:59",1,"2020-04-24 10:17:14"
555,11,"Emmaus Gloucestershire",admin@emmausglos.org.uk,"01452 413 095","Chequers Road","Off Eastern Avenue",,,Gloucester,"GL4  6PN",,,,,,,,0,,,1,,,1,,,1,,,1,,,1,,,1,,,1,,,,51.85277750,-2.22650020,0,388210f076bbf82be0a8f18d29545b1c,0,20,"2018-02-01 14:38:43",1,"2020-04-24 10:17:14"
556,11,"Emmaus Greenwich Community Shop",info@emmausgreenwich.org,"02088 543 426","332 Lee High Road",Lewisham,"Greater London",,,"SE13 5PJ",,,,,,,,0,,,1,,,1,,,1,,,1,,,1,,,1,,,1,,,,51.45842480,0.00441690,0,7c26548eb6785d181bd1344cbcd4feb4,0,20,"2018-02-01 14:40:38",1,"2020-04-24 10:17:14"
557,11,"Emmaus Greenwich:poplar",info@emmausgreenwich.org,"02088 543 426","175-179 E India Dock Rd",Poplar,London,,,"E14 0EA",,,,,,,,0,,,1,,,1,,,1,,,1,,,1,,,1,,,1,,,,51.51140480,-0.01378060,0,fea1153a9d73b8d3c12e6eecd3c4f14f,0,20,"2018-02-01 14:42:11",1,"2020-04-24 10:17:14"
558,11,"Emmaus Greenwich:Welling Shop",info@emmausgreenwich.org,"02088 543 426","66-68 Bellegrove Road",,,,Welling,"DA16 3PY",,,,,,,,0,,,1,,,1,,,1,,,1,,,1,,,1,,,1,,,,51.46321390,0.10420830,0,031fe458e52c36de634a49f160970dc2,0,20,"2018-02-01 14:44:25",1,"2020-04-24 10:17:14"
559,11,"Emmaus In Cambridge",info@emmauscambridge.org,"01223 379 270","76-78 Newmarket Road",,,,Cambridge,"CB5 8DZ",,,,,,,,0,,,1,,,1,,,1,,,1,,,1,,,1,,,1,,,,52.20798370,0.13604620,0,634d4712a675131d8d1492389b495e07,0,20,"2018-02-01 14:46:12",1,"2020-04-24 10:17:14"
560,11,"Emmaus Leeds",info@emmausleeds.co.uk,"01133 807 849","St Marys Street",Leeds,"West Yorkshire",,,"LS9 6DP",,,,,,,,0,,,1,,,1,,,1,,,1,,,1,,,1,,,1,,,,53.80692840,-1.51045740,0,2d69bfdf3ffb723cb52dd315a1bc2b6a,0,20,"2018-02-01 14:47:41",1,"2020-04-24 10:17:14"
561,11,"Emmaus Leeds*",info@emmausleeds.co.uk,01132484288,"Kirkgate Market","Row J","Kirkgate Indoor Market",,Leeds,"LS2 7HY",,,,,,,,0,,,1,,,1,,,1,,,1,,,1,,,1,,,1,,,,53.79762960,-1.53863680,0,0748686f9feeaddef5841a822366215a,0,20,"2018-02-01 14:49:27",1,"2020-04-24 10:17:14"
562,11,"Emmaus Megastore",donations@emmauspreston.org.uk,"01772 796622","Brookfield Street",,,,Preston,"PR1 1NR",,,,,,,,0,,,1,,,1,,,1,,,1,,,1,,,1,,,1,,,,53.76877100,-2.70145360,0,dada67289300af893ff1c6824d80285f,0,20,"2018-02-01 14:50:46",1,"2020-04-24 10:17:14"
563,11,"Emmaus Merseyside",enquiries@emmausmerseyside.org.uk,"01519 281 588","38 Sandy Road",Seaforth,,,Merseyside,"L21 3TW",,,,,,,,0,,,1,,,1,,,1,,,1,,,1,,,1,,,1,,,,53.46714200,-3.00737620,0,5e348e3f7e4df1c1df426916547da535,0,20,"2018-02-01 14:52:41",1,"2020-04-24 10:17:14"
564,11,"Emmaus Bootle",enquiries@emmausmerseyside.org.uk,"07896 416 512","Irlam Road",Bootle,,,Liverpool,"L20 4AE",,,,,,,,0,,,1,,,1,,,1,,,1,,,1,,,1,,,1,,,,53.45007890,-3.00015100,0,a74fbb764af6c55d92dc4d48eba5d114,0,20,"2018-02-01 14:54:29",1,"2020-04-24 10:17:14"
565,11,"Emmaus Oldswan",enquiries@emmausmerseyside.org.uk,"07896 416 512","Choadle Avenue",Oldswan,,,Liverpoole,"L13 3AE",,,,,,,,0,,,1,,,1,,,1,,,1,,,1,,,1,,,1,,,,53.41599310,-2.92312770,0,56d2af294d58c94fc7b0e0cd192a94d6,0,20,"2018-02-01 14:56:19",1,"2020-04-24 10:17:14"
566,11,"Emmaus North East",info@emmaus-northeast.org.uk,"01914 878 825","639 Durham Road","Low Fell",,,Gateshead,"NE9 5HA",,,,,,,,0,,,1,,,1,,,1,,,1,,,1,,,1,,,1,,,,54.93322140,-1.59854260,0,6f1f72d35c49a04d28d1277f8bad2a6a,0,20,"2018-02-01 15:08:16",1,"2020-04-24 10:17:14"
567,11,"Emmaus North East (Hebburn)",info@emmaus-northeast.org.uk,"01914 899 001","Unit 5","St James Mall",,,Hebburn,"NE31 1LE",,,,,,,,0,,,1,,,1,,,1,,,1,,,1,,,1,,,1,,,,54.97292080,-1.51867850,0,193a4938d314c966f378eea340e7639d,0,20,"2018-02-01 15:10:04",1,"2020-04-24 10:17:14"
568,11,"Emmaus North East(South Shields)",info@emmaus-northeast.org.uk,"01914 277 343","Unit 11","St Hilda's Industrial Estate","Station Road",,"South Shields","NE33 !rd",,,,,,,,0,,,1,,,1,,,1,,,1,,,1,,,1,,,1,,,,55.00791670,-1.65783740,0,4dfb763e5fab1c34c98ba3e3180059e2,0,20,"2018-02-01 15:11:59",1,"2020-04-24 10:17:14"
569,11,"Emmaus Potteries",info@emmausnorthstaffs.org.uk,,"77 Meaford Drive",Blurton,"Stoke on Trent",Staffs,,"ST3 2BB",,,,,,,,0,,,1,,,1,,,1,,,1,,,1,,,1,,,1,,,,52.98526910,-2.16426900,0,a31d9545e2440e8878daa625d698870b,0,20,"2018-02-01 15:14:36",1,"2020-04-24 10:17:14"
570,11,"Emmaus Retail",contact@emmaus.org.uk,"01772 796 622","Unit 33","St Johns shopping Centre","Lancaster Road",,Preston,"PR1 1FB",,,,,,,,0,,,1,,,1,,,1,,,1,,,1,,,1,,,1,,,,53.76086410,-2.69781980,0,48a18eb7446d1b905ac245b2815df008,0,20,"2018-02-01 15:16:39",1,"2020-04-24 10:17:14"
571,11,"Emmaus Superstore",donations@emmauspreston.org.uk,"017772 796 622","Units 3&4","Deepdale Mill",,,Preston,"PR1 5BY",,,,,,,,0,,,1,,,1,,,1,,,1,,,1,,,1,,,1,,,,53.76647410,-2.68512390,0,49fd41371e5176743e3a0d77b6b8ce86,0,20,"2018-02-01 15:19:39",1,"2020-04-24 10:17:15"
572,11,"Emmaus Superstore(Preston)",donations@emmauspreston.org.uk,"01772 796 622","Units 3-3 Deepdale Mill Street","Deepdale Mill",,,Preston,"PR1 5BY",,,,,,,,0,,,1,,,1,,,1,,,1,,,1,,,1,,,1,,,,53.76642720,-2.68491260,0,15b828b3c0496009b44df3c06bb9f87f,0,20,"2018-02-01 15:21:07",1,"2020-04-24 10:17:15"
573,11,"Emmaus The Emporium",info@emmauslandr.org,"01455 637 587","Stockwell Head",Hinckley,Leicestershire,,,"LE10 1RD",,,,,,,,0,,,1,,,1,,,1,,,1,,,1,,,1,,,1,,,,52.54248080,-1.37103490,0,61ea2d170221a600e6f536615ef602fc,0,20,"2018-02-01 15:22:43",1,"2020-04-24 10:17:15"
574,11,"Emmaus Works",contact@emmaus.org.uk,"01206 768 887","8-13 Osborne Street",,,,Colchester,"CO2 7DP",,,,,,,,0,,,1,,,1,,,1,,,1,,,1,,,1,,,1,,,,51.88710310,0.90215920,0,48984932a84f75e5d9ecd78c0f5f9af9,0,20,"2018-02-01 15:24:37",1,"2020-04-24 10:17:15"
575,11,"Engage Voluntary Sector Development",information@engagews.org.uk,"01643 707 484","Ground Floor","Alcombe Village Hall","Maeshfield Road",Minehead,Somerset,"TA24 6AQ",,,,,,,,0,,,1,,,1,,,1,,,1,,,1,,,1,,,1,,,,51.19742670,-3.46657870,0,b9bcd0b2a7361259985166e6ea3bb2a9,0,20,"2018-02-01 15:26:55",1,"2020-04-24 10:17:15"
576,11,"Epping Forest Reuse",info@eppingreuse.org.uk,"01992 578 222","The Reuse Cemtre","Bower Hill Ind Estate","Bower Hill",,Epping,"CM16 7BN",,,,,,,,0,,,1,,,1,,,1,,,1,,,1,,,1,,,1,,,,51.69193990,0.11293390,0,c1b2caaf16d0cb60988ebd03902963e0,0,20,"2018-02-01 15:28:27",1,"2020-04-24 10:17:15"
577,11,"Essential Designs (hope Services)",dayservice@hopeservices.org.uk,"07539 282 377","Unit c","Buttermarket House","Exchange Street",Retford,Nottinghamshire,"DN22 6PB",,,,,,,,0,,,1,,,1,,,1,,,1,,,1,,,1,,,1,,,,53.34434470,-0.85923580,0,20a50a62e82984eed53a5f0f996c34b2,0,20,"2018-02-01 15:39:23",1,"2020-04-24 10:17:15"
578,11,"Essential Needs",essentialneeds@gmail.com,"01423 870 040","Back Gladstone Street",Harrogate,,,"North Yorkshire",HG22DF,,,,,,,,0,,,1,,,1,,,1,,,1,,,1,,,1,,,1,,,,,,0,ee42c7b08508420a2274528523474017,0,20,"2018-02-01 15:40:52",1,"2020-04-24 10:17:15"
579,11,FACET,admin@facet.org.uk,"01354 655 080","Marwick Centre","21 Marwick Road",March,Cambridgeshire,,"PE15 8PH",,,,,,,,0,,,1,,,1,,,1,,,1,,,1,,,1,,,1,,,,52.56580550,0.09187750,0,2c465ad12363e2976b679e9d40a45e69,0,20,"2018-02-01 15:42:38",1,"2020-04-24 10:17:15"
580,11,"FACET Community Connection",admin@facet.org.uk,"01733 203 159","25 Market Street",Whittlesey,Peterborough,Cambrirdgeshire,,"PE7 1BA",,,,,,,,0,,,1,,,1,,,1,,,1,,,1,,,1,,,1,,,,52.55637550,-0.12957010,0,d0c5088c37762e7269fafc9fb5ab9937,0,20,"2018-02-01 15:45:34",1,"2020-04-24 10:17:15"
581,11,"FACET Homes and Gardens",admin@facet.org.uk,"01354 657 906","117-119 High Street",March,Cambridgeshire,,,"PE15 9LW",,,,,,,,0,,,1,,,1,,,1,,,1,,,1,,,1,,,1,,,,52.54471370,0.08753650,0,09af32cfc8a0d88fe4bcd59c7514e348,0,20,"2018-02-01 15:47:08",1,"2020-04-24 10:17:15"
582,11,"First Move Furnished",shop@firstmovefurnishaid.com,"01493 854 551","Artillery Square","Great Yarmouth",Norfolk,,"Great Yarmouth","NR30 2LR",,,,,,,,0,,,1,,,1,,,1,,,1,,,1,,,1,,,1,,,,52.60666890,1.73352560,0,df93f041a8ee28b984293f343b3f4b3c,0,20,"2018-02-01 15:49:53",1,"2020-04-24 10:17:15"
583,11,"Foursquare/Edinburgh Furniture Initiative",donations@foursquare.org.uk,"01315 577 902","67a Logie Green Road",,,,Edinburgh,"EH7 4HF",,,,,,,,0,,,1,,,1,,,1,,,1,,,1,,,1,,,1,,,,55.96629590,-3.19709670,0,854005e6994c37be85649691d5cca16f,0,20,"2018-02-01 15:53:23",1,"2020-04-24 10:17:15"
584,11,Frade,enquiries@frade.co.uk,"01642 245 927","426 Marton Road",,,,Middlesborough,"TS4 2PT",,,,,,,,0,,,1,,,1,,,1,,,1,,,1,,,1,,,1,,,,54.55734000,-1.22236770,0,c8d71b98ea8f04b374115a381be4b7d7,0,20,"2018-02-01 16:04:00",1,"2020-04-24 10:17:15"
585,11,Frade*,enquiries@frade.co.uk,"01642 608 791","The Green House","68-69 Brunswick Street","Stockton on Tees",,Durham,"TS18 1DR",,,,,,,,0,,,1,,,1,,,1,,,1,,,1,,,1,,,1,,,,54.56259040,-1.31651070,0,80704f85dafcaa929be7f20f8f8d321e,0,20,"2018-02-01 16:06:55",1,"2020-04-24 10:17:15"
586,11,FRESCH,office@fresch.org.uk,"01707 395 635","26-28 Hyde Way","Welwyn Garden City",,,Hertfordshire,"AL7 3UQ",,,,,,,,0,,,1,,,1,,,1,,,1,,,1,,,1,,,1,,,,51.80016780,-0.19718730,0,b9db6da1a3cfff80d1c6c091ad5bb492,0,20,"2018-02-01 16:09:08",1,"2020-04-24 10:17:15"
589,11,Furnitrust,info@furnitrust.org.uk,"01823 253 053","The former Library","Eastwick Road",Priorswood,Taunton,Somerset,"TA2 7HD",,,,,,,,0,,,1,,,1,,,1,,,1,,,1,,,1,,,1,,,,51.03257320,-3.09209450,0,00b6ff17dd1f96242721e2c7c0b42afb,0,20,"2018-02-01 16:17:38",1,"2020-04-24 10:17:16"
590,11,"Furniture Helpline",info@furniturehelpline.org.uk,"01420 489 000","Hampshire House","Hampshire Road",Bordon,,Hampshire,"GU35 0HJ",,,,,,,,0,,,1,,,1,,,1,,,1,,,1,,,1,,,1,,,,51.11803890,-0.86132740,0,f7d25954c1ef14d72d7365bfcd51357a,0,20,"2018-02-01 16:19:07",1,"2020-04-24 10:17:16"
591,11,"Furniture Link Guildford",sales@furniturelinkuk.co.uk,"01483 506 504","Unit 2b","Merrow Business Park",Guildford,,Surrey,"GU4 7WA",,,,,,,,0,,,1,,,1,,,1,,,1,,,1,,,1,,,1,,,,51.25672150,-0.53202290,0,9ae43f2932403cdd8571423300a17a2b,0,20,"2018-02-01 16:20:51",1,"2020-04-24 10:17:16"
592,11,"Furniture Matters",office@furniturematters.org.uk,"01524 426 622","56-58 Euston Road",,,,Morecambe,"LA4 5DG",,,,,,,,0,,,1,,,1,,,1,,,1,,,1,,,1,,,1,,,,54.07213180,-2.86448620,0,80af82ec8bd0ff2a7717fb28ecf45438,0,20,"2018-02-01 16:22:17",1,"2020-04-24 10:17:16"
593,11,"Furniture Matters Blackpool",office@furniturematters.org.uk,"01524 428 055","3a-5b Caunce Street",,,,Blackpool,"FY1 3DN",,,,,,,,0,,,1,,,1,,,1,,,1,,,1,,,1,,,1,,,,53.81847520,-3.04773040,0,c1e219d036d0084590808358b56e97e6,0,20,"2018-02-01 16:23:53",1,"2020-04-24 10:17:16"
594,11,"Furniture Plus",enquiries@furnitureplus.org.uk,"01592 654 546","7-21 Alexander Street",,,,Dysart,"KY1 2XX",,,,,,,,0,,,1,,,1,,,1,,,1,,,1,,,1,,,1,,,,56.12952940,-3.12281540,0,ce89bb9487820f4215f92a354fcb202e,0,20,"2018-02-01 16:25:27",1,"2020-04-24 10:17:16"
595,1,"Vecta Group",info@vecta-group.co.uk,"0208 989 0449","40a/b River Road",Barking,,,Essex,"IG11 0DW",www.vecta-group.co.uk,,,,,,,0,,,0,,,0,,,0,,,0,,,0,,,0,,,0,,,,51.52055270,0.09725700,1,f2978b2975d404623c847531cae90150,0,7,"2018-02-02 08:41:05",1,"2020-08-10 12:07:55"
596,1,"White Skip Hire",info@whiteskiphire.co.uk,"020 8595 1388","75-77 Chequers Lane",,,,Dagenham,"RM9 6QJ",www.whiteskiphire.co.uk,,,,,,,0,,,0,,,0,,,0,,,0,,,0,,,0,,,0,,,,51.51918930,0.14503280,1,6978dde2438c17977318d40ce9ff4d36,0,7,"2018-02-02 08:45:55",1,"2020-08-10 12:07:57"
597,1,"Expert Skip Hire",info@expertskiphire.co.uk,01323372199,"Unit 3 Cradle Hill Industrial Eatate",Seaford,"East Sussex",,,"BN25 3JE",www.expertskiphire.co.uk,Bryony,,,,95,5,0,"portal/encore/UserFiles/SysDocs/bb_encore_suppliers/10000/597/WCL expires 24.02.19.pdf","2019-02-24 00:00:00",0,,,1,,,1,,,1,,,1,,,1,"portal/encore/UserFiles/SysDocs/bb_encore_suppliers/10000/597/Liability Insurance 15.12.19.pdf","2019-12-15 00:00:00",0,,,,50.78414500,0.12265120,1,8cff646c14d3e535ad8453b258dfc064,0,11,"2018-02-02 15:37:48",1,"2020-08-10 12:07:42"
598,11,"Furniture plus Dunfermline",enquiries@furnitureplus.org.uk,"01383 720131","Unit 1","Castle Business Park","Queensferry road",,Dunefermline,"KY11 8NT",,,,,,,,0,,,1,,,1,,,1,,,1,,,1,,,1,,,1,,,,56.05453510,-3.43831770,0,5e98451587f87f495806f1907f916b15,0,20,"2018-02-05 10:42:17",1,"2020-04-24 10:17:16"
599,11,"furniture Project (Worksop)",recycle@thefurntiureproject.net,"07589 282377","Unit 3","44-46 Carlton Road",,,Worksop,"S80 1PH",,,,,,,,0,,,1,,,1,,,1,,,1,,,1,,,1,,,1,,,,53.30836050,-1.12172510,0,28906229377f7742fcf9d472258384a8,0,20,"2018-02-05 10:54:38",1,"2020-04-24 10:17:16"
600,11,"Furniture Recycling Project",sales@frpglos.org.uk,"01452 302303","Unit 12-14","Station Road",Gloucester,,Gloucestershire,"GL1 1SL",,,,,,,,0,,,1,,,1,,,1,,,1,,,1,,,1,,,1,,,,51.86655590,-2.24238500,0,5420ca2724313a6d1a48eab0023c61d5,0,20,"2018-02-05 10:56:22",1,"2020-04-24 10:17:16"
601,11,"Furniture Recycling Project (Cheltenham)",cheltenham@frpglos.org.uk,"01242 220 296","294 High Street",Cheltenham,,,Gloucesstershire,"GL50 3HQ",,,,,,,,0,,,1,,,1,,,1,,,1,,,1,,,1,,,1,,,,51.90264470,-2.07801860,0,40bb9788f2e12eaf541924c417899142,0,20,"2018-02-05 10:58:09",1,"2020-04-24 10:17:16"
602,11,"Furniture Recycling Project (Tewkesbury)",sales@frpglos.org.uk,"01684 292 745","Unit 5F","Delta Drive",,,Tewkesbury,"GL20 8HB",,,,,,,,0,,,1,,,1,,,1,,,1,,,1,,,1,,,1,,,,52.00048180,-2.12941870,0,7606548ca63ab26d629e455f41b64f66,0,20,"2018-02-05 11:00:17",1,"2020-04-24 10:17:16"
603,11,"Furniture Recycling Project (Angus)",frs@live.org.uk,"01241 437 438","Unit 1","Wardmill Works","Wardmill Road",Arbroath,Angus,"DD11 1SA",,,,,,,,0,,,1,,,1,,,1,,,1,,,1,,,1,,,1,,,,56.56437940,-2.58690700,0,e3e02d4efaa25b1142f2fdb87a2909e2,0,20,"2018-02-05 11:06:51",1,"2020-04-24 10:17:16"
604,11,"Garstang Community Recycling & Re-use Centre",enquiries@lancashire.gov.uk,"Claughton Industrial Estate","Brockholes Way",Catterall,"Nr Garstang",,Catterall,"PR3 0PZ",,,,,,,,0,,,1,,,1,,,1,,,1,,,1,,,1,,,1,,,,53.87400780,-2.75693670,0,94cf21428d8d011cf4b1de277b75b4e1,0,20,"2018-02-05 11:09:08",1,"2020-04-24 10:17:16"
605,11,"Gateway Furniture-The Gate",referrals@gatewayfurniture.org.uk,"01793 683 146","The Gate","Havelock Square",,,Swinden,"SN1 1LE",,,,,,,,0,,,1,,,1,,,1,,,1,,,1,,,1,,,1,,,,51.56033600,-1.78517460,0,08d14c33c0cb27231430d4f95bcaa2fb,0,20,"2018-02-05 11:10:32",1,"2020-04-24 10:17:17"
606,11,"Gateway Furniture Project",referrals@gatewayfurniture.org.uk,"01793 683 146","The Trinity Centre","Stonehill Green",Swindon,,Wiltshire,"SN5 7AR",,,,,,,,0,,,1,,,1,,,1,,,1,,,1,,,1,,,1,,,,51.56184770,-1.81779850,0,e29bce7487c255f6ef45b47b5ee1dc66,0,20,"2018-02-05 11:12:37",1,"2020-04-24 10:17:17"
607,11,"Genesis Trust",office@genesistrust.org.uk,"01225 421 111","31a West Avenue","Oldfield Park",,,Bath,"BA2 3QB",,,,,,,,0,,,1,,,1,,,1,,,1,,,1,,,1,,,1,,,,51.37831660,-2.38185090,0,4a22669a2a259ef277252bc71ccca5c9,0,20,"2018-02-05 11:14:00",1,"2020-04-24 10:17:17"
608,11,"Gift 92 (guild Initiative for furniture)",mail@gift92.com,"01772 716 572","Unit 2","Off Boundary Road",Plungington,Preston,Lancastershire,"PR2 3DS",,,,,,,,0,,,1,,,1,,,1,,,1,,,1,,,1,,,1,,,,53.78833950,-2.68393060,0,50c3120903b681869acf628c74758d09,0,20,"2018-02-05 11:24:09",1,"2020-04-24 10:17:17"
609,11,"Hamelin Trust (Billericay)",enquries@hamelintrust.org.uk,"01277 653 889","19 Radford Crescent",Billericay,Essex,,Essex,"CM12 0DU",,,,,,,,0,,,1,,,1,,,1,,,1,,,1,,,1,,,1,,,,51.63107360,0.41483020,0,09410a7000233d07b0faaed1ad208cc9,0,20,"2018-02-05 11:26:04",1,"2020-04-24 10:17:17"
610,11,"Hamelin Trust (Laindon)",enquries@hamelintrust.org.uk,"01268 411 744","33-35 Laindon Centre",Laindon,Essex,,Laindon,"SS15 5TQ",,,,,,,,0,,,1,,,1,,,1,,,1,,,1,,,1,,,1,,,,51.57436710,0.42335430,0,967287ea3f734b557daa37279700bcfe,0,20,"2018-02-05 11:28:40",1,"2020-04-24 10:17:17"
611,11,"Hamelin Trust(Shenfield)",enquries@hamelintrust.org.uk,"01277 220 447","250 Hutton Road",Shenfield,Essex,,Shenfiled,"CM15 8PA",,,,,,,,0,,,1,,,1,,,1,,,1,,,1,,,1,,,1,,,,51.63118540,0.32965040,0,f0645edfbb9ca47ce529e43d56b9bddb,0,20,"2018-02-05 11:31:33",1,"2020-04-24 10:17:17"
612,11,"High Wycombe Central Aid Furniture",office@central-aid.org.uk,"01494 535 890","West Richardson Sreet","High Wycombe",Buckinghamshire,,"High Wycombe","HP11 2SB",,,,,,,,0,,,1,,,1,,,1,,,1,,,1,,,1,,,1,,,,51.63243750,-0.76347890,0,08b624e6e959f37be1acc0e7c12d106e,0,20,"2018-02-05 11:33:44",1,"2020-04-24 10:17:17"
613,11,"Home Basics",hawick@homebasics.org.uk,"01450 363 974","Unit 2","Annfield Business Centre","Teviot Crescent",,Hawick,"TD9 9RE",,,,,,,,0,,,1,,,1,,,1,,,1,,,1,,,1,,,1,,,,55.42474320,-2.78630930,0,fd42142eda2fc5a90f8cda8f25f6903e,0,20,"2018-02-05 11:35:33",1,"2020-04-24 10:17:17"
614,11,"Home Basics (Tweeddale) Co Ltd",walkerburn@homebasics.org.uk,"01896 870 455","Unit 7","Tweeddale Mills Estate",Walkerburn,"Scottish Borders",Walkerburn,EH43,6AB,,,,,,,0,,,1,,,1,,,1,,,1,,,1,,,1,,,1,,,,55.62173400,-2.98015400,0,5fad1319323662332108c5c08154fe0d,0,20,"2018-02-05 11:38:25",1,"2020-04-24 10:17:17"
615,11,"Home Comforts",info@homecomfortsaberdeen.co.uk,"01224 586 457","1-3 Great Western Road",,,,Aberdeen,"AB10 6PZ",,,,,,,,0,,,1,,,1,,,1,,,1,,,1,,,1,,,1,,,,57.13981750,-2.11455320,0,ef7b5bda8842277e33fcef16370300f9,0,20,"2018-02-05 11:39:41",1,"2020-04-24 10:17:17"
616,11,"Hope Services",dayservice@hopeservices.org.uk,"01909 531 294","17 Queen Street",Worsop,Nottinghamshire,,Worksop,"S80 2AN",,,,,,,,0,,,1,,,1,,,1,,,1,,,1,,,1,,,1,,,,53.30324110,-1.12231030,0,4280daab87fb60fea7723fbc6775b0ce,0,20,"2018-02-05 11:51:34",1,"2020-04-24 10:17:17"
617,11,Hopeworx,info@hopeworx.org.uk,"01268 743 232","33 Brooke Road","Brook Road Industrial Estate",Rayleigh,Essex,Rayleigh,"SS6 7XJ",,,,,,,,0,,,1,,,1,,,1,,,1,,,1,,,1,,,1,,,,51.57726770,0.61130600,0,e68fbf07f38d1ed5f83c2fd4e1c8dcb0,0,20,"2018-02-05 11:53:43",1,"2020-04-24 10:17:17"
618,11,"Horsham Matters",info@horsham-matters.org.uk,"01403 211 833",,"Micah House","Blatchford Road",Horsham,"West Sussex","RH13 5QR",,,,,,,,0,,,1,,,1,,,1,,,1,,,1,,,1,,,1,,,,51.06949670,-0.30854000,0,086292a53cce1bac515977e06f1b3564,0,20,"2018-02-05 11:55:29",1,"2020-04-24 10:17:17"
619,11,"Horsham Matters (Billingshurst)",info@horsham-matters.org.uk,"0300 124 0204","10 Jengers Mead",,,,Billingshurst,"RH14 9PB",,,,,,,,0,,,1,,,1,,,1,,,1,,,1,,,1,,,1,,,,51.02441850,-0.45150640,0,9b3d2e8bcd7a6c7905178525a7a3f6cb,0,20,"2018-02-05 11:57:34",1,"2020-04-24 10:17:17"
621,11,"IFS Barrow",enquiry@impacthousing.org.uk,"01229 311 002","Unit 12","Forge Close","Barrow in Furness",,Cumbria,"LA14 2UF",,,,,,,,0,,,1,,,1,,,1,,,1,,,1,,,1,,,1,,,,54.12236810,-3.24286750,0,56827ea2ad797082e1abce94e2ff8bee,0,20,"2018-02-05 12:00:31",1,"2020-04-24 10:17:17"
622,11,"IFS Carlisle",enquiry@impacthousing.org.uk,"01228 633 655","47 Nelson Street","Denton Holme",,,Carlisle,"CA2 5NE",,,,,,,,0,,,1,,,1,,,1,,,1,,,1,,,1,,,1,,,,54.88785790,-2.94450730,0,d5d3da1c709782bb7325aa0cfa1e59e3,0,20,"2018-02-05 12:01:58",1,"2020-04-24 10:17:17"
623,11,"IFS West",enquiry@impacthousing.org.uk,"01900 68648","Unit 6 & 7","Enterprise Court","Lakes Road","Derwent Howe",Workington,"CA14 3YP",,,,,,,,0,,,1,,,1,,,1,,,1,,,1,,,1,,,1,,,,54.63576300,-3.56765660,0,968c21bec174eae66804225c26f6b25a,0,20,"2018-02-05 12:04:00",1,"2020-04-24 10:17:18"
624,11,"ILM Highland",ilm@ilmhighland.co.uk,"01349 884 774","Unit 1G","Teaninich Industrial Estate",Alness,,highland,"IV17 0XS",,,,,,,,0,,,1,,,1,,,1,,,1,,,1,,,1,,,1,,,,57.69173110,-4.26995440,0,196721b24c3dd9b862787f4da7835c5a,0,20,"2018-02-05 12:05:59",1,"2020-04-24 10:17:18"
625,11,"Instant Neighbour",reception@instantneighbour.co.uk,"01224 489 955","5 St Machar Drive",,,,Aberdeen,"AB24 3YJ",,,,,,,,0,,,1,,,1,,,1,,,1,,,1,,,1,,,1,,,,57.16670430,-2.11382640,0,268221a8145aae76af31915d1770aeec,0,20,"2018-02-05 12:07:35",1,"2020-04-24 10:17:18"
626,11,"Ipswich Furniture Project Furniture Shop",service@ipswichfp.org,"01473 404004","4-10 St. Matthew's Street",,,,Ipswich,"IP1 3EU",,,,,,,,0,,,1,,,1,,,1,,,1,,,1,,,1,,,1,,,,52.05970230,1.14877200,0,c5556619ba0ec391e3cfe0b3ecef7dcd,0,20,"2018-02-05 12:17:35",1,"2020-04-24 10:17:18"
627,11,"KCF Shop",info@kcfurniture.org.uk,"02089 425 500","1-3 Dollary Parade","Kingston Road",,,Kingston,"KT1 3PD",,,,,,,,0,,,1,,,1,,,1,,,1,,,1,,,1,,,1,,,,51.40624460,-0.28180950,0,9b579e1a01501d94fa34726084a338e6,0,20,"2018-02-05 12:19:08",1,"2020-04-24 10:17:18"
628,11,"Kennet Furniture Refurbiz",info@kfr.org.uk,"01380 720 200","Unit 6B (5)","Hopton Industrial Estate",Devizes,,Wiltshire,"SN10 2EU",,,,,,,,0,,,1,,,1,,,1,,,1,,,1,,,1,,,1,,,,51.36611430,-1.97248660,0,359af2b3c35d142c53cff6b7e0a93770,0,20,"2018-02-05 12:21:50",1,"2020-04-24 10:17:18"
629,11,"Kingdom Hertage Foundation",admin@kingdomheritage.org,"02086 808 693","520 Purley Way",,,,Croydon,"CR0 4RE",,,,,,,,0,,,1,,,1,,,1,,,1,,,1,,,1,,,1,,,,51.36382930,-0.11866010,0,d90ec57ac97be71be92ca0c82f91b3c6,0,20,"2018-02-05 12:23:27",1,"2020-04-24 10:17:18"
630,11,"La Boutique (Emmaus LandR)",info@emmauslandr.org,"01455 634 098","47 Castle Street",,,,Hinckley,"LE10 1DA",,,,,,,,0,,,1,,,1,,,1,,,1,,,1,,,1,,,1,,,,52.54171910,-1.36980720,0,85c5e767b5fc200be4ed23b380737372,0,20,"2018-02-05 12:25:00",1,"2020-04-24 10:17:18"
631,11,"Learning Links-Furnish",info@learninglinks.co.uk,"02392 296 460","53-55 Kingston Road",Portsmouth,Hampshire,,Portsmouth,"PO2 7DP",,,,,,,,0,,,1,,,1,,,1,,,1,,,1,,,1,,,1,,,,50.80793920,-1.07755700,0,65b9995d069a0329037505e4e7488741,0,20,"2018-02-05 12:27:11",1,"2020-04-24 10:17:18"
632,11,"Learning Links-Furnish Warehouse",info@learninglinks.co.uk,"02392 296 460","Unit 3","Castle Trading Estate",Portchester,Hampshire,Portchester,"PO16 9SF",,,,,,,,0,,,1,,,1,,,1,,,1,,,1,,,1,,,1,,,,50.84567440,-1.11850220,0,ca98146f3c69c43c653d70288b8c772e,0,20,"2018-02-05 12:30:55",1,"2020-04-24 10:17:18"
633,11,"Leeds and Moortown Furniture Store",info@leedsandmoortown.org.uk,"01132 739 727","Unit D","Seacroft Industrial","Coal Road",,Leeds,"LS14 2AQ",,,,,,,,0,,,1,,,1,,,1,,,1,,,1,,,1,,,1,,,,53.82754660,-1.45608580,0,0f863d41125c80be7d6baa0cd6911d93,0,20,"2018-02-05 12:32:29",1,"2020-04-24 10:17:18"
634,11,"Lighthouse Furniture Project",admin@lighthousefurniture.org,"01277 205 888","Unit 27","Tallen Road",Hutton,Brentwood,Essex,"CM13 1TE",,,,,,,,0,,,1,,,1,,,1,,,1,,,1,,,1,,,1,,,,51.63765410,0.35385750,0,fd214fff9ee3972428027b17eaa548a2,0,20,"2018-02-05 12:34:14",1,"2020-04-24 10:17:18"
635,11,"Llantrisant Tip Shop (Wastesavers)",reception@wastesavers.co.uk,"01633 216 855","Llantrisant Tip",,,,Pontyclun,"CF72 8xz",,,,,,,,0,,,1,,,1,,,1,,,1,,,1,,,1,,,1,,,,51.55471640,-3.38380940,0,fb60f7a43df5c70838320dfc78ae1a6c,0,20,"2018-02-05 12:36:09",1,"2020-04-24 10:17:18"
636,11,"Loaves N Fishes Warehouse",enquiries@loavesnfishes.co.uk,"01215 597 443","55a Vicarage Road",Halesowen,"West Midlands",,Halesowen,"B62 8HU",,,,,,,,0,,,1,,,1,,,1,,,1,,,1,,,1,,,1,,,,52.47212570,-2.03852640,0,04a48c199cb8cf83e84cb711c13e4205,0,20,"2018-02-05 12:37:36",1,"2020-04-24 10:17:18"
637,11,"Melton & District Furniture Project",melton@meltonfurnitureproject.co.uk,"01664 410 380","The Warehouse","3B Park Road","Melton Mowbray",Leicestershire,"Melton Mowbray","LE13 1TT",,,,,,,,0,,,1,,,1,,,1,,,1,,,1,,,1,,,1,,,,52.76702400,-0.88952540,0,0a3cd0de081af43c7c4d7df38663bdae,0,20,"2018-02-05 12:39:52",1,"2020-04-24 10:17:18"
638,11,"Michael Lowe's & Associated Charities",sjames@ansonssolicitors.com,"01543 300 433","5-7 Breadmarket Street",Lichfield,Staffordshire,,Lichfield,"WS13 6LQ",,,,,,,,0,,,1,,,1,,,1,,,1,,,1,,,1,,,1,,,,52.68328580,-1.82780350,0,bd5bfc4d6ecc3aec8d332f651526d655,0,20,"2018-02-05 12:41:47",1,"2020-04-24 10:17:18"
639,11,"Nailsworth Shop (Emmaus Gloucestershire)",ali.keenan@emmaus.org.uk,"01453 835 036","The old Co-op","Market Street",,,Nailsworth,"GL6 0BX",,,,,,,,0,,,1,,,1,,,1,,,1,,,1,,,1,,,1,,,,51.69421650,-2.21900840,0,938dfca2ff8e2c7894114b06b5c9a1fb,0,20,"2018-02-05 12:43:19",1,"2020-04-24 10:17:18"
641,11,"New Start Highland",reception@newstarthighland.org,"01847 890 696","Unit 6","Ormlie Industrial Estate",Thurso,,Caithness,"KW14 7QU",,,,,,,,0,,,1,,,1,,,1,,,1,,,1,,,1,,,1,,,,58.58618760,-3.53805670,0,563366f5cc8f3250522e97619f8da193,0,20,"2018-02-05 13:06:56",1,"2020-04-24 10:17:19"
642,11,"New Start Highland - Fort William",reception@newstarthighland.org,"01463 223 524","Ben Nevis Industrial Estate",,,,,"PH33 6PR",,,,,,,,0,,,1,,,1,,,1,,,1,,,1,,,1,,,1,,,,56.82506190,-5.08518110,0,a8f0ab61ab2772dde403b1916318051a,0,20,"2018-02-05 13:08:46",1,"2020-04-24 10:17:19"
643,11,"New Start Highland - Inverness",reception@newstarthighland.org,"01463 223 524","9 Carsegate Road North",Inverness,Inverness-shire,,Inverness,"IV1 1ES",,,,,,,,0,,,1,,,1,,,1,,,1,,,1,,,1,,,1,,,,57.47937470,-4.22791820,0,1676cb1dbd072bbe403e977ab8e65f18,0,20,"2018-02-05 13:11:11",1,"2020-04-24 10:17:19"
644,11,"Newbury Community Reuse Centre",enquiries@cfpnewbury.org,"01635 500 878","Slater Centre","Buckner-Croke Way","Greenham Business Park",,Newbury,"RG19 6HN",,,,,,,,0,,,1,,,1,,,1,,,1,,,1,,,1,,,1,,,,51.37502400,-1.28198990,0,0d23d009409d0c72449e1a7eef1536f5,0,20,"2018-02-05 13:13:12",1,"2020-04-24 10:17:19"
645,11,"Newground Reuse",infomation@newgroundreuse.com,"0300 555 5573","Pickup Street",Blackburn,,,Lancashire,"BB1 5DW",,,,,,,,0,,,1,,,1,,,1,,,1,,,1,,,1,,,1,,,,53.75156900,-2.47152110,0,34a19463de8be0b22f42d76533fb4a93,0,20,"2018-02-05 13:15:00",1,"2020-04-24 10:17:19"
646,11,Newstarts,info@newstarts.org.uk,"01527 882 410","1 Sherwood Road","Aston Fields",Bromsgrove,Worcestershire,Bromsgrove,"B60 3DR",,,,,,,,0,,,1,,,1,,,1,,,1,,,1,,,1,,,1,,,,52.31925890,-2.05863810,0,ce08ff7b75d686f0b0dfc8ef027a9c6b,0,20,"2018-02-05 13:16:51",1,"2020-04-24 10:17:19"
647,11,"NOAH Boutique",joy.surridge@noahenterprise.org,"01582 723 146","3-5 George Street",,,,Luton,"LU1 2AA",,,,,,,,0,,,1,,,1,,,1,,,1,,,1,,,1,,,1,,,,51.87796790,-0.41394570,0,a51bcd8c73f73c31412c2b14f323b266,0,20,"2018-02-05 13:18:12",1,"2020-04-24 10:17:19"
648,11,"NOAH Enterprise Furniture Warehouse",joy.surridge@noahenterprise.org,"01582 484 001","54 church Street",,,,Luton,"LU1 3JG",,,,,,,,0,,,1,,,1,,,1,,,1,,,1,,,1,,,1,,,,51.88019860,-0.41067090,0,f98097ada2701e793d7df7c11728a8f7,0,20,"2018-02-05 16:04:08",1,"2020-04-24 10:17:19"
649,11,"NOAH Shop",joy.surridge@noahenterprise.org,"01585 736 751","20-22 High Town Road",,,,Luton,"LU2 0DD",,,,,,,,0,,,1,,,1,,,1,,,1,,,1,,,1,,,1,,,,51.88329200,-0.41335150,0,c2b78dd401845c92f282b2f6c62580a8,0,20,"2018-02-05 16:10:09",1,"2020-04-24 10:17:19"
650,11,"Nu Life Furniture",admin@nulifefurniture.co.uk,"02920 342 695","Unit 2","Anchor Industrial Estate","Dumballs Road",,Cardiff,"CF10 5FF",,,,,,,,0,,,1,,,1,,,1,,,1,,,1,,,1,,,1,,,,51.46976270,-3.17329490,0,b9fe2fea74d688955855c531a28011c8,0,20,"2018-02-05 16:12:07",1,"2020-04-24 10:17:19"
651,11,"Open Door Furniture Recycling",info@furniturerecycling.org.uk,"01282 452 400","Unit 6","Briercliffe Business Centre","Burnley Road",Burnley,Lancashire,"BB10 2HG",,,,,,,,0,,,1,,,1,,,1,,,1,,,1,,,1,,,1,,,,53.81212210,-2.20310290,0,3b2b7ea475434d67509b5d872cc6a7d9,0,20,"2018-02-06 09:02:18",1,"2020-04-24 10:17:19"
653,11,"Pembrokeshire Frame (Dock)",INFO@FRAMELTD.CO.UK,"01646 622 288","Unit 17","Kingswood Industrial Estate","London Road",,"Pembroke Dock","SA72 4RS",,,,,,,,0,,,1,,,1,,,1,,,1,,,1,,,1,,,1,,,,51.69251070,-4.92535190,0,3f80cae87e512ead9db2ad0b6f13d410,0,20,"2018-02-06 09:07:03",1,"2020-04-24 10:17:19"
654,11,"Pembrokeshire Frame (Goodwick)",INFO@FRAMELTD.CO.UK,"01348 874 266","Unit 2","Goodwick Industrial Estate","Main Street",,Goodwick,"SA64 0BD",,,,,,,,0,,,1,,,1,,,1,,,1,,,1,,,1,,,1,,,,52.00376260,-4.99586340,0,52e7db30e61ba637d041b22d256494da,0,20,"2018-02-06 09:09:13",1,"2020-04-24 10:17:19"
655,11,"Preloved Of Armley (ST George's Crypt)",ADMIN@STGEORGESCRYPT.ORG.UK,"01132 797 732","40-46 Town Street",armley,,,Leeds,"LS12 3AA",,,,,,,,0,,,1,,,1,,,1,,,1,,,1,,,1,,,1,,,,53.79674280,-1.59155390,0,3598759542b71881af37e38ff5482f10,0,20,"2018-02-06 09:11:36",1,"2020-04-24 10:17:19"
656,11,"Preloved Of Pudsey",CAROLYN.FALLOON@STGEORGESCRYPT.ORG.UK,"01132 576 965","27 Church Lane",,,,Pudsey,"LS28 7LD",,,,,,,,0,,,1,,,1,,,1,,,1,,,1,,,1,,,1,,,,53.79627510,-1.66388190,0,8d96ca46f6d68e9ab710bfe5b7f22ebc,0,20,"2018-02-06 09:13:05",1,"2020-04-24 10:17:19"
657,11,"Project Colt",info@projectcolt.org.uk,"01422 377 176","Bridgefield Mill","Elland Bridge",Halifax,,"West Yorkshire","HX5 0SG",,,,,,,,0,,,1,,,1,,,1,,,1,,,1,,,1,,,1,,,,53.68812700,-1.84057520,0,bfd9a29d5175df48fc7df4fe3b041229,0,20,"2018-02-06 09:14:58",1,"2020-04-24 10:17:20"
658,11,"QSA Homestore",HOMESTORE@QSA.ORG.UK,"02085 196 264","Unit 2","Maryland Industrial Estate","26 Maryland Road",Stratford,London,"E15 1JW",,,,,,,,0,,,1,,,1,,,1,,,1,,,1,,,1,,,1,,,,51.54823070,0.00308280,0,3b2c7f3bc42e5d8f89756a4b4487f95c,0,20,"2018-02-06 09:24:08",1,"2020-04-24 10:17:20"
659,11,RE:Source,resourcebodmin@cornwallhospice.co.uk,"01208 269 296","Bodmin Business Park","Launceston Road",Bodmin,Cornwall,,"PL31 2RJ",,,,,,,,0,,,1,,,1,,,1,,,1,,,1,,,1,,,1,,,,50.47740730,-4.70071680,0,6713ea99cf218c34c57f33acd8c657fc,0,20,"2018-02-06 09:26:38",1,"2020-04-24 10:17:20"
660,11,"RE:SOURCE Warehouse",resourcebodmin@cornwallhospice.co.uk,"01208 269 296","3 Lucknow Road","Walker Lines Industrial Estate",Bodmin,,Cornwall,"PL31 1EZ",,,,,,,,0,,,1,,,1,,,1,,,1,,,1,,,1,,,1,,,,50.45810640,-4.70294210,0,6bd14e3e21230384d6c5264f352aa1d1,0,20,"2018-02-06 09:33:49",1,"2020-04-24 10:17:20"
661,11,"Reclaim (East Thames Group)",reclaim@eastthamesgroup.org.uk,"02085 222 330","122-162 Cranberry Lane","Canning Town",,,London,"E16 4PE",,,,,,,,0,,,1,,,1,,,1,,,1,,,1,,,1,,,1,,,,51.52343470,0.00800570,0,3f6d6bce3a2f9724a88e7dd815907a84,0,20,"2018-02-06 09:35:28",1,"2020-04-24 10:17:20"
662,11,"Reclaim (Vision 21)",reclaim@vision21.org.uk,"01242 228 823","Unit 25B","Lansdown Industrial Estate","Gloucester Road",,Cheltenham,"GL51 8PL",,,,,,,,0,,,1,,,1,,,1,,,1,,,1,,,1,,,1,,,,51.90010130,-2.10027990,0,b2a80e12d0085e0a1b3e70fd14c03a54,0,20,"2018-02-06 09:37:09",1,"2020-04-24 10:17:20"
663,11,"recycling First",recyclingfirstel@gmail.com,"01875 615 797","Unit 12A","MacMerry Industrial Estate",MacMerry,,"East Lothian","Eh33 1RD",,,,,,,,0,,,1,,,1,,,1,,,1,,,1,,,1,,,1,,,,55.94550730,-2.89136420,0,a2e2b09272a65cc6b246fe0a5c995348,0,20,"2018-02-06 11:13:51",1,"2020-04-24 10:17:20"
664,11,"refurb (Wyre & Fylde)",donate@refurbproject.org.uk,"01253 873 371","Unit 2","Navigation Way",Fleetwood,,Lancashire,"FY7 6RS",,,,,,,,0,,,1,,,1,,,1,,,1,,,1,,,1,,,1,,,,53.91828660,-3.01787300,0,54a0082fe485b3c1cedcfd285bce4799,0,20,"2018-02-06 11:35:31",1,"2020-04-24 10:17:20"
665,11,"Refurbs Flintshire",admin@refurbs.org.uk,"01352 734 111","Units 1-3","Aber Park Industrial Estate","Aber Road",Flint,Flintshire,"CH6 5EX",,,,,,,,0,,,1,,,1,,,1,,,1,,,1,,,1,,,1,,,,53.25086270,-3.14326540,0,71f90f6e49197ce0595c3d22a321ef85,0,20,"2018-02-06 11:48:17",1,"2020-04-24 10:17:20"
666,11,"Refurnish Crediton",crediton@refurnish.org.uk,"01363 774 577","Mill Street",,,,Crediton,"EX17 1EY",,,,,,,,0,,,1,,,1,,,1,,,1,,,1,,,1,,,1,,,,50.78936400,-3.64857960,0,5a1de8e529d6ae7a518dfa74b1e9323b,0,20,"2018-02-06 11:53:12",1,"2020-04-24 10:17:20"
667,11,"Refurnish Newton Abbot",NA,"01626 362 313","1 Brunel Road",Newtown,Devon,,,"TQ12 4PB",,,,,,,,0,,,1,,,1,,,1,,,1,,,1,,,1,,,1,,,,50.52907560,-3.59622890,0,526f9a3dfb524b5357f4663045fc4132,0,20,"2018-02-06 11:56:23",1,"2020-04-24 10:17:20"
668,11,"Refurnish Tavistock",NA,"01822 618 822","Unit B","Crelake Industrial Estate","Pixon Lane",,Tavistock,"PL19 9AZ",,,,,,,,0,,,1,,,1,,,1,,,1,,,1,,,1,,,1,,,,50.54500580,-4.14750600,0,00a1fb01c62a2952adaa603723ec3c87,0,20,"2018-02-06 11:58:10",1,"2020-04-24 10:17:20"
669,11,"Renaissance Centre",info@furniturescheme.co.uk,"01585 877 751","7-8 Tower Street",Ludlow,,,Shropshire,"SY8 1RL",,,,,,,,0,,,1,,,1,,,1,,,1,,,1,,,1,,,1,,,,52.36817070,-2.71693020,0,64cca6c6f1188be64790f830bb6471a3,0,20,"2018-02-06 12:00:18",1,"2020-04-24 10:17:20"
670,11,"Rerun Furniture Service Ltd",admin@rerun.karoo.co.uk,"01482 801 320","2 Princess Court","Princess Avenue",,,Hull,"HU5 3QA",,,,,,,,0,,,1,,,1,,,1,,,1,,,1,,,1,,,1,,,,53.75329800,-0.35994200,0,586efab762e535a8f84eac393a1595b0,0,20,"2018-02-06 12:17:24",1,"2020-04-24 10:17:20"
671,11,"Restore (Ben's Social Enterprise)",restore.holt@benjaminfoundation.co.uk,"01263 713 721","unit 4B","Glaven Road","Hempstead Road Industrial Estate",Holt,Norfolk,"NR25 6ES",,,,,,,,0,,,1,,,1,,,1,,,1,,,1,,,1,,,1,,,,52.90222250,1.10252020,0,77d2ccac22a62587d642067261aa3fd4,0,20,"2018-02-06 12:21:12",1,"2020-04-24 10:17:20"
672,11,"Restore (Ben's Social Enterprise (Norwich)",restore.norwich@benjaminfoundation.co.uk,"01603 661 921","103 Oak Street",Norwich,,,Norfolk,"NR3 3BP",,,,,,,,0,,,1,,,1,,,1,,,1,,,1,,,1,,,1,,,,52.63606770,1.28863000,0,5cab08cf4b880180cb5ab9926247d2af,0,20,"2018-02-06 12:31:26",1,"2020-04-24 10:17:20"
673,11,"restore (east Belfast Mission)",fundraising@ebm.org.uk,"02890 458 560","213-223 Newtownards Road",,,,Belfast,"BT4 1AD",,,,,,,,0,,,1,,,1,,,1,,,1,,,1,,,1,,,1,,,,54.59888930,-5.90218870,0,e737b7a68f09f56bd5700bba75a3dbe1,0,20,"2018-02-06 12:42:09",1,"2020-04-24 10:17:20"
674,11,"Restore (east Belfest Mission) Larne",larne.restore@ebm.org.uk,"02828 277 641","25 Point Street",,,,,Larne,,,,,,,,0,,,1,,,1,,,1,,,1,,,1,,,1,,,1,,,,54.85780030,-5.82362240,0,ac84f7e683668b58aa8330db5bad4ea0,0,20,"2018-02-06 12:48:14",1,"2020-04-24 10:17:20"
675,11,"Restore (East belfast Mission) Newtownards",newtownards@ebm.org.uk,"02891 827 255","142 Frances Street",,,,Newtownards,"BT23 7DY",,,,,,,,0,,,1,,,1,,,1,,,1,,,1,,,1,,,1,,,,54.59294100,-5.69065910,0,b0bf4fe99077cf50ecab4885c9aee743,0,20,"2018-02-06 12:49:54",1,"2020-04-24 10:17:20"
676,11,"Restore Furniture (Acts Trust)",furniture@restorelincoln.org.uk,"01522 542 166","Unit 10","Crofton Close",,,Lincoln,"LN3 4NT",,,,,,,,0,,,1,,,1,,,1,,,1,,,1,,,1,,,1,,,,53.23137250,-0.50519350,0,62f058ffdb42ab133be3a686af945479,0,20,"2018-02-06 12:51:34",1,"2020-04-24 10:17:20"
677,11,"Reuse Centre (South Shropshire Furniture Scheme)",warehouse@furniturescheme.co.uk,"01584 877 788","The Reuse Centre","Weeping Cross Lane",Ludlow,,Shropshire,"SY8 1JH",,,,,,,,0,,,1,,,1,,,1,,,1,,,1,,,1,,,1,,,,52.36702080,-2.71083130,0,9a1dd13a7c1d8a2c996ede910dc162cc,0,20,"2018-02-06 13:02:59",1,"2020-04-24 10:17:20"
678,11,"Revive Oswestry",online@reviive.co.uk,"01691 679 817","Unit 1","Mile Oak Industrial Estate",,,Shropshire,"SY10 8GA",,,,,,,,0,,,1,,,1,,,1,,,1,,,1,,,1,,,1,,,,52.84362510,-3.04172890,0,429b3c6f32ffa73596c307073c7826b7,0,20,"2018-02-06 13:11:10",1,"2020-04-24 10:17:21"
679,11,"Reviive Shrewsbury",online@reviive.co.uk,"01743 588 458","Unit 4","Knights Park","Battlefield Industrial Estate",,Shrewsbury,"SY1 3AB",,,,,,,,0,,,1,,,1,,,1,,,1,,,1,,,1,,,1,,,,52.74530320,-2.73873490,0,b9957658e4fff77d66a33c7aca77a6a1,0,20,"2018-02-06 13:13:24",1,"2020-04-24 10:17:21"
680,12,"Sussex Toilets",info@sussextoilets.co.uk,01444420136,"21 Nutley Drive","Goring by Sea",Worthing,,,"Bn12 4JP",,Lawerence,,,,100,,0,"portal/encore/UserFiles/SysDocs/bb_encore_suppliers/10000/680/Carriers License 05.01.2022.pdf","2022-01-05 00:00:00",0,,,1,,,1,,,1,,,1,,,1,"portal/encore/UserFiles/SysDocs/bb_encore_suppliers/10000/680/Employers Liability 26.10.2020.pdf","2020-10-26 00:00:00",0,,,,50.80863010,-0.42132300,1,05de57661802364463d4df39e0a60509,0,11,"2018-02-06 13:16:54",48,"2020-10-28 09:29:49"
681,11,"Revive Leeds",Mags.Ashman@Reviveleeds.co.uk.,"01132 731 791","The Reuse Shop","East Leeds Household Waste Sorting Site","Limewood Road",Seacroft,"West Yorkshire","LS14 1LU",,,,,,,,0,,,1,,,1,,,1,,,1,,,1,,,1,,,1,,,,53.82713980,-1.46156030,0,1d9b797ca35f4ecbabe66404b1bef59e,0,20,"2018-02-06 13:25:31",1,"2020-04-24 10:17:21"
683,11,"Richmond Furniture Scheme",admin@richmondfurniturescheme.co.uk,"02087 554 665","1A Fortescue Avenue",Twickenham,,,Middlesex,"TW2 5LS",,,,,,,,0,,,1,,,1,,,1,,,1,,,1,,,1,,,1,,,,51.43881120,-0.35614050,0,b1665e54125aa9bba0597f5c4d2709e6,0,20,"2018-02-06 13:33:02",1,"2020-04-24 10:17:21"
684,11,"Rockspring Community Centre(South Shropshire)",rockspring@furniturescheme.co.uk,"01584 874 922","Sandford Road",Ludlow,,,Shropshire,"SY8 1SX",,,,,,,,0,,,1,,,1,,,1,,,1,,,1,,,1,,,1,,,,52.36977890,-2.70516210,0,bdec4f35b76f0d7ee835e7e0456d8562,0,20,"2018-02-06 13:34:34",1,"2020-04-24 10:17:21"
685,11,Roundabout,roundabout.evesham@virgin.net,"01386 833 030","7A Blackminster Business Park",Blackminster,Evesham,,Worcestershire,"WR11 7RE",,,,,,,,0,,,1,,,1,,,1,,,1,,,1,,,1,,,1,,,,52.10344840,-1.89407670,0,975995abfee8a54ff40e0d076d8e09f2,0,20,"2018-02-06 13:36:19",1,"2020-04-24 10:17:21"
686,11,"RSPCA Bridlington & District Branch Charity Shop",rspca.bridlington@hotmail.co.uk,"01262 679 038","42 Quay Road",Bridlington,,,"East Yorkshire","YO15 2AP",,,,,,,,0,,,1,,,1,,,1,,,1,,,1,,,1,,,1,,,,54.08531120,-0.19538210,0,d00c7d5ddc167f42acaef1d7c6f2d66b,0,20,"2018-02-06 15:03:29",1,"2020-04-24 10:17:21"
687,11,"Safe Haven in Paradise",tony@safehavenleeds.com,"01133 451 218","Unit 1d","Kirkfield Business Centre","Whack House Lane",Yeadon,"West Yorkshire","LS19 7LX",,,,,,,,0,,,1,,,1,,,1,,,1,,,1,,,1,,,1,,,,53.86583740,-1.69243010,0,789b4a4a78140d1d944d5f6ea12eecf8,0,20,"2018-02-06 15:05:49",1,"2020-04-24 10:17:21"
689,11,"Second Opportunities",contact@newtwo.org.u,"01416 313 620","33 Dougrie Drive","The Braes Shopping Centre",Glasgow,,Lanarkshire,"G45 9AD",,,,,,,,0,,,1,,,1,,,1,,,1,,,1,,,1,,,1,,,,55.80721050,-4.23469900,0,dabacd9791554239ca04e5b50c9e6f18,0,20,"2018-02-06 15:09:15",1,"2020-04-24 10:17:21"
690,11,"Second Opportunities (Glasgow)",contact@newtwo.org.uk,"01414 251 177","302 Broomloan Road",,,,Glasgow,"G51 2JQ",,,,,,,,0,,,1,,,1,,,1,,,1,,,1,,,1,,,1,,,,55.85558210,-4.31195210,0,d72356307519176cb55de8fb4a976dd2,0,20,"2018-02-06 15:11:54",48,"2020-10-08 13:08:23"
691,11,"SLATE Feel Good Furniture Shop",shop@slateleeds.co.uk,"01132 704 005","1 Low Road",,,,Leeds,"LS10 1QR",,,,,,,,0,,,1,,,1,,,1,,,1,,,1,,,1,,,1,,,,53.78163040,-1.52699010,0,ed8cd39a1057bb81fc66be3af13a7b39,0,20,"2018-02-06 15:13:01",1,"2020-04-24 10:17:21"
693,11,"SOFA Loughborough",office@sofareuse.org.,"01509 262 557","Towles Buliding","Clarence Street",Loughborough,,leicestershire,"LE11 1DY",,,,,,,,0,,,1,,,1,,,1,,,1,,,1,,,1,,,1,,,,52.77654690,-1.20040530,0,c185128fe5d19fc92bd7d98c8f9716d8,0,20,"2018-02-06 15:15:58",1,"2020-04-24 10:17:22"
694,11,"Spencer Contact",MAIL@SPENCERCONTACT.COM,"01604 587 589","Gladstone Close",,,,Northampton,"NN5 7AY",,,,,,,,0,,,1,,,1,,,1,,,1,,,1,,,1,,,1,,,,52.25215240,-0.91430600,0,c304876115a95d2d5611bd0c5df2fdca,0,20,"2018-02-06 15:17:07",1,"2020-04-24 10:17:22"
695,11,"Furniture Re-Use Network (FRN)",info@frn.org.uk,"0117 954 3552","48-54 West Street","St Philips",,,Bristol,"BS2 0BL",www.frn.org.uk,"Sandra Wyatt",sandra.wyatt@frn.org.uk,,,,,0,,,1,,,1,,,1,,,1,,,1,,,1,,,1,,,,51.45704760,-2.57732810,0,d93e17e6c768c3e92a247f8ed0cc573f,0,7,"2018-02-06 15:32:11",1,"2020-04-24 10:17:22"
696,11,"St Luke's CARES",info@stlukescares.org.uk,"07521 682 239","246-252 Dewsbury Road",Leeds,,,"West Yorkshire","LS11 6JQ",,,,,,,,0,,,1,,,1,,,1,,,1,,,1,,,1,,,1,,,,53.77565310,-1.54553900,0,35cd61017e0cc3aeada710a74b312659,0,20,"2018-02-06 15:38:41",1,"2020-04-24 10:17:22"
697,11,"St Lukes Furniture Shop",warehouse@stlukes-hospice.co.uk,"01752 770 735","Unit 9&10","The Mall","Transit Way",,Plymouth,"PL5 3TW",,,,,,,,0,,,1,,,1,,,1,,,1,,,1,,,1,,,1,,,,50.41040520,-4.15149030,0,9170ebc3aaf42497549680aefacd5484,0,20,"2018-02-06 15:40:03",1,"2020-04-24 10:17:22"
698,11,"St Luke's Hospice Plymouth",info@stlukes-hospice.org.uk,"01752 231 082","Units C/E","Huxley Close",Plympton,Plymouth,Devon,"PL7 4JN",,,,,,,,0,,,1,,,1,,,1,,,1,,,1,,,1,,,1,,,,50.39576140,-4.04539610,0,7dc35630c9f09064085c12d877e41eb1,0,20,"2018-02-06 15:41:52",1,"2020-04-24 10:17:22"
699,11,"St Margaret's Hospice",info@st-margarets-hospice.org.uk,"01823 271 944","37-39 Bridge Street",,,,Taunton,"TA1 1TQ",,,,,,,,0,,,1,,,1,,,1,,,1,,,1,,,1,,,1,,,,51.01833170,-3.10518980,0,c5099ac570cf141a58debef4d2d52e4b,0,20,"2018-02-06 15:43:00",1,"2020-04-24 10:17:22"
700,11,"St Margaret's Hospice (Yeovil)",info@st-margarets-hospice.org.uk,"01935 413 413","The Old Cinema","Court Ash",,,Yeovil,"BA20 1HG",,,,,,,,0,,,1,,,1,,,1,,,1,,,1,,,1,,,1,,,,50.94301540,-2.63175520,0,a64f5370a6ca41fe85b449258edbf691,0,20,"2018-02-06 15:45:12",1,"2020-04-24 10:17:22"
701,11,"St Margaret's Hospice (Bridgewater)",info@st-margarets-hospice.org.uk,"01278 458 785","30 High Street",,,,Bridgewater,"TA6 3BJ",,,,,,,,0,,,1,,,1,,,1,,,1,,,1,,,1,,,1,,,,51.12828340,-3.00549120,0,21e7d9088125f06298de22e8ca747241,0,20,"2018-02-06 15:47:31",1,"2020-04-24 10:17:22"
702,11,"St Oswald's Hospice",enquiries@stoswaldsuk.org;,"01912 868 040","Unit 5D","Airport Industrial Estate",,,"Tyne and Wear","NE3 2EF",,,,,,,,0,,,1,,,1,,,1,,,1,,,1,,,1,,,1,,,,55.01159740,-1.66298190,0,ca8df1a69df292d33d5c3ebf30f2ee9e,0,20,"2018-02-06 15:48:56",1,"2020-04-24 10:17:22"
703,11,"St Oswald's Hospice (Byker)",enquiries@stoswaldsuk.org;,"01912 763 455","175-181 Shields Road",Byker,,,"Tyne and Wear","NE6 1DP",,,,,,,,0,,,1,,,1,,,1,,,1,,,1,,,1,,,1,,,,54.97760970,-1.57872680,0,c9b6d0b9ad68f034c809420c766f857f,0,20,"2018-02-06 15:50:34",1,"2020-04-24 10:17:22"
704,11,"St Pauls Centre (Christian Concern)",admin@stpaulscentre.org.uk,"01270 586 186","St Pauls Centre",Hightown,Crewe,,Cheshire,"CW1 3BY",,,,,,,,0,,,1,,,1,,,1,,,1,,,1,,,1,,,1,,,,53.10027590,-2.44739850,0,5794e04ce70253c6518e495428176fa8,0,20,"2018-02-06 15:52:14",1,"2020-04-24 10:17:22"
705,11,"St Richard's Hospice Homestore",enquiries@strichards.org.uk,"01905 745 495",39/41,Lowesmoor,Worcester,,Worcestershire,"WR1 2RS",,,,,,,,0,,,1,,,1,,,1,,,1,,,1,,,1,,,1,,,,52.19517790,-2.21720750,0,abcc0db433130662b427a3e5a35dbe9b,0,20,"2018-02-06 16:01:44",1,"2020-04-24 10:17:22"
706,11,"St Richard's Homestore (Malvern)",enquiries@strichards.org.uk,"01684 568 999","233 Worcester Road","Malvern Link",,,Worcestershire,"WR14 1SY",,,,,,,,0,,,1,,,1,,,1,,,1,,,1,,,1,,,1,,,,52.12758090,-2.31558250,0,06d7cbf5423821116bf528e3ca43aad0,0,20,"2018-02-06 16:03:54",1,"2020-04-24 10:17:22"
707,11,"St Richard's Hospice Homestore (Evesham)",enquiries@strichards.org.uk,"01386 442 921","11 High Street",Evesham,,,Worc,"WR11 4DA",,,,,,,,0,,,1,,,1,,,1,,,1,,,1,,,1,,,1,,,,52.09376520,-1.94717290,0,83e7296aa9cc3600ab8df6e84fc5a804,0,20,"2018-02-06 16:05:35",1,"2020-04-24 10:17:22"
708,11,"St Vincent's Bradford",bradfordsouthadvice@svphelpinglocally.org.uk,"01274 738 551","26-30 Sunbridge Road",,,,Bradford,"BD1 2AA",,,,,,,,0,,,1,,,1,,,1,,,1,,,1,,,1,,,1,,,,53.79387060,-1.75472520,0,28d22b9483189765d9b08f8927748b3a,0,20,"2018-02-06 16:07:39",1,"2020-04-24 10:17:22"
709,11,"St Vincent's Dudley Hill",info@svp.org.uk,"01274 684 956","114 Tong Street",,,,,"BD4 6HD",,,,,,,,0,,,1,,,1,,,1,,,1,,,1,,,1,,,1,,,,53.77115720,-1.72146360,0,f4e6c92d59e90399d250a3d76de92e70,0,20,"2018-02-06 16:08:54",1,"2020-04-24 10:17:22"
710,11,"St Vinsent's Lidgett Lane",info@svp.org.uk,"01132 888 874","227 Lidgett Lane",,,,Leeds,"LS8 1RB",,,,,,,,0,,,1,,,1,,,1,,,1,,,1,,,1,,,1,,,,53.83834030,-1.52357060,0,ca2123bb00312a32655f7a042b99774c,0,20,"2018-02-06 16:10:21",1,"2020-04-24 10:17:23"
711,11,"St Vincent's Middleton",info@svp.org.uk,"01132 760 576","20 Town Street",,,,leeds,"LS10 3PN",,,,,,,,0,,,1,,,1,,,1,,,1,,,1,,,1,,,1,,,,53.75565730,-1.52761540,0,953838d96b297720e6a9271d2cba3a74,0,20,"2018-02-06 16:12:16",1,"2020-04-24 10:17:23"
712,11,"St Vincent's Seacroft",info@svp.org.uk,"01132 651 963","41-43 Ramshead Hill",,,,Leeds,"LS14 1BT",,,,,,,,0,,,1,,,1,,,1,,,1,,,1,,,1,,,1,,,,53.82761160,-1.46860370,0,f5f1f50db1916eb51c7655f2477a9a23,0,20,"2018-02-06 16:13:25",1,"2020-04-24 10:17:23"
713,11,"St Vincent's Wakefield",info@svp.org.uk,"01924 376 809","76 Kirkgate",,,,Wakefield,"WF1 1UT",,,,,,,,0,,,1,,,1,,,1,,,1,,,1,,,1,,,1,,,,53.68233130,-1.49444590,0,4cf9aa565b9ce5527de18f7c526d5140,0,20,"2018-02-06 16:14:40",1,"2020-04-24 10:17:23"
714,11,"Stafford Furniture Exchange",NA,"01785 606 674","38 Mill Street",Stafford,,,Staffordshire,"ST16 2AJ",,,,,,,,0,,,1,,,1,,,1,,,1,,,1,,,1,,,1,,,,52.80511540,-2.11767790,0,03f05b5a47eb15473bfb7a0e632e382a,0,20,"2018-02-06 16:16:11",1,"2020-04-24 10:17:23"
716,11,"Stevenage Furniture Recycling Scheme",Info@stevenagefrs.org.uk,"01438 362 900","2-4 willows Link",Stevenage,,,Hertfordshire,"SG2 8AR",,,,,,,,0,,,1,,,1,,,1,,,1,,,1,,,1,,,1,,,,51.88254610,-0.17868060,0,a487919a697eae00f9711289d1c6dcd2,0,20,"2018-02-06 16:21:11",1,"2020-04-24 10:17:23"
718,11,Storeroom2010,nicksstoreroom@yahoo.co.uk,"01983 298 679","1 Mariners Way",Cowes,,,"Isle of White","PO31 8PD",,,,,,,,0,,,1,,,1,,,1,,,1,,,1,,,1,,,1,,,,50.74922970,-1.30224730,0,9da3b5354b40e15747fdfef17a8faeb3,0,20,"2018-02-06 16:25:15",1,"2020-04-24 10:17:23"
720,1,Kilnbridge,ordersyorkroad@kilnbridge.com,02075111888,"McDermott House","South crescent","Cody Road Business Park",,London,"E16 4TL",www.kilnbridge.com,,,,,,,0,"portal/encore/UserFiles/SysDocs/bb_encore_suppliers/10000/720/Waste Carrier Licence 15.12. 2021.pdf","2021-12-15 00:00:00",0,portal/encore/UserFiles/SysDocs/bb_encore_suppliers/10000/720/Permit.JPG,"2022-04-01 00:00:00",0,,,1,,,1,,,1,,,1,"portal/encore/UserFiles/SysDocs/bb_encore_suppliers/10000/720/Insurance 30.01.2020.pdf","2020-01-30 00:00:00",0,,,,51.52092150,-0.00219990,1,a9c2fcc5f9eb245c5b6450d9b892f69f,0,11,"2018-02-20 13:28:18",1,"2020-08-10 12:07:46"
721,1,"Shred-on-site Limited",steve.geeves@shredonsite.co.uk,"0800 1814106","Unit 9 Trafalgar Way","York Town Business Park",Camberley,,,"GU15 3BN",,"Steve Geeves",,,,100,0,0,,,1,,,1,,,1,,,1,,,1,,,1,,,1,,,,51.33187230,-0.77071810,0,c245279b68ea8fd211451ea72be94ae4,0,11,"2018-02-22 11:56:15",1,"2020-08-10 12:07:53"
722,1,"WEEE- Recycleit",rick@weee-recycleit.co.uk,"0845 5190483","Unit 4 Austin Way","Royal oak Industrial Estate",,,Daventry,"NN11 8QY",,Rick,,,,100,0,0,,,1,,,1,,,1,,,1,,,1,,,1,,,1,,,,52.26684690,-1.18155700,0,154953d7d29aabe7a46db7787a82a52f,0,11,"2018-02-22 11:57:47",1,"2020-08-10 12:07:56"
723,1,KnockBawn,contact@knockbawn.co.uk,"+44 (0) 1494 672 224","1 Bakery Court,","London End,","Beaconsfield,","Buckinghamshire,",,"HP9 2FN",,,,,,,,0,,,0,,,0,,,0,,,0,,,0,,,0,,,0,,,,51.60255240,-0.63458530,1,334e841634bf8cabbec7e84ac7f4c1e9,0,9,"2018-03-01 11:01:50",1,"2020-08-10 12:07:46"
724,1,"Glynns Skips",info@glynnsskips.co.uk,02089696666,"Unit 6 Neasden Goods Yard","Neasden Lane",,,London,"NW10 2UG",www.glynnsskiphire.co.uk,"James / Martin",,,,,,0,"portal/encore/UserFiles/SysDocs/bb_encore_suppliers/10000/724/WasteCarrier 13.11.2022.pdf","2022-11-13 00:00:00",0,"portal/encore/UserFiles/SysDocs/bb_encore_suppliers/10000/724/Neasden Permit 26.01.2022.pdf","2022-01-26 00:00:00",0,,,1,,,1,,,1,,,1,"portal/encore/UserFiles/SysDocs/bb_encore_suppliers/10000/724/Public Liability 2020-21.pdf","2021-09-21 00:00:00",0,,,,51.55401030,-0.25118290,0,efbea15da0b9b037122e84b5e00eea9a,0,11,"2018-03-07 09:39:26",48,"2020-10-13 13:30:57"
725,1,"Ashvale Haulage Limited",james@ashvalehaulage.com,01582840414,"Hill and Coles Farm","London Road",Markyate,,Herts,"AL3 8HA",,,,,,,,0,,,0,,,0,,,0,,,0,,,0,,,0,,,0,,,,51.82907060,-0.42146810,1,83e48d50897887368e679b23cf448927,0,11,"2018-03-19 09:34:53",1,"2020-08-10 12:07:36"
726,1,"Hargreaves (uk) services Ltd",harlow@hsgplc.co.uk,"01279 772455","Cecil house","Harlow Common",,,Esses,"CM17 9HY",,,,,,,,0,,,0,,,0,,,0,,,0,,,0,,,0,,,0,,,,51.75862560,0.15611340,1,79afa4e54ae7fda0b0a71fcd7d71ee3b,0,11,"2018-03-19 09:36:06",1,"2020-08-10 12:07:44"
728,1,"McGovern Haulage Ltd","info@mcgovern Haulage ltd",02084596586,"25/31 Colin Road",,,,Willesden,"NW10 2EE",,,,,,,,0,,,0,,,0,,,0,,,0,,,0,,,0,,,0,,,,51.54951240,-0.24072120,1,b34856eecff31f4dde50a70c59551817,0,11,"2018-03-19 10:03:36",1,"2020-08-10 12:07:48"
729,1,Recofloor,info@recofloor.org,"0161 355 7618","Recofloor Team, Axion Consulting","Tudor House",Meadway,Bramhall,Stockport,"SK7 2DG",http://www.recofloor.org,,,,,,,0,,,1,,,1,,,1,,,1,,,1,,,1,,,1,,,,53.35609740,-2.16445470,0,9cef79299e14bea3e3320c08b6f58cce,0,9,"2018-03-19 10:06:58",1,"2020-08-10 12:07:51"
730,1,"MAC Contracting",craig@maccontracting.co.uk;orders@maccontracting.co.uk,"02476 641771","Leicester road",Hinkley,Leicestershire,,,"LE10 3DR",maccontracting.co.uk,,,,,,,0,"portal/encore/UserFiles/SysDocs/bb_encore_suppliers/10000/730/WCL, 01.02.19.pdf","2019-02-01 00:00:00",0,portal/encore/UserFiles/SysDocs/bb_encore_suppliers/10000/730/Permit.pdf,"2020-04-10 00:00:00",0,,,1,,,1,,,1,,,1,"portal/encore/UserFiles/SysDocs/bb_encore_suppliers/10000/730/Ins, 03.07.18.pdf","2018-07-03 00:00:00",0,,,,52.55483390,-1.35292870,1,0805c21919c566f8faf83347614868ea,0,9,"2018-03-23 08:05:32",1,"2020-08-10 12:07:47"
731,12,"Stewart Finnie",info@stewartfinnieltd.co.uk,01342714514,"Unit 43 Rowfant Business centre","Wallage Lane",Crawley,,,"RH10 4NQ",www.stewartfinnieltd.co.uk,,,,,100,,0,,,0,,,0,,,0,,,0,,,0,,,0,,,0,,,,51.11276970,-0.09983140,1,888c0d26fb3e0c2a6fa7ec4c5d330123,0,11,"2018-04-05 12:28:08",1,"2020-04-24 10:17:24"
732,1,"Recyclapak Ltd",pete@blackpearenv.co.uk,"07764 376243","Unit 1, The Yard","Newtown Lane",,,"Cradley Heath","B64 5DR",,,,,,,,0,,,1,,,1,,,1,,,1,,,1,,,1,,,1,,,,52.47501310,-2.08110160,0,77ce720974be033e8518f56ddd0fb767,0,9,"2018-04-12 07:45:01",1,"2020-08-10 12:07:52"
733,11,"Ellistown Scout Group",office@gls-scouts.org.uk,"0843 289 0712","72nd Lambeth","St Johns School",Waterloo,,London,"SE1 8TY",,,,,,,,0,,,1,,,1,,,1,,,1,,,1,,,1,,,1,,,,51.50460650,-0.11207410,0,6922350a70f4bb7e518c3cc46c4ec45a,0,9,"2018-04-18 14:05:01",1,"2020-04-24 10:17:24"
734,11,"Scouts- Westminster",info.centre@scouts.org.uk,"0345 300 1818","16th City of Westminster","St Gabriels Hall","Churchill Gardens","Pimlico Stations",London,"SW1V 3AA",,,,,,,,0,,,1,,,1,,,1,,,1,,,1,,,1,,,1,,,,51.48626320,-0.14275000,0,3b1975ca51edaecf1750359b7e5d40a9,0,9,"2018-04-18 14:06:15",1,"2020-04-24 10:17:24"
735,11,"Shelter - London SW",info@shelter.org.uk.,02087410019,"51 Church Road",,,,London,"SW13 9HH",,,,,,,,0,,,1,,,1,,,1,,,1,,,1,,,1,,,1,,,,51.47419340,-0.24421100,0,e01e83220f49a914a06981402ca4bcce,0,11,"2018-04-18 14:07:03",1,"2020-04-24 10:17:24"
736,11,"Shelter - London SE",info@shelter.org.uk.,02088529914,"24 Tranquil vale",,,,London,"SE3 0AX",,,,,,,,0,,,1,,,1,,,1,,,1,,,1,,,1,,,1,,,,51.46632110,0.00905750,0,da3938addd7e0d18af5cbece8db3f3d7,0,11,"2018-04-18 14:08:05",1,"2020-04-24 10:17:24"
737,11,"Scouts- North and Central Lambeth",matt.butterfield@southlondonscouts.org.uk,"0843 289 1548","75th North and Central Lambeth",,,,London,"SE1 7DQ",,,,,,,,0,,,1,,,1,,,1,,,1,,,1,,,1,,,1,,,,51.49614800,-0.11286630,0,75b512430ad83742d647a7764453e67c,0,9,"2018-04-18 14:08:35",1,"2020-04-24 10:17:25"
738,11,"Shelter - London North",info@shelter.org.uk.,"020 8340 7061","19 Topsfield Parade","Tottenham Lane",,,London,"N8 8PT",,,,,,,,0,,,1,,,1,,,1,,,1,,,1,,,1,,,1,,,,51.58109350,-0.12223450,0,9843c20f2c4f7c3d4448b4a016eec67b,0,11,"2018-04-18 14:09:12",1,"2020-04-24 10:17:25"
739,11,"Scouts- South Lambeth",matt.butterfield@southlondonscouts.org.uk,"0843 289 1548","3rd South Lambeth (Mayor's Own)",,,,London,"SE11 6PX",,,,,,,,0,,,1,,,1,,,1,,,1,,,1,,,1,,,1,,,,51.49278000,-0.11459660,0,877ca4a85c3dfe4de9f4f941418d01d7,0,9,"2018-04-18 14:09:24",1,"2020-04-24 10:17:25"
740,11,"Scouts- 1st Islington (Acorns)",dc@londonscouts.org.uk,"01354 740847","1st Islington Acorns Scout Group",,,,London,"EC1R 0EA",,,,,,,,0,,,1,,,1,,,1,,,1,,,1,,,1,,,1,,,,51.52342060,-0.10544270,0,4c466a7b53f3b89d4f43a06abdf3ede3,0,9,"2018-04-18 14:10:14",1,"2020-04-24 10:17:25"
741,11,"Shelter - London SEast",info@shelter.org.uk.,02087612729,"11 Westow Hill","Crystal Palace",,,London,"SE19 1TQ",,,,,,,,0,,,1,,,1,,,1,,,1,,,1,,,1,,,1,,,,51.41985670,-0.08217540,0,e0763e240ece72378ba1401580c230fa,0,11,"2018-04-18 14:10:44",1,"2020-04-24 10:17:25"
743,11,"Scouts- 15th St Pancras",dc@londonscouts.org.uk,"01354 740847","15th St Pancras",,,"Great London North",London,"NW1 1LE",,,,,,,,0,,,1,,,1,,,1,,,1,,,1,,,1,,,1,,,,51.52963740,-0.13157010,1,1337090df8a67ff3abce0db0af805feb,0,9,"2018-04-18 14:12:23",1,"2020-04-24 10:17:25"
744,11,"Shelter - London SWest",info@shelter.org.uk.,02088784990,"337 Upper Richmond Road West","East Sheen",,,London,"SW14 8QR",,,,,,,,0,,,1,,,1,,,1,,,1,,,1,,,1,,,1,,,,51.46462900,-0.26435870,0,7ed8c59d83cff50fbdb0df467a6b0c6f,0,11,"2018-04-18 14:12:31",1,"2020-04-24 10:17:25"
745,11,"Shelter - London NW",info@shelter.org.uk.,02073282297,"173a Finchley Road",,,,London,"NW3 6LB",,,,,,,,0,,,1,,,1,,,1,,,1,,,1,,,1,,,1,,,,51.54596580,-0.17900110,0,3207ea613049d842b749b5895ac3e842,0,11,"2018-04-18 14:13:42",1,"2020-04-24 10:17:25"
746,11,"Shelter - London SthWest",info@shelter.org.uk.,02073856043,"385 North End Road",Fulham,,,London,"SW6 1NP",,,,,,,,0,,,1,,,1,,,1,,,1,,,1,,,1,,,1,,,,51.48371560,-0.20079610,0,1921a932ddb0ffc36e83b71abc9868b5,0,11,"2018-04-18 14:15:25",1,"2020-04-24 10:17:25"
747,11,"Shelter - London West",info@shelter.org.uk.,02085632388,"123c King Street",Hammersmith,,,London,"W6 9LG",,,,,,,,0,,,1,,,1,,,1,,,1,,,1,,,1,,,1,,,,51.49194970,-0.23221980,0,8e899666cc5d2fd6cc2283ad0dcb4e65,0,11,"2018-04-18 14:17:21",1,"2020-04-24 10:17:25"
748,11,"Scouts- Marylebone",no-reply-wm@glmwscouts.org.uk,"0345 300 1818","11th St Marylebone","Great London",,"Middlesex West",London,"W1H 1DL",,,,,,,,0,,,1,,,1,,,1,,,1,,,1,,,1,,,1,,,,51.52042020,-0.16305310,0,f1e4f5326595fa143a712162d32e9279,0,9,"2018-04-18 14:19:05",1,"2020-04-24 10:17:25"
749,11,"Shelter - London North West",info@shelter.org.uk.,02077944780,"57 South End Road",,,,London,"NW3 2QB",,,,,,,,0,,,1,,,1,,,1,,,1,,,1,,,1,,,1,,,,51.55539310,-0.16667370,0,baae85a0fedb68d291d1daf1d01cfa9b,0,11,"2018-04-18 14:19:43",1,"2020-04-24 10:17:25"
750,11,"Shelter - London N",info@shelter.org.uk.,02076075049,"436a Holloway Road",Holloway,,,London,"N7 6QA",,,,,,,,0,,,1,,,1,,,1,,,1,,,1,,,1,,,1,,,,51.55738330,-0.11794420,0,26dcb4b96a5ecbd76a25b8fdb3d356b6,0,11,"2018-04-18 14:20:59",1,"2020-04-24 10:17:25"
751,11,"Scouts- 30th Southwark",matt.butterfield@southlondonscouts.org.uk,"0843 289 1548","30th Southwark","Great London South",,,London,"SE17 3DT",,,,,,,,0,,,1,,,1,,,1,,,1,,,1,,,1,,,1,,,,51.48622600,-0.09915560,0,5fd195b22602d267c174c5098da76d6c,0,9,"2018-04-18 14:21:16",1,"2020-04-24 10:17:25"
752,11,"Scouts- 4th Kensington",michaelaslangul@yahoo.co.uk,"020 8883 7295","4th Kensington (The Oratory)","67 Lewis Trust BLDGS","Vanston Place",Fulham,London,"SW6 1BT",,,,,,,,0,,,1,,,1,,,1,,,1,,,1,,,1,,,1,,,,51.48109550,-0.19673330,0,f37f39402b04eff7e438f47b2f7b76d5,0,9,"2018-04-18 14:22:12",1,"2020-04-24 10:17:25"
753,11,"Shelter - Derby",info@shelter.org.uk.,01332380776,"105 St peters Street",,,,Derby,"DE1 2AD",,,,,,,,0,,,1,,,1,,,1,,,1,,,1,,,1,,,1,,,,52.91939250,-1.47487810,0,877c09b959fd242430cb2647220a812c,0,11,"2018-04-18 14:22:18",1,"2020-04-24 10:17:25"
754,11,"Shelter - Birmingham",info@shelter.org.uk.,01213865055,"193/197 High Street",Erdington,,,Birmingham,"B23 6SY",,,,,,,,0,,,1,,,1,,,1,,,1,,,1,,,1,,,1,,,,52.52342970,-1.83993070,0,0defdc889b1274269ddff93d9f3211f8,0,11,"2018-04-18 14:24:30",1,"2020-04-24 10:17:26"
755,11,"Shelter - Halesowen",info@shelter.org.uk.,"0121 5859134","3 hagley Street",,,,Halesowen,"B63 3AS",,,,,,,,0,,,1,,,1,,,1,,,1,,,1,,,1,,,1,,,,52.44850960,-2.05053740,0,e00fa0ef0cee56931d0847ceb35acfdf,0,11,"2018-04-18 14:25:27",1,"2020-04-24 10:17:26"
756,11,"Shelter - Longton",info@shelter.org.uk.,"01782 334891","65 Strand",Longton,,,"Stoke - On - Trent","ST3 2NS",,,,,,,,0,,,1,,,1,,,1,,,1,,,1,,,1,,,1,,,,52.98787930,-2.13644810,0,69f44a1d3aefbde845de7686246f4be3,0,11,"2018-04-18 14:26:48",1,"2020-04-24 10:17:26"
757,11,"Scouts- 9th Chelsea",volunteer@westlondonscouts.org,"020 7228 4535","9th Chelsea (St Lukes Church)","Great London",,"Middlesex West",London,"SW3 3QA",,,,,,,,0,,,1,,,1,,,1,,,1,,,1,,,1,,,1,,,,51.49119410,-0.16992010,0,2928913529d03c90700b644d6dd4c5f0,0,9,"2018-04-18 14:27:08",1,"2020-04-24 10:17:26"
758,11,"Shelter - Tunstall",info@shelter.org.uk.,01782810693,"87 High Street",Tunstall,,,Stoke-On-trent,"ST6 5TA",,,,,,,,0,,,1,,,1,,,1,,,1,,,1,,,1,,,1,,,,53.05723520,-2.21053360,0,3cd061ab00ef5d9c993c03d7692b5eff,0,11,"2018-04-18 14:27:57",1,"2020-04-24 10:17:26"
759,11,"Shelter - Wellington",info@shelter.org.uk.,01952257206,"47 New Street",Wellington,,,Shropshire,"TF1 1LU",,,,,,,,0,,,1,,,1,,,1,,,1,,,1,,,1,,,1,,,,52.70062770,-2.51705460,0,7c4f4653dce5414fa12d84579d0ea425,0,11,"2018-04-18 14:28:53",1,"2020-04-24 10:17:26"
760,11,"Shelter - West Bridgford",info@shelter.org.uk.,"0115 9810503","25 Tudor Square","West Bridgford",,,Nottingham,"NG2 6BT",,,,,,,,0,,,1,,,1,,,1,,,1,,,1,,,1,,,1,,,,52.93132810,-1.12663690,0,f579232007d1d99a78698f38b71dbf6d,0,11,"2018-04-18 14:29:52",1,"2020-04-24 10:17:26"
761,11,"Shelter - West Bromwich",info@shelter.org.uk.,01215533242,"Unit 1-2 Kings Square","Sandwell Centre",,,"West Bromwich","B70 7NW",,,,,,,,0,,,1,,,1,,,1,,,1,,,1,,,1,,,1,,,,52.51662120,-1.99297040,0,c9cd9631faea11375007a7e0c3fa34e5,0,11,"2018-04-18 14:31:14",1,"2020-04-24 10:17:26"
762,11,"Shelter - Hartlepool",info@shelter.org.uk.,"01429 812102","Unit 40/42 Middleton Grange Shopping Centre",,,,Hartlepool,"TS24 7RZ",,,,,,,,0,,,1,,,1,,,1,,,1,,,1,,,1,,,1,,,,54.68477690,-1.21410850,0,46256c9ea5f049b9581f2dd147e5cbbd,0,11,"2018-04-18 14:35:32",1,"2020-04-24 10:17:26"
763,11,"Shelter - Middlesborough",info@shelter.org.uk.,"01642 988365","Unit 1/1A Captain Cook Square Shopping Centre",,,,Middlesborough,"TS1 5UB",,,,,,,,0,,,1,,,1,,,1,,,1,,,1,,,1,,,1,,,,54.57532720,-1.23895500,0,fd548a543785d5c7aa96d81a61b77ec2,0,11,"2018-04-18 14:37:03",1,"2020-04-24 10:17:26"
764,11,"Shelter - Sunderland",info@shelter.org.uk.,01915671745,"244-246 High Street West",,,,Sunderland,"SR1 3DE",,,,,,,,0,,,1,,,1,,,1,,,1,,,1,,,1,,,1,,,,54.90730410,-1.38363790,0,82ef2ffb3f48d39150e89643708f3f53,0,11,"2018-04-18 14:38:00",1,"2020-04-24 10:17:26"
765,11,"Shelter - Bolton",info@shelter.org.uk.,01204387536,"36 Great Moor Street",Bolton,,,"Greater Manchester","BL1 1NJ",,,,,,,,0,,,1,,,1,,,1,,,1,,,1,,,1,,,1,,,,53.57660200,-2.42861020,0,7d66b02b9e74f825e3886a13f9899514,0,11,"2018-04-18 14:39:11",1,"2020-04-24 10:17:26"
766,11,"Shelter - Carlisle",info@shelter.org.uk.,"01228 595687","26-28 Scotch Street",carlisle,,,Cumbria,"CA3 8PX",,,,,,,,0,,,1,,,1,,,1,,,1,,,1,,,1,,,1,,,,54.89628150,-2.93585900,0,adb8314664fcb195bc15f947c1b35286,0,11,"2018-04-18 14:40:17",1,"2020-04-24 10:17:26"
767,11,"Shelter - Clitheroe",info@shelter.org.uk.,01200425122,"15 Moor Lane",Clitheroe,,,Lancashire,"BB7 1BE",,,,,,,,0,,,1,,,1,,,1,,,1,,,1,,,1,,,1,,,,53.87075580,-2.39131870,0,358b1c11282d8d1290daca10cb54fc39,0,11,"2018-04-18 14:41:23",1,"2020-04-24 10:17:26"
768,11,"Shelter- Nantwich",info@shelter.org.uk.,01270610345,"44 Beam Street",Nantwich,,,Cheshire,"CW5 5LJ",,,,,,,,0,,,1,,,1,,,1,,,1,,,1,,,1,,,1,,,,53.06855260,-2.52098040,0,a503bccfd4d798b920fb95e7536dc643,0,11,"2018-04-18 14:44:18",1,"2020-04-24 10:17:26"
769,11,"Shelter - Preston",info@shelter.org.uk.,07707078871,"Unit 3.11-3.13 Fishergate Shopping Centre",,,,Preston,"PR1 8HJ",,,,,,,,0,,,1,,,1,,,1,,,1,,,1,,,1,,,1,,,,53.75646980,-2.70525400,0,173973ccf6f30dddea34d32405430141,0,11,"2018-04-18 14:53:03",1,"2020-04-24 10:17:26"
770,11,"Shelter - Urmston",info@shelter.org.uk.,01617473006,"64 Gloucester Road",Urmston,,,manchester,"M41 9AE",,,,,,,,0,,,1,,,1,,,1,,,1,,,1,,,1,,,1,,,,53.44660290,-2.35131220,0,703c752c19e1ad68c247886dc1101963,0,11,"2018-04-18 14:54:02",1,"2020-04-24 10:17:26"
771,11,"Shelter - Wallasey",info@shelter.org.uk.,01516399524,"64 Seaview Road",Wallasey,,,Wirral,"CH45 4LB",,,,,,,,0,,,1,,,1,,,1,,,1,,,1,,,1,,,1,,,,53.42247370,-3.04657950,0,7abdbf493277834cbb11d1fde34ecd47,0,11,"2018-04-18 14:54:59",1,"2020-04-24 10:17:26"
772,11,"Scouts- 20th Bermondsey",matt.butterfield@southlondonscouts.org.uk,"0843 289 1548","20th Bermondsey","Great London South",,,London,"SE1 3DQ",,,,,,,,0,,,1,,,1,,,1,,,1,,,1,,,1,,,1,,,,51.49863950,-0.07818750,0,1533b1b11b6245019c9a232c62bcedb2,0,9,"2018-04-18 14:56:58",1,"2020-04-24 10:17:26"
773,11,"Scouts- 1st Stockwell Park",matt.butterfield@southlondonscouts.org.uk,"0843 289 1548","1st Stockwell Park","Stockwell Park",,,London,"SW9 0AL",,,,,,,,0,,,1,,,1,,,1,,,1,,,1,,,1,,,1,,,,51.47372980,-0.11928830,0,087010c363addc5e816e05f01fedaa26,0,9,"2018-04-18 14:58:09",1,"2020-04-24 10:17:26"
774,11,"Shelter - Alton",info@shelter.org.uk.,01420544437,"51 High Street",,,Alton,Hampshire,"Gu34 1AW",,,,,,,,0,,,1,,,1,,,1,,,1,,,1,,,1,,,1,,,,51.14885360,-0.97467420,0,fe141a1fe4a71ab74dbf563a972dc28b,0,11,"2018-04-18 14:58:14",1,"2020-04-24 10:17:26"
775,11,"Shelter - Brighton",info@shelter.org.uk.,01273710581,"93 Western Road",,,Brighton,Sussex,"BN1 2LB",,,,,,,,0,,,1,,,1,,,1,,,1,,,1,,,1,,,1,,,,50.82464630,-0.15197110,0,19d2b644e5eb0ee28e873f0347f60250,0,11,"2018-04-18 14:59:07",1,"2020-04-24 10:17:27"
776,11,"Scouts- East London",Dceastlondon@gmail.com,n/a,"8th East London, LMC Scout Group","Great London North East",,,London,"E1 1JX",,,,,,,,0,,,1,,,1,,,1,,,1,,,1,,,1,,,1,,,,51.51745310,-0.06621620,0,774bc747d668ad137c8dcc42d93671bd,0,9,"2018-04-18 14:59:32",1,"2020-04-24 10:17:27"
777,11,"Shelter - Canterbury",info@shelter.org.uk.,01227450648,"51/52 Northgate",,,Canterbury,Kent,"CT1 1BE",,,,,,,,0,,,1,,,1,,,1,,,1,,,1,,,1,,,1,,,,51.28329340,1.08465760,0,58489be02c310a4b12d99a7ca481a0a3,0,11,"2018-04-18 15:00:07",1,"2020-04-24 10:17:27"
778,11,"Scouts - 12th Hampstead",dc@londonscouts.org.uk,"07812 383890","12th Hampstead, St Paul's School","Great London North",,,London,"NW3 3DS",,,,,,,,0,,,1,,,1,,,1,,,1,,,1,,,1,,,1,,,,51.54134550,-0.16373640,0,2568907f5bf37e8cfab29dcd0a5d2c5c,0,9,"2018-04-18 15:00:50",1,"2020-04-24 10:17:27"
779,11,"Shelter - Eastbourne",info@shelter.org.uk.,01323430402,"58 Terminus Road",,,Eastbourne,Sussex,"BN21 3LX",,,,,,,,0,,,1,,,1,,,1,,,1,,,1,,,1,,,1,,,,50.76868440,0.28236840,0,b1738778caf97300d15f48bc0e48c7e4,0,11,"2018-04-18 15:01:19",1,"2020-04-24 10:17:27"
780,11,"Shelter - Faversham",info@shelter.org.uk.,01795538556,"41/41a Court Street",,,Faversham,Kent,"ME13 7AL",,,,,,,,0,,,1,,,1,,,1,,,1,,,1,,,1,,,1,,,,51.31635490,0.89183840,0,96b80971d106555f41a253ba37032d9e,0,11,"2018-04-18 15:02:17",1,"2020-04-24 10:17:27"
781,11,"Scouts- 16th Battersea Sea Scout Group",matt.butterfield@southlondonscouts.org.uk,"0843 289 1548","16th Battersea Sea Scout Group","Great London South",,,London,"SW11 5QS",,,,,,,,0,,,1,,,1,,,1,,,1,,,1,,,1,,,1,,,,51.46950320,-0.15422790,0,5f425ce9334a5d2b4af944d1ce83d3c5,0,9,"2018-04-18 15:02:29",1,"2020-04-24 10:17:27"
782,11,"Shelter - Ramsgate",info@shelter.org.uk.,01843590173,"72a Queen Street",,,Ramsgate,kent,"CT11 9ER",,,,,,,,0,,,1,,,1,,,1,,,1,,,1,,,1,,,1,,,,51.33217450,1.41577060,0,b125aed04a5cd07fbd4f70931318a50d,0,11,"2018-04-18 15:03:14",1,"2020-04-24 10:17:27"
783,11,"Scouts- 5th Paddington",no-reply-wm@glmwscouts.org.uk,,"5th Paddington (St Saviour's)","Great London",,,"Middlesex West","W2 5TF",,,,,,,,0,,,1,,,1,,,1,,,1,,,1,,,1,,,1,,,,51.52257670,-0.18901890,0,acffb9030a65fd19304ed4e253769f18,0,9,"2018-04-18 15:03:55",1,"2020-04-24 10:17:27"
784,11,"Shelter - St Leonards",info@shelter.org.uk.,01424446174,"7 London Road",,,"St Leonards","East Sussex","TN37 6AE",,,,,,,,0,,,1,,,1,,,1,,,1,,,1,,,1,,,1,,,,50.85205310,0.56056080,0,fd31694a18f7b9899d806f85663a9f98,0,11,"2018-04-18 15:04:19",1,"2020-04-24 10:17:27"
785,11,"Shelter - Strood",info@shelter.org.uk.,01634727664,"52 High Street",,,Strood,Kent,"ME2 4AR",,,,,,,,0,,,1,,,1,,,1,,,1,,,1,,,1,,,1,,,,51.39538560,0.49630380,0,4a5eecffb76182e444ebd240b79cdd75,0,11,"2018-04-18 15:05:36",1,"2020-04-24 10:17:27"
786,11,"Scouts- 5th Northampton",memberenq.northampton@gmail.com,"01604 633 811","5th Northampton (St. Mary's R.C.)",,,,Northamptonshire,"NN2 6AW",,,,,,,,0,,,1,,,1,,,1,,,1,,,1,,,1,,,1,,,,52.24773470,-0.89946430,0,1eca8a85c3e19aba4713bd801b1b91d6,0,9,"2018-04-18 15:05:46",1,"2020-04-24 10:17:27"
787,11,"Scouts- 1st Sywell",wborodc@hotmail.co.uk,"01933 380716","1st Sywell Air Scout Group",,,,Northamptonshire,"NN6 0BN",,,,,,,,0,,,1,,,1,,,1,,,1,,,1,,,1,,,1,,,,52.30082700,-0.79284500,0,ebc61661da0e0407ac153f99fcbfe524,0,9,"2018-04-18 15:07:32",1,"2020-04-24 10:17:27"
788,11,"Shelter - Worthing",info@shelter.org.uk.,01903210451,"131 Montague Street",,,Worthing,Sussex,"BN11 3BP",,,,,,,,0,,,1,,,1,,,1,,,1,,,1,,,1,,,1,,,,50.81000430,-0.37565260,0,2aeb7509c5838c3913c23f8520a86d34,0,11,"2018-04-18 15:08:22",1,"2020-04-24 10:17:27"
789,11,"Scouts- Overstone",memberenq.northampton@gmail.com,"01604 633 811","46th Northampton (Overstone)",,,,Northamptonshire,"NN6 0AF",,,,,,,,0,,,1,,,1,,,1,,,1,,,1,,,1,,,1,,,,52.27675900,-0.81359680,0,f8dec022461ec08b459da14ab9efbacf,0,9,"2018-04-18 15:08:28",1,"2020-04-24 10:17:27"
790,11,"Scouts- Moulton",memberenq.northampton@gmail.com,"01604 633 811","38th Northampton (Moulton)",,,,Northamptonshire,"NN3 7SA",,,,,,,,0,,,1,,,1,,,1,,,1,,,1,,,1,,,1,,,,52.28793600,-0.85435700,0,4485f8676cd4e5669f90106a55d16d46,0,9,"2018-04-18 15:09:24",1,"2020-04-24 10:17:27"
791,11,"Shelter - Bristol Clifton",info@shelter.org.uk.,01179238121,"12 Regent Street",,,Clifton,Bristol,"BS8 4HG",,,,,,,,0,,,1,,,1,,,1,,,1,,,1,,,1,,,1,,,,51.45407390,-2.61797890,0,317dacbd35e688bc63ad9616b4540858,0,11,"2018-04-18 15:09:28",1,"2020-04-24 10:17:27"
792,11,"Scouts- Exeter",dc@scouts-exeter.org.uk,"07425 141596","19th Exeter Sea Scouts",,,,Devon,"EX2 4AP",,,,,,,,0,,,1,,,1,,,1,,,1,,,1,,,1,,,1,,,,50.71745300,-3.52873740,0,5524b4674f1c2a9dffd95d889cdd6c40,0,9,"2018-04-18 15:10:35",1,"2020-04-24 10:17:27"
793,11,"Shelter - Bristol Promenade",info@shelter.org.uk.,01179423259,"3-4 The Promenade",,,"Gloucester Road",Bristol,"BS7 8AL",,,,,,,,0,,,1,,,1,,,1,,,1,,,1,,,1,,,1,,,,51.47189400,-2.59206960,0,08c0155bc6c0c479e200958a0ab5ccbf,0,11,"2018-04-18 15:10:38",1,"2020-04-24 10:17:27"
794,11,"Scouts- Bournemouth",bournemouthscoutsgroup@gmail.com,"07563 391927","2nd Bournemouth","St Michaels Church Hall","Poole Road",,Bournemouth,"BH2 5QU",,,,,,,,0,,,1,,,1,,,1,,,1,,,1,,,1,,,1,,,,50.72099860,-1.89233690,0,f789d7d4dd0d18081af4093d3133d59d,0,9,"2018-04-18 15:11:29",1,"2020-04-24 10:17:27"
795,11,"Shelter - Batley",info@shelter.org.uk.,01924444157,"29 Commercial Street",,,Batley,"West Yorkshire","WF17 5EP",,,,,,,,0,,,1,,,1,,,1,,,1,,,1,,,1,,,1,,,,53.71304800,-1.63080810,0,2fd82528b9b57a71764a0125be006e46,0,11,"2018-04-18 15:11:54",1,"2020-04-24 10:17:27"
796,11,"Scouts- 18th Bristol",chris.gavriel@avonscouts.org.uk,"01454 613 00","18th Bristol 1st Redland Green",,,,Avon,"BS6 6BQ",,,,,,,,0,,,1,,,1,,,1,,,1,,,1,,,1,,,1,,,,51.46675940,-2.60142600,0,cdfa42b2a8d4a23a54ef863b937739b0,0,9,"2018-04-18 15:12:33",1,"2020-04-24 10:17:28"
797,11,"Shelter - Harrogate",info@shelter.org.uk.,01423503394,"5 commercial Street",,,Harrogate,"North Yorkshire","HG1 1UB",,,,,,,,0,,,1,,,1,,,1,,,1,,,1,,,1,,,1,,,,53.99528310,-1.53935920,0,ae9c0dcb07b6f1dc82922d98121f819c,0,11,"2018-04-18 15:12:54",1,"2020-04-24 10:17:28"
798,11,"Scouts- 58th Reading",becky.eytle@berkshirescouts.org.uk,"0118 961 0525","58th Reading (St Mary's)",,,,"Royal Berkshire","RG1 6JT",,,,,,,,0,,,1,,,1,,,1,,,1,,,1,,,1,,,1,,,,51.44830490,-0.97770760,0,4ef5c32a4526187e65a982e3e7295308,0,9,"2018-04-18 15:13:33",1,"2020-04-24 10:17:28"
799,11,"Shelter - Hebden Bridge",info@shelter.org.uk.,01422844951,"32 Bridge Gate","Hebden Bridge",,,"West Yorkshire","HX7 8EX",,,,,,,,0,,,1,,,1,,,1,,,1,,,1,,,1,,,1,,,,53.74182560,-2.01330390,0,c87062eeb01cb81e818e78d89de3221d,0,11,"2018-04-18 15:13:56",1,"2020-04-24 10:17:28"
800,11,"Scouts- Oxford",annamarieweekes@gmail.com;info@54oxford.ukscouts.org.uk,N/A,"54th Oxford (Ansar) Scout Group",,,,Oxfordshire,"OX4 1XS",,,,,,,,0,,,1,,,1,,,1,,,1,,,1,,,1,,,1,,,,51.74789480,-1.23440500,0,998336f217c5d6b97d18642111972ee6,0,9,"2018-04-18 15:14:39",1,"2020-04-24 10:17:28"
801,11,"Shelter - Horsforth",info@shelter.org.uk.,01132583084,"34 Town Street",,,Horsforth,Leeds,"LS18 4RJ",,,,,,,,0,,,1,,,1,,,1,,,1,,,1,,,1,,,1,,,,53.83714300,-1.64142290,0,9325f83be100e9efca45ca0c17a7dc30,0,11,"2018-04-18 15:14:54",1,"2020-04-24 10:17:28"
802,11,"Scouts- 14th Cambridge",jo.mcgowan@cambridgeshirescouts.org.uk,"01954 261345","14th Cambridge (St. Lukes)",,,,Cambridgeshire,"CB4 3DZ",,,,,,,,0,,,1,,,1,,,1,,,1,,,1,,,1,,,1,,,,52.21606550,0.11629500,0,3b08c286884000a246759825046e93fa,0,9,"2018-04-18 15:15:38",1,"2020-04-24 10:17:28"
803,11,"Scouts- 29th Norwich",mpv186@btinternet.com,"0845 5192318","29th Norfolk (St Peter Mancroft)",,,,Norfolk,"NR2 1QZ",,,,,,,,0,,,1,,,1,,,1,,,1,,,1,,,1,,,1,,,,52.62779090,1.29293070,0,4be45494c3282dc854c39838823e1f07,0,9,"2018-04-18 15:18:01",1,"2020-04-24 10:17:28"
804,11,"Shelter - Ilkley",info@shelter.org.uk.,01943602283,"2 Spa Buildings","The Grove",Ilkley,,"West Yorkshire","LS29 9NQ",,,,,,,,0,,,1,,,1,,,1,,,1,,,1,,,1,,,1,,,,53.92422020,-1.82594320,0,6e5c181022948be82ed0fe18203299d2,0,11,"2018-04-18 15:18:37",1,"2020-04-24 10:17:28"
805,11,"Scouts- 36th/51st Coventry",rosemarie.evans01@gmail.com,02476611305,"36th/51st Coventry (Hearsall)",,,,"City of Coventry","CV5 8FE",,,,,,,,0,,,1,,,1,,,1,,,1,,,1,,,1,,,1,,,,52.40612260,-1.53631920,0,63b34933a70bcba50004ccaef93e967e,0,9,"2018-04-18 15:19:40",1,"2020-04-24 10:17:28"
806,11,"Scouts- Nottingham",office@notts-scouts.org.uk,"0115 952 3617","34th Nottingham (Nottingham High School)",,,,Nottinghamshire,"NG7 4ED",,,,,,,,0,,,1,,,1,,,1,,,1,,,1,,,1,,,1,,,,52.96254380,-1.15950710,0,b1fa7293f86caa47ccd52ddad714a423,0,9,"2018-04-18 15:20:38",1,"2020-04-24 10:17:28"
807,11,"Shelter - Edinburgh",info@shelter.org.uk.,01313346827,"161 St Johns Road",,,,Edinburgh,"EH12 7SD",,,,,,,,0,,,1,,,1,,,1,,,1,,,1,,,1,,,1,,,,55.94254280,-3.28188810,0,0dfbc8ebac508194fe0a181184ddf7d5,0,11,"2018-04-18 15:32:51",1,"2020-04-24 10:17:28"
808,11,"Shelter - Hawick",info@shelter.org.uk.,01450376142,"66 High Street",,,Hawick,Roxburghshire,"TD9 9EE",,,,,,,,0,,,1,,,1,,,1,,,1,,,1,,,1,,,1,,,,55.42323630,-2.78588430,0,365525adeb6973c0c13f891d2c7a3696,0,11,"2018-04-18 15:33:47",1,"2020-04-24 10:17:28"
809,11,"Shelter - Aberdeen",info@shelter.org.uk.,01224639818,"179 George Street",,,,Aberdeen,"AB25 1HX",,,,,,,,0,,,1,,,1,,,1,,,1,,,1,,,1,,,1,,,,57.15043980,-2.10220470,0,7c5fe8f7175afd20178f3ab6947c1c53,0,11,"2018-04-18 15:34:45",1,"2020-04-24 10:17:28"
810,11,"Shelter - Arbroath",info@shelter.org.uk.,01241439631,"160 High Street",Arbroath,,,Angus,"DD11 1HW",,,,,,,,0,,,1,,,1,,,1,,,1,,,1,,,1,,,1,,,,56.56003110,-2.58210890,0,8c589d76bfa47782b5768f8a4cdf2b9f,0,11,"2018-04-18 15:35:57",1,"2020-04-24 10:17:28"
811,11,"Scouts- Manchester",greatermanchester@scouts.org.uk,07799763424,"465th Manchester (Ardwick)","71 Grosvenor Street",Ardwick,,Manchester,"M13 9UB",,,,,,,,0,,,1,,,1,,,1,,,1,,,1,,,1,,,1,,,,53.47169440,-2.23205460,0,b8ae2d4117e99b6bba57a8840d31eed9,0,9,"2018-04-18 15:36:45",1,"2020-04-24 10:17:28"
812,11,"Shelter - Broughty Ferry",info@shelter.org.uk.,"01382 736142","215 Brook Street","Broughty Ferry",,,Dundee,"DD5 2AG",,,,,,,,0,,,1,,,1,,,1,,,1,,,1,,,1,,,1,,,,56.46740490,-2.87449000,0,dbdaf6db6b2084d09b360df03968ed78,0,11,"2018-04-18 15:37:02",1,"2020-04-24 10:17:28"
813,11,"Scouts- Liverpool",alistair.cubbin@btinternet.com,"0151 630 6611","8th Wallasey (Pioneers)",,,,Merseyside,"CH44 6LN",,,,,,,,0,,,1,,,1,,,1,,,1,,,1,,,1,,,1,,,,53.41261650,-3.02563540,0,757900ef030e902ff0d133b2fe554cd6,0,9,"2018-04-18 15:40:33",1,"2020-04-24 10:17:28"
814,11,"Scouts- LGM Scout Group",admin@cycscouts.org.uk,"0113 260 5917","LGM Scout Group",,,,"Central Yorkshire","LS6 1SN",,,,,,,,0,,,1,,,1,,,1,,,1,,,1,,,1,,,1,,,,53.80716010,-1.56727160,0,44459be0ae4bc06147a2603cc40daeeb,0,9,"2018-04-18 15:42:05",1,"2020-04-24 10:17:28"
815,11,"Scouts- Blackpool",victoriadasilva@talktalk.net,"07905 401197","11th Blackpool Raikes Parade Methodist",,,,"West Lancashire","FY3 8BT",,,,,,,,0,,,1,,,1,,,1,,,1,,,1,,,1,,,1,,,,53.81926160,-3.03587440,0,115ab3f8a02ece0fc9fd2b7b5b36893e,0,9,"2018-04-18 15:43:04",1,"2020-04-24 10:17:28"
816,11,"Shelter - Fraserburgh",info@shelter.org.uk.,01346512333,"44 Broad Street",,,Fraserburgh,Aberdeenshire,"AB43 9AH",,,,,,,,0,,,1,,,1,,,1,,,1,,,1,,,1,,,1,,,,57.69297140,-2.00544260,0,2c8a54138d98d19ec0d3b1d73a929f04,0,11,"2018-04-18 15:43:13",1,"2020-04-24 10:17:28"
817,11,Shelter-Inverness,info@shelter.org.uk.,01463231633,"2 Drummond Street",,,,Inverness,"IV1 1QD",,,,,,,,0,,,1,,,1,,,1,,,1,,,1,,,1,,,1,,,,57.47854750,-4.22489860,0,9cb1036545d535980d3f515848ea1d0b,0,11,"2018-04-18 15:44:35",1,"2020-04-24 10:17:29"
818,11,"Shelter - Kirkcaldy",info@shelter.org.uk.,01592260571,"167 Links Street",,,Kirkcaldy,Fife,"KY1 1QR",,,,,,,,0,,,1,,,1,,,1,,,1,,,1,,,1,,,1,,,,56.10190540,-3.16184720,0,ca16973741d1624ce819c47981b494c2,0,11,"2018-04-18 15:45:43",1,"2020-04-24 10:17:29"
819,11,"Shelter - Montrose",info@shelter.org.uk.,"01674 678818","28-30 High Street",,,Montrose,Milngavie,"DD10 8LU",,,,,,,,0,,,1,,,1,,,1,,,1,,,1,,,1,,,1,,,,56.71322510,-2.46772000,0,a2de49432ba908d1f7398fa0c5dc0168,0,11,"2018-04-18 15:46:44",1,"2020-04-24 10:17:29"
820,11,"Shelter - Stirling",info@shelter.org.uk.,01786472447,"53/55 Barnton Street",,,Stirling,Stirlingshire,"FK8 1HH",,,,,,,,0,,,1,,,1,,,1,,,1,,,1,,,1,,,1,,,,56.12105420,-3.93881390,0,6668cf16847154e67ff677dae7335ef0,0,11,"2018-04-18 15:47:48",1,"2020-04-24 10:17:29"
821,11,"Shelter - Ayr",info@shelter.org.uk.,01292262634,"111 High Street",,,,AYR,"KA7 1QL",,,,,,,,0,,,1,,,1,,,1,,,1,,,1,,,1,,,1,,,,55.46253840,-4.63076660,0,fafc50fad4ac8db65b33b6f429f1b26b,0,11,"2018-04-18 15:48:41",1,"2020-04-24 10:17:29"
822,11,"Shelter - Clydebank",info@shelter.org.uk.,01419525503,"Clyde Shopping centre","11 Sylvania Way south",,Clydebank,Dunbartonshire,"G81 1EA",,,,,,,,0,,,1,,,1,,,1,,,1,,,1,,,1,,,1,,,,55.90187140,-4.40470630,0,1e6cfc741f6ad7d0845b4e4d627866f0,0,11,"2018-04-18 15:50:04",1,"2020-04-24 10:17:29"
823,11,"Shelter - Dumfries",info@shelter.org.uk.,01387266979,"197 High Street",,,Dumfries,Dumfriesshire,"DG1 2QT",,,,,,,,0,,,1,,,1,,,1,,,1,,,1,,,1,,,1,,,,55.06887250,-3.61158030,0,60b42265ca5c250af0bd19d8b69e47a3,0,11,"2018-04-18 15:51:06",1,"2020-04-24 10:17:29"
824,11,"Shelter - Glasgow",info@shelter.org.uk.,01412219976,"113 Union Street",,,,Glasgow,"G1 3TA",,,,,,,,0,,,1,,,1,,,1,,,1,,,1,,,1,,,1,,,,55.86001090,-4.25727530,0,17fce865771f135e864f19c6664ab4d4,0,11,"2018-04-18 15:52:11",1,"2020-04-24 10:17:29"
825,11,"Shelter - Hamilton",info@shelter.org.uk.,01698458558,"30 Quarry Street",,,Hamilton,Lanarkshire,"ML3 7AR",,,,,,,,0,,,1,,,1,,,1,,,1,,,1,,,1,,,1,,,,55.77559720,-4.03443640,0,817c67bc8ea03a6c92d84c890e75b5e3,0,11,"2018-04-18 15:53:04",1,"2020-04-24 10:17:29"
826,11,Helensburgh,info@sheltor.org.uk,01436673767,"30 West Princes Street",,,,Helensburgh,"G84 8TD",,,,,,,,0,,,1,,,1,,,1,,,1,,,1,,,1,,,1,,,,56.00425400,-4.73405830,0,919993736c47c0d51b384a3b69ce3317,0,11,"2018-04-18 15:54:08",1,"2020-04-24 10:17:29"
827,11,"Shelter - Motherwell",info@shelter.org.uk.,01698252741,"18 Brandon parade South",,,,Motherwell,"ML1 1RS",,,,,,,,0,,,1,,,1,,,1,,,1,,,1,,,1,,,1,,,,55.78771510,-3.98563730,0,47cc19041dd69644babe385fb30d4ff3,0,11,"2018-04-18 15:55:08",1,"2020-04-24 10:17:29"
828,11,"Shelter - Paisley",info@shelter.org.uk.,01418876929,"36 High Street",,,Paisley,Renfrewshire,"PA1 2DQ",,,,,,,,0,,,1,,,1,,,1,,,1,,,1,,,1,,,1,,,,55.84528720,-4.42776360,0,396b2dcb6b361610263f795e6ff36f08,0,11,"2018-04-18 15:56:07",1,"2020-04-24 10:17:29"
829,11,"Shelter - Prestwick",info@shelter.org.uk.,01292678788,"107 Main Street",,,Prestwick,Ayrshire,"KA9 1JS",,,,,,,,0,,,1,,,1,,,1,,,1,,,1,,,1,,,1,,,,55.49926440,-4.61044030,0,352ced5ef838b0c857e5a52123f12ba6,0,11,"2018-04-18 15:56:57",1,"2020-04-24 10:17:29"
830,11,"Shelter - Rutherglen",info@shelter.org.uk.,01415309951,"Unit 13 Rutherglen Shopping centre",,,,Glasgow,"G73 2LS",,,,,,,,0,,,1,,,1,,,1,,,1,,,1,,,1,,,1,,,,55.82761050,-4.21192400,0,e9b9ec9d6efed09d00cdf97e1d9f3c8b,0,11,"2018-04-18 15:57:54",1,"2020-04-24 10:17:29"
831,11,"Shelter - Prestatyn",info@shelter.org.uk.,01745887885,"174 High Street",,,Prestatyn,Denbighshire,"LL19 9BP",,,,,,,,0,,,1,,,1,,,1,,,1,,,1,,,1,,,1,,,,53.33227600,-3.40142430,0,a92b341802237c4a5c865cf10307fabd,0,11,"2018-04-18 15:58:54",1,"2020-04-24 10:17:29"
832,11,"Shelter - Wrexham",info@shelter.org.uk.,01978361580,"8 Hill Street",,,,Wrexham,"LL11 1SN",,,,,,,,0,,,1,,,1,,,1,,,1,,,1,,,1,,,1,,,,53.04595980,-2.99604820,0,2630a6d86062ddc665bd64448e4fe976,0,11,"2018-04-18 15:59:38",1,"2020-04-24 10:17:29"
833,11,"Freewheelers theatre",info@freewheelerstheatre.co.uk,"01932 860950","The Bridge centre",,,Leatherhead,Surrey,"KT22 7RB",,,,,,,,0,,,1,,,1,,,1,,,1,,,1,,,1,,,1,,,,51.30756970,-0.32969180,0,e023e07f1f206ebb57d568262fd47bdf,0,11,"2018-04-19 13:17:15",1,"2020-04-24 10:17:29"
834,11,"Mousetrap Theatre Projects",info@mousetrap.org.uk,02076324111,"33 Shaftesbury avenue",,,,London,"W1D 7EH",,,,,,,,0,,,1,,,1,,,1,,,1,,,1,,,1,,,1,,,,51.51168800,-0.13336910,0,fe403ca31647d3f674fde7e2d124fa43,0,11,"2018-04-19 13:19:51",1,"2020-04-24 10:17:29"
835,11,"Worthing youth theatre",info@worthingyouththeatre.org.uk,01903502741,"1 Ashurst Drive",Goring-By-Sea,Worthing,,"West Sussex","BN12 4SN",,,,,,,,0,,,1,,,1,,,1,,,1,,,1,,,1,,,1,,,,50.81121140,-0.42641150,0,854aec302a779f9d82388704c1cd8d67,0,11,"2018-04-19 13:32:17",1,"2020-04-24 10:17:29"
836,11,"Scope Worthing",admin@worthingscope.org.uk,01903522366,"Fitzalan Howard Centre","Pavilion Road",,Worthing,"West Sussex","BN14 7EF",,,,,,,,0,,,1,,,1,,,1,,,1,,,1,,,1,,,1,,,,50.81949150,-0.38145680,0,d9332c9d80a2fe873b82e0eb2f04dceb,0,11,"2018-04-19 13:38:45",1,"2020-04-24 10:17:29"
837,11,"NAWT - Hula",reception@nawt.org.uk,01908584000,"Glebe Farm","Salford Road","Aspley Guise","Milton Keynes",Bedfordshite,"MK17 8HZ",,,,,,,,0,,,1,,,1,,,1,,,1,,,1,,,1,,,1,,,,52.02052140,-0.63038240,0,a47edffe61c033f7873bb9c0ca38ffa2,0,11,"2018-04-19 13:48:19",1,"2020-04-24 10:17:30"
838,11,"NAWT - Berkshire",b.ulyatt@nawt.org.uk,01488638584,"Trindledown Farm","Wantage Road","Great Shefford",,Berkshire,"RG17 7DQ",,,,,,,,0,,,1,,,1,,,1,,,1,,,1,,,1,,,1,,,,51.49165360,-1.44679120,0,544304eefb60b04ecd554a53d1d7b95e,0,11,"2018-04-19 13:51:00",1,"2020-04-24 10:17:30"
839,11,"NAWT - Cornwall",cornwallreception@nawt.org.uk,01736756005,"Wheal Alfred Kennels","Wheal Alfred Road",Hayle,,Cornwall,"TR27 5JT",,,,,,,,0,,,1,,,1,,,1,,,1,,,1,,,1,,,1,,,,50.18061100,-5.39383020,0,ae6cae63f37ab55f657f7425df37ff9f,0,11,"2018-04-19 13:54:48",1,"2020-04-24 10:17:30"
840,11,"NAWT - Clacton",headoffice@nawt.org.uk,01255860062,"The Street","Little Clacton",Clacton-on-sea,,Essex,"CO16 9LG",,,,,,,,0,,,1,,,1,,,1,,,1,,,1,,,1,,,1,,,,51.82973090,1.14299810,0,d26d9ae369277fcae80c22f66648fe48,0,11,"2018-04-19 13:57:19",1,"2020-04-24 10:17:30"
841,11,"NAWT - Thurrock",sherifjardine@gmail.com,01375393663,"COUNCIL OFFICE","NEW ROAD",,,,"RM17 6SL",,,,,,,,0,,,1,,,1,,,1,,,1,,,1,,,1,,,1,,,,51.47564090,0.32449450,0,0b23075fa615bf1bc5501ea94bddc752,0,11,"2018-04-19 13:59:15",1,"2020-04-24 10:17:30"
842,11,"NAWT Hertforshire",headoffice@nawt.org.uk,02089500177,"Tylers Way",Watford=By-Pass,Watford,,Hertfordshire,"WD25 8WT",,,,,,,,0,,,1,,,1,,,1,,,1,,,1,,,1,,,1,,,,51.65493460,-0.34420750,0,d5ce302f4d19d45f813e13e39b478896,0,11,"2018-04-19 14:01:34",1,"2020-04-24 10:17:30"
843,11,"NAWT - Somerset",hg.reception@nawt.org.uk,01458252656,"Heavens Gate Farm","West Henley",Langport,,Somerset,"TA10 9BE",,,,,,,,0,,,1,,,1,,,1,,,1,,,1,,,1,,,1,,,,51.08397610,-2.82546930,0,9d8f4786016c9d02ceed1e3450e81731,0,11,"2018-04-19 14:04:08",1,"2020-04-24 10:17:30"
844,11,"London Youth Hindleap",hellohindleap@londonyouth.org,"01342 822625","Hindleap Warren","Wych Cross","Forest Row",,"East Sussex","RH18 5JH",,,,,,,,0,,,1,,,1,,,1,,,1,,,1,,,1,,,1,,,,51.07364230,0.01299140,0,e1c74229ae8e477014cddb6d87d17f40,0,11,"2018-04-19 14:14:08",1,"2020-04-24 10:17:30"
845,11,"London Youth Buckingham",hellowoodrow@londonyouth.org,01494433531,"Woodrow High House","Cherry Lane",Amersham,,Buckinghamshire,"HP7 0QG",,,,,,,,0,,,1,,,1,,,1,,,1,,,1,,,1,,,1,,,,51.66188340,-0.64844560,0,406d09ff2992db8a128c7836433e3420,0,11,"2018-04-19 14:15:44",1,"2020-04-24 10:17:30"
846,1,"CCC Skips",paul@cccwaste.com,01515487273,"Tower house","Simonwood Industrial Park",Kirby,Merseyside,,"L33 4XY",cccwaste.com,,,,,,,0,"portal/encore/UserFiles/SysDocs/bb_encore_suppliers/10000/846/City Centre Containers Ltd Renewed Waste Carriers Licence 02 11 2022.pdf","2022-11-02 00:00:00",0,,,1,,,1,,,1,,,1,,,1,"portal/encore/UserFiles/SysDocs/bb_encore_suppliers/10000/846/INSURANCE COVER LETTER 2020-21.pdf","2021-04-28 00:00:00",0,,,,53.50195510,-2.84925390,0,aed3d1b0d958449f445138e353cf871b,0,11,"2018-04-23 10:11:16",32,"2020-10-20 11:49:28"
847,11,"UK Youth",info@ukyouth.org,"0203 137 3810","Highbury Office","483-485 Liverpool Road",,,London,"N7 8PG",www.ukyouth.org,,,,,,,0,,,1,,,1,,,1,,,1,,,1,,,1,,,1,,,,51.54765350,-0.10930440,0,e1779dc5d77011078dd61ac90f0f368a,0,9,"2018-04-23 10:13:41",1,"2020-04-24 10:17:30"
848,11,"New Horizon Youth Centre",info@nhyouthcentre.org.uk,"0207 388 55660","68 Chalton Street",,,,London,"NW1 1JR",www.nhyouthcentre.org.uk,,,,,,,0,,,1,,,1,,,1,,,1,,,1,,,1,,,1,,,,51.53029600,-0.13028600,0,d3aa103ad00faf2a44d4bc1ae4a5a932,0,9,"2018-04-23 10:15:06",1,"2020-04-24 10:17:30"
849,11,"Pollards Hill Youth Centre",pollards.hill@merton.gov.uk,"020 8274 5195","Pollards Hill Youth Centre","South Lodge Avenue",Mitcham,,Surrey,"CR4 1LT",https://www.merton.gov.uk/communities-and-neighbourhoods/community-groups-and-centres/young-people/youth-centreswww.,,,,,,,0,,,1,,,1,,,1,,,1,,,1,,,1,,,1,,,,51.39972350,-0.12976970,0,42ae141e6ffb3f1a836c1b94f45220d7,0,9,"2018-04-23 10:16:29",1,"2020-04-24 10:17:30"
850,1,"Excel Waste Management",info@excelwastemanagement.co.uk,02085077696,"Unit 5 Albright Industrial Estate","Ferry Lane",Rainham,,Essex,"RM13 9BU",,,,,,,,0,"portal/encore/UserFiles/SysDocs/bb_encore_suppliers/10000/850/Waste Carrier License Expires 13.10.19.JPG","2019-10-13 00:00:00",0,"portal/encore/UserFiles/SysDocs/bb_encore_suppliers/10000/850/Full E A licence Ferry Lane.pdf","2022-04-05 00:00:00",0,,,1,,,1,,,1,,,1,"portal/encore/UserFiles/SysDocs/bb_encore_suppliers/10000/850/Liability Insurance 27.09.2019.pdf","2019-09-27 00:00:00",0,,,,51.51552260,0.18289930,1,b3b51df4c6b3d88d0a90ad5a1cef9aa4,0,11,"2018-04-23 10:16:30",1,"2020-08-10 12:07:42"
851,11,"Brighton Youth Centre",office@brightonyouthcentre.org.uk,"01273 681368","64 Edward Street",,,,Brighton,"BN2 9JR",http://www.brightonyouthcentre.org.uk/,,,,,,,0,,,1,,,1,,,1,,,1,,,1,,,1,,,1,,,,50.83520100,-0.08020820,0,45eecd4e7ab9cf0fdd5bf79a802ce233,0,9,"2018-04-23 10:18:11",1,"2020-04-24 10:17:30"
852,11,"Tokko Youth Centre",info@tokko.co.uk,"01582 544990","Tokko Youth Space","7 Gordan Street",,,Luton,"LU1 2QP",http://tokko.co.uk,,,,,,,0,,,1,,,1,,,1,,,1,,,1,,,1,,,1,,,,51.88042790,-0.41868780,0,02fbdb56e712cfc961669f9441dbe4ab,0,9,"2018-04-23 10:19:36",1,"2020-04-24 10:17:30"
853,11,"CSP Youth Centre",clerk@chalfontstpeter-pc.gov.uknotdirectline,"01753 883712","Tithe Barn","Sandy Rise","Chalfont St Peter",,Buckinghamshire,"SL9 9TR",http://www.cspyouthcentre.org.uk/,,,,,,,0,,,1,,,1,,,1,,,1,,,1,,,1,,,1,,,,51.60806340,-0.55298830,0,076a3a6ed3e46f1def7eac47104b1e1f,0,9,"2018-04-23 10:20:54",1,"2020-04-24 10:17:30"
854,11,"Gaines Christian Youth Centre",gaines@campxl.org,"0300 302 0080","Old Gaines Road",Whitebourne,,,Worcester,"WR6 5RD",http://gaines.org.uk,,,,,,,0,,,1,,,1,,,1,,,1,,,1,,,1,,,1,,,,52.19711660,-2.41479610,0,f67d781d70d0d9515889e7bddbeceb47,0,9,"2018-04-23 10:22:05",1,"2020-04-24 10:17:30"
855,11,"Streatham Youth Centre",contactus@syct.org.uk,"020 8769 5884","Wellfield Centre","16 Wellfield Road",,,London,"SW16 2BP",,,,,,,,0,,,1,,,1,,,1,,,1,,,1,,,1,,,1,,,,51.42933160,-0.12651790,0,8e43df630dea22cb37a452435193c6fd,0,9,"2018-04-23 10:23:11",1,"2020-04-24 10:17:30"
856,11,"London Youth",hello@londonyouth.org,"020 7549 8800","47-49 Pitfield Street",,,,London,"N1 6DA",http://londonyouth.org/,,,,,,,0,,,1,,,1,,,1,,,1,,,1,,,1,,,1,,,,51.52770940,-0.08396290,0,d5ec06056c3fdf6cbb971fbbc1841e86,0,9,"2018-04-23 10:24:16",1,"2020-04-24 10:17:30"
857,11,"610 Youth & Community Centre","kalsoom.zubedah-khan@birmingham.gov.uk,wright@bayc.org","0121 464 1709","610 Kingstanding Road",Kingstanding,,,Birmingham,"B44 9SH",,,,,,,,0,,,1,,,1,,,1,,,1,,,1,,,1,,,1,,,,52.54740860,-1.88493330,0,1979f04ce75ef7345c28290e2674c246,0,9,"2018-04-23 10:37:44",1,"2020-04-24 10:17:30"
858,11,"Clifton Road Youth Centre",soulla.yiasouma@birmingham.gov.uk,"0121 464 1709","Clifton Road","Sutton Coldfield",,,Birmingham,"B73 6EB",https://www.birmingham.gov.uk/directory_record/3709/clifton_road_youth_centre,,,,,,,0,,,1,,,1,,,1,,,1,,,1,,,1,,,1,,,,52.56275140,-1.83209160,0,fedc8f0e999e14eefa70ab5aa83aaacf,0,9,"2018-04-23 10:38:44",1,"2020-04-24 10:17:31"
859,11,"Concord Youth Centre",jan.collymore@birmingham.gov.uk,"0121 464 1709","Claremont Road",Sparkbrook,,,Birmingham,"B11 1LF",https://www.birmingham.gov.uk/directory_record/3713/concord_youth_centre,,,,,,,0,,,1,,,1,,,1,,,1,,,1,,,1,,,1,,,,52.46387800,-1.87452690,0,93e02f2c4e24cf3b6a4ce2f50e046396,0,9,"2018-04-23 10:39:49",1,"2020-04-24 10:17:31"
860,11,"ER Mason Youth Centre",kalsoom.zubedah-khan@birmingham.gov.uk,"0121 464 1709","40 Irving Street",,,,Birmingham,"B1 1DG",https://www.birmingham.gov.uk/directory_record/3700/e_r_mason_youth_centre,,,,,,,0,,,1,,,1,,,1,,,1,,,1,,,1,,,1,,,,52.48046810,-1.91051230,0,75c5d65140c67ec3e5b1e8f305272b65,0,9,"2018-04-23 10:41:14",1,"2020-04-24 10:17:31"
861,11,"Falcon Lodge Community Centre",soulla.yiasouma@birmingham.gov.uk,"0121 464 1709","Church Hill Road","Sutton Coldfield",,,Birmingham,"B75 7LB",https://www.birmingham.gov.uk/directory_record/3708/falcon_lodge_community_centre,,,,,,,0,,,1,,,1,,,1,,,1,,,1,,,1,,,1,,,,52.56354070,-1.79131980,0,deb0d8a4d5dfa4816cc6bde1257a9a50,0,9,"2018-04-23 10:43:23",1,"2020-04-24 10:17:31"
862,11,"Lozells Recreation Group",kalsoom.zubedah-khan@birmingham.gov.uk,"0121 464 1709","2 Graham Street",,Lozells,,Birmingham,"B19 1QY",https://www.birmingham.gov.uk/directory_record/3701/lozells_recreation_group,,,,,,,0,,,1,,,1,,,1,,,1,,,1,,,1,,,1,,,,52.49963190,-1.91085050,0,51f0fb22fe1635248303e3f637799e1f,0,9,"2018-04-23 10:44:19",1,"2020-04-24 10:17:31"
863,11,"Maypole Centre",jan.collymore@birmingham.gov.uk,"0121 464 1709","Idminston Croft",Maypole,,,Birmingham,"B14 5BD",https://www.birmingham.gov.uk/directory_record/3705/maypole_centre,,,,,,,0,,,1,,,1,,,1,,,1,,,1,,,1,,,1,,,,52.41287810,-1.89740150,0,ad4f44e01aef8da6bc6cbdc943a91c48,0,9,"2018-04-23 10:45:09",1,"2020-04-24 10:17:31"
864,11,"Naseby Centre",jan.collymore@birmingham.gov.uk,"0121 464 1709","Naseby Road","Alum Rock",,,Birmingham,"B8 3HG",https://www.birmingham.gov.uk/directory_record/3714/naseby_centre,,,,,,,0,,,1,,,1,,,1,,,1,,,1,,,1,,,1,,,,52.49049960,-1.84541780,0,ca72952f412af341c6be55f7631fbe1f,0,9,"2018-04-23 10:46:07",1,"2020-04-24 10:17:31"
865,11,"Oakland Young People's Centre",kalsoom.zubedah-khan@birmingham.gov.uk,"0121 464 1709","Oakland Road",Handsworth,,,Birmingham,"B21 0NA",https://www.birmingham.gov.uk/directory_record/3699/oakland_young_peoples_centre,,,,,,,0,,,1,,,1,,,1,,,1,,,1,,,1,,,1,,,,52.50561770,-1.94262780,0,0b4a94e22c9a4162c74d34c194c42aec,0,9,"2018-04-23 10:47:10",1,"2020-04-24 10:17:31"
866,11,"Shard End Youth Centre",jan.collymore@birmingham.gov.uk,"0121 464 1709","10 Brownfield Road","Sharp End",,,Birmingham,"B34 7HY",https://www.birmingham.gov.uk/directory_record/3711/shard_end_youth_centre,,,,,,,0,,,1,,,1,,,1,,,1,,,1,,,1,,,1,,,,52.50052610,-1.76718400,0,501799b0a67cb5456743d11d66c84739,0,9,"2018-04-23 10:48:03",1,"2020-04-24 10:17:31"
867,11,"Small Heath Youth Centre",kalsoom.zubedah-khan@birmingham.gov.uk,"0121 464 1709","Muntz Street","Small Heath",,,Birmingham,"B10 9RX",https://www.birmingham.gov.uk/directory_record/3702/small_heath_youth_centre,,,,,,,0,,,1,,,1,,,1,,,1,,,1,,,1,,,1,,,,52.47251010,-1.85543230,0,5d4b81bd5077ce75c85f561a51dc39de,0,9,"2018-04-23 10:48:49",1,"2020-04-24 10:17:31"
868,11,"Soho Youth Projects",kalsoom.zubedah-khan@birmingham.gov.uk,"0121 464 1709","Summerfield Centre","Winson Green Road","Winston Green",,Birmingham,"B18 4EJ",https://www.birmingham.gov.uk/directory_record/3704/soho_youth_projects,,,,,,,0,,,1,,,1,,,1,,,1,,,1,,,1,,,1,,,,52.48657600,-1.93981220,0,e294d758bdf5ac23222d8a93674746af,0,9,"2018-04-23 10:51:15",1,"2020-04-24 10:17:31"
869,11,"The Factory",jan.collymore@birmingham.gov.uk,"0121 464 1709","5 Devon Way",Longbridge,,,Birmingham,"B31 2TS",https://www.birmingham.gov.uk/directory_record/3707/the_factory,,,,,,,0,,,1,,,1,,,1,,,1,,,1,,,1,,,1,,,,52.39761750,-1.98540150,0,2fe6f127e759a3a7d56c225432563fda,0,9,"2018-04-23 10:52:01",1,"2020-04-24 10:17:31"
870,11,"The Lighthouse",kalsoom.zubedah-khan@birmingham.gov.uk,"0121 464 1709","100 Alma Way",,,Aston,Birmingham,"B19 2LN",https://www.birmingham.gov.uk/directory_record/3698/the_lighthouse,,,,,,,0,,,1,,,1,,,1,,,1,,,1,,,1,,,1,,,,52.50179480,-1.90074810,0,aaf38435b6987f1cb460077ef799753b,0,9,"2018-04-23 10:52:50",1,"2020-04-24 10:17:31"
871,11,"The Pump",jan.collymore@birmingham.gov.uk,"0121 464 1709","286 Kitts Green Road","Kitts Green",,,Birmingham,"B33 8NF",https://www.birmingham.gov.uk/directory_record/3710/the_pump,,,,,,,0,,,1,,,1,,,1,,,1,,,1,,,1,,,1,,,,52.47604850,-1.78782380,0,9bcdd07f41108c238db9702453187550,0,9,"2018-04-23 10:53:59",1,"2020-04-24 10:17:31"
872,11,"The Vibe",jan.collymore@birmingham.gov.uk,"0121 464 1709","100 Holder Road",,,"South Yardley",Birmingham,"B25 8AS",https://www.birmingham.gov.uk/directory_record/3712/the_vibe,,,,,,,0,,,1,,,1,,,1,,,1,,,1,,,1,,,1,,,,52.46554620,-1.82094600,0,6c0f3d5d3098b2c38e717b807d884ec2,0,9,"2018-04-23 11:01:17",1,"2020-04-24 10:17:31"
873,11,"Three Estate Youth Work Project Shop",jan.collymore@birmingham.gov.uk,"0121 464 1709","Hawkesely Community Centre","Kings Norton",,,Birmingham,"B38 9TU",https://www.birmingham.gov.uk/directory_record/3706/three_estate_youth_work_project_shop,,,,,,,0,,,1,,,1,,,1,,,1,,,1,,,1,,,1,,,,52.39443310,-1.93641090,0,4478cee5a4c67cc14024586dc2f1ed6d,0,9,"2018-04-23 11:08:40",1,"2020-04-24 10:17:31"
874,11,"Centre for Youth Community","s.moheeuddin@cycd.org.uk / contact@cycd.org.uk","01582 519500",CYCD,"94-106 Leagrave Road",,,Luton,"LU4 8HZ",http://www.cycd.org.uk/,,,,,,,0,,,1,,,1,,,1,,,1,,,1,,,1,,,1,,,,51.88732440,-0.43003340,0,d9efbbe0f486f24b3a3066abaaaaaeae,0,9,"2018-04-23 11:10:57",1,"2020-04-24 10:17:31"
875,11,"Brown's Field Youth and Community Centre",brownsfield@cambridge.gov.uk,"01223 420309","31A Green End Road",,,,Cambridge,"CB4 1RU",https://www.cambridge.gov.uk/browns-field-youth-and-community-centre,,,,,,,0,,,1,,,1,,,1,,,1,,,1,,,1,,,1,,,,52.22582460,0.14706570,0,df9ce5d2434e7ee67e4aaeb4d81cc018,0,9,"2018-04-23 11:13:21",1,"2020-04-24 10:17:31"
876,11,"The Salmon Youth Centre",info@salmonyouthcentre.org,"020 7237 3788","43 Old Jamaica Road",,,Bermondsey,London,"SE16 4TE",https://salmonyouthcentre.org/contact,,,,,,,0,,,1,,,1,,,1,,,1,,,1,,,1,,,1,,,,51.49831590,-0.07048150,0,5b560891e0cabafffb2ea52659dc66bf,0,9,"2018-04-23 11:16:00",1,"2020-04-24 10:17:31"
877,11,"Youth First",info@youthfirst.org.uk,"020 8314 9543","185 Brookehowse Road",,,,London,"SE6 3TT",https://www.youthfirst.org.uk/,,,,,,,0,,,1,,,1,,,1,,,1,,,1,,,1,,,1,,,,51.42882370,-0.02028590,0,1859487690380a8fef6785c498f33cf8,0,9,"2018-04-23 11:17:05",1,"2020-04-24 10:17:31"
878,11,"YMCA Cultyre Fusion",reception@bradfordymca.org.uk,"01274 307228","125 Thornton Road",,,,Bradford,"BD1 2EP",www.culturefusion.org.uk,,,,,,,0,,,1,,,1,,,1,,,1,,,1,,,1,,,1,,,,53.79304540,-1.75961120,0,0d87bbcbbc4d2d7a98dc110e600d7f76,0,9,"2018-04-23 11:18:56",1,"2020-04-24 10:17:32"
879,11,"Warrington Youth Club",info@warringtonyouthclub.co.uk,"01925 581226","Warrington Youth Club","The Tim Parry Jonathan Ball Peace Centre","Peace Drive",,Warrington,"WA5 1HQ",http://www.warringtonyouthclub.co.uk/contact-us.aspx,,,,,,,0,,,1,,,1,,,1,,,1,,,1,,,1,,,1,,,,53.38822530,-2.62104140,0,f7b714ec8a76b3527de457aa6d2134d5,0,9,"2018-04-23 11:21:53",1,"2020-04-24 10:17:32"
880,11,"Portishead Youth Centre",mail@portisheadyouthcentre.co.uk,"01275 842461","1 Harbour Road",Portishead,,,Bristol,"BS20 7DD",http://portisheadyouthcentre.co.uk/,,,,,,,0,,,1,,,1,,,1,,,1,,,1,,,1,,,1,,,,51.48691440,-2.76556020,0,593303b7906de75249a18a3924f21946,0,9,"2018-04-23 11:22:54",1,"2020-04-24 10:17:32"
881,11,"Acting for Others",a4o@trtf.com,02073796978,"West Suite","2nd Floor","11 Garrick Street",,London,"WC2E 9AR",actingforothers.co.uk,,,,,,,0,,,1,,,1,,,1,,,1,,,1,,,1,,,1,,,,51.51136770,-0.12592560,0,4f081dbb2dc014df8ebda0720d186b05,0,11,"2018-04-23 11:45:33",1,"2020-04-24 10:17:32"
882,11,"Damilola Tayor Community Centre",info@damilolataylortrust.co.uk,07404979044,"Damilola Taylor Trust","18 Barrington Villas",,,London,"SE18 3SB",http://www.damilolataylortrust.co.uk,,,,,,,0,,,1,,,1,,,1,,,1,,,1,,,1,,,1,,,,51.47081950,0.06134150,0,8afb5f7325a6610e6089828b9976921d,0,9,"2018-04-23 11:48:50",1,"2020-04-24 10:17:32"
883,11,"Nottinghamshire Clubs",Lisa@nottscyp.org.uk,"0115 970 5405","The Monty Hind Centre",Leengate,Lenton,,Nottinghamshire,"NG7 2LX",http://www.nottscyp.org.uk/contact.html,,,,,,,0,,,1,,,1,,,1,,,1,,,1,,,1,,,1,,,,52.94421500,-1.18124260,0,7a6ee0d7c7bef3ba7a1ab7eeea0712d6,0,9,"2018-04-23 11:50:42",1,"2020-04-24 10:17:32"
884,11,"Arbour Youth Centre",admin@thearbour.org.uk,"0207 790 6578","The Arbour Youth Centre","100 Shandy Street",,,London,"E1 4ST",http://www.thearbour.org.uk,,,,,,,0,,,1,,,1,,,1,,,1,,,1,,,1,,,1,,,,51.52075020,-0.04053070,0,29d2a95356c5f558ceb42271a6c474c9,0,9,"2018-04-23 11:52:31",1,"2020-04-24 10:17:32"
885,11,"The Hideaway Project",julie@thehideaway.org.uk,"0161 226 7325","Quinney Crescnet","Moss Side",,,Manchester,"M16 7DG",https://thehideaway.org.uk/contact/,,,,,,,0,,,1,,,1,,,1,,,1,,,1,,,1,,,1,,,,53.46011310,-2.25049820,0,8bfb09867b5a6f3b7b22ffb2d5e10e95,0,9,"2018-04-23 11:53:34",1,"2020-04-24 10:17:32"
886,11,"Knights Youth Centre",john.s@knightsyouthcentre.org.uk,"020 8674 4055","27 Streatham Place",,,,London,"SW2 4QQ",http://knightsyouthcentre.org.uk/contact-us/,,,,,,,0,,,1,,,1,,,1,,,1,,,1,,,1,,,1,,,,51.44622950,-0.12787770,0,2e95a8b78efc82d30f93fa50aff26fbd,0,9,"2018-04-23 11:56:28",1,"2020-04-24 10:17:32"
887,11,"The Prince's Trust- Kennington",kenningtoncentre@prices-trust.org.uk,"0800 842842","Salisbury House","5 Cranmer Road",,,London,"SW9 6EJ",https://www.princes-trust.org.uk/about-the-trust/where-we-work/south-england/kennington-centre,,,,,,,0,,,1,,,1,,,1,,,1,,,1,,,1,,,1,,,,51.47997750,-0.10977360,0,711aeec7751d039f4a1e227f5fa540b7,0,9,"2018-04-23 11:57:44",1,"2020-04-24 10:17:32"
888,11,"Caius House",info@caiushouse.org,"020 3818 6210","Caius House","2 Holman Road",Battersea,,London,"SW11 3RL",https://www.caiushouse.org/,,,,,,,0,,,1,,,1,,,1,,,1,,,1,,,1,,,1,,,,51.47062160,-0.17608490,0,85161db92d5e118dd55ae86d76494fae,0,9,"2018-04-23 11:59:12",1,"2020-04-24 10:17:32"
889,11,"Holbeck Youth Centre",info@healthforall.org.uk,"020 8572 8842","Acre Close",Middleton,,,Leeds,"LS10 4HX",www.healthforall.org.uk,,,,,,,0,,,1,,,1,,,1,,,1,,,1,,,1,,,1,,,,53.74305830,-1.54692240,0,88d0c9c90004a250cec844506dc46ab9,0,9,"2018-04-23 12:01:00",1,"2020-04-24 10:17:32"
890,11,"Hounslow Youth Centre",hounslowphab2014@gmail.com,"020 8572 8842","Hounslow Youth Centre","Kingsley Road",Hounslow,,Middlesex,"TW3 1QA",,,,,,,,0,,,1,,,1,,,1,,,1,,,1,,,1,,,1,,,,51.47234610,-0.35680090,0,9858a31dc7542e27858fa95a8ac2a873,0,9,"2018-04-23 12:01:50",1,"2020-04-24 10:17:32"
891,11,"The Zone",info@1zone.org.uk,"0113 217 2531","The Henry Cohen Campus","Primley Park Road",,,Leeds,"LS17 7HR",,,,,,,,0,,,1,,,1,,,1,,,1,,,1,,,1,,,1,,,,53.85476460,-1.54135290,0,55a81114523b674b6be38b79591ac8cc,0,9,"2018-04-23 12:03:41",1,"2020-04-24 10:17:32"
892,11,"Bletchely Youth Centre",sam.jivram@milton-keynes.gov.uk,"01908 375648","Bletchley Youth Centre","Derwent Drive",Bletchley,,"Milton Keynes","MK3 7BE",,,,,,,,0,,,1,,,1,,,1,,,1,,,1,,,1,,,1,,,,51.99691460,-0.76110250,0,bf50e692aab2ed69774bff9e0cd16439,0,9,"2018-04-23 12:04:51",1,"2020-04-24 10:17:32"
893,11,"Amersham Youth Activities",info@chilternyouthprojects.org.uk,"01494 727895","Amersham Youth Activities","Chiltern Youth Centre","Chiltern Avenue",Amersham,Buckinghamshire,"HP6 5AH",,,,,,,,0,,,1,,,1,,,1,,,1,,,1,,,1,,,1,,,,51.67628960,-0.60209920,0,c143e5baca7533a7603338720b93d468,0,9,"2018-04-23 12:06:07",1,"2020-04-24 10:17:32"
894,11,"The Big House",info@thebighouse.uk.com,02079239955,"The Big House","Mildmay Community Centre","Woodville Road",,London,"N16 8NA",,,,,,,,0,,,1,,,1,,,1,,,1,,,1,,,1,,,1,,,,51.55088100,-0.08127520,0,b9486cd2bb01ac383f24527c227dc91a,0,11,"2018-04-23 12:29:37",1,"2020-04-24 10:17:32"
895,11,"Theatre Royal Plymouth",info@theatreroyal.com,01752267222,"Royal Parade",,,,Plymouth,"PL1 2TR",,,,,,,,0,,,1,,,1,,,1,,,1,,,1,,,1,,,1,,,,50.36987320,-4.14508320,0,380618bcb2fb5c82c20728117b095b3d,0,11,"2018-04-23 12:48:28",1,"2020-04-24 10:17:32"
896,11,"Ayr Gaiety",robbie.gordon@ayrgaiety.co.uk,01292288235,"Carrick Street",,,,Ayr,"KA7 1NU",,,,,,,,0,,,1,,,1,,,1,,,1,,,1,,,1,,,1,,,,55.46132550,-4.63187550,0,eb764d3144fbc443a54a4296003007c5,0,11,"2018-04-23 13:00:41",1,"2020-04-24 10:17:32"
897,11,"British Heart Foundation- London House",heretohelp@bhf.org.uk,08082500030,"Greater London House","180 Hampstead Road",,,London,"NW1 7AW",,,,"020 7554 0000",,,,0,,,1,,,1,,,1,,,1,,,1,,,1,,,1,,,,51.53344070,-0.13961820,0,d1760bbd89e34e3ed30da7674c36bb1e,0,11,"2018-04-23 15:26:46",1,"2020-04-24 10:17:32"
898,1,"EnviroCycle London",info@envirocyclelondon.co.uk,07549448123,"Envirocycle London Ltd","24 Levett Road",,,Leatherhead,"KT22 7EG",,,,,,,,0,"portal/encore/UserFiles/SysDocs/bb_encore_suppliers/10000/898/WCL, 01.07.20.PNG","2020-07-01 00:00:00",0,,,1,,,1,,,1,,,1,,,1,"portal/encore/UserFiles/SysDocs/bb_encore_suppliers/10000/898/Goods In Transit Insurance Docs.pdf","2018-07-24 00:00:00",0,,,,51.30185780,-0.32284860,1,2dd3146b6fcc80ad74a18f54c3f95f29,0,9,"2018-04-25 12:18:26",1,"2020-08-10 12:07:42"
899,1,"GBN Skips",edmonton.orders@gbnservices.co.uk,"02038875345/OOH Karen Smith 07834729421","10 Estate Way",Leyton,London,,,"E10 7JW",gbnservices.co.uk,,,,,,,0,"portal/encore/UserFiles/SysDocs/bb_encore_suppliers/10000/899/Waste-carriers-licence 2022.pdf","2022-04-19 00:00:00",0,"portal/encore/UserFiles/SysDocs/bb_encore_suppliers/10000/899/GBN Waste Permit.jpg","2021-09-04 00:00:00",0,portal/encore/UserFiles/SysDocs/bb_encore_suppliers/10000/899/GBNSiteLicenceSouthend.pdf,"2021-04-19 00:00:00",0,"portal/encore/UserFiles/SysDocs/bb_encore_suppliers/10000/899/Site Licence Basildon.pdf","2021-04-19 00:00:00",0,"portal/encore/UserFiles/SysDocs/bb_encore_suppliers/10000/899/Southgate V4.pdf","2021-04-19 00:00:00",0,"portal/encore/UserFiles/SysDocs/bb_encore_suppliers/10000/899/Uxbridge - Consolidated permit.pdf","2021-04-19 00:00:00",0,"portal/encore/UserFiles/SysDocs/bb_encore_suppliers/10000/899/Ins, 01.04.21.pdf","2021-04-01 00:00:00",0,,,,51.56816600,-0.02378610,0,9525bc78de7041ed38d041014d468ce7,0,9,"2018-05-04 10:31:10",48,"2020-10-22 13:46:25"
900,1,"RPS Ltd",emma@rpsltd.com;alaister@rpsltd.com,"01642 465556","Low Lane",Maltby,,,Middlesbrough,"TS8 0BW",http://rpsltd.com/contact-us.html,,,,,,,0,"portal/encore/UserFiles/SysDocs/bb_encore_suppliers/10000/900/RPS - WasteCarrierRegistrationCertificate- Feb 2020 - Feb 2023.pdf","2023-02-13 00:00:00",0,,,1,,,1,,,1,,,1,,,1,"portal/encore/UserFiles/SysDocs/bb_encore_suppliers/10000/900/Insurance 2021.pdf","2021-10-03 00:00:00",0,,,,54.51322900,-1.29019220,0,e1dcba7bde4d1afa7bc9a50ac5da647e,0,9,"2018-05-09 14:32:39",48,"2020-10-06 12:49:26"
901,1,"The All Clear Company",info@theallclearcompany.co.uk,"020 3589 0313","15 Rigg Approach","Lea Bridge Road",Leyton,,London,"E10 7QN",www.theallclearcompany.co.uk,,,,,,,0,"portal/encore/UserFiles/SysDocs/bb_encore_suppliers/10000/901/Waste Carriers 2018.pdf","2021-01-10 00:00:00",0,,,1,,,1,,,1,,,1,,,1,"portal/encore/UserFiles/SysDocs/bb_encore_suppliers/10000/901/Employers and Public Liability Insurance - 2018.pdf","2018-07-01 00:00:00",0,,,,51.56725720,-0.04078210,1,ad9c09dfb2e5bb838be04e5388552ef6,0,9,"2018-05-15 15:06:47",1,"2020-08-10 12:07:54"
902,12,"Lendon Container Hire",info@lendoncontainers.co.uk,02073501940,"60 Webbs Road",,,,London,"SW11 6SE",www.lendoncontainers.co.uk,"Tony / Rosemary",tony@containerhiresurrey.co.uk,,,,,0,,,1,,,1,,,1,,,1,,,1,,,1,,,1,,,,51.45521340,-0.16185570,0,81e0206f3cdee4bc79881fd05253ccf9,0,11,"2018-05-24 16:29:55",1,"2020-04-24 10:17:33"
903,1,"EBS Bioclean","johnm@ebsbioclean.co.uk; jackie@ebspestcontrol.co.uk","01277 218241 / 07508 521637","The Workshop","Hutton Road",Shenfield,,Essex,"CM15 8NR",,,,,,,,0,"portal/encore/UserFiles/SysDocs/bb_encore_suppliers/10000/903/WCL, 01.11.19.pdf","2018-11-01 00:00:00",0,,,1,,,1,,,1,,,1,,,1,"portal/encore/UserFiles/SysDocs/bb_encore_suppliers/10000/903/Ins, 31.12.19.pdf","2019-12-31 00:00:00",0,,,,51.63078580,0.32852740,1,cb9a4f3257a234f713fb21dab10cf61f,0,9,"2018-05-30 14:53:18",1,"2020-08-10 12:07:41"
904,12,Ensafe,jclements@ensafe.co.uk,"01604878190  07940387002","The Forge","Blisworth Hill Farm","Stoke Road",Blisworth,Northampton,"NN7 3DB",,"Jon Clements",,,,,,0,,,1,,,1,,,1,,,1,,,1,,,1,,,1,,,"**Do not use without checking with directors.**",52.15837880,-0.93000470,0,0bc83c54aa3c766bf91277ec3c555c17,0,11,"2018-06-08 10:22:16",1,"2020-04-24 10:17:33"
906,12,"Tardis Environmental",nikki@tardishire.co.uk;service@tardishire.co.uk,"0800 731 0589","West Coppice Rd","West Coppice Side Ind Estate",,Brownhills,Walsall,"WS8 7HB",,,,,,100,,0,,,1,,,1,,,1,,,1,,,1,,,1,"portal/encore/UserFiles/SysDocs/bb_encore_suppliers/10000/906/Tardis Liability cover letter.pdf","2021-05-25 00:00:00",0,,,,52.64768800,-1.95025830,0,3e29a30aad9019891da729bfcc673ada,0,9,"2018-06-28 13:16:05",32,"2020-06-10 14:29:16"
907,12,Ki-Tran,sonia@ki-tran.co.uk,"01604 810305","Unit 95, Leyland Training Estate","Irthlingborough Road",Wellingborough,,Northampton,"NN8 1RT",,,,,,,,0,,,1,,,1,,,1,,,1,,,1,,,1,,,1,NA,,,52.30225240,-0.66967080,0,46cb2e425f8400702fbd2b931ad451a0,0,9,"2018-07-05 07:51:43",9,"2020-06-11 09:31:32"
908,12,"Ecology Consultancy",tamzin@ecologyconsultancy.co.uk;phoebe@ecologyconsultancy.co.uk,"T: 020 7378 1914","Tempus Wharf","33a Bermondsey Wall",,"West London",,"SE16 4TQ",,,,,,,,0,,,1,,,1,,,1,,,1,,,1,,,1,,,1,,,,51.50115050,-0.06750750,0,baffc921eb6c2521bb7aba70b2f2f49d,0,9,"2018-07-05 16:17:39",1,"2020-04-24 10:17:33"
909,1,"Pearce Group",info@pearce-group.co.uk,08000833333,"Pearce House","Acrewood Way","St Albans",,,"AL4 0JY",www.pearce-group.co.uk,Dave,dhorslen@pearce-group.co.uk,08000833333,,100,,0,"portal/encore/UserFiles/SysDocs/bb_encore_suppliers/10000/909/WCL 02.04.19.pdf","2019-04-02 00:00:00",0,portal/encore/UserFiles/SysDocs/bb_encore_suppliers/10000/909/Permit.pdf,"2023-11-22 00:00:00",0,,,1,,,1,,,1,,,1,"portal/encore/UserFiles/SysDocs/bb_encore_suppliers/10000/909/Liability Insurance 23.05.19.pdf","2019-05-23 00:00:00",0,,,,51.74933480,-0.27766560,1,a5ef27866eb93eccf60e305d9c9e5e51,0,11,"2018-07-19 11:55:45",1,"2020-08-10 12:07:50"
910,12,"1st Line Defence",scott.mundy@1stlinedefence.co.uk,01992446974,"Unit 3 Maple Park","Essex Road",Hoddesdon,Hertfordshire,,"EN11 0EX",,"Scott Mundy",scott.mundy@1stlinedefence.co.uk,,,100,0,0,,,1,,,1,,,1,,,1,,,1,,,1,,,1,,,,51.76087220,0.00184910,0,3303287eaf7be41e308073596218e34e,0,11,"2018-07-20 13:34:29",1,"2020-04-24 10:17:33"
911,1,"O'Donovan Grabs",transport@odonovan.co.uk,"0208 801 9561","Markfield House","82 Markfield house",Tottenham,London,,"N15 4QF",odonovan.co.uk,,,,,,,0,"portal/encore/UserFiles/SysDocs/bb_encore_suppliers/10000/911/Waste Carriers Licence 2020.pdf","2022-08-10 00:00:00",0,,"2019-08-17 00:00:00",1,,,1,,,1,,,1,,,1,"portal/encore/UserFiles/SysDocs/bb_encore_suppliers/10000/911/Insurance 05.05.2021.pdf","2021-05-05 00:00:00",0,,,,51.58303070,-0.06361230,0,855d879e80b2a23ff0845ed46a820703,0,9,"2018-08-02 12:37:54",1,"2020-08-10 12:07:49"
912,1,"Able Group",customer.relations@able-group.co.uk,"0800 051 8590","39 Progress Road",,,"Leigh On Sea",Essex,"SS9 5PR",,,,,,,,0,,,1,,,1,,,1,,,1,,,1,,,1,,,1,,,"These areas Exterminator",51.57011080,0.64296530,0,a930ee7fe727e5a9a6d9b2975522df48,0,19,"2018-08-06 12:49:36",1,"2020-08-10 12:07:36"
913,1,"Hughes Waste",sales@hugheswaste.co.uk,"02392 655949","Ackworth Road",Hilsea,,,Portsmouth,"PO3 5NS",,,,,,,,0,"portal/encore/UserFiles/SysDocs/bb_encore_suppliers/10000/913/Waste Carrier 2021.pdf","2021-10-29 00:00:00",0,,,0,,,0,,,0,,,0,,,0,,,0,,,,50.83403300,-1.05669640,1,8ed95adf529a1ebbdd7e0ae720588367,0,11,"2018-09-06 16:17:03",1,"2020-08-10 12:07:44"
914,12,"Crucial Enviro",naomi.barnes@crucial-enviro.co.uk,"01903 297818","Unit C Dominion Way","East Worthing Trading Estate",Worthing,"West Sussex",,"BN14 8NW",,"Naomi Barnes   Scott Weeks",naomi.barnes@crucial-enviro.co.uk;scott.weeks@crucial-enviro.co.uk,"01903 297818",,100,,0,,,1,,,1,,,1,,,1,,,1,,,1,,,1,,,,50.82526060,-0.35576310,0,f4e4db6d23b94d9b590d5d04262bb17f,0,11,"2018-09-28 11:02:16",1,"2020-04-24 10:17:33"
915,12,"Initative Logisitics",eddiepmd2@gmail.com,07473799990,"16 Medway Drive",,,,Northampton,"NN5 7PE",,Edwin,,,,,,0,,,1,,,1,,,1,,,1,,,1,,,1,portal/encore/UserFiles/SysDocs/bb_encore_suppliers/10000/915/Insurances.pdf,"2019-09-30 00:00:00",0,,,,52.25649960,-0.92582070,1,a128185502101bd5933ed8c2ac8beb12,0,11,"2018-09-28 16:11:03",1,"2020-04-24 10:17:33"
916,1,"Simply Loos",jamie@simplyloos.co.uk,"0208 532 7878","Manor Way",,,,Essex,"RM13 8RH",https://www.simplyloos.co.uk/,,,,,,,0,,,1,,,1,,,1,,,1,,,1,,,1,"portal/encore/UserFiles/SysDocs/bb_encore_suppliers/10000/916/Public  Employers 30.11.2019.pdf","2019-11-30 00:00:00",0,,,,51.52078150,0.18146170,1,87bc42dcd72f9d2fce00d8214f67e158,0,9,"2018-10-11 15:45:14",1,"2020-08-10 12:07:53"
917,12,"Southern Testing",gsmith@southerntesting.co.uk,,,,,,,,,,,,,,,0,,,1,,,1,,,1,,,1,,,1,,,1,,,1,,,,,,0,0a27c286b002e2e2f416077231aa2ad1,0,9,"2018-10-17 15:33:45",1,"2020-04-24 10:17:33"
918,12,Socotec,ben.kilshaw@socotec.com,"01895 235235","Cowley Mill trading Estate","Longbridge Way",Uxbridge,Middlesex,,"UB8 2YG",www.socotec.co.uk,Michelle,,,,,,0,,,1,,,1,,,1,,,1,,,1,,,1,,,1,,,,51.53927610,-0.49303030,0,c191f3713857e196fc7e762ba094f64d,0,11,"2018-10-30 10:05:20",1,"2020-04-24 10:17:33"
919,12,"The Forces Group",psmith@theforcesgroup.co.uk,07469391780,,,,,,,,,,,,,,0,,,1,,,1,,,1,,,1,,,1,,,1,,,1,,,,,,0,b697fedcfc55902d725c0cc33aa11226,0,11,"2018-10-31 10:20:33",1,"2020-04-24 10:17:33"
921,1,"ETM GROUP",Orders@ETM-Group.co.uk,"0117 9533654","41  Ashton Vale Road","Ashton Vale",Bristol,,,"BS3 2HR",www.etmrecycling.com,Amy,,,,,,0,"portal/encore/UserFiles/SysDocs/bb_encore_suppliers/10000/921/WCL 28.10.21.pdf","2021-10-28 00:00:00",0,portal/encore/UserFiles/SysDocs/bb_encore_suppliers/10000/921/PERMIT.pdf,"2023-11-22 00:00:00",0,,,1,,,1,,,1,,,1,"portal/encore/UserFiles/SysDocs/bb_encore_suppliers/10000/921/Insurance 2021.pdf","2021-09-27 00:00:00",0,,,,51.43858150,-2.62839260,0,40be632f749349dc46c40e14b44e19f8,0,11,"2018-11-16 11:05:27",48,"2020-10-05 13:17:50"
922,1,"Skip Along Waste Ltd",sales@skippyskips.co.uk,"020 7635 8986","Unit 4 Ilderton Rd,",,,"Rollins St,",London,"SE15 1EP",,,,,,,,0,,,0,,,0,,,0,,,0,,,0,,,0,,,0,,,,51.48395830,-0.05037290,1,c32eb3930e3dc0ba79aa7e3b7af16326,0,11,"2019-01-14 11:05:21",1,"2020-08-10 12:07:53"
923,1,"Biffa- Compactor",compactionservices@biffa.co.uk,"0800 601 601","Moira Road, ,","Woodville,",Swadlincote,Derbyshire,,"DE11 8DG",,,,,,,,0,"portal/encore/UserFiles/SysDocs/bb_encore_suppliers/10000/923/carrier Lisence 28.01.2022.pdf","2022-01-28 00:00:00",0,"portal/encore/UserFiles/SysDocs/bb_encore_suppliers/10000/923/Permit Chesterfield.JPG","2021-01-15 00:00:00",0,"portal/encore/UserFiles/SysDocs/bb_encore_suppliers/10000/923/permit Forward recycling.JPG","2021-01-15 00:00:00",0,"portal/encore/UserFiles/SysDocs/bb_encore_suppliers/10000/923/Permit Ilkeston Depot.JPG","2021-01-15 00:00:00",0,"portal/encore/UserFiles/SysDocs/bb_encore_suppliers/10000/923/Permit Swadlincote Depot.JPG","2021-01-15 00:00:00",0,,,1,"portal/encore/UserFiles/SysDocs/bb_encore_suppliers/10000/923/TWITMC - 2020 - Plant Policy.pdf","2021-05-30 00:00:00",0,,,"Was originally Ward Compactor, compactor services have been brought out by Biffa",52.76889320,-1.53477640,0,f791cef3d8edcb65a229db42077dae72,0,9,"2019-01-15 13:02:01",32,"2020-10-27 13:40:10"
924,12,"VMS contracting Limited",vaidas@vmscontractingltd.com,07900907001,"71 Grifon Road",Grays,,,Essex,"RM16 6NP",,"Vaidas Miliauskas",vaidas@vmscontractingltd.com,07900907001,,,,0,,,1,,,1,,,1,,,1,,,1,,,1,"portal/encore/UserFiles/SysDocs/bb_encore_suppliers/10000/924/Liability Insurance 11.02.2020.pdf","2020-02-11 00:00:00",0,,,,51.49065770,0.29573340,1,a31343042b613d5d16d06aaf4da2b971,0,11,"2019-01-21 09:41:50",1,"2020-04-24 10:17:34"
925,1,"EPD TIPPER & GRAB HIRE",enquiries@fors-online.org.uk,"01708 864121","UNIT 5A MILEHAMS INDUSTRIAL ESTATE","TANK HILL ROAD",PURFLEET,,,"RM19 1SX",,,,,,,,0,,,0,,,0,,,0,,,0,,,0,,,0,,,0,,,,51.49047080,0.23275960,1,f33499e0fbb69c30892432246d773191,0,11,"2019-01-28 10:38:50",1,"2020-08-10 12:07:42"
926,1,"Brocks Haulage LTD",enquires@brockshaulage.co.uk,"01708 861021","Beacon Hill Industrial Estate","Botany Way",,,Purfleet,"RM19 1SR",,,,,,,,0,,,0,,,0,,,0,,,0,,,0,,,0,,,0,,,,51.48388530,0.24153580,1,4c194ea4900bd057a4a4549906dbe150,0,21,"2019-01-28 11:00:04",1,"2020-08-10 12:07:38"
927,1,"Drain Gain Limited",office@draingain.co.uk,"01491 598400","102 Abbott Road",,,Didcot,Oxfordshire,"OX11 8HZ",www.draingain.com,,,,,,,0,"portal/encore/UserFiles/SysDocs/bb_encore_suppliers/10000/927/WCL, exp. 14.01.22.pdf","2022-01-14 00:00:00",0,,,1,,,1,,,1,,,1,,,1,"portal/encore/UserFiles/SysDocs/bb_encore_suppliers/10000/927/insurnace 02.21.pdf","2021-02-11 00:00:00",0,,,,51.59995580,-1.24738440,0,56e07ac4ba8b375ae4a6105bee29aa5d,0,9,"2019-02-05 07:53:33",1,"2020-08-10 12:07:41"
929,1,"Mick Allen Metals",mickyallen1@btinternet.com,,"23 Nursery Rd",,,Alton,Hampshire,"GU34 2DP",,Mick,,,,100,,0,"portal/encore/UserFiles/SysDocs/bb_encore_suppliers/10000/929/WCL 16.8.19.jpg","2019-08-16 00:00:00",0,portal/encore/UserFiles/SysDocs/bb_encore_suppliers/10000/929/SML.jpg,"2021-09-19 00:00:00",0,,,1,,,1,,,1,,,1,portal/encore/UserFiles/SysDocs/bb_encore_suppliers/10000/929/SML.jpg,"2019-11-05 00:00:00",1,,,,51.15501260,-0.97073440,1,85a082797910f12aefd9390798faafc4,0,11,"2019-02-22 14:39:16",1,"2020-08-10 12:07:48"
930,1,"BKP Group",laura.johnson@bkpgroup.com,"01794 369109","Casbrook Park","Bunny Lane",Timsbury,Romsey,Hants,"SO51 0PG",,"Laura Johnson",laura.johnson@bkpgroup.com,,,100,,0,"portal/encore/UserFiles/SysDocs/bb_encore_suppliers/10000/930/WasteCarrierRegistrationCertificate-CBDU201880 exp 2023.pdf","2023-11-28 00:00:00",0,portal/encore/UserFiles/SysDocs/bb_encore_suppliers/10000/930/Permit.JPG,"2022-03-06 00:00:00",0,,,1,,,1,,,1,,,1,"portal/encore/UserFiles/SysDocs/bb_encore_suppliers/10000/930/Insurance 30.06.2021.pdf","2021-06-30 00:00:00",0,,,,51.01983200,-1.48791150,0,283ea5e2962979a26cc3edef722d69b4,0,11,"2019-03-04 09:57:25",48,"2020-12-01 13:54:54"
931,1,"R&S Skips",mail@rs-skips.co.uk,"01342 842495","Normans Corner","Chapel Road",Smallfield,,Horley,"RH6 9JH",,,,,,,,0,"portal/encore/UserFiles/SysDocs/bb_encore_suppliers/10000/931/WCL, 28.02.22.png","2022-02-28 00:00:00",0,portal/encore/UserFiles/SysDocs/bb_encore_suppliers/10000/931/Permit.jpg,"2021-03-07 00:00:00",0,,,1,,,1,,,1,,,1,"portal/encore/UserFiles/SysDocs/bb_encore_suppliers/10000/931/R  S Etherington Limited - Evidence of Insurance_.pdf","2021-06-06 00:00:00",0,Yes,"2020-09-28 00:00:00",,51.17874560,-0.11386080,0,d9b301d40286422582e19bacaf17e4b3,0,9,"2019-03-07 08:39:12",32,"2020-09-28 11:55:29"
932,12,"Dida Construction",info@didaconstruction.co.uk,"020 3935 7921","UNIT 2","Ilderton Wharf","Rollins Street",,London,"SE15 1EP",,,,,,,,0,"portal/encore/UserFiles/SysDocs/bb_encore_suppliers/10000/932/Waste Certificate.pdf","2020-03-10 00:00:00",0,,,1,,,1,,,1,,,1,,,1,,,0,,,"Do not contact for DOC docs, Encore do not use direct",51.48395830,-0.05037290,1,897afa246daa09261d7ae02c4ae727d3,0,11,"2019-03-14 10:31:45",1,"2020-04-24 10:17:34"
933,1,Sackers,skips@sackers.co.uk;Leigh.Weight@sackers.co.uk,"01473 830373","Gipping Rd,",,"Great Blakenham,",Ipswich,,"IP6 0JB",,,,,,,,0,"portal/encore/UserFiles/SysDocs/bb_encore_suppliers/10000/933/Waste Carriers Licence 29.03.2022.pdf","2022-03-29 00:00:00",0,"portal/encore/UserFiles/SysDocs/bb_encore_suppliers/10000/933/Debtrac Environmental Permit","2021-03-21 00:00:00",0,,,1,,,1,,,1,,,1,"portal/encore/UserFiles/SysDocs/bb_encore_suppliers/10000/933/Employers-Liability-Insurance 01.05.2020.pdf","2020-05-01 00:00:00",0,,,,52.10986980,1.10097820,1,04acc71c3327ffa80e9b269d4bf5e081,0,9,"2019-03-15 15:14:50",1,"2020-08-10 12:07:52"
934,1,"Car and Metal Recycling",sammy@carandmetal.com,"01252 333334","Hollybush Lane",Aldershot,,,hampshire,"GU11 2PX",,"Andrew Carter",,,,,,0,"portal/encore/UserFiles/SysDocs/bb_encore_suppliers/10000/934/carrier license 2022.pdf","2022-10-09 00:00:00",0,"portal/encore/UserFiles/SysDocs/bb_encore_suppliers/10000/934/Permit 21.03.21.jpg","2021-03-21 00:00:00",0,,,1,,,1,,,1,,,1,"portal/encore/UserFiles/SysDocs/bb_encore_suppliers/10000/934/liability insurance 2020.pdf","2020-09-01 00:00:00",0,,,,51.26417540,-0.73140080,1,94db2e941107aa4687bea295a097f70b,0,20,"2019-03-21 13:38:51",32,"2020-09-15 13:19:48"
935,12,Syntegra,m.buck@syntegragroup.com;uu@syntegragroup.com,"+44 (0)118 402 8520","Syntegra House","63 Milford Road",,,Reading,"RG1 8LG",,,,,,,,0,,,1,,,1,,,1,,,1,,,1,,,1,,,1,,,,51.46214270,-0.98145890,0,822190b5ed80ef850bbe35fb2adf5bd6,0,9,"2019-03-26 14:24:28",1,"2020-04-24 10:17:35"
936,1,"Circle Waste",umer.khatri@circlewaste.co.uk,03300948148,"3 Sovereign Way","Trafalgar Industrial Estate","Downham Market",,,"PE38 9SW",circlewaste.co.uk,Umer,umer.khatri@circlewaste.co.uk,"07776 599590",,,,0,"portal/encore/UserFiles/SysDocs/bb_encore_suppliers/10000/936/Our WCL expires 07.2020.pdf","2020-10-10 00:00:00",0,portal/encore/UserFiles/SysDocs/bb_encore_suppliers/10000/936/-Permit.pdf,"2021-04-21 00:00:00",0,,,1,,,1,,,1,,,1,"portal/encore/UserFiles/SysDocs/bb_encore_suppliers/10000/936/PLUK Insurance 2020.pdf","2020-09-04 00:00:00",0,,,,52.59902230,0.36532670,1,8378b6137cc9e22cca3fe18d1450fd3d,0,11,"2019-03-29 11:09:52",32,"2020-09-15 13:19:58"
938,12,"Low Energy Consultancy Ltd",caron.swingler-brown@lowenergyconsultancy.co.uk;adam.alexander@lowenergyconsultancy.co.uk,"01604 655295","Bembridge House","Bembridge Drive",Kingsthorpe,,Northampton,"NN2 6LZ",,,,,,,,0,,,1,,,1,,,1,,,1,,,1,,,1,"portal/encore/UserFiles/SysDocs/bb_encore_suppliers/10000/938/Liability Insurance 31.08.2020.pdf","2020-08-31 00:00:00",0,,,"Do not trade anymore",52.25400890,-0.90426730,1,4ea6539d78f28833039f107f0ce00edf,0,9,"2019-04-03 10:10:33",32,"2020-11-20 11:43:54"
939,12,"Paragon Building Consultancy",info@paragonbc.co.uk,"+44 (0)20 7125 0112","7 Swallow Place",,,,London,"W1B 2AG",,,,,,,,0,,,1,,,1,,,1,,,1,,,1,,,1,,,1,,,,51.51516800,-0.14234640,0,c461cd32ccf9bd3b90db9c35665e9dab,0,9,"2019-04-03 10:24:12",1,"2020-04-24 10:17:35"
940,1,"R Collards Grab",louise@rcollard.com;julie@rcollard.com,"01252 844688","Eversley Haulage Park Brickhouse Hill,",,,Eversley,,"RG27 0PZ",,,,,,,,0,"portal/encore/UserFiles/SysDocs/bb_encore_suppliers/10000/940/WASTE CARR LICENSE 22.03.2022.pdf","2022-03-22 00:00:00",0,"portal/encore/UserFiles/SysDocs/bb_encore_suppliers/10000/940/Permit No..pdf","2021-04-30 00:00:00",1,,,1,,,1,,,1,,,1,"portal/encore/UserFiles/SysDocs/bb_encore_suppliers/10000/940/Insurance 2020 - 2021.pdf","2021-08-31 00:00:00",0,,,,51.32678860,-0.86556710,0,8b070ff6726b38d4e39ca7bb50f13321,0,9,"2019-04-04 10:23:21",32,"2020-09-10 15:39:26"
941,1,"Site Solved",infositesolved@gmail.com,"02380 238281","31 Channel Way","suite 4 Sundowner","Ocean Village",,Southampton,"SO14 3JB",www.sitesolved.co.uk,,,,,,,0,"portal/encore/UserFiles/SysDocs/bb_encore_suppliers/10000/941/waste carriers license 2021.JPG","2021-05-03 00:00:00",0,,,1,,,1,,,1,,,1,,,1,"portal/encore/UserFiles/SysDocs/bb_encore_suppliers/10000/941/Insurance 03.05.2021.pdf","2021-05-03 00:00:00",0,,,,50.89707230,-1.38996600,0,7b93698187e560c3574ba02ca36c2238,0,20,"2019-04-25 12:23:16",1,"2020-08-10 12:07:53"
942,1,Envirochem,lab@envirochem.co.uk,"01329 287777","12-14 The gardens",broadcut,fareham,Hampshire,,"PO16 8SS",,Rhea,rhea.shears@environchem.co.uk,,,,,0,,,1,,,1,,,1,,,1,,,1,,,1,,,1,,,,50.85957830,-1.17422570,0,d8d3efae023f0ae998adbe8aeaaa5b0c,0,11,"2019-04-26 10:50:12",1,"2020-08-10 12:07:41"
944,12,Abandoned,adam@abandstudio.com,"07733 300427","Graphic Design Studio",,welford,northamptonshire,,,,,,,,,,0,,,1,,,1,,,1,,,1,,,1,,,1,,,1,,,,,,0,f4ee620d7f680012f0eec6e078d7c2af,0,9,"2019-05-10 12:41:20",1,"2020-04-24 10:17:35"
945,1,"Stevenage Skip Hire",stevenageskiphire@live.co.uk,"0800 169 8588","Envirowaste Recycling Centre,",,"Jacks Hill,",Graveley,,"SG4 7EQ",,,,,,,,0,"portal/encore/UserFiles/SysDocs/bb_encore_suppliers/10000/945/2018-01-29-waste-carrier-licence 2021.01.02.pdf","2021-02-01 00:00:00",0,portal/encore/UserFiles/SysDocs/bb_encore_suppliers/10000/945/Permit.pdf,"2022-05-17 00:00:00",0,,,1,,,1,,,1,,,1,"portal/encore/UserFiles/SysDocs/bb_encore_suppliers/10000/945/Ins, 22.01.20.pdf","2020-02-22 00:00:00",0,,,,51.94991050,-0.19997790,1,e97892003f18fe0df4865853546cec76,0,9,"2019-05-17 09:31:01",1,"2020-08-10 12:07:54"
946,1,"LMD Skip & Grab Hire",info@lmdgrabhire.com,"020 8763 3633/07500878734 Luke","32 Willow Lane",Mitcham,,,,"CR4 4NA",www.lmdskiphire.co.uk,,,,,,,0,"portal/encore/UserFiles/SysDocs/bb_encore_suppliers/10000/946/Skip Waste Carriers Licence 07.02.2022.pdf","2022-02-07 00:00:00",0,portal/encore/UserFiles/SysDocs/bb_encore_suppliers/10000/946/Permit.pdf,"2021-05-21 00:00:00",0,,,1,,,1,,,1,,,1,"portal/encore/UserFiles/SysDocs/bb_encore_suppliers/10000/946/insurance 01.05.2021.pdf","2021-05-01 00:00:00",0,Yes,"2020-10-23 00:00:00",,51.39361240,-0.16506970,0,557f061455ed68049351e5373167b083,0,20,"2019-05-21 16:32:00",32,"2020-10-23 13:10:50"
947,1,"Waste Water Solutions",katie@waste-water-solutions.co.uk,"01707 643129","Unit 7, Chase Farm","Stagg Hill","Potters Bar",,Hertfordshire,"EN6 5ER",www.waste-water-solutions.co.uk,,,,,,,0,"portal/encore/UserFiles/SysDocs/bb_encore_suppliers/10000/947/WASTE CARRIERS LICENCE  14.04.2022.pdf","2020-04-06 00:00:00",0,,,1,,,1,,,1,,,1,,,1,"portal/encore/UserFiles/SysDocs/bb_encore_suppliers/10000/947/Employers' Liability Certificate 07.2020.pdf","2020-07-25 00:00:00",0,,,,51.68692640,-0.17107040,1,c98929ed3788af4d1cda85b514542b2a,0,9,"2019-05-30 13:04:30",1,"2020-08-10 12:07:56"
948,1,Fletchers,fraser@fletcherswaste.co.uk;bins@fletcherswaste.co.uk,"0114 244 5006 /07900 931444 personal mobile","Clement Works","Clement Street",Darnall,,Sheffield,"S9 5EA",,,,,,,,0,"portal/encore/UserFiles/SysDocs/bb_encore_suppliers/10000/948/4 Waste Carrier Certificate expiring 071220 .pdf","2020-12-07 00:00:00",0,,,1,,,1,,,1,,,1,,,1,"portal/encore/UserFiles/SysDocs/bb_encore_suppliers/10000/948/9 Insurance Details 2020-2021.pdf","2021-04-21 00:00:00",0,,,,53.39517500,-1.42004010,0,52e250ab3516680baac240ce3fcb5454,0,9,"2019-06-05 13:44:25",48,"2020-11-10 13:10:35"
949,11,"Salvation Army Church (rugby)",info@salvationarmy.org.uk,"01788 542347","Bennfield Rd,",,,Rugby,,"CV21 2AS",,,,,,,,0,,,1,,,1,,,1,,,1,,,1,,,1,,,1,,,,52.37278540,-1.26636610,0,30b3d169c2e2f5921113122bbd36c1b5,0,8,"2019-06-07 13:39:33",1,"2020-04-24 10:17:36"
950,11,"Amicus Trust (Bedford)",info@amicustrust.org,"01234 358478","31A Prebend Street,",,,Bedford,Bedfordshire,"MK40 1QN",,,,,,,,0,,,1,,,1,,,1,,,1,,,1,,,1,,,1,,,,52.13467860,-0.47421130,0,406f447d5011852bc2ae64e50ea8ee6b,0,8,"2019-06-07 13:42:19",1,"2020-04-24 10:17:36"
951,11,"Shelter (Corporate)",corporate@shelter.org.uk,"0300 3301234",,,,,London,,,,,,,,,1,,,1,,,1,,,1,,,1,,,1,,,1,,,1,,,,,,0,0c62835a80a5e2cb6f63537c10e72dff,0,8,"2019-06-07 13:44:03",1,"2020-04-24 10:17:36"
952,11,"Letchworth Foodbank",info@letchworth.foodbank.org.uk,"07825 300437","St Paul's Church Office,","179 Pixmore Way,",,Letchworth,Hertfordshire,"SG6 1QT",,,,,,,,0,,,1,,,1,,,1,,,1,,,1,,,1,,,1,,,,51.97534530,-0.21775130,0,9386d66d7532c99ae6e3e2816884824d,0,8,"2019-06-07 13:46:07",1,"2020-04-24 10:17:36"
953,11,"Trussell Trust (Dunstable)",enquiries@trusselltrust.org,"01722 580180",,,,Dunstable,Bedfordhshire,"LU5 5AD",,,,,,,,0,,,1,,,1,,,1,,,1,,,1,,,1,,,1,,,,51.89550620,-0.53035500,0,99261369cbf3c48ca21c014572cded34,0,8,"2019-06-07 13:48:01",1,"2020-04-24 10:17:36"
954,11,"The Icolyn Smith Foundation",httpsicolynsmithfoundation.co.ukcontact-us,"07931 244411","16 Dickens Cl,",,Bicester,Oxford,Oxfordshire,"OX26 2NG",,,,,,,,0,,,1,,,1,,,1,,,1,,,1,,,1,,,1,,,,51.90378450,-1.17001710,0,1f191e962224e0702d6fa797ad356747,0,8,"2019-06-07 13:50:28",1,"2020-04-24 10:17:36"
955,11,"The ealing Food Kitchen",ealingsoupkitchen@gmail.com,"020 8566 3507","The Crypt,","St John's Church","Mattock Ln",Ealing,London,"W13 9LA",,,,,,,,0,,,1,,,1,,,1,,,1,,,1,,,1,,,1,,,,51.50981370,-0.31825100,0,fea2153adf1a17bee84896983a20d120,0,8,"2019-06-07 13:52:16",1,"2020-04-24 10:17:36"
956,11,"Open Door (St Albans)",Sarah.Chambers@hightownha.org.uk,"01727 859113","bricket road",,,"St Albans",Hertfordshire,"AL1 3JX",,,,,,,,0,,,1,,,1,,,1,,,1,,,1,,,1,,,1,,,,51.75256500,-0.33508430,0,29cab93e774f416d39e91dbfa8753dc1,0,8,"2019-06-07 13:53:47",1,"2020-04-24 10:17:36"
957,11,"Stevenage Haven",info@stevenagehaven.org.uk,"01438 354884","6 Ditchmore lane",,,Stevenage,Hertfordshire,"SG1 3LJ",,,,,,,,0,,,1,,,1,,,1,,,1,,,1,,,1,,,1,,,,51.90593430,-0.20675450,0,9691eea063f44dc58a787f2ad3b942e7,0,8,"2019-06-07 14:01:50",1,"2020-04-24 10:17:36"
958,11,"North Enfield Foodbank",info@northenfieldfoodbank.org.uk,"07826 542119","Jubilee Central","Unit 2 Lumina Way",,Enfield,Moddlesex,"EN1 1FS",,,,,,,,0,,,1,,,1,,,1,,,1,,,1,,,1,,,1,,,,51.64307790,-0.05950910,0,718205f7cef92aed24621f9bc487ee2a,0,8,"2019-06-07 14:04:31",1,"2020-04-24 10:17:36"
959,11,"Street2Homes (Harlow)",http://street2homes.zohosites.eu/contact.html,"01279 430011","2 Wych Elm",,,Harlow,Essex,"CM20 1QP",,,,,,,,0,,,1,,,1,,,1,,,1,,,1,,,1,,,1,,,,51.77270970,0.08998560,0,2fba12b1c99b2cc2f64c8de54fd0bf8f,0,8,"2019-06-07 14:07:00",1,"2020-04-24 10:17:36"
960,11,"Newbury Soup Kitchen",enquire@newburysoupkitchen.org.uk,"01635 552796","8 Northcoft Lane",,,Newbury,Berkshire,"RG14 1BU",,,,,,,,0,,,1,,,1,,,1,,,1,,,1,,,1,,,1,,,,51.40191550,-1.32524330,0,200a092db0995e47e40f4bc7ca6b1f19,0,8,"2019-06-07 14:08:50",1,"2020-04-24 10:17:36"
961,11,Midlothian,info@midlothianskiphire.co.uk,"0131 440 4894 / 0131 666 2200","Unit 9 Eldin Industrial Estate","Edgefield Road",Edinburgh,,Midlothian,"EH20 9QX",,,,,,,,0,"portal/encore/UserFiles/SysDocs/bb_encore_suppliers/10000/961/Waste Carrier License 2020 - 2023.pdf","2023-07-04 00:00:00",0,,,1,,,1,,,1,,,1,,,1,"portal/encore/UserFiles/SysDocs/bb_encore_suppliers/10000/961/Insurance Confirmation Letter 2020.pdf","2020-12-20 00:00:00",0,,,,55.88667140,-3.14698040,0,0f0e23b234682c92e0f8d17f9b5ceadc,0,9,"2019-06-13 11:35:03",32,"2020-07-24 12:10:09"
962,1,Junkwize,peter@junkwize.com,"020 3393 3354","Office 9","Sunnyhill House",,,,SW16,www.junkwize.com,,,,,,,0,"portal/encore/UserFiles/SysDocs/bb_encore_suppliers/10000/962/Waste Carrier Licence 07.02.2022.pdf","2022-02-07 00:00:00",0,,,0,,,1,,,1,,,1,,,0,"portal/encore/UserFiles/SysDocs/bb_encore_suppliers/10000/962/Liability Insurance 01.10.19.pdf","2019-10-01 00:00:00",0,,,,,,1,130b7bb138ed81386fcd69afb3d65a2d,0,20,"2019-06-18 16:03:08",1,"2020-08-10 12:07:46"
963,1,"1st Waste","info@1stwaste.co.uk,customerservices@1stwaste.co.uk","01202 393001","Regency House","10-12 Lansdowne Road",Bournemouth,,Dorset,"BH1 1SD",www.1stwaste.co.uk,"Tom Bailey",t.bailey@1stwaste.co.uk,07762499729,,,,0,"portal/encore/UserFiles/SysDocs/bb_encore_suppliers/10000/963/registration of waste carriers 10-09-2020 to 20-09-2023.pdf","2023-09-20 00:00:00",0,,,1,,,1,,,1,,,1,,,1,"portal/encore/UserFiles/SysDocs/bb_encore_suppliers/10000/963/Insurance 2021.pdf","2021-02-22 00:00:00",0,,,,50.72278310,-1.86716400,0,0ca320d495119ce070b60632bba96668,0,20,"2019-07-03 10:51:05",48,"2020-11-05 12:35:24"
964,1,"BWS Waste Management",mail@bwsskiphire.co.uk,"01132 311 470","263 Whitehall Road",Wortley,,,leeds,"LS12 6ER",www.bwsleeds.co.uk,"Keith Allen",keith.allen@bwsskiphire.co.uk,,,,,0,"portal/encore/UserFiles/SysDocs/bb_encore_suppliers/10000/964/Waste Carriers Licence 05.11.2021.pdf","2021-11-05 00:00:00",0,,,1,,,1,,,1,,,1,,,1,"portal/encore/UserFiles/SysDocs/bb_encore_suppliers/10000/964/PUBLIC EMPLOYERS LIABILITY 2020-21.pdf","2021-02-10 00:00:00",0,,,,53.78169700,-1.58784360,0,4bbd967c20b26a5df1dbbb5baa6be7c7,0,20,"2019-07-09 10:04:30",1,"2020-08-10 12:07:38"
965,1,"JM Waste",lyndseym@jmwastemanagement.co.uk,"01424 732643","Unit 4 West station Goods Yard","Terminus Road",Bexhill,,,"TN39 3LR",jmskiphire.co.uk,,,,,,,0,"portal/encore/UserFiles/SysDocs/bb_encore_suppliers/10000/965/Waste Carrier Lisence 10.02.2022.pdf","2022-02-10 00:00:00",0,"portal/encore/UserFiles/SysDocs/bb_encore_suppliers/10000/965/Permit 28.05.15.html","2022-05-05 00:00:00",0,,,1,,,1,,,1,,,1,"portal/encore/UserFiles/SysDocs/bb_encore_suppliers/10000/965/Waste Carrier Lisence 10.02.2022.pdf","2022-02-10 00:00:00",0,,,,50.84031850,0.46514440,0,1657d30bcb04b1a5d0ad07252b2534d6,0,9,"2019-07-11 11:27:19",1,"2020-08-10 12:07:45"
966,1,"Rubbish Taxi",info@rubbish-taxi.com,03338004020,"111a george lane","South woodford",london,,,"E18 1AN",rubbish-taxi.com,,,,,,,0,"portal/encore/UserFiles/SysDocs/bb_encore_suppliers/10000/966/Waste Carriers 29.12.2020.pdf","2020-12-29 00:00:00",0,,,1,,,1,,,1,,,1,,,1,"portal/encore/UserFiles/SysDocs/bb_encore_suppliers/10000/966/Public Insurance 2021.pdf","2021-11-05 00:00:00",0,,,,51.59278820,0.02670340,0,580fc30e45034d3163b6a25cfd7c27cd,0,9,"2019-08-19 11:34:02",48,"2020-11-10 13:40:31"
969,1,"Buchanan Skip Hire",buchananskips@btconnect.com,"01506 411141","3 Arrol Square,",,,Livingston,,"EH54 8QZ",,,,,,,,0,"portal/encore/UserFiles/SysDocs/bb_encore_suppliers/10000/969/WCL 21.05.22.pdf","2022-05-21 00:00:00",0,,,1,,,1,,,1,,,1,,,1,,,1,,,,55.89708420,-3.57006540,0,97cee4853e0277fbe4fd4a14f8e57c17,0,9,"2019-09-06 14:03:25",1,"2020-08-10 12:07:38"
970,1,"Abel Skips",abelskiphire@btconnect.com,"01604 632009","Unit 5 Martins Yard,",,"SPENCER BRIDGE ROAD",NORTHAMPTON,,"NN5 7DU",http://www.abelskiphire.co.uk/,,,,,,,0,"portal/encore/UserFiles/SysDocs/bb_encore_suppliers/10000/970/waste carriers licence 03.01.23.JPG","2023-01-03 00:00:00",0,,,1,,,1,,,1,,,1,,,1,"portal/encore/UserFiles/SysDocs/bb_encore_suppliers/10000/970/Liability Insurance 16.09.2020.pdf","2020-09-16 00:00:00",0,,,,52.24518450,-0.90723690,1,044ae623429e3d99b3a173bf56e3ca1f,0,9,"2019-09-16 09:52:53",9,"2020-11-12 09:15:30"
971,1,"ECL Skips",enquiries@eclskips.co.uk,"01384 213332","Environmental Contracts Ltd","Environmental House","Central Trading Estate","Shaw Road",Dudley,"DY2 8QX",https://www.eclskips.co.uk/,,,,,,,0,"portal/encore/UserFiles/SysDocs/bb_encore_suppliers/10000/971/Waste Carriers Licence Exp 4 2 2023.pdf","2023-02-04 00:00:00",0,,,1,,,1,,,1,,,1,,,1,"portal/encore/UserFiles/SysDocs/bb_encore_suppliers/10000/971/ECL  EL PL Insurance 2021.pdf","2021-01-15 00:00:00",0,,,,52.50448170,-2.08796920,0,384d71de3cc5f815ef891f9da1a06b61,0,9,"2019-09-16 10:06:54",48,"2020-11-18 09:52:51"
972,1,Raybell,raybellandsons@yahoo.co.uk,"01604 883688","Bell house","The old brick works","harbourgh road",pitsford,,"nn6 9aa",raybells.co.uk,,,,,,,0,"portal/encore/UserFiles/SysDocs/bb_encore_suppliers/10000/972/Waste Carriers 20.07.2022.pdf","2022-07-20 00:00:00",0,,,1,,,1,,,1,,,1,,,1,portal/encore/UserFiles/SysDocs/bb_encore_suppliers/10000/972/SCAN_20200911_092054453.pdf,"2021-08-31 00:00:00",0,NA,,,52.30868220,-0.90278780,0,0025f1ef5c4c4cdda5f86ef6141059f6,0,9,"2019-09-16 16:03:11",32,"2020-09-11 10:35:02"
973,1,"Able Skip Hire",enquiries@ableskips.co.uk,01772622342,"centruian industrial estate","centurian way",leyland,lancastershire,,"PR25 4GU",www.ableskips.co.uk,,,,,,,0,"portal/encore/UserFiles/SysDocs/bb_encore_suppliers/10000/973/waste carrier licence 14.10.21.JPG","2021-10-14 00:00:00",0,,,1,,,1,,,1,,,1,,,1,"portal/encore/UserFiles/SysDocs/bb_encore_suppliers/10000/973/Liability Insurance 16.09.2020.pdf","2020-09-16 00:00:00",0,,,,52.24518450,-0.90723690,1,1d9d95f2d44835a8c901105d58812d0b,0,20,"2019-09-19 09:48:38",32,"2020-09-16 16:15:57"
974,1,"Priority Waste",lindsey@prioritywaste.co.uk,"0800 078 9580","Suite 1","500 Avebury Boulevard","Milton Keynes",Buckinghamshire,,"MK9 2BE",prioritywaste.co.uk,,,,,,,0,"portal/encore/UserFiles/SysDocs/bb_encore_suppliers/10000/974/Waste Carrier 06.06.2022.pdf","2022-06-06 00:00:00",0,,,1,,,1,,,1,,,1,,,1,"portal/encore/UserFiles/SysDocs/bb_encore_suppliers/10000/974/Liability Insurance 22.07.2020.pdf","2020-07-22 00:00:00",0,,,,52.03799300,-0.75802210,1,590e9abe03c8877f91b783d4f9a51bd5,0,20,"2019-09-25 11:51:21",1,"2020-08-10 14:05:43"
975,11,"Wellingborough Church",wellingboroughurc@hotmail.com,01933278137,"Salem Lane,",,,"Wellingborough,",,"NN8 4JT",https://wellingboroughurc.org.uk/,"Liz Lawson",,,,,,0,,,1,,,1,,,1,,,1,,,1,,,1,,,1,,,,52.30368510,-0.69503300,0,733dd671e58d7091606da369de38a2d2,0,20,"2019-10-03 08:44:36",48,"2020-11-18 09:57:30"
976,1,"Gowing and Pursey RORO's",roros@gowingandpursey.co.uk,"0208 963 4070","100 Twyford Abbey Road","Park Royal",London,,,"NW10 2AW",https://www.gowingandpursey.co.uk/,,,,,,,0,portal/encore/UserFiles/SysDocs/bb_encore_suppliers/10000/976/Waste-Carrier-Certificate-2019-to-2022.pdf,"2022-05-13 00:00:00",0,portal/encore/UserFiles/SysDocs/bb_encore_suppliers/10000/976/Twyford-Abbey-Road-Site-Permit-2.pdf,"2021-10-14 00:00:00",0,,,1,,,1,,,1,,,1,"portal/encore/UserFiles/SysDocs/bb_encore_suppliers/10000/976/Ins, 31.03.21.pdf","2021-03-31 00:00:00",0,,,,51.54102290,-0.25309450,0,4f5eaee600a83717dbe60a36b1fe9fcc,0,9,"2019-10-08 15:47:56",48,"2020-10-28 13:04:22"
977,1,"GBN Leyton",ashley.kavanagh@gbnservices.co.uk,"0208 556 1138; Ashley 07703697063","10 Estate Way",Leyton,London,,,"E10 7JN",gbnservices.co.uk,,,,,,,0,"portal/encore/UserFiles/SysDocs/bb_encore_suppliers/10000/977/Waste-carriers-licence 2022.pdf","2022-04-19 00:00:00",0,"portal/encore/UserFiles/SysDocs/bb_encore_suppliers/10000/977/Uxbridge - Consolidated permit.pdf","2022-10-18 00:00:00",0,,,1,,,1,,,1,,,1,"portal/encore/UserFiles/SysDocs/bb_encore_suppliers/10000/977/Ins, 01.04.21.pdf","2021-04-01 00:00:00",0,,,,51.56808370,-0.02442910,0,a65057d1cd8b12fbd2eb45847a4c79ee,0,9,"2019-10-14 11:06:08",1,"2020-08-10 12:07:42"
978,11,Headway,info@headwaynorthampton.org.uk,"01604 591045","Heathfield Way",Kingsheath,,,Northampton,"NN5 7QP",https://www.headwaynorthampton.org.uk,"Margot Basketfield",,,,,,0,,,1,,,1,,,1,,,1,,,1,,,1,,,1,,,,52.25246020,-0.91130830,0,ad58fde51385cbbd33fcd37813553f14,0,20,"2019-10-15 16:00:35",1,"2020-04-24 10:17:37"
979,1,"Ashfield Effluent",ashfieldeffluent@btconnect.com,"01623 512818","The Bungalow","113c Alfreton Road","Sutton in Ashfield",,Nottinghamshire,"NG17 1FJ",,Paula,ashfieldeffluent@btconnect.com,,,100,,0,"portal/encore/UserFiles/SysDocs/bb_encore_suppliers/10000/979/Ashfield Carrier License.pdf","2022-03-05 00:00:00",0,,,1,,,1,,,1,,,1,,,1,"portal/encore/UserFiles/SysDocs/bb_encore_suppliers/10000/979/Liability Public  Product Liability Insurance exp. Mar 19.03.21.pdf","2021-03-19 00:00:00",0,Yes,"2019-11-01 00:00:00",,53.12223730,-1.27643100,0,deaa632d45c1e449721ca7d638b95c92,0,27,"2019-10-22 10:28:19",1,"2020-08-10 12:07:36"
980,1,"R V Maidment",info@rvmaidment.co.uk,"01722 714867","Unit 1 Western Works",Sailsbury,,,,"SP3 5NL",rvmaidment.co.uk,,,,,,,0,"portal/encore/UserFiles/SysDocs/bb_encore_suppliers/10000/980/WASTE CARRIERS LICENSE EXP 15 04 23.pdf","2023-04-15 00:00:00",0,,,1,,,1,,,1,,,1,,,1,"portal/encore/UserFiles/SysDocs/bb_encore_suppliers/10000/980/insurance november 2020.pdf","2020-11-24 00:00:00",0,,,,51.04305260,-2.02737800,0,d8c87e175b265bad872aba1d03bc98c5,0,9,"2019-10-31 08:59:10",1,"2020-08-10 12:07:51"
981,1,Colson,orders@colsontransport.co.uk,"01773 765720","Delves Road","Heanor gate Industiral estate",Heanor,Derbyshire,,"DE75 7SJ",Colsontransport.co.uk,,,,,,,0,"portal/encore/UserFiles/SysDocs/bb_encore_suppliers/10000/981/Colsons-transport-Waste-carriers- 11.12.2021.pdf","2021-12-11 00:00:00",0,portal/encore/UserFiles/SysDocs/bb_encore_suppliers/10000/981/Radford-Road-Environmental-Permit.pdf,,1,portal/encore/UserFiles/SysDocs/bb_encore_suppliers/10000/981/Sadlers-Waste-Environmental-Permit-Beechdale-1.pdf,,1,,,1,,,1,,,1,portal/encore/UserFiles/SysDocs/bb_encore_suppliers/10000/981/2020-21-Liability-Insurance-Letter-Colson-Transport-Ltd.pdf,"2021-05-15 00:00:00",0,Yes,"2020-01-15 00:00:00",,53.00752710,-1.36458270,0,f15fe62510d98518685ef44c8584d7fa,0,9,"2019-11-05 11:07:49",1,"2020-08-10 12:07:40"
983,1,"J S Removal and Waste Management",jastreetcro@gmail.com,07803485961,"Jason Works","Clarence St",,,Loughborough,"LE11 1DX",https://www.jsremovals.co.uk/,,,,,,,0,"portal/encore/UserFiles/SysDocs/bb_encore_suppliers/10000/983/WASTE CARRIERS LICENSE 2021.JPG","2021-01-01 00:00:00",0,,,1,,,1,,,1,,,1,,,1,,,0,,,,52.77682610,-1.20157880,1,5c90bbae082508a72e9661d9b36a55b4,0,30,"2019-11-18 15:40:19",48,"2020-11-18 10:00:59"
984,1,"D E O'Reilly",sales@deoreilly.co.uk,"01922 745899 ; 07939 606732","Brickyard Road",Aldridge,Walsall,,,"WS9 8SX",http://www.deoreilly.co.uk/,"Adrian Green",Adrian@deoreilly.co.uk,"0800 5872289 ; 01922 455661",,,,0,"portal/encore/UserFiles/SysDocs/bb_encore_suppliers/10000/984/DEOR Carriers.pdf","2022-05-03 00:00:00",0,portal/encore/UserFiles/SysDocs/bb_encore_suppliers/10000/984/MRFPermit.pdf,"2022-11-22 00:00:00",1,,,1,,,1,,,1,,,1,"portal/encore/UserFiles/SysDocs/bb_encore_suppliers/10000/984/Insurance 2021.pdf","2021-06-30 00:00:00",0,Yes,"2020-01-15 00:00:00",,52.61817910,-1.93668700,0,109b4a6194127b2fb6e932125b45f03f,0,32,"2019-11-22 14:22:19",32,"2020-10-16 16:57:54"
985,1,"Clearance Specialist",clearancespecialistuk@gmail.com,07760668660,"66 Glebe Cl",Mountsorrel,,,Loughborough,"LE12 7JZ",http://www.clearancespecialist.co.uk/,,,,,,,0,"portal/encore/UserFiles/SysDocs/bb_encore_suppliers/10000/985/WasteCarrier 16.08.2021.pdf","2021-08-16 00:00:00",0,"portal/encore/UserFiles/SysDocs/bb_encore_suppliers/10000/985/site licence front.jpg","2022-08-09 00:00:00",0,,,1,,,1,,,1,,,1,"portal/encore/UserFiles/SysDocs/bb_encore_suppliers/10000/985/Liability Insurance 25.11.2020.pdf","2020-11-25 00:00:00",0,,,,52.72602900,-1.14549280,0,b1682f06bf35247f519e149557ed48e2,0,32,"2019-11-26 12:38:43",48,"2020-11-25 12:04:36"
986,1,"MNV Services",mnvservices@hotmail.co.uk,"0115 9205336","121 Plains Road",Woodthorpe,,,Nottingham,"NG3 5QX",https://mnvservices.co.uk/,,,,,,,0,"portal/encore/UserFiles/SysDocs/bb_encore_suppliers/10000/986/CERTIFICATE OF REGISTRATION - WASTE 07.04.2020.jpg","2020-04-07 00:00:00",0,,,1,,,1,,,1,,,1,,,1,"portal/encore/UserFiles/SysDocs/bb_encore_suppliers/10000/986/certificate of employers liability 15.09.2020.pdf","2020-09-15 00:00:00",0,,,,52.98881330,-1.11437140,1,59d1f0deef62c09acab51b503d46ed8e,0,32,"2019-11-26 13:18:26",1,"2020-08-10 12:07:48"
987,1,MCS,Info@mcsrecycling.co.uk,"01634 892 440","Gillingham Gate","Northside Three","Chatham Docks",Chatham,Kent,"ME4 4SW",https://www.mcsrecycling.co.uk/,,,,,,,0,"portal/encore/UserFiles/SysDocs/bb_encore_suppliers/10000/987/waste  carrier 2021.pdf","2021-05-07 00:00:00",0,,,1,,,1,,,1,,,1,,,1,,,0,,,,51.40047060,0.55110630,1,5ee14c14beab0947da2a25709dc453db,0,32,"2019-11-27 15:24:04",1,"2020-08-10 12:07:48"
988,1,"Kenny Waste Management",national@kennywastemanagement.co.uk,"0161 790 3737","Worsley Trading Estate","Lester Road",,,Manchester,"M38 0PT",https://www.kennyskiphire.co.uk/,,,,,,,0,"portal/encore/UserFiles/SysDocs/bb_encore_suppliers/10000/988/Kenny Waste Management - Upper Tier Waste Carrier Licence 12.01.22-114.pdf","2022-01-12 00:00:00",0,,,1,,,1,,,1,,,1,,,1,"portal/encore/UserFiles/SysDocs/bb_encore_suppliers/10000/988/Combined Liability Insurance Policy Verification exp. 27.10.21.pdf","2021-10-27 00:00:00",0,,,,53.53302470,-2.43764580,0,6169638332bbfc1c41d4677d13677e9e,0,32,"2019-11-27 16:02:56",48,"2020-10-28 09:29:23"
989,11,"National Construction College",nationalconstruction.college@cskills.org,,"Bircham Newton","Kings Lynn,",,,Norfolk,"PE31 6RH",https://www.citb.co.uk/national-construction-college/?gclid=EAIaIQobChMIrZfZ1c-_5gIViLbtCh3g-Ak2EAAYASAAEgKPqPD_BwE,,,,,,,0,,,1,,,1,,,1,,,1,,,1,,"2019-12-19 00:00:00",1,,,1,,,,52.87219440,0.65630940,0,99743aacdd036594cd366b9f65a490f8,0,32,"2019-12-18 16:33:51",1,"2020-04-24 10:17:38"
990,11,"West London College- Construction Academy",lis@wlc.ac.uk,"0208 741 1688","Southall Waterside","170 Brent Road",,Southall,London,"UB2 5LE",https://www.wlc.ac.uk/contact-us/wlca,,,,,,,0,,,1,,,1,,,1,,,1,,,1,,,1,,,1,,,,51.50548770,-0.39110720,0,76152e037d3ae0dc056842f622d2f28a,0,32,"2019-12-18 16:35:58",1,"2020-04-24 10:17:38"
991,11,"New City College",info@ncclondon.ac.uk,"0207 510 7510","TOWER HAMLETS CAMPUS (POPLAR)","Poplar High St,",,,London,"E14 OAF",https://www.ncclondon.ac.uk/,,,,,,,0,,,1,,,1,,,1,,,1,,,1,,"2022-12-14 00:00:00",1,,,1,,,,,,0,e53d77fc71a71354031d98a35680e8ef,0,32,"2019-12-18 16:37:43",1,"2020-04-24 10:17:38"
992,11,"University of East London- Construction Management",study@uel.ac.uk,"0208 223 3333","Docklands Campus","University Way",,,London,"E16 2RD",https://www.uel.ac.uk/,,,,,,,0,,,1,,,1,,,1,,,1,,,1,,,1,,,1,,,,51.50645000,0.06233720,0,3abb6af71d10628c99dd9cc0d52f91f9,0,32,"2019-12-18 16:39:56",1,"2020-04-24 10:17:38"
993,11,"South Thames College",info@south-thames.ac.uk,"0208 918 7777","Wandsworth Campus","Wandsworth High Street",,,London,"SW18 2PP",https://www.ocnlondon.org.uk/Access-to-HE/Access-to-HE-course-directory/South-Thames-College/gclid/EAIaIQobChMImaOM19G_5gIVA7DtCh1AewrOEAAYASAAEgJqnPD_BwE,,,,,,,0,,,1,,,1,,,1,,,1,,,1,,,1,,,1,,,,51.45623730,-0.19040640,0,9a18647bb9cd4090e287fd992048f3ea,0,32,"2019-12-18 16:41:46",1,"2020-04-24 10:17:38"
994,11,"South Quay College",keziah.man@southquaycollege.org.uk,"0203 727 6222","32 Mastmaker Court","Mastmaker Road,",,,London,"E14 9UB",https://www.southquaycollege.org.uk/,,,,,,,0,,,1,,,1,,,1,,,1,,,1,,,1,,,1,,,,51.49973090,-0.02180360,0,24a245538754b722e1b88d6d0666b783,0,32,"2019-12-18 16:43:50",1,"2020-04-24 10:17:38"
995,11,"The College of Haringley, Enfield & North East London",courseinfo@conel.ac.uk,"0208 442 3055","Tottenham Centre","High Road",,,London,"N15 4RU",https://www.conel.ac.uk/,,,,,,,0,,,1,,,1,,,1,,,1,,,1,,,1,,,1,,,,51.58631430,-0.07245230,0,27f030e528bea326d94c0ea387c556d1,0,32,"2019-12-18 16:46:01",1,"2020-04-24 10:17:38"
996,11,"Moulton College",enquires@moulton.ac.uk,"01604 491131","Moulton College","West Street",,Moulton,Northamptonshire,"NN3 7RR",https://www.moulton.ac.uk/,,,,,,,0,,,1,,,1,,,1,,,1,,,1,,,1,,,1,,,,52.28990460,-0.85786860,0,0af517463b1064f6335f9991e3eaa99c,0,32,"2019-12-18 16:47:36",1,"2020-04-24 10:17:38"
997,11,"Northampton College",enquires@northamptoncollege.ac.uk,"01604 734567","Northampton College","Booth Lane",,,Northampton,"NN3 3RF",https://www.northamptoncollege.ac.uk/,,,,,,,0,,,1,,,1,,,1,,,1,,,1,,,1,,,1,,,,52.26454270,-0.84999740,0,83d97f591ebfc6ef464466f2d803397e,0,32,"2019-12-18 16:49:03",1,"2020-04-24 10:17:38"
998,11,"South & City College Birmingham- Bordesley Green Campus",hello@sccb.ac.uk,"0121 694 5000","Bordesley Green Campus","300 Bordesley Green",,,Birmingham,"B9 5NA",https://www.sccb.ac.uk/bordesley-green-campus,,,,,,,0,,,1,,,1,,,1,,,1,,,1,,,1,,,1,,,,52.47842590,-1.85012220,0,eeb66621bb13fcfa59b212789d279376,0,32,"2019-12-18 16:52:34",1,"2020-04-24 10:17:38"
999,11,"Birmingham City University",press@bcu.ac.uk,"0121 331 5000","Birmingham City University","University House","15 Bartholomew Row",,Birmingham,"B5 5JU",https://www.bcu.ac.uk/,,,,,,,0,,,1,,,1,,,1,,,1,,,1,,,1,,,1,,,,52.48222840,-1.88906310,0,a60a8a95e15909f6e161200be6971b80,0,32,"2019-12-18 16:55:07",1,"2020-04-24 10:17:38"
1000,11,"Sandwell College- West Bromich",enquires@sandwell.ac.uk,"0121 667 5000","Central Campus","1 Spon Lane","West Bromwich",,,"B70 6AW",https://www.sandwell.ac.uk/,,,,,,,0,,,1,,,1,,,1,,,1,,,1,,,1,,,1,,,,52.51562190,-1.99289830,0,d3964a38752fe00a3378dd912a9e1ec3,0,32,"2019-12-18 16:56:37",1,"2020-04-24 10:17:39"
1001,11,"BMet- James Watt College",ask@bmet.ac.uk,"0121 446 4545","Aldridge Road,","Great Barr",,,Birmingham,"B44 8NE",https://www.bmet.ac.uk/our-locations/james-watt/,,,,,,,0,,,1,,,1,,,1,,"2022-12-23 00:00:00",1,,,1,,,1,,,1,,,,52.53903310,-1.89758490,0,1df4221edbdea238a56d636b3ce95586,0,32,"2019-12-18 16:58:11",1,"2020-04-24 10:17:39"
1002,11,"BMet- Erdington Skills College",ask@bmet.ac.uk,"0121 446 4545","Erdington Skills Centre","Edwards Road",,,Birmingham,"B24 9EW",https://www.bmet.ac.uk/our-locations/james-watt/erdington-skills-centre/,,,,,,,0,,,1,,,1,,,1,,,1,,,1,,,1,,,1,,,,52.52560210,-1.83426210,0,23fef18314b03c0387fafe57654cb4e0,0,32,"2019-12-18 16:59:24",1,"2020-04-24 10:17:39"
1003,11,"University of Birmingham",welcome@contacts.bham.ac.uk,"0121 414 3344","The University of Birmingham",Edgbaston,,,Birmingham,"B15 2TT",https://www.birmingham.ac.uk/index.aspx,,,,,,,0,,,1,,,1,,,1,,,1,,,1,,,1,,,1,,,,52.45113040,-1.93171680,0,9c4f78b2e19117e9c103179bd0852d02,0,32,"2019-12-18 17:00:50",1,"2020-04-24 10:17:39"
1004,11,"Leeds College of Building",info@lcb.ac.uk,"0113 222 6000","Leeds College of Building","North Street",,,Leeds,"LS2 7QT",https://www.lcb.ac.uk/,,,,,,,0,,,1,,,1,,,1,,,1,,,1,,,1,,,1,,,,53.80256440,-1.53553820,0,4106ad6b1a8f861e3e8e79dc8d54f9c5,0,32,"2019-12-19 09:57:06",1,"2020-04-24 10:17:39"
1005,11,"Kirklees College- Brunel Construction Centre",communications@kirkleescollege.ac.uk,"01484 437141","Kirklees College- Brunel Construction Centre","Old Fieldhouse Lane","Off LEeds Road",,,"HD2 1AG",https://www.kirkleescollege.ac.uk/the-college/our-centres/brunel-construction-centre/,,,,,,,0,,,1,,,1,,,1,,,1,,,1,,,1,,,1,,,,53.66366880,-1.76215160,0,91f863a0747d7b89d75c426a2206e0ea,0,32,"2019-12-19 10:03:13",1,"2020-04-24 10:17:39"
1006,11,"Build Construction Skills Academy",info@buildskillsacademy.ac.uk,07954099423,"Build Construction Skills Academy","65 Stanhope Drive",Horsforth,,Leeds,"LS18 4EU",https://www.buildskillsacademy.co.uk/,,,,,,,0,,,1,,,1,,,1,,,1,,,1,,,1,,,1,,,,53.83672650,-1.63461330,0,d5d24d80674b57a6e4ed699577e6935c,0,32,"2019-12-19 10:04:48",1,"2020-04-24 10:17:39"
1007,11,"Leeds Beckett University",enterprise@leedsbeckett.ac.uk,"0113 812 0000","Leeds Beckett University","City Campus",,,Leeds,"LS1 3HE",https://www.leedsbeckett.ac.uk/,,,,,,,0,,,1,,,1,,,1,,,1,,,1,,,1,,,1,,,,53.80306380,-1.54950520,0,5940f5a3356ae07a2ea5aa5aadfb7db2,0,32,"2019-12-19 10:06:32",1,"2020-04-24 10:17:39"
1008,11,"The City of Liverpool College",enquiry@livcoll.ac.uk,01512523747,"The City of Liverpool College","Roscoe Street",,,Liverpool,"L1 9DW",https://www.liv-coll.ac.uk/,,,,,,,0,,,1,,,1,,,1,,,1,,,1,,,1,,,1,,,,53.40132260,-2.97424950,0,9babbcd6cfb879a359c5b48c7edb2bf2,0,32,"2019-12-19 10:08:49",1,"2020-04-24 10:17:39"
1009,11,"Knowsley Community College",info@knowsleycollege.ac.uk,"0151 477 5850","Knowsley Community College",Huyton,,,Liverpool,"L36 3SD",https://www.knowsleycollege.ac.uk/applynow/?gclid=EAIaIQobChMI6ce4i7zB5gIVh7PtCh1m7gdYEAAYASAAEgJwi_D_BwE,,,,,,,0,,,1,,,1,,,1,,,1,,,1,,,1,,,1,,,,53.42776550,-2.85605130,0,ded19953150bc82affc0db70cbe4d837,0,32,"2019-12-19 10:10:24",1,"2020-04-24 10:17:39"
1010,11,"High Baird College",enquiries@hughbaird.ac.uk,"0151 353 4444","High Baird College","Balliol Road",Bootle,,Liverpool,"L20 7EW",https://www.hughbaird.ac.uk/,,,,,,,0,,,1,,,1,,,1,,,1,,,1,,,1,,,1,,,,53.44494420,-2.98969480,0,1435856578237c22da818b0c9649ccc9,0,32,"2019-12-19 10:12:00",1,"2020-04-24 10:17:39"
1011,11,"Fullagar Construction Skills Centre",info@constructionskillscentre.co.uk,"01744 819000","Unit 14 Lea Garden Business Park",Eurolink,"St Helens",,,"WA9 4TR",http://www.constructionskillscentre.co.uk/,,,,,,,0,,,1,,,1,,,1,,,1,,,1,,,1,,,1,,,,53.42061120,-2.74311550,0,8f008d5d444630365bf07c51db424bb3,0,32,"2019-12-19 10:13:50",1,"2020-04-24 10:17:39"
1012,11,"Wigan & Leigh College",applications@wigan-leigh.ac.uk,"01942 761600","PO Box 53","Parsons Walk",,,Wigan,"WN1 1RS",https://www.wigan-leigh.ac.uk/,,,,,,,0,,,1,,,1,,,1,,,1,,,1,,,1,,,1,,,,53.54696700,-2.63508880,0,aa63fd7a11fc80d3c945e2d6d7d35acc,0,32,"2019-12-19 10:15:14",1,"2020-04-24 10:17:39"
1013,1,"West 7 Reclamation",info@west7reclamation.co.uk,"020 8567 6696","4 Trumpers Way",Hanwell,,,London,"W7 2QA",https://www.west7reclamation.co.uk/,,,,,,,0,,,1,,,1,,,1,,,1,,,1,,,1,,,1,,,,51.49810340,-0.33600600,0,253e1643ce331412519763c0545f1326,0,32,"2020-01-02 14:38:20",1,"2020-08-10 12:07:56"
1014,1,"Nostalgia & New",info@nostalgiaandnew.com,"0208 362 1666","Crews Hill","Kings Oak Nursery","Tingeys Top Lane",,Enfield,"EN2 9BJ",https://www.nostalgiaandnew.com/,,,,,,,0,,,1,,,1,,,1,,,1,,,1,,,1,,,1,,,,51.67778490,-0.10150150,0,11d1fd3d9901d2f6cbd8d7b2d33da782,0,32,"2020-01-02 14:40:33",1,"2020-08-10 12:07:49"
1015,1,"Dulwich Reclamation",enquiries@dulwichreclamation.co.uk,"0203 601 0615","130-132 KIRKDALE",,,,LONDON,"SE26 4BB",http://www.dulwichreclamation.co.uk/,,,,,,,0,,,1,,,1,,,1,,,1,,,1,,,1,,,1,,,,51.43110680,-0.06015660,0,c2816d015770a8a13b0be932a2248074,0,32,"2020-01-02 14:42:22",1,"2020-08-10 12:07:41"
1016,1,"London Reclaimed Brick Merchants",SALES@LRBM.COM,"020 8452 1111","Coombe Works","Coombe Road",,,London,"NW10 0EB",https://www.lrbm.com/,,,,,,,0,,,1,,,1,,,1,,,1,,,1,,,1,,,1,,,,51.56385250,-0.26050040,0,09e749b79af1eed6d4c060e001ec283a,0,32,"2020-01-02 14:44:04",1,"2020-08-10 12:07:47"
1017,1,"The Old Slate Yard",info@theolddlateyard.co.uk,"0208 221 1667","The Railway Arches","460 Sebert Road","Forest Gate",,London,"E7 0NW",https://www.theoldslateyard.co.uk/,,,,,,,0,,,1,,,1,,,1,,,1,,,1,,,1,,,1,,,,51.55164400,0.03322910,0,fc2f7c08986b170e158d9af7f68964ee,0,32,"2020-01-02 14:45:33",1,"2020-08-10 12:07:55"
1018,1,"Rugged London",david@ruggedlondon.co.uk,"0203 150 1248","Unit 2 Delta Wharf","Greenwich Peninsula","Tunnel Avenue",Greenwich,London,"SE10 0QE",http://www.ruggedlondon.co.uk/,,,,,,,0,,,1,,,1,,,1,,,1,,,1,,,1,,,1,,,,51.49825490,0.00036630,0,84f83a6a8906e4c09eac07eff63859fa,0,32,"2020-01-02 14:47:29",1,"2020-08-10 12:07:52"
1019,1,"Encore Reclamation",,"020 7001 7605 MENU","The Old Spratts Factory","Unit 4, Block B","2 Fawe Street",,London,"E14 6PD",https://www.encorereclamation.co.uk/,,,,,,,0,,,1,,,1,,,1,,,1,,,1,,,1,,,1,,,,51.51771710,-0.01512460,0,e85e1674506109370895a05a73fd4e3a,0,32,"2020-01-02 14:48:57",1,"2020-08-10 12:07:41"
1020,1,"Oldfields Reclamations Limited",oldfields2@yahoo.co.uk,"0121 448 1643","131 Station Road","Old Hill","West Midlands",,,"B64 6PL",https://reclaimedbricksfloorboardsmidlands.co.uk/,,,,,,,0,,,1,,,1,,,1,,,1,,,1,,,1,,,1,,,,52.47119410,-2.05641600,0,149f184ee7d1b3da37fdb2a203345fef,0,32,"2020-01-02 14:50:14",1,"2020-08-10 12:07:49"
1021,1,"Four Oaks Reclamation",info@fouroaksreclamation.com,"0121 308 0554","35 Holding","Drayton Bassett,",,,,"B78 3EQ",http://fouroaksreclamation.com/,,,,,,,0,,,1,,,1,,,1,,,1,,,1,,,1,,,1,,,,52.59478460,-1.76670840,0,18a293dba1f5a6bd9c9a67ad15586d00,0,32,"2020-01-02 14:51:53",1,"2020-08-10 12:07:42"
1022,1,"Beeston Reclamation",info@beestonreclamation.co.uk,"01829 260299","The Old Coal Yard","Whitchurch Road",Beeston,,Cheshire,"CW6 9NJ",http://beestonreclamation.co.uk/contact-us/,,,,,,,0,,,1,,,1,,,1,,,1,,,1,,,1,,,1,,,,53.13384140,-2.66223760,0,3ac809fa3d776f378d3d98fd647e9a28,0,32,"2020-01-02 14:53:03",1,"2020-08-10 12:07:37"
1023,1,"Taroni's of Birmingham",sales@taronis.co.uk,"0121 333 3330","7-20 William Henry Street",Aston,,,Birmingham,"B7 5ER",https://www.taronisofbirmingham.co.uk/,,,,,,,0,,,1,,,1,,,1,,,1,,,1,,,1,,,1,,,,52.49580560,-1.87905540,0,7bbcba9d05c7975c4ba34cdf6e4c220c,0,32,"2020-01-02 14:57:17",1,"2020-08-10 12:07:54"
1024,2,"Coleshill Landfill",,"0167 546 5911","Gorsey Lane","Off Station Road",Coleshill,,,"B46 1JN",https://www.taronisofbirmingham.co.uk/,,,,,,,0,,,1,,,1,,,1,,,1,,,1,,,1,,,1,,,,52.50945710,-1.66852670,0,232cb2818f7f47bdf6c3c9d59aaa8993,0,32,"2020-01-02 14:58:58",1,"2020-04-24 10:17:40"
1025,11,"Cafe from Crisis- London",cafe.london@crisis.org.uk,"020 7426 5681","64 Commercial Street",,,,London,"E1 6LT",https://www.crisis.org.uk/get-involved/cafe-from-crisis/,,,,,,,0,,,1,,,1,,,1,,,1,,,1,,,1,,,1,,,,51.51736670,-0.07328320,0,90019b860a0f61ee50093fea92313916,0,32,"2020-01-02 15:57:04",1,"2020-04-24 10:17:40"
1026,11,"Cafe from Crisis- Oxford",cafe.oxford@crisis.org.uk,"01865 263 972","40 George Street",Oxford,,,,"OX1 2AQ",https://www.crisis.org.uk/get-involved/cafe-from-crisis/,,,,,,,0,,,1,,,1,,,1,,,1,,,1,,,1,,,1,,,,51.75353220,-1.26252670,0,334b5fc47f5cb0efd26740b66c8f4e08,0,32,"2020-01-02 15:58:01",1,"2020-04-24 10:17:40"
1027,1,"Shop from Crisis- Hackney",marestreet@crisis.org.uk,"020 8525 9248","330 Mare Street",,,"Hackney,",London,"E8 1HA",https://www.crisis.org.uk/get-involved/shop-from-crisis/,,,,,,,0,,,1,,,1,,,1,,,1,,,1,,,1,,,1,,,,51.54670540,-0.05489490,0,bf1b5bf0d75c8f574618854c054bdb08,0,32,"2020-01-02 15:59:40",1,"2020-08-10 12:07:53"
1028,11,"Shop from Crisis- Finsbury Park",finsburypark@crisis.org.uk,"020 7281 2634","19 Stroud Green Road",,,,London,"N4 3FB",https://www.crisis.org.uk/get-involved/shop-from-crisis/,,,,,,,0,,,1,,,1,,,1,,,1,,,1,,,1,,,1,,,,51.56639380,-0.10680140,0,18708a39aa129236e4cacb31003b3fd5,0,32,"2020-01-02 16:00:42",1,"2020-04-24 10:17:40"
1029,11,"Shop from Crisis- Elephant & Castle",elephantandcastle@crisis.org.uk,"020 770 11980","223-225 Walworth Road",,,,London,"SE17 1RL",https://www.crisis.org.uk/get-involved/shop-from-crisis/,,,,,,,0,,,1,,,1,,,1,,,1,,,1,,,1,,,1,,,,51.48877400,-0.09558680,0,c313b958eb446da3d668214ed96f1191,0,32,"2020-01-02 16:01:33",1,"2020-04-24 10:17:40"
1030,11,"Shop from Crisis- Archway",archway.shop@crisis.org.uk,"020 728 15171","34 Junction Road",,,,London,"N19 5RE",https://www.crisis.org.uk/get-involved/shop-from-crisis/,,,,,,,0,,,1,,,1,,,1,,,1,,,1,,,1,,,1,,,,51.56463830,-0.13541760,0,064c1399ce27e9f5d56f4a39eab7edd8,0,32,"2020-01-02 16:02:39",1,"2020-04-24 10:17:40"
1031,11,"Shop from Crisis- Camberwell Green",camberwell@crisis.org.uk,"020 7703 3840",Camberwel,,,Camberwel,London,"SE5 8FF",https://www.crisis.org.uk/get-involved/shop-from-crisis/,,,,,,,0,,,1,,,1,,,1,,,1,,,1,,,1,,,1,,,,51.47556100,-0.09086540,0,659d2890bc97f2043af4abde043575e4,0,32,"2020-01-02 16:05:33",1,"2020-04-24 10:17:40"
1032,11,"Shop from Crisis- Croydon",croydon.shop@crisis.org.uk,"020 8680 0140","8 Crown Hil","Church Street,",,,Croydon,"CR0 1RZ",https://www.crisis.org.uk/get-involved/shop-from-crisis/,,,,,,,0,,,1,,,1,,,1,,,1,,,1,,,1,,,1,,,,51.37393050,-0.10104200,0,189e3abaa51bbb9527b1a3a4e1d0405f,0,32,"2020-01-02 16:06:50",1,"2020-04-24 10:17:40"
1033,11,"Shop from Crisis- Islington",Islington.shop@crisis.org.uk,"020 7226 3164","211 Upper Street",,,,London,"N1 1RL",https://www.crisis.org.uk/get-involved/shop-from-crisis/,,,,,,,0,,,1,,,1,,,1,,,1,,,1,,,1,,,1,,,,51.54346790,-0.10367980,0,b7c92f42939d53fa03039aa033019c07,0,32,"2020-01-02 16:07:48",1,"2020-04-24 10:17:40"
1034,11,"Shop from Crisis- Dalston",dalston.shop@crisis.org.uk,"0207 812 9487","74 Kingsland High Street",,,,London,"E8 2NS",https://www.crisis.org.uk/get-involved/shop-from-crisis/,,,,,,,0,,,1,,,1,,,1,,,1,,,1,,,1,,,1,,,,51.54928270,-0.07515900,0,6af6a686952c0fe21c04a2850e4af796,0,32,"2020-01-02 16:08:39",1,"2020-04-24 10:17:40"
1035,11,"Alzheimer's- Rare Dementia Support",contact@raredementiasupport.org,"07741 671839","Box 123","Queens Square",,,London,"WC1N 3BG",https://www.alzheimers.org.uk/support-services/Rare%2BDementia%2BSupport/Rare%2BDementia%2BSupport,,,,,,,0,,,1,,,1,,,1,,,1,,,1,,,1,,,1,,,,51.52233670,-0.12206930,0,6ef1be434f0d50f36800f102453ae1d5,0,32,"2020-01-03 09:39:45",1,"2020-04-24 10:17:40"
1036,11,"Alzheimer's- Tea Parties",info@contact-the-elderly.org.uk,"0800 716 543","2 Grosvenor Gardens",,,,London,"SW1W 0DH",https://www.alzheimers.org.uk/support-services/Contact%2Bthe%2BElderly/Tea%2BParties,,,,,,,0,,,1,,,1,,,1,,,1,,,1,,,1,,,1,,,,51.49734160,-0.14730770,0,42ef43c8561d603fdc4659ed5dd202d4,0,32,"2020-01-03 09:41:46",1,"2020-04-24 10:17:40"
1037,11,"Alzheimer's Society- Westminster Memory Cafe South",Terezie.wickenden@londoncare.co.uk,"07540 502379","Victoria Medical Centre","27-29 Upper Tachbrook Street,",,,London,"SW1V 1SN",https://www.alzheimers.org.uk/support-services/London+Care/Westminster+Memory+Café+South,,,,,,,0,,,1,,,1,,,1,,,1,,,1,,,1,,,1,,,,51.49295880,-0.13906480,0,98b94d5c4a10ca074e8dc828fd2172fc,0,32,"2020-01-03 09:43:31",1,"2020-04-24 10:17:40"
1038,11,"Alzheimer's Society-Dementia Wellbeing Service",Dementia.Wellbeing@ageukcamden.org.uk,"020 7239 0400","Tavis House","1-6 Tavistock Square",,,London,"WC1H 9NA",https://www.alzheimers.org.uk/support-services/Age%2BUK%2BCamden/Dementia%2BWellbeing%2BService,,,,,,,0,,,1,,,1,,,1,,,1,,,1,,,1,,,1,,,,51.52495900,-0.12796310,0,481a67d3615e360f409f296bf396ea04,0,32,"2020-01-03 09:45:31",1,"2020-04-24 10:17:40"
1039,11,"Alzheimer's Society-",knightsbridge@songhaven.co.uk,"020 7201 9999","32A Wilton Place",,,,London,"SW1X 8SH",https://www.alzheimers.org.uk/support-services/Songhaven%2BCommunity%2BInterest%2BCompany/Songhaven%2B-%2BKnightsbridge,,,,,,,0,,,1,,,1,,,1,,,1,,,1,,,1,,,1,,,,51.50151870,-0.15550760,0,c94f802ed2e66db2260e99e808119366,0,32,"2020-01-03 09:48:09",1,"2020-04-24 10:17:40"
1040,11,"Alzheimer's Society- FULA, Latin American Elders Group",information@ageuklands.org.uk,"020 7358 4068","Stones End Day Centre","11 Scovell Road",,,London,"SE1 1QQ",https://www.alzheimers.org.uk/support-services/Age+UK+Lewisham+and+Southwark/FULA+(Futuro+Latino+Americano)+-+Latin+American+Elders+Group,,,,,,,0,,,1,,,1,,,1,,,1,,,1,,,1,,,1,,,,51.49960920,-0.09892780,0,8f70f2f9ab2b7393f3fb01edabb8587d,0,32,"2020-01-03 09:51:08",1,"2020-04-24 10:17:40"
1041,11,"Alzheimer's Society- Living London's Moments: Tours at the Museum of London",dementia@museumoflondon.org.uk,"020 7030 3300","Museum of London","150 London Wall",,,London,"EC2Y 5HN",https://www.alzheimers.org.uk/support-services/Museum+of+London/Living+London's+Moments:+Tours+at+the+Museum+of+London,,,,,,,0,,,1,,,1,,,1,,,1,,,1,,,1,,,1,,,,51.51767890,-0.09605320,0,8fa6e9a0d6b39da10b92af3f544d3371,0,32,"2020-01-03 09:53:10",1,"2020-04-24 10:17:40"
1042,11,"Alzheimer's Society- Music Therapy",info@bamt.org,"020 7837 6100","BAMT 2nd Floor Claremont Centre","24-27 White Lion Street",,,London,"N1 9PD",https://www.alzheimers.org.uk/support-services/British%2BAssociation%2Bfor%2BMusic%2BTherapy/Music%2Btherapy,,,,,,,0,,,1,,,1,,,1,,,1,,,1,,,1,,,1,,,,51.53256360,-0.10783300,0,b1a30bc80e63bddc7a76357f255ccd28,0,32,"2020-01-03 09:54:46",1,"2020-04-24 10:17:41"
1043,11,"Alzheimer's Society- Singing for the Mind",Communitycare@ljs.org,"020 7286 5181","28 St. Johns Wood Road",,,,London,"NW8 7HA",https://www.alzheimers.org.uk/support-services/Liberal%2BJewish%2BSynagogue/Singing%2Bfor%2Bthe%2BMind,,,,,,,0,,,1,,,1,,,1,,,1,,,1,,,1,,,1,,,,51.52802830,-0.17229070,0,75879900a036ed937604bf75d761d656,0,32,"2020-01-03 09:57:17",1,"2020-04-24 10:17:41"
1044,11,"Alzheimer's Society- Sporting Reminiscence Sessions",community@mcc.org.uk,"020 7616 8589","Lord's Cricket Ground","St. Johns Wood Road",,,London,"NW8 8QN",https://www.alzheimers.org.uk/support-services/Marylebone%2BCricket%2BClub%2B---%2BMCC%2BCommunity/Sporting%2BReminiscence%2BSessions,,,,,,,0,,,1,,,1,,,1,,,1,,,1,,,1,,,1,,,,51.52854410,-0.17307740,0,5c02e212f2dffa7f34854d1c84ee62d6,0,32,"2020-01-03 09:58:31",1,"2020-04-24 10:17:41"
1045,11,"Alzheimer's Society- Westminster Memory Café North",Terezie.wickenden@londoncare.co.uk,"07540 502 379","Dementia and Memory Resource Centre","42 Westbourne Park Road",,,London,"W2 5PH",https://www.alzheimers.org.uk/support-services/London+Care/Westminster+Memory+Café+North,,,,,,,0,,,1,,,1,,,1,,,1,,,1,,,1,,,1,,,,51.51822030,-0.19092170,0,d0ff9099631a56db6341b9048096b6b9,0,32,"2020-01-03 10:01:52",1,"2020-04-24 10:17:41"
1046,11,"Alzheimer's Society- See more My Musical Mind Project",paula.b@mac.com,"07765 252510","Brecknock Road",,,,London,"N19 5AA",https://www.alzheimers.org.uk/support-services/My%2BMusical%2BMind%2BProject/My%2BMusical%2BMind%2BProject,,,,,,,0,,,1,,,1,,,1,,,1,,,1,,,1,,,1,,,,51.55608750,-0.13813720,0,10eb570a1a13fe55d86f4abe33e9001d,0,32,"2020-01-03 10:04:34",1,"2020-04-24 10:17:41"
1047,11,"Alzheimer's Society- Creative Reminiscing",alina@museumofbrands.com,"020 7243 9613","111-117 Lancaster Road",,,,London,"W11 1QT",https://www.alzheimers.org.uk/support-services/Museum%2Bof%2BBrands/Creative%2BReminiscing,,,,,,,0,,,1,,,1,,,1,,,1,,,1,,,1,,,1,,,,51.51596750,-0.21142840,0,3cfed1ecc11b531d15416d370f3bc62b,0,32,"2020-01-03 10:05:48",1,"2020-04-24 10:17:41"
1048,11,"Alzheimer's Society- Social Clubs",info@fulhamgoodneighbours.org,"020 7385 8850","Rosaline Hall","70 Rosaline Road",,,London,"SW6 7QT",https://www.alzheimers.org.uk/support-services/Fulham%2BGood%2BNeighbours/Social%2BClubs,,,,,,,0,,,1,,,1,,,1,,,1,,,1,,,1,,,1,,,,51.48057910,-0.21051710,0,3f104f99bbb2fa8b9f5fe937324c0f5f,0,32,"2020-01-03 10:07:17",1,"2020-04-24 10:17:41"
1049,11,"Alzheimer's Society- Saturday Cafe",hammersmith-fulham@alzheimers.org.uk,"020 8563 0001","St Vincents House","49 Queen Caroline Street",,,London,"W6 9QH",https://www.alzheimers.org.uk/support-services/Hammersmith+&+Fulham+Local+Service+Office/Saturday+Cafe,,,,,,,0,,,1,,,1,,,1,,,1,,,1,,,1,,,1,,,,51.49065110,-0.22448140,0,7ace7b2da860170282001f411906a838,0,32,"2020-01-03 10:09:15",1,"2020-04-24 10:17:41"
1050,11,"Alzheimer's Society- Turtle Song",kelly@turtlekeyarts.org.uk,"020 8964 5060","Turtle Key Arts","Lyric Hammersmith",,,London,"W6 0QL",https://www.alzheimers.org.uk/support-services/Turtle%2BKey%2BArts/Turtle%2BSong,,,,,,,0,,,1,,,1,,,1,,,1,,,1,,,1,,,1,,,,51.49319290,-0.22624980,0,ad69c82448312f3f2d1f9550be1d2932,0,32,"2020-01-03 10:10:49",1,"2020-04-24 10:17:41"
1051,11,"Alzheimer's Society- YYOYO North London young onset dementia support group",YOYOyoungonset@gmail.com,,"Crouch End Picturehouse","165 Tottenham Lane",,,London,"N8 9BY",https://www.alzheimers.org.uk/support-services/YoYo/YOYO%2BNorth%2BLondon%2Byoung%2Bonset%2Bdementia%2Bsupport%2Bgroup,,,,,,,0,,,1,,,1,,,1,,,1,,,1,,,1,,,1,,,,51.58125940,-0.12076180,0,5a30f5690fd79ef22bcc768e9a0f2e36,0,32,"2020-01-03 10:12:46",1,"2020-04-24 10:17:41"
1052,11,"Alzheimer's Society- Dementia Cafe",info@ashfordplace.org.uk,"020 8208 8591","Ashford Place","60 Ashford Road",,,London,"NW2 6TU",https://www.alzheimers.org.uk/support-services/Ashford%2BPlace/Dementia%2BCafe,,,,,,,0,,,1,,,1,,,1,,,1,,,1,,,1,,,1,,,,51.55645790,-0.21901830,0,c7a190fa1bbd053dabd4087207c7c52c,0,32,"2020-01-03 10:19:24",1,"2020-04-24 10:17:41"
1053,11,"Alzheimer's Society- Early Onset Dementia Support Group",nikki@cog-neuro-support.com,"020 8725 4630","St George’s Hospital","Blackshaw Road",,,London,"SW17 0QT",https://www.alzheimers.org.uk/support-services/St%2BGeorges%2BUniversity%2BHospitals%2BNHS%2BFoundation%2BTrust/Early%2BOnset%2BDementia%2BSupport%2BGroup,,,,,,,0,,,1,,,1,,,1,,,1,,,1,,,1,,,1,,,,51.42656100,-0.17608240,0,1faa4725a4adba9e21b8cc7bf003527b,0,32,"2020-01-03 10:21:20",1,"2020-04-24 10:17:41"
1054,11,"Alzheimer's Society- Befriending",info@ageukbarnet.org.uk,"020 8432 1416","The Ann Owens Centre","Oak Lane",,,London,"N2 8LT",https://www.alzheimers.org.uk/support-services/Age%2BUK%2BBarnet/Befriending,,,,,,,0,,,1,,,1,,,1,,,1,,,1,,,1,,,1,,,,51.59665040,-0.17429910,0,78f363e2c6d43293e393094fdb9807ce,0,32,"2020-01-03 10:23:17",1,"2020-04-24 10:17:41"
1055,11,"Alzheimer's Society- My Life Films",jo@mylifefilms.org,"020 8948 7560","2 Dickson House","3 Grove Road",Richmond,,London,"TW10 6SP",https://www.alzheimers.org.uk/support-services/My%2BLife%2BFilms/My%2BLife%2BFilms,,,,,,,0,,,1,,,1,,,1,,,1,,,1,,,1,,,1,,,,51.45413760,-0.29359870,0,d3489c12f0c466ce75b782d69100809d,0,32,"2020-01-03 10:25:38",1,"2020-04-24 10:17:41"
1056,11,"Alzheimer's Society- Grace Cafe",mariabeale@yahoo.co.uk,"020 7041 8077","St. Marys Church","61 College Road",,,Bromley,"BR1 3QG",https://www.alzheimers.org.uk/support-services/St.%2BMarys%2BChurch/Grace%2Bcafe,,,,,,,0,,,1,,,1,,,1,,,1,,,1,,,1,,,1,,,,51.41373360,0.01625580,0,ff07d74e4bb70a0b5fc5c63f5bc566cd,0,32,"2020-01-03 10:44:42",1,"2020-04-24 10:17:41"
1057,11,"Foodbank  North Enfield",info@northenfield.foodbank.org.uk,07826542119,"jubliee central","unit 2 lumina way",enfield,middlesex,,"EN1 1FS",www.trusselltrust.org,,,,,,,0,,,1,,,1,,,1,,,1,,,1,,,1,,,1,,,,51.64307790,-0.05950910,0,431ddc4dfd89f39351d3847efa60dd7e,0,31,"2020-01-03 10:47:40",1,"2020-04-24 10:17:41"
1058,11,"Alzheimer's Society- Memory Care Navigators",Venetta.hunt@ageukenfield.org.uk,"020 8351 1212","The Parker Centre","6 Houndsfield Road",,,London,"N9 7RA",https://www.alzheimers.org.uk/support-services/Age%2BUK%2BEnfield/Memory%2BCare%2BNavigators,,,,,,,0,,,1,,,1,,,1,,,1,,,1,,,1,,,1,,,,51.63386420,-0.05506670,0,3e55cc667ce76e317325f92d15be6845,0,32,"2020-01-03 10:47:56",1,"2020-04-24 10:17:41"
1059,11,"Foodbank Chipping barnet",info@chippingbarnet.foodbanl.org.uk,07716890535,"63 somerset road","new barnet",Heartfordshire,,,"EN15 1RF",www.thetrusselltrust.org,,,,,,,0,,,1,,,1,,,1,,,1,,,1,,,1,,,1,,,,,,0,6e8d2d525e1ddfc47fe2682861d3bacc,0,31,"2020-01-03 10:50:16",1,"2020-04-24 10:17:41"
1060,11,"Foodbank Bexley",info@bexley.foodbank.org.uk,07932431350,"Avery hill christian fellowship",southspring,sidcup,,,"DA15 8EA",www.thetruselltrust.org.uk,,,,,,,0,,,1,,,1,,,1,,,1,,,1,,,1,,,1,,,,51.44520190,0.08472240,0,8d3b9005af6ede64e21a511c42ff2c70,0,31,"2020-01-03 10:53:39",1,"2020-04-24 10:17:41"
1061,11,"Alzheimer's Society- Memory Club",memorycare@ageukenfield.org.uk,"020 8351 1131","St Peters Church Hall","Vera Avenue",,,London,"N21 1RG",https://www.alzheimers.org.uk/support-services/Age%2BUK%2BEnfield/Memory%2BClub,,,,,,,0,,,1,,,1,,,1,,,1,,,1,,,1,,,1,,,,51.64272090,-0.10045140,0,5efc035af3ecfd549fb6493d70bde0d0,0,32,"2020-01-03 10:53:48",1,"2020-04-24 10:17:41"
1062,11,"Foodbank Bexley new comunity",info@bexley.foodbank.org.uk,07932431350,"new community church","24 station road",sidcup,,,"DA15 7DC",WWW.THETRUSSELLTRUST.ORG,,,,,,,0,,,1,,,1,,,1,,,1,,,1,,,1,,,1,,,,51.44666710,0.09956490,0,c56b6038434bf371f094576d4f21cf06,0,31,"2020-01-03 10:56:15",38,"2020-07-13 10:03:55"
1063,11,"Foodbank Bexley Queens Street",info@bexley.foodbank.org.uk,07932431350,"Queens street baptist church","queen street",Erith,,,"DA8 1RP",WWW.THETRUSSELLTRUST.ORG,,,,,,,0,,,1,,,1,,,1,,,1,,,1,,,1,,,1,,,,51.47898750,0.18036340,0,005a96801b8d7c574b2e453204295d2e,0,31,"2020-01-03 10:58:13",1,"2020-04-24 10:17:41"
1064,11,"Alzheimer's Society- Remember to Dance in Redbridge",vicki@greencandledance.com,"020 7739 7722","Elderberries Day Centre","Broadmead Road","Woodford Green",,,"IG8 0AD",https://www.alzheimers.org.uk/support-services/Green%2BCandle%2BDance%2BCompany/Remember%2Bto%2BDance%2Bin%2BRedbridge,,,,,,,0,,,1,,,1,,,1,,,1,,,1,,,1,,,1,,,,51.60763250,0.02473970,0,61f05b2e70d954797e8cd1d479c73e22,0,32,"2020-01-03 10:59:17",1,"2020-04-24 10:17:42"
1065,11,"Foodbank Bexley Trinity Baptist",info@bexley.foodbank.org.uk,07932431350,"trinity baptist",broadway,bexleyheath,,,"DA6 7AY",WWW.THETRUSSELLTRUST.ORG,,,,,,,0,,,1,,,1,,,1,,,1,,,1,,,1,,,1,,,,51.45827920,0.13866290,0,1a61b4bba8d3e6456a88d0367d509d3d,0,31,"2020-01-03 11:00:39",1,"2020-04-24 10:17:42"
1066,11,"Foodbank Harrow",info@harrowfoodbank.org.uk,02084167344,"Harrow foodbank","unit f2","Pheonix buisness centre","rosslyn cresent",Harrow,"HA1 2SP",www.thetrusselltrust.org.uk,,,,,,,0,,,1,,,1,,,1,,,1,,,1,,,1,,,1,,,,51.58850910,-0.32858480,0,69983b6455b20169e258b6af60b53dde,0,31,"2020-01-03 11:03:41",1,"2020-04-24 10:17:42"
1067,11,"Foodbank Harrow Holy Trinty",info@harrow.foodbank.org.uk,02084167344,"holy trinity wealdston","1a headston drive",wealdstone,harrow,,"HA1 5QX",www.thetrusselltrust.org,,,,,,,0,,,1,,,1,,,1,,,1,,,1,,,1,,,1,,,,51.58289630,-0.33628850,0,10a6a81980954a146678bead61ddffc0,0,31,"2020-01-03 11:05:38",1,"2020-04-24 10:17:42"
1068,11,"Foodbank Harrow ST Pauls Church",info@harrows.foodbank.org.uk,02084167344,"st pauls church","corbins lane","south harrow",,,"HA2 8EL",www.thetrusselltrust.org,,,,,,,0,,,1,,,1,,,1,,,1,,,1,,,1,,,1,,,,51.56424680,-0.36028990,0,3b1b8d4568dadb70ddee8509e0a498ba,0,31,"2020-01-03 11:07:27",1,"2020-04-24 10:17:42"
1069,11,"Foodbank Sutton Head Office",admin@suttoncommunityworks.org,07525838640,"Highfield hall","320 carshalton",carshalton,,,"SM5 3QB",www.thetrusselstrust.org,,,,,,,0,,,1,,,1,,,1,,,1,,,1,,,1,,,1,,,,51.36286480,-0.17339450,0,4be464a413bae5ca4d65718d28028433,0,31,"2020-01-03 11:09:54",1,"2020-04-24 10:17:42"
1070,11,"Foodbank Sutton Apple Lodge",admin@suttoncommunityworks.org,07525838640,"Apple lodge","Sutton court","brighton road",sutton,,"SM2 5BP",www.thetrusselltrust.org,,,,,,,0,,,1,,,1,,,1,,,1,,,1,,,1,,,1,,,,51.35710280,-0.19037230,0,bfafda7e60d489602bb7d6121f9eb348,0,31,"2020-01-03 11:14:17",1,"2020-04-24 10:17:42"
1071,11,"Foodbank Sutton Bishops Andrewes",admin@suttoncommunityworks.org,07525838640,"Bishop Andrewes church","59 wigmore road",carshalton,,,"SM5 1RG","www.the trusselltrust.org",,,,,,,0,,,1,,,1,,,1,,,1,,,1,,,1,,,1,,,,51.38015420,-0.17524090,0,8e0847c9c767b989efe522a0e39284ec,0,31,"2020-01-03 11:17:24",1,"2020-04-24 10:17:42"
1072,11,"Foodbank Sutton Salvation Army",admin@suttoncommunityworks.org,07525838640,"Salvation Army","44 Benhill Avenue",Sutton,,,"SM1 4DD",www.thetrusseltrust.org,,,,,,,0,,,1,,,1,,,1,,,1,,,1,,,1,,,1,,,,51.36701860,-0.18979930,0,c83e10cfb665f230dae14252109e5d06,0,31,"2020-01-03 11:21:50",1,"2020-04-24 10:17:42"
1073,11,"Foodbank Sutton ST Michaels",admin@suttoncomunityworks.org,07525838640,"St Michaels & all angels chruch","Milton road",Wallington,,,"SM6 9RP",www.thetrusselstrust.org,,,,,,,0,,,1,,,1,,,1,,,1,,,1,,,1,,,1,,,,51.35725470,-0.14072120,0,51ad6469ddc3405ee1fd69bbafc03190,0,31,"2020-01-03 11:23:49",1,"2020-04-24 10:17:42"
1074,11,"Foodbank Tottenham",info@tottenham.foodbank.org.uk,02084930050,"The Tottenham Townhall","Town Hall approach road",London,,,"N15 4RY",www.thetrusselltrust.org,,,,,,,0,,,1,,,1,,,1,,,1,,,1,,,1,,,1,,,,51.58697210,-0.07245400,0,6f90ef010e938058335466bbbe52fda4,0,31,"2020-01-03 11:28:59",1,"2020-04-24 10:17:42"
1075,11,"Foodbank Colindale",info@colindale.foodbank.org.uk,07415223963,"Trinity Church","Northwest Centre","Avian Cresant","Grahame park way",,"NW9 5QY",,www.thetrusselltrust.org,,,,,,0,,,1,,,1,,,1,,,1,,,1,,,1,,,1,,,,51.60188170,-0.23923340,0,2194f3db92d886931c2d706ac1d97fba,0,31,"2020-01-03 11:31:57",1,"2020-04-24 10:17:42"
1076,11,"Foodbank Croydon",croydonfoodbank@gmail.com,02086865664,"unit 5 pilton estate",Pillake,croydon,,,"CR0 3RA",www.thetrusselltrust.org,,,,,,,0,,,1,,,1,,,1,,,1,,,1,,,1,,,1,,,,51.37695720,-0.10754150,0,5588871da216b22b1d1e3477eb2d301a,0,31,"2020-01-03 11:34:21",1,"2020-04-24 10:17:42"
1078,11,"Foodbank Redbridge",info@redbridgefoodbank.org.uk,02085180056,Redbridge,"14 granville road",illford,redbridge,,"IG1 4JY",www.thetrusselltrust.org,,,,,,,0,,,1,,,1,,,1,,,1,,,1,,,1,,,1,,,,51.56313330,0.07073730,0,ea17151be20aac1cce1592dbf7e270c2,0,31,"2020-01-03 13:51:38",1,"2020-04-24 10:17:42"
1079,11,"Foodbank Redbridge Tcl Reuse",info@redbridgefoodbank.org.uk,02085180056,"Tcl reusue centre","unit 1 330-348 uphill road",illford,,,"IG1 2JJ",www.thetrusselltrust.org,,,,,,,0,,,1,,,1,,,1,,,1,,,1,,,1,,,1,,,,51.54406600,0.07326140,0,61ac90b378310d4b8f79680ca4846dca,0,31,"2020-01-03 14:11:01",1,"2020-04-24 10:17:42"
1080,11,"Foodbank Redbridge Netley Hall",info@redbridgefoodbank.org,02085180056,"netley hall","netley road","newbury park",,,"IG2 7NP",www.thetrusselltrust.org,,,,,,,0,,,1,,,1,,,1,,,1,,,1,,,1,,,1,,,,51.57824710,0.08733560,0,d1dbe0d0e3f32682f904ecae18759c9a,0,31,"2020-01-03 14:12:37",1,"2020-04-24 10:17:42"
1081,11,"Foodbank Redbridge The Christian Cranley",info@redbridgefoodbank.org,02085180056,"The christian","cranley road",illford,essex,,"IG2 6AG",www.thetrusselltrust.org,,,,,,,0,,,1,,,1,,,1,,,1,,,1,,,1,,,1,,,,51.57200310,0.08216460,0,3abc92a3e25e192b6991c5e67f07fca2,0,31,"2020-01-03 14:14:47",1,"2020-04-24 10:17:43"
1082,11,"Foodbank Bromley Borough Main",info@bromleyborough.foodbank.org.uk,07876809430,"postal addresss","c/o united reformed church","20 widmore road",bromley,Kent,"BR1 1RY",www.thetrusselltrust.org,,,,,,,0,,,1,,,1,,,1,,,1,,,1,,,1,,,1,,,,51.40553340,0.01698150,0,750439c9688884642b3f33b01e37ae21,0,31,"2020-01-03 14:20:51",1,"2020-04-24 10:17:43"
1083,11,"Foodbank Bromley Anerley",info@bromleyborough.foodbank.org.uk,07876809430,"Anerley Centre","Christ church","Anerley Road",,,"SE20 8ER","www. thetrusselltrust.org",,,,,,,0,,,1,,,1,,,1,,,1,,,1,,,1,,,1,,,,51.40945500,-0.06047560,0,e14d32d48ffc519d266f28e534447931,0,31,"2020-01-03 14:23:02",1,"2020-04-24 10:17:43"
1084,11,"Foodbank Bromley Central",info@bromleyborough.foodbank.org.uk,07876809430,"Central bromley centre","United reformed church","Widemore road",Bromley,,"BR1 1RY",info@thetrusselltrust.org,,,,,,,0,,,1,,,1,,,1,,,1,,,1,,,1,,,1,,,,51.40553340,0.01698150,0,a92d383e27034fc5e6d2e3795fea5056,0,31,"2020-01-03 14:25:03",1,"2020-04-24 10:17:43"
1085,11,"Foodbank Bromley Orpington",info@bromleyborough.foodbank.org.uk,07876809430,"Central Orpington centre","36 christhurst road",orpington,,,"BR6 0DG",https://bromleyborough.foodbank.org.uk/,,,,,,,0,,,1,,,1,,,1,,,1,,,1,,,1,,,1,,,,51.38122380,0.10243930,0,578a5f29e41eb736b74b6d8affc27294,0,31,"2020-01-03 14:26:52",48,"2020-11-18 10:15:07"
1086,11,"Foodbank Bromley Donations",info@bromleyborough.foodbank.org.uk,07876809430,"ex adventure kingdom","stockwell close",bromley,,,"BR1 3UH",https://bromleyborough.foodbank.org.uk/,,,,,,,0,,,1,,,1,,,1,,,1,,,1,,,1,,,1,,,,51.40372900,0.02008500,0,3cd09f4a3bf530a3523e94e85aba7ecb,0,31,"2020-01-03 14:51:01",48,"2020-11-18 10:16:56"
1087,11,"Foodbank Barking",barkingfoodbank@gmail.com,02088610660,"9 Minden gardens,",Barking,,,,"IG11 0SF",http://barking.foodbank.org.uk,,,,,,,0,,,1,,,1,,,1,,,1,,,1,,,1,,,1,,,,51.52595730,0.11583560,0,dc853e865926068f556080c1fc4ac090,0,31,"2020-01-03 14:55:36",1,"2020-04-24 10:17:43"
1088,11,"Foodbank Barking Chadwell",barkingfoodbank@gmail.com,02088610660,"CHadwell Healthe centre","United reformed Church","mill lane","Chadwell heath",Romford,"RM6 6RS",http://barking.foodbank.org.uk,,,,,,,0,,,1,,,1,,,1,,,1,,,1,,,1,,,1,,,,51.57556560,0.13998360,0,9f74f5ed4413f23ec13ac850746a4aa9,0,31,"2020-01-03 14:57:38",1,"2020-04-24 10:17:43"
1089,11,"Foodbank Ealing",info@ealingfoodbank.org.uk,02088409428,"greenford methodist church","Ruislip Road",greenford,,,"UB6 9QN",WWW.thetrusselltrust.org,,,,,,,0,,,1,,,1,,,1,,,1,,,1,,,1,,,1,,,,51.52908520,-0.35761930,0,da31e78f1dee4cdc15743980cf35783e,0,31,"2020-01-06 12:38:51",1,"2020-04-24 10:17:43"
1090,11,"Foodbank Greenwich",contact@greenwichfoodbank.co.uk,07771830549,"20 orangery lane",greenwich,,,London,"SE9 1HN",www.thetrusselltrsut.org,,,,,,,0,,,1,,,1,,,1,,,1,,,1,,,1,,,1,,,,51.45178370,0.05470850,0,c8132b26390c986fb587ed924454cce4,0,31,"2020-01-06 12:42:19",1,"2020-04-24 10:17:43"
1091,11,"Foodbank Richmond",foodbank@vineyardcommunity.org,02089400274,"the vineyard comunity centre","the vineyard,",,richmond,london,"TW10 6AQ",http://richmond.foodbank.org.uk,,,,,,,0,,,1,,,1,,,1,,,1,,,1,,,1,,,1,,,,51.45788930,-0.30265630,0,ab68adec412e8fe9010f19e6594158a7,0,31,"2020-01-06 12:57:10",1,"2020-04-24 10:17:43"
1092,11,"Foodbank Wimbledon",wimbledonfoodbank@gmail.com,02085440126,"Elm Pentecostal church wimbledon","76 kingston road",wimbleton,,London,"SW19 1LA",https://wimbledon.foodbank.org.uk/,,,,,,,0,,,1,,,1,,,1,,,1,,,1,,,1,,,1,,,,51.41529170,-0.19700370,0,5a78159d8a0ba19f1d1865d57e06c626,0,31,"2020-01-06 12:59:24",48,"2020-11-18 10:19:04"
1093,11,"Foodbank Newham",admin@newhamfoodbank.org.uk,02074743060,"St marks centre","218 tollgate road",beckton,,london,"E6 5YA",https://newham.foodbank.org.uk/,,,,,,,0,,,1,,,1,,,1,,,1,,,1,,,1,,,1,,,,51.51581710,0.05299920,0,36639a37604ffadd19c19ae57c625ddf,0,31,"2020-01-06 13:02:45",48,"2020-11-18 10:21:11"
1094,11,"Foodbank Brent",info@brent.food.bank.org.uk,02037455972,"the vestry hall","neasden lane",,,London,"NW10 2TS",www.thetrusselltrust.org,,,,,,,0,,,1,,,1,,,1,,,1,,,1,,,1,,,1,,,,51.54908290,-0.24966280,0,d40e8bbc26e56db59352797a134ce89a,0,31,"2020-01-06 13:24:21",1,"2020-04-24 10:17:43"
1095,11,"Foodbank Lewisham",info@lewisham.foodbank.org.uk,"07938 071854",Hopecentre,"Malham road","Forest hill",,London,"SE23 1AN",www.thetrusselltrust.org,,,,,,,0,,,1,,,1,,,1,,,1,,,1,,,1,,,1,,,,51.44292680,-0.04444330,0,55e468096af308fdab5b5a2d5007a7a0,0,31,"2020-01-06 13:25:38",1,"2020-04-24 10:17:43"
1096,11,"Foodbank Norwood & Brixton",norwoodfoodbank@btinternet.com,07722121108,"St lukes church","knights hill","WEST NORWOOD",,London,"SE27 0HS",www.thetrusselltrust.org,,,,,,,0,,,1,,,1,,,1,,,1,,,1,,,1,,,1,,,,51.43074770,-0.10445230,0,581ad99b7460a2a7f9549310ab8301fb,0,31,"2020-01-06 13:27:42",1,"2020-04-24 10:17:43"
1097,11,"Foodbank Aberdeen North",info@aberdeennorth.foodbank.org.uk,01224651000,"10 Urquhart road",aberdeen,,,,"AB24 5LL",www.thetrusselltrust.org,,,,,,,0,,,1,,,1,,,1,,,1,,,1,,,1,,,1,,,,57.15428950,-2.09339960,0,5539add3154d40cdc12ca8cb15994962,0,31,"2020-01-06 13:29:53",1,"2020-04-24 10:17:43"
1098,11,"Foodbank Dundee",info@dundee.foodbank.org.uk,01382698020,"unit 5","Dunsinane Avenue",,,Dundee,"DD2 3QN",http://dundee.foodbank.org.uk,,,,,,,0,,,1,,,1,,,1,,,1,,,1,,,1,,,1,,,,56.47996000,-3.01379350,0,4d2168a25a389785fd2ff17eaea4be96,0,31,"2020-01-06 13:33:21",1,"2020-04-24 10:17:43"
1100,11,"Foodbank Islington",info@islington.foodbank.org.uk,04453222755,"highbury Roundhouse youth and community centre","71 Ronalds Road",,,London,"N5 1XB",www.thetrusselltrust.org,,,,,,,0,,,1,,,1,,,1,,,1,,,1,,,1,,,1,,,,51.55086340,-0.10370730,0,0f94637384c5b89390a593dcbfd955ba,0,31,"2020-01-06 13:38:37",1,"2020-04-24 10:17:44"
1101,11,"Foodbank Kensington",info@kensingtonchelsea.foodbank.org.uk,02037289003,"Kensington & chelsea foodbank","Notting hill methodist church","240 lancaster road",,London,"W11 4AH",www.thetrusselltrust.org,,,,,,,0,,,1,,,1,,,1,,,1,,,1,,,1,,,1,,,,51.51505960,-0.21390680,0,34e4bee6df10aac1e3622ece1fb7146a,0,31,"2020-01-06 13:42:09",1,"2020-04-24 10:17:44"
1102,11,"Foodbank Clapham",info@claphampark.foodbank.org.uk,02086757661,"All nations baptist church","the bonneville centre","12 ponders road","clapham park",london,"SW4 8NY",www.thetrusselltrust.org,,,,,,,0,,,1,,,1,,,1,,,1,,,1,,,1,,,1,,,,51.45039920,-0.14082440,0,5d4d53b3ca698486d7c26bb0d217dc07,0,31,"2020-01-06 13:45:09",1,"2020-04-24 10:17:44"
1103,11,"Foodbank Hammersmith and Fulham",info@hammersmithfulham.foodbank.org.uk,02077313693,"Hammersmith & fulham foodbank","c/o st mathews","wandsworth bridge road",,London,"SW6 2TX",https://hammersmithfulham.foodbank.org.uk/,,,,,,,0,,,1,,,1,,,1,,,1,,,1,,,1,,,1,,,,51.46846500,-0.19058170,0,ff80bc2d47e5e392f10122688a9a4d32,0,31,"2020-01-06 13:51:18",48,"2020-11-18 10:22:07"
1104,11,"Foodbank Wandsworth",httpwandsworth.foodbank.org.uk,02073269428,"st Marks church","Battersea Rise",,,London,"SW11 1EJ",http://Wandsworth.foodbank.org.uk,,,,,,,0,,,1,,,1,,,1,,,1,,,1,,,1,,,1,,,,51.46078370,-0.16886310,0,81506b521a09337101684972d80235c0,0,31,"2020-01-06 13:53:09",1,"2020-04-24 10:17:44"
1105,11,"Foodbank Southwark",foodbank.support@pecan.org.uk,02077320007,Pecan,"121a Peckham high street",Peckham,,London,"SE15 5SE",http://Southwark.foodbank.org.uk,,,,,,,0,,,1,,,1,,,1,,,1,,,1,,,1,,,1,,,,51.47418070,-0.06858780,0,0b6bbbb826ed993bdc6302214ccd56fa,0,31,"2020-01-06 13:55:25",1,"2020-04-24 10:17:44"
1106,11,"Foodbank Vauxhall",foodbank@christchurchlondon.org.uk,02073846493,"105 tyers street",Vauxhall,,,London,"SE11 5HS",vauxhall.foodbank.org.uk,,,,,,,0,,,1,,,1,,,1,,,1,,,1,,,1,,,1,,,,51.48784920,-0.11934860,0,3d25a7bfdee937b6d8be8c6248f41b29,0,31,"2020-01-06 13:57:13",1,"2020-04-24 10:17:44"
1107,11,"Foodbank Euston",info@eustonfoodbank.org.uk,07400053838,"St pancras church house","1 lancing street",,,london,"NW1 1NA",euston.foodbank.org.uk,,,,,,,0,,,1,,,1,,,1,,,1,,,1,,,1,,,1,,,,51.52848750,-0.13138080,0,8167d3399233bae693bd5b6cff8ae622,0,31,"2020-01-06 13:58:49",1,"2020-04-24 10:17:44"
1108,11,"Foodbank Camden",info@camden.foodbank.org.uk,02073874551,"14 pratt mews",,,,london,"NW1 0AD",www.camden.foodbank.org.uk,,,,,,,0,,,1,,,1,,,1,,,1,,,1,,,1,,,1,,,,51.53702130,-0.14025030,0,e0b0bf795ce88c77a47e2f219a859e3d,0,31,"2020-01-06 14:00:14",1,"2020-04-24 10:17:44"
1109,11,"Foodbank chalk farm",info@chalkfarm.foodbank.org.uk,02074833763,"Revelation church","c/o Chalk farm baptist church","Berkley road","Eglan mews",London,"NW1 8YS",https://chalkfarm.foodbank.org.uk/,,,,,,,0,,,1,,,1,,,1,,,1,,,1,,,1,,,1,,,,51.54127330,-0.15646550,0,2da841f4c4bafb4fec0898c67a1c9a2e,0,31,"2020-01-06 14:02:10",48,"2020-11-18 10:23:15"
1110,11,"Foodbank Hackney",info@hackney.foodbank.org.uk,02072542464,"st john hoxton crypt","pitfield street",,,,"N1 6NP",http://hackney.foodbank.org.uk,,,,,,,0,,,1,,,1,,,1,,,1,,,1,,,1,,,1,,,,51.53050260,-0.08378760,0,00fff3de9a9e2bc645ade91c00d66b2b,0,31,"2020-01-06 14:04:21",1,"2020-04-24 10:17:44"
1111,11,"Foodbank Waterloo",foodbank@oasiswaterloo.org,02079214205,"Oasis centre","1 kennington Road",,,London,"SE1 7QP",http://waterloo.foodbank.org.uk,,,,,,,0,,,1,,,1,,,1,,,1,,,1,,,1,,,1,,,,51.49811950,-0.11195630,0,edd0f8d8a7b95110981e3b8aa8732e63,0,31,"2020-01-06 14:07:05",1,"2020-04-24 10:17:44"
1112,11,"Foodbank Westminster",foodbank@westminsterchapel.org.uk,02078341731,"westminster chapel","Buckingham Gate",,,London,"SW1E 6BS",http://www.westminsterchapel.org.uk/ministries/foodbank,,,,,,,0,,,1,,,1,,,1,,,1,,,1,,,1,,,1,,,,51.49872020,-0.13789150,0,6eb917d5f3523bfe8b1d20642ac57701,0,31,"2020-01-07 10:45:08",1,"2020-04-24 10:17:44"
1113,11,"Foodbank Renfrewshire Foodbank",info@renfrewshire.foodbank.org.uk,03001022500,Renfrewshirefoodbank,"PO box 11360",Paisley,,,"PA3 9FB",http://renfrewshire.foodbank.org.uk/,,,,,,,0,,,1,,,1,,,1,,,1,,,1,,,1,,,1,,,,55.86106360,-4.45161300,0,e6b90f7bd6f15b0a85ffc01c8028cc9f,0,31,"2020-01-07 10:47:40",38,"2020-07-13 10:03:56"
1114,11,"Foodbank Glasgow",info@glasgowNW.foodbank.org.uk,01419599813,"Blawarthill Parish Church","Millbrix Avenue",Scotstoun,,Glasgow,"G14 0EP",http://glasgownw.foodbank.org.uk,,,,,,,0,,,1,,,1,,,1,,,1,,,1,,,1,,,1,,,,55.88559530,-4.36502230,0,75db2f97f6f747078dfb70b74c1de326,0,31,"2020-01-07 10:50:31",1,"2020-04-24 10:17:44"
1115,11,"Foodbank Rutherglen",info@rutherglencambuslang.foodbank.org.uk,07393737030,"2 kirkwood street",rutherglen,,,,"G73 2SL",https://uk.virginmoneygiving.com/donation-web/charity,,,,,,,0,,,1,,,1,,,1,,,1,,,1,,,1,,,1,,,,55.82756340,-4.21330100,0,ce1f51bba8f8ba2a846739854b86c020,0,31,"2020-01-07 10:53:27",1,"2020-04-24 10:17:44"
1116,11,"Foodbank Glasgow NE",info@glasgowne.foodbank.org.uk,07951749363,"Calton Parkhead parish church","142 Helenvale street",parkhead,,Glasgow,"G31 4NA",http://glasgowne.foodbank.org.uk,,,,,,,0,,,1,,,1,,,1,,,1,,,1,,,1,,,1,,,,55.84816850,-4.19890560,0,de00d206d016b8089119e5ead9cbedcb,0,31,"2020-01-07 10:56:11",1,"2020-04-24 10:17:44"
1117,11,"Foodbank Glasgow SE",foodbank@glasgowelim.org.uk,07456868628,"173 butterbiggins road",Govanhill,Glasgow,,,"G42 7AS",HTTP://GLASGOWSE.FOODBANK.ORG.UK,,,,,,,0,,,1,,,1,,,1,,,1,,,1,,,1,,,1,,,,55.84031080,-4.25781610,0,85bf5ee15552a0ecb18ec0f878be23fc,0,31,"2020-01-07 10:58:59",1,"2020-04-24 10:17:44"
1118,1,"R&R Reclamation",rrreclaim@hotmail.com,"01536 685 012","Bypass Farm,",Kettering,Broughton,,,"NN14 1NT",https://www.randrreclamation.co.uk/,,,,,,,0,,,1,,,1,,,1,,,1,,,1,,,1,,,1,,,,52.36005040,-0.78763100,0,f34d81f8a441cdbbfe3c0043116ea862,0,32,"2020-01-07 11:16:22",1,"2020-08-10 12:07:51"
1119,1,"Watling Reclamation",sales@watlingreclamation.co.uk,"01327 811888","The Old Pump House","Cuttle Mill Business Park","Watling Street",,Northamptonshire,"NN12 6LF",https://www.watlingreclamation.co.uk/home/,,,,,,,0,,,1,,,1,,,1,,,1,,,1,,,1,,,1,,,,52.11443730,-0.95143570,0,9e35477a7e18d543767575777f0a3d70,0,32,"2020-01-07 11:19:04",1,"2020-08-10 12:07:56"
1120,1,"Advanced Material Collections",NA,"01933 418851","Ashridge Close",Rushden,,,,"NN10 9H",N/A,,,,,,,0,,,1,,,1,,,1,,,1,,,1,,,1,,,1,,,,,,0,ec6f4deecf10eaad4142497b61c8946e,0,32,"2020-01-07 11:21:11",1,"2020-08-10 12:07:36"
1121,1,"Ransfords Reclaim Building Supplies",sales@ransfords.com,"01327 705310","Unit 1 Rutherford Way","Drayton Fields Industrial Estate",Daventry,,,"NN11 8XW",https://www.ransfords.com/,,,,,,,0,,,1,,,1,,,1,,,1,,,1,,,1,,,1,,,,52.26950760,-1.18128480,0,822a0ed2f9ad8d72f7e6e18104b6ba8e,0,32,"2020-01-07 11:23:38",1,"2020-08-10 12:07:51"
1122,1,"Classic Reclaims ltd",classicreclaims@hotmail.com,"01832 270088","Eastwood Road",Oundle,,,Northamptonshire,"PE8 4BZ",http://www.classicreclaims.com/,,,,,,,0,,,1,,,1,,,1,,,1,,,1,,,1,,,1,,,,52.48278390,-0.46425530,0,8ddd0c32f92335b75a94f47b0e6d7ee4,0,32,"2020-01-07 11:25:36",1,"2020-08-10 12:07:39"
1123,1,"The End Of The World Reclaimed Centre",info@reclaimedcentre.co.uk,"07850 772452","Unit 1A","College Road North","Aston Clinton",,,"HP22 5EZ",https://reclaimedcentre.co.uk/,,,,,,,0,,,1,,,1,,,1,,,1,,,1,,,1,,,1,,,,51.82083790,-0.74990230,0,efb0afe9e95faa160f6d5f4aa38f9cf4,0,32,"2020-01-07 11:27:53",1,"2020-08-10 12:07:55"
1124,1,"MILTON KEYNES RECLAMATION LTD",,07904900935,"13 Silver Street","Stony Stratford",,,"Milton Keynes","MK11 1JS",,,,,,,,0,,,1,,,1,,,1,,,1,,,1,,,1,,,1,,,,52.05504990,-0.85292090,0,f9c85d0938ac7be650dc5fc85390ebe8,0,32,"2020-01-07 11:30:27",1,"2020-08-10 12:07:48"
1125,11,"Foodbank Abergavenny",info@abergavenny.foodbank.org.uk,07340795328,"abergravenny baptist church","Frogmore street",Abergravenny,,,"NP7 5AH",https://abergavenny.foodbank.org.uk/,,,,,,,0,,,1,,,1,,,1,,,1,,,1,,,1,,,1,,,,51.82439750,-3.02027480,0,328f89b6edf56c2a0c43700f2e42d9a7,0,31,"2020-01-07 11:32:59",48,"2020-11-18 10:48:10"
1126,1,"Burgess Reclamation",info@burgessreclamation.co.uk,"01869 346 347","Banbury Road",Souldern,Bicester,,,"OX27 7HT",http://www.burgessreclamation.co.uk/,,,,,,,0,,,1,,,1,,,1,,,1,,,1,,,1,,,1,,,,51.97410060,-1.23005780,0,ca32aaed6a08a219c9e69472a0d9f75a,0,32,"2020-01-07 11:33:09",1,"2020-08-10 12:07:38"
1127,1,"Reik Reclamation & Recycling",NA,"07821 070501","60 Jarvis Street",,,,Leicester,"LE3 5BN",N/A,,,,,,,0,,,1,,,1,,,1,,,1,,,1,,,1,,,1,,,,52.63832180,-1.14322750,0,53ddd262367214806dc4373b2c697caf,0,32,"2020-01-07 11:35:59",1,"2020-08-10 12:07:52"
1128,1,"Park End Reclaim",NA,"01869 819819","Park End Reclaim",Croughton,Brackley,,,"NN13 5LX",http://www.parkend-reclaim.co.uk/,,,,,,,0,,,1,,,1,,,1,,,1,,,1,,,1,,,1,,,,51.99789380,-1.20091540,0,1a9a0287f35f33e878489a55ddf1a3d6,0,32,"2020-01-07 11:38:17",1,"2020-08-10 12:07:50"
1129,11,"Foodbank Abergele",info@abergeledistrict.foodbank.org.uk,"01745 826570","Bridge street",abergele,Conway,,,"LL22 7HA",www.thetrusselltrust.org,,,,,,,0,,,1,,,1,,,1,,,1,,,1,,,1,,,1,,,,53.28419070,-3.58031290,0,97ee0982af46adb9618884bdd0f7df17,0,31,"2020-01-07 11:39:45",1,"2020-04-24 10:17:45"
1130,1,"Site 77",tim@site77.co.uk,"01296 711772","Unit 4,","Station Road Industrial Estate,",Winslow,Buckinghamshire,,"MK18 3RQ.",https://www.site77.co.uk/,,,,,,,0,,,1,,,1,,,1,,,1,,,1,,,1,,,1,,,,,,0,6c1caffe09673529166568fc99f5c126,0,32,"2020-01-07 11:41:18",1,"2020-08-10 12:07:53"
1131,1,"Coventry Demolition Company",sales@coventry-demolition.co.uk,"0800 294 8603","Ryton Fields Farm","Wolston Lane","Ryton on Dunsmore",,"Coventry,","CV8 3ES",https://www.coventry-demolition.co.uk/,,,,,,,0,,,1,,,1,,,1,,,1,,,1,,,1,,,1,,,,52.36621130,-1.41365960,0,e646e8a77f70c5df53d157d1143fa431,0,32,"2020-01-07 11:44:53",1,"2020-08-10 12:07:40"
1132,1,"Markham Reclaimed",info@markhamreclaimed.co.uk,"01525 876428","Upper East End Farm","Goswell End Rd,",Dunstable,,,"LU5 6NU",https://www.markhamreclaimed.co.uk/,,,,,,,0,,,1,,,1,,,1,,,1,,,1,,,1,,,1,,,,51.96695660,-0.48146730,0,4e37d5098f475f13d728ab0bc2fb23e4,0,32,"2020-01-07 11:47:19",1,"2020-08-10 12:07:48"
1133,1,"Dragon Reclamation",josimdragon@aol.com,"07703 501252","Radclive Road",Gawcott,Buckinghamshire,,,"MK18 4JB",https://www.dragonreclamationltd.com/,,,,,,,0,,,1,,,1,,,1,,,1,,,1,,,1,,,1,,,,51.98674120,-1.01400310,0,d4cd40984ff9c51fd4ba43ee838e92e4,0,32,"2020-01-07 11:50:27",1,"2020-08-10 12:07:41"
1134,11,"Foodbank Airdrie",info@airdrie.foodbank.org.uk,"01236 793423","Calderbank parish church","Main Street",Calderbank,,,"ML6 9SG",https://airdrie.foodbank.org.uk/,,,,,,,0,,,1,,,1,,,1,,,1,,,1,,,1,,,1,,,,55.84546480,-3.96532440,0,2e0ee0866b7bbc18996a267f9f65d4ac,0,31,"2020-01-07 11:50:39",48,"2020-11-18 10:49:41"
1135,1,"Times Past & Present Ltd",NA,"01234 358395","Unit 1 Eastside","Cauldwell Walk",Bedford,,,"MK42 9DT",N/A,,,,,,,0,,,1,,,1,,,1,,,1,,,1,,,1,,,1,,,,52.12559420,-0.47627870,0,f1d0a756b71b62a86cd21a71e913d675,0,32,"2020-01-07 11:52:38",1,"2020-08-10 12:07:55"
1136,11,"Foodbank Alton",info@alton.foodbank.org.uk,"07773 034447","Alton foodbank","15 market square",alton,,,"GU34 1HD",http://alton.foodbank.org.uk,,,,,,,0,,,1,,,1,,,1,,,1,,,1,,,1,,,1,,,,51.14841230,-0.97862790,0,cdbdf5e510c297e4603d9dd1fb3c09d5,0,31,"2020-01-07 11:53:06",1,"2020-04-24 10:17:45"
1137,1,"CORLEY RECLAMATION",reclaimedcorley@gmail.com,"01676 541831","POOLE COTTAGE","HIGHFEILD LANE",CORLEY,,COVENTRY,"CV7 8BJ",https://reclaimedcorley.weebly.com/,,,,,,,0,,,1,,,1,,,1,,,1,,,1,,,1,,,1,,,,52.47233090,-1.55505860,0,bb702efbdbd22140c2c5180b576fbfc1,0,32,"2020-01-07 11:54:33",1,"2020-08-10 12:07:40"
1138,11,"Foodbank Ammanford",info@ammanford.foodbank.org.uk,"07804 189 830","Ammanford Evangelical Church","Wind street",Ammanford,"Carmarthenshire,","United kingdom","SA18 3DR",http://ammanford.foodbank.org.uk/,,,,,,,0,,,1,,,1,,,1,,,1,,,1,,,1,,,1,,,,51.79112750,-3.99080360,0,e199e8cbd993f165cf575c79c4914e02,0,31,"2020-01-07 11:56:16",1,"2020-04-24 10:17:45"
1139,1,"Lodge Farm Reclamation",NA,"01858 881386.","Lodge Farm","Walton Lane","Husbands Bosworth",,,"LE17 6NN",https://lodgefarmreclamation.com/,,,,,,,0,,,1,,,1,,,1,,,1,,,1,,,1,,,1,,,,52.46166190,-1.07488890,0,10e3572a8e17908f4f0c9a1c9f268c70,0,32,"2020-01-07 11:56:55",1,"2020-08-10 12:07:47"
1140,11,"Foodbank Andover",office@andoverfoodbank.org.uk,"01264 362111","St john the baptist","Alexandra road",Andover,,"united kingdom","SP10 3AD",http://andover.foodbank.org.uk/,,,,,,,0,,,1,,,1,,,1,,,1,,,1,,,1,,,1,,,,51.20810700,-1.48804470,0,b75f8d77ac507205661d5dc050592758,0,31,"2020-01-07 11:59:53",1,"2020-04-24 10:17:45"
1141,11,"Foodbank Anglesey",info@anglesey.foodbank.org.uk,"07557 333 498","Elim Church","Thomas Street",,Anglesey,,"LL65 1RR",http://anglesey.foodbank.org.uk/,,,,,,,0,,,1,,,1,,,1,,,1,,,1,,,1,,,1,,,,53.31002860,-4.63449220,0,bbc84d7ece24b1472d7c8fc89dec78cf,0,31,"2020-01-07 12:02:34",1,"2020-04-24 10:17:46"
1142,11,"Foodbank Angus",info@angus.foodbank.org.uk,"01307 466841","Angus foodbank HQ & Distribution Centre","43 Craig O Loch Road",,Forfar,,"DD8 1BZ",http://angus.foodbank.org.uk,,,,,,,0,,,1,,,1,,,1,,,1,,,1,,,1,,,1,,,,56.64320720,-2.89549250,0,b7d8cbfdd062ccaf2497a52a8d96417c,0,31,"2020-01-07 12:16:13",1,"2020-04-24 10:17:46"
1143,1,"Homerswood Reclaim Yard",info@homerswoodreclaim.co.uk,"07729 709 892","Homerswood Yard","South of Crossway","Welwyn Garden City",,,"AL8 7EE",http://www.homerswoodreclaim.co.uk/,,,,,,,0,,,1,,,1,,,1,,,1,,,1,,,1,,,1,,,,51.81972670,-0.21467560,0,d51bd2394e1e0f53cd856919c5405bff,0,32,"2020-01-07 12:21:16",1,"2020-08-10 12:07:44"
1144,11,"Foodbank Antrim",info@antrim.foodbank.org.uk,"028 9446 9020","Oasis Antrim","10d High Street",,Antrim,,"BT41 4AN",https://northbelfast.foodbank.org.uk/,,,,,,,0,,,1,,,1,,,1,,,1,,,1,,,1,,,1,,,,54.71470590,-6.21849120,0,99996343bd5efecbc21cc00b096fafa7,0,31,"2020-01-07 12:22:17",48,"2020-11-18 10:53:04"
1145,11,"Foodbank Arden",ardenfoodbank@gmail.com,"07733 551 926","Arden Foodbank c/o Globe House","The Priory",,Alcester,,"B49 5DZ",http://arden.foodbank.org.uk,,,,,,,0,,,1,,,1,,,1,,,1,,,1,,,1,,,1,,,,52.21439880,-1.87371470,0,334911c67e334f227d86a74405d9801e,0,31,"2020-01-07 12:24:41",1,"2020-04-24 10:17:46"
1146,1,"JAKEMAN RECLAIM & ROOFING LTD",NA,"07850 252785","Unit 4 The Courtyard",Warkworth,Banbury,Oxon,,"OX17 2AG",N/A,,,,,,,0,,,1,,,1,,,1,,,1,,,1,,,1,,,1,,,,52.06086690,-1.28911640,0,230294ff75416e0dd900ae7bb1d3b21b,0,32,"2020-01-07 12:25:22",1,"2020-08-10 12:07:45"
1147,11,"Foodbank Arfon",info@arfon.foodbank.org.uk,"07482 253754","Canolfan Gwryfai","Lon Cae Ffynnon (Cibyn Industrial Estate)",,"Caernarfon Gwynedd",,"LL55 2BD",http://arfon.foodbank.org.uk,,,,,,,0,,,1,,,1,,,1,,,1,,,1,,,1,,,1,,,,53.13933040,-4.24989690,0,cc49e975122e714c2f6dc1b3a0a43dd3,0,31,"2020-01-07 12:27:42",1,"2020-04-24 10:17:46"
1148,1,"Heritage Reclamation",heritagereclamation@gmail.com,"01442 219936","14 Wood Lane","Paradise Industrial Estate","Hemel Hempstead",,,"HP2 4TL",https://www.heritagereclamation.co.uk/,,,,,,,0,,,1,,,1,,,1,,,1,,,1,,,1,,,1,,,,51.74856560,-0.46855920,0,8d6446395ea37bb2c0edfb852e801532,0,32,"2020-01-07 12:28:09",1,"2020-08-10 12:07:44"
1149,11,"Foodbank Armagh",info@armagh.foodbank.org.uk,07752680805,"Armagh Elim Church,","Drummanmore Road,",,"Armagh,",,"BT61 8RN",http://armagh.foodbank.org.uk/,,,,,,,0,,,1,,,1,,,1,,,1,,,1,,,1,,,1,,,,54.36614590,-6.62701100,0,ad86da7b29e1c6261669a79bef47628c,0,31,"2020-01-07 12:30:40",1,"2020-04-24 10:17:46"
1150,11,"Foodbank Arnold",info@arnold.foodbank.org.uk,"07854 690 694","Daybrook Baptist Church,","Mansfield Road,",,Nottingham,,"NG5 6AA",http://arnold.foodbank.org.uk,,,,,,,0,,,1,,,1,,,1,,,1,,,1,,,1,,,1,,,,52.99597820,-1.13758570,0,aaa53ff1fac0dfdd758113c7ab77bd6d,0,31,"2020-01-07 12:33:22",1,"2020-04-24 10:17:46"
1151,11,"Foodbank Ashby",info@ashbyfoodbank.org.uk,"07542 118 878","Ashby Congregational Church",,"Kilwardby Street","Ashby de la Zouch",,"LE65 2FQ",http://ashby.foodbank.org.uk/,,,,,,,0,,,1,,,1,,,1,,,1,,,1,,,1,,,1,,,,52.74628500,-1.47718480,0,54f5d54c446db4b589dc71caa45812c8,0,31,"2020-01-07 12:36:18",1,"2020-04-24 10:17:46"
1152,11,"Foodbank Aston & Nechells",info@astonnechells.foodbank.org.uk,"0121 359 0801","St matthews church","63 Wardlow Road",Nechells,,Birmingham,"B7 4JH",http://astonnechells.foodbank.org.uk,,,,,,,0,,,1,,,1,,,1,,,1,,,1,,,1,,,1,,,,52.48993640,-1.87599780,0,e46ad31094383c7b73891aeac3e5c5c9,0,31,"2020-01-07 12:38:32",1,"2020-04-24 10:17:46"
1153,11,"Foodbank Atherton & Leigh",info@athertonleigh.foodbank.org.uk,"07980 881925","Atherton Parish Church","St John the Baptist","Market Street",Atherton,Manchester,"M46 0DD",http://athertonleigh.foodbank.org.uk,,,,,,,0,,,1,,,1,,,1,,,1,,,1,,,1,,,1,,,,53.52358900,-2.48967900,0,934dd4c0f28fbb6b54ccb6909eb260dd,0,31,"2020-01-07 12:48:30",1,"2020-04-24 10:17:46"
1154,11,"Foodbank Aylesbury",info@aylesbury.foodbank.org.uk,01296395514,"Postal /Warehouse Address","44 Rabans Close",,Aylesbury,Buckinghamshire,"HP19 8RS",https://aylesbury.foodbank.org.uk,,,,,,,0,,,1,,,1,,,1,,,1,,,1,,,1,,,1,,,,51.82444540,-0.85059130,0,b1669c1e4f4f58f6cb7a94b39964ab74,0,31,"2020-01-07 12:54:49",1,"2020-04-24 10:17:46"
1155,11,"Foodbank Ayrshire",info@cvoea.co.uk,"01563 574000","Ayrshire (East) Foodbank","CVO East Ayrshire Belford Mill",,"16 Brewery Road",Kilmarnock,"KA1 3HZ",http://ayrshireeast.foodbank.org.uk,,,,,,,0,,,1,,,1,,,1,,,1,,,1,,,1,,,1,,,,55.60272570,-4.49283220,0,5a9f87ed3430765319029a4ad7cd7fc3,0,31,"2020-01-07 12:56:59",1,"2020-04-24 10:17:46"
1156,11,"Foodbank B30",info@b30.foodbank.org.uk,"07582 143 972","The Cotteridge Church","24 Pershore Road",,,"South Birmingham","B30 3EJ",http://b30.foodbank.org.uk/,,,,,,,0,,,1,,,1,,,1,,,1,,,1,,,1,,,1,,,,52.41533910,-1.93059700,0,3d462868ee53c64b379ecae7047c2c34,0,31,"2020-01-07 12:58:30",1,"2020-04-24 10:17:46"
1157,11,"Foodbank Ballycastle",info@ballycastle.foodbank.org.uk,02820769555,"Dalriada House","Coleraine Road",Ballycastle,"Northern Ireland",,"BT54 6BA",https://ballycastle.foodbank.org.uk,,,,,,,0,,,1,,,1,,,1,,,1,,,1,,,1,,,1,,,,55.19946880,-6.25847210,0,0555079ffcafc12a6d04731fb0e428e1,0,31,"2020-01-07 13:00:09",1,"2020-04-24 10:17:46"
1158,11,"Foodbank Ballymena",info@ballymena.foodbank.org.uk,"02825 650 123","Dream Centre","Ballee Drive","Ballee Ballymena","Co Antrim",,"BT42 3EX",http://ballymena.foodbank.org.uk/,,,,,,,0,,,1,,,1,,,1,,,1,,,1,,,1,,,1,,,,54.84986240,-6.27199720,0,5dc0864a700d2c2cbbb7dc15401641d1,0,31,"2020-01-07 13:06:47",1,"2020-04-24 10:17:46"
1159,11,"Foodbank Bellymoney",info@ballymoney.foodbank.org.uk,"07565 840571","UNIT 10 41 Ballymena Road",,,BALLYMONEY,,"BT53 7EX",http://ballymoney.foodbank.org.uk/,,,,,,,0,,,1,,,1,,,1,,,1,,,1,,,1,,,1,,,,55.06706320,-6.49531350,0,833c68fc6f1ae17154b42f210c959c3e,0,31,"2020-01-07 13:08:20",1,"2020-04-24 10:17:46"
1160,11,"Foodbank Banbury",info@banbury.foodbank.org.uk,"01295 661304","The People's Church","The Church Centre",Horsefair,Banbury,,"OX16 0AH",http://banbury.foodbank.org.uk,,,,,,,0,,,1,,,1,,,1,,,1,,,1,,,1,,,1,,,,52.06045820,-1.34072070,0,c45cbdde260075f5cb93988895e54f93,0,31,"2020-01-07 13:10:56",1,"2020-04-24 10:17:46"
1161,11,"Barnsley foodbank",manager@barnsley.foodbank.org.uk,"07741 414 810","Unit 14 Aldham Industrial Estate",Wombwell,Barnsley,"South Yorkshire",,"S73 8HA",http://barnsley.foodbank.org.uk/,,,,,,,0,,,1,,,1,,,1,,,1,,,1,,,1,,,1,,,,53.53427630,-1.41247980,0,f6361ef266b5e19dc41ae9bf7d0dd7e6,0,31,"2020-01-07 13:15:46",1,"2020-04-24 10:17:47"
1162,11,"Foodbank Barrow",projectmanager@barrowfoodbank.co.uk,"01229 343436","Abbey Road Baptist Church","Abbey Road (corner of park drive)",,Barrow-in-Furness,,"LA13 9BD",http://barrow.foodbank.org.uk,,,,,,,0,,,1,,,1,,,1,,,1,,,1,,,1,,,1,,,,54.11881000,-3.21958610,0,f415ca062605dcd3bd5adcd19d7bc7d3,0,31,"2020-01-07 13:18:03",1,"2020-04-24 10:17:47"
1163,11,"Foodbank Basildon",info@basildon.foodbank.org.uk,"07424 660 862","Pitsea Leisure Centre,","Northlands Pavement,","Pitsea,","Basildon,","Essex,","SS13 3DU",http://basildon.foodbank.org.uk/,,,,,,,0,,,1,,,1,,,1,,,1,,,1,,,1,,,1,,,,51.56602010,0.50407760,0,76a588fd310ec6f39a77e5307cb088a9,0,31,"2020-01-07 13:20:03",1,"2020-04-24 10:17:47"
1164,11,"Foodbank Basingstoke",info@basingstoke.foodbank.org.uk,"07722 673645","Sarum Hall Trinity Methodist Church",,"Sarum Hill",Basingstoke,,"RG21 8SR",http://basingstoke.foodbank.org.uk,,,,,,,0,,,1,,,1,,,1,,,1,,,1,,,1,,,1,,,,51.26252590,-1.09137590,0,fcb9a6151e2f604c8b68e1d6d860f0ad,0,31,"2020-01-07 13:21:50",1,"2020-04-24 10:17:47"
1165,11,"Foodbank Bath",info@bath.foodbank.org.uk,01225463549,"The Old School House,","St John’s Court,","South Parade,","Bath,",,"BA2 4AF",http://bath.foodbank.org.uk,,,,,,,0,,,1,,,1,,,1,,,1,,,1,,,1,,,1,,,,51.37961680,-2.35579910,0,324f25fb15f49b7437908e4c53ef9fc1,0,31,"2020-01-07 13:24:13",1,"2020-04-24 10:17:47"
1166,11,"Foodbank Bedford",info@bedford.foodbank.org.uk,"01234 268569","71 Murdock Road","Manton Industrial Estate",,Bedford,,"MK41 7PL",http://bedford.foodbank.org.uk,,,,,,,0,,,1,,,1,,,1,,,1,,,1,,,1,,,1,,,,52.15545110,-0.47300410,0,de9aca21b9a8c182294b0b9f9ebd00ab,0,31,"2020-01-07 13:25:40",1,"2020-04-24 10:17:47"
1167,11,"Foodbank Bedworth",info@bedworth.foodbank.org.uk,"07809 203178","Bedworth Baptist Church","28 Coventry Road",,Bedworth,,"CV12 8NN",https://bedworth.foodbank.org.uk,,,,,,,0,,,1,,,1,,,1,,,1,,,1,,,1,,,1,,,,52.47408320,-1.46993290,0,50f93415d46a11d9283724fa3d89f405,0,31,"2020-01-07 13:27:04",1,"2020-04-24 10:17:47"
1168,11,"Foodbank Bestwood",info@bestwoodbulwell.foodbank.org.uk,"0115 9751825","St Philip's Church,","Knights Close,","off Old Farm Road,","Top Valley,","Nottingham,","NG5 9AJ",http://bestwoodbulwell.foodbank.org.uk,,,,,,,0,,,1,,,1,,,1,,,1,,,1,,,1,,,1,,,,53.00541470,-1.16843570,0,e70621fb8d8e7bd860b921e10d41cc80,0,31,"2020-01-07 13:28:55",1,"2020-04-24 10:17:47"
1169,11,"Foodbank Bexhill",info@bexhill.foodbank.org.uk,"07866 570468","19-20 Station Road",Bexhill-on-Sea,,,,"TN40 1RE",https://bexhill.foodbank.org.uk/,,,,,,,0,,,1,,,1,,,1,,,1,,,1,,,1,,,1,,,,50.84117660,0.47410370,0,ab29ed6b5c5e84a0f251637196552570,0,31,"2020-01-07 13:32:08",1,"2020-04-24 10:17:47"
1170,11,"Foodbank Bicester",info@bicester.foodbank.org.uk,"01869 357181","29a Market Square",,,Bicester,,"OX26 6AG",http://bicester.foodbank.org.uk,,,,,,,0,,,1,,,1,,,1,,,1,,,1,,,1,,,1,,,,51.89645180,-1.15116210,0,e390281e3227304bcc29ecd87ba6b96b,0,31,"2020-01-07 13:33:42",1,"2020-04-24 10:17:47"
1171,11,"Foodbank Billingham",info@billinghamstocktonborough.foodbank.org.uk,"07583 575522","4-6 West Precinct","Billingham Town Centre",,Billingham,,"TS23 2NH",https://billinghamstocktonborough.foodbank.org.uk,,,,,,,0,,,1,,,1,,,1,,,1,,,1,,,1,,,1,,,,54.60712870,-1.29478150,0,26f6ea26bda69d2f0db2a9e211c5f7fd,0,31,"2020-01-07 13:35:31",1,"2020-04-24 10:17:47"
1172,11,"Foodbank Birmingham",info@birminghamcentral.foodbank.org.uk,"0121 236 2997","Birmingham City Church",Parade,,,Birmingham,"B1 3QQ",http://birminghamcentral.foodbank.org.uk,,,,,,,0,,,1,,,1,,,1,,,1,,,1,,,1,,,1,,,,52.48205440,-1.91032630,0,c5041eb07821500e95129bd3113797f0,0,31,"2020-01-07 13:39:11",1,"2020-04-24 10:17:47"
1173,11,"Foodbank Blackburn",info@blackburn.foodbank.org.uk,"01254 672756","The Oaks,","Oakenhurst Rd,",,"Blackburn,",,"BB2 1SN",http://blackburn.foodbank.org.uk,,,,,,,0,,,1,,,1,,,1,,,1,,,1,,,1,,,1,,,,53.74682000,-2.49278850,0,d5ba8f79df639aa322160d76226578f5,0,31,"2020-01-07 13:40:45",1,"2020-04-24 10:17:47"
1174,11,"Foodbank Blackwood",info@blackwooddistrict.foodbank.org.uk,"07971 668547","Oasis Christian Centre","Bryn Road",,Blackwood,,"NP12 3LY",http://blackwooddistrict.foodbank.org.uk/,,,,,,,0,,,1,,,1,,,1,,,1,,,1,,,1,,,1,,,,51.66690720,-3.20761780,0,0c722ff8dd83fee68c562782b6ff7f1e,0,31,"2020-01-07 13:48:34",1,"2020-04-24 10:17:47"
1175,11,"Foodbank Blaenau",info@blaenaugwent.foodbank.org.uk,07812425130,"The Christian Centre","Crown Buildings","Off Cemetery Road","Ebbw Vale",,"NP23 6YQ",http://blaenaugwent.foodbank.org.uk/,,,,,,,0,,,1,,,1,,,1,,,1,,,1,,,1,,,1,,,,51.78641940,-3.21137230,0,f58e45f30eca82578618352223311ba6,0,31,"2020-01-07 13:50:52",1,"2020-04-24 10:17:47"
1176,11,"Foodbank BLoxwich",info@bloxwichblakenall.foodbank.org.uk,"07747 301374","Blakenall Village Centre,","Thames Road,","Blakenall,","Walsall,",,"WS3 1LZ",http://bloxwichblakenall.foodbank.org.uk,,,,,,,0,,,1,,,1,,,1,,,1,,,1,,,1,,,1,,,,52.61501320,-1.98679310,0,778e815ead4b88b5ab1ec642375c84d1,0,31,"2020-01-07 13:52:32",1,"2020-04-24 10:17:47"
1177,11,"Foodbank Bognor",bognorfb@hotmail.co.uk,"01243 866952","Bognor Foodbank","Argyle Hall","Argyle Road","Bognor Regis",,"PO21 1DY",http://bognorregis.foodbank.org.uk,,,,,,,0,,,1,,,1,,,1,,,1,,,1,,,1,,,1,,,,50.78345870,-0.67863770,0,c9f8d6ecba7622d85f5fcb72da9b244d,0,31,"2020-01-07 14:04:47",1,"2020-04-24 10:17:47"
1178,11,"Foodbank Borehamwood",info@borehamwood.foodbank.org.uk,"0203 583 1109","St Teresa's Church","291 Shenley Rd,","Borehamwood,","Herts,",,"WD6 1TG",http://borehamwood.foodbank.org.uk/,,,,,,,0,,,1,,,1,,,1,,,1,,,1,,,1,,,1,,,,51.66023400,-0.26881220,0,af989d4d93b2b766ba1333b679ac509f,0,31,"2020-01-07 14:40:03",1,"2020-04-24 10:17:47"
1179,11,"Foodbank Boston",info@boston.foodbank.org.uk,"01205 310929","St Christopher's Church Centre,","Fenside Road,","Boston,","Lincolnshire,",,"PE21 8HY",http://boston.foodbank.org.uk/,,,,,,,0,,,1,,,1,,,1,,,1,,,1,,,1,,,1,,,,52.98310870,-0.04214520,0,09acae5c3d08c38b5857649abaf3091d,0,31,"2020-01-07 14:41:35",1,"2020-04-24 10:17:47"
1180,11,"Foodbank Bournemouth",admin@bournemouth.foodbank.org.uk,"01202 394505","Bournemouth Foodbank Office (by appointment only)","118 Haviland Rd",,,Bournemouth,"BH7 6HW",https://bournemouth.foodbank.org.uk/,,,,,,,0,,,1,,,1,,,1,,,1,,,1,,,1,,,1,,,,50.72797210,-1.83676150,0,aef2d1f647c5ff59d8272aa09f8f3bb4,0,31,"2020-01-07 14:43:18",1,"2020-04-24 10:17:47"
1181,11,"Foodbank Bracknell",foodbank@kerith.co.uk,"01344 862699","Kerith Community Church",,"Church Road,",Bracknell,,"RG12 1EH",http://bracknell.foodbank.org.uk,,,,,,,0,,,1,,,1,,,1,,,1,,,1,,,1,,,1,,,,51.41464550,-0.74629050,0,897501dccbf5ea3527083a1a7431c987,0,31,"2020-01-07 14:44:58",1,"2020-04-24 10:17:48"
1182,11,"Foodbank Bradford",info@bradfordcentral.foodbank.org.uk,"01274 734314","The Light Centre 86 Captain Street",,,"Bradford,",,"BD1 4EL",http://bradfordcentral.foodbank.org.uk,,,,,,,0,,,1,,,1,,,1,,,1,,,1,,,1,,,1,,,,53.79661540,-1.74749690,0,5cb40c5569c8a542e1f46e900b490fbb,0,31,"2020-01-07 14:46:57",1,"2020-04-24 10:17:48"
1183,11,"Foodbank Braintree",info@braintreearea.foodbank.org.uk,"01376 330694","St Andrew's Church Hall","Parsonage Street",,Halstead,Essex,"CO9 2LD",http://braintreearea.foodbank.org.uk/,,,,,,,0,,,1,,,1,,,1,,,1,,,1,,,1,,,1,,,,51.94454560,0.63940900,0,06b87803b7cdb558d8ca097a1f5ee9de,0,31,"2020-01-07 14:48:42",1,"2020-04-24 10:17:48"
1184,11,"Foodbank Brecon",info@brecon.foodbank.org.uk,"01874 611723","St John's Centre","Pendre Close,",,Brecon,,"LD3 9EA",http://brecon.foodbank.org.uk/,,,,,,,0,,,1,,,1,,,1,,,1,,,1,,,1,,,1,,,,51.95338780,-3.39348040,0,b4f142fca282f85e3251840873d18196,0,31,"2020-01-07 14:50:31",1,"2020-04-24 10:17:48"
1185,11,"Foodbank Bridgend",info@bridgend.foodbank.org.uk,"01656 858713","79A Nolton Street,","Bridgend,",,"Pen-y-bont ar Ogwr,",,"CF31 3AA",http://bridgend.foodbank.org.uk,,,,,,,0,,,1,,,1,,,1,,,1,,,1,,,1,,,1,,,,51.50389420,-3.57673750,0,fda2a2b32ac6d720b61938ed2f58b141,0,31,"2020-01-07 14:52:07",1,"2020-04-24 10:17:48"
1186,11,"Foodbank Bridgwater",info@bridgwater.foodbank.org.uk,01278434636,"Mount Street Day Centre","Mount Street",,Bridgwater,,"TA6 3ER",http://bridgwater.foodbank.org.uk/,,,,,,,0,,,1,,,1,,,1,,,1,,,1,,,1,,,1,,,,51.12894820,-3.00745110,0,0d07b5d8f50f6fbdf530615ccdc44972,0,31,"2020-01-07 14:54:13",1,"2020-04-24 10:17:48"
1187,11,"Foodbank Bristol",office@bristolnwfoodbank.org.uk,"0117 923 5343","Bristol North West Foodbank Social Justice Hub","St Andrew’s Church","Avonmouth Road Avonmouth",,Bristol,"BS11 9EN",http://bristolnorthwestfoodbank.org.uk/,,,,,,,0,,,1,,,1,,,1,,,1,,,1,,,1,,,1,,,,51.50062740,-2.69879130,0,8a98ece924498040f6dec9782abb815f,0,31,"2020-01-07 14:56:07",1,"2020-04-24 10:17:48"
1188,11,"Foodbank Broxbourne",,"07943 986261","Warehouse 18 Fairways","New River Trading Estate",,Cheshunt,Herts,"EN8 0NJ",http://broxbourne.foodbank.org.uk,,,,,,,0,,,1,,,1,,,1,,,1,,,1,,,1,,,1,,,,51.71949650,-0.03712500,0,2ed1ae9ffb19db80e0673ccdba8e666f,0,31,"2020-01-07 14:58:07",1,"2020-04-24 10:17:48"
1189,11,"Foodbank Buckfastleigh",info@buckfastleigh.foodbank.org.uk,"01364 644875","St Luke's Church","Plymouth Road",,Buckfastleigh,,"TQ11 0DA",http://buckfastleigh.foodbank.org.uk/,,,,,,,0,,,1,,,1,,,1,,,1,,,1,,,1,,,1,,,,50.48099460,-3.77862810,0,baa872df919ba8c1c39c2d95acf29d07,0,31,"2020-01-07 15:00:25",1,"2020-04-24 10:17:48"
1190,11,"Foodbank Burnage",info@burnage.foodbank.org.uk,"07796 448 205","St Bernard's Parish Rooms St Bernard's Church",,"Burnage Lane",,Manchester,"M19 1DR",http://burnage.foodbank.org.uk/,,,,,,,0,,,1,,,1,,,1,,,1,,,1,,,1,,,1,,,,53.42943040,-2.20188260,0,808a22c5986bdc9f51effa83c789dbd5,0,31,"2020-01-07 15:02:14",1,"2020-04-24 10:17:48"
1191,1,"Stanley brothers",info@stanleybros.co.uk,01254887030,"Unit 1, Spring Court,","Great Harwood",Blackburn,Lancashire,,"BB6 7WL",sptippers.co.uk,,,,,,,0,,,0,,,0,,,0,,,0,,,0,,,0,,,0,,,,53.78390650,-2.39599450,1,3766411ec12565e6c41b0eea8689be08,0,31,"2020-01-08 13:32:10",1,"2020-08-10 12:07:54"
1192,1,"British Glass",webqueries@britglass.co.uk,01142901850,"british glass Manufacturers Confederation","9 Churchill way",Chapeltown,Sheffeild,"South yorkshire","S35 2PY",www.britglass.org.uk,,,,,,,0,,,0,,,0,,,0,,,0,,,0,,,0,,,0,,,,53.47539720,-1.47415980,1,400b2eb6e2821631f7c5f532ebcdf307,0,31,"2020-01-08 16:28:21",1,"2020-08-10 12:07:38"
1193,1,"Lathem Skip Hire",carly@lathemkiphire.co.uk,"0208 778 9008","Lathem House","Kangly Bridge Road",Sydenham,,London,"SE26 5BA",lathemskips.co.uk,,,,,,,0,"portal/encore/UserFiles/SysDocs/bb_encore_suppliers/10000/1193/LOL Waste Carriers Licence 12.11.21.pdf","2021-11-12 00:00:00",0,"portal/encore/UserFiles/SysDocs/bb_encore_suppliers/10000/1193/Lathams Recycling Centre Ltd EA Permit 09.01.2022.pdf","2022-01-09 00:00:00",0,,,1,,,1,,,1,,,1,"portal/encore/UserFiles/SysDocs/bb_encore_suppliers/10000/1193/Liability Insurance 14.07.20.pdf","2021-07-14 00:00:00",0,,,,51.42693400,-0.03408660,0,1636930a7e9ba22a3545d191ee4840eb,0,20,"2020-01-09 09:27:08",1,"2020-08-10 12:07:47"
1195,11,"Secure Childrens unit Vinney green",VinneyGreenSecureUnit@southglos.gov.uk,01179702286,"Emersons Gree Lane","Emersons Green",,"South Gloucestershire",,"BS16 7AA",www.securechildrenshomes.org.uk/vinney-green-secure-unit,,,,,,,0,,,1,,,1,,,1,,,1,,,1,,,1,,,1,,,,51.48649420,-2.48270910,0,5f4527da9a19b9ad71d11f2496052d53,0,31,"2020-01-09 11:30:13",1,"2020-04-24 10:17:48"
1196,11,"secure childrens home Swanwick Lodge",swanwick.lodge@hants.gov.uk,01489581913,"Swanwick lodge","off Swanwick Lane",Swanwick,,Southampton,"SO31 7HD",www.securechildrenshome.ouk.uk/swanwick-lodge,,,,,,,0,,,1,,,1,,,1,,,1,,,1,,,1,,,1,,,,50.88219410,-1.28217500,0,535658bfa7eb2edc457fc25bd6461289,0,31,"2020-01-09 11:32:55",1,"2020-04-24 10:17:48"
1197,11,"Secure childrens centre St catherines",mhigggins@nugentcare.org,01744240040,"St catherines secure centre","Blackbrook Road",Blackbook,"St Helens",Merseyside,"WA11 9RJ",www.securechildrenshomes.org.uk/newhome,,,,,,,0,,,1,,,1,,,1,,,1,,,1,,,1,,,1,,,,53.46508870,-2.70409620,0,385258dabbb6e027f72dbe331ab37b92,0,31,"2020-01-09 11:35:35",1,"2020-04-24 10:17:48"
1198,11,"secure childrens unit lincolnshire",isuinfo@lincolnshire.gov.uk,01529414300,"Lincolnshire Secure Unit","Rookery avenue",Sleaford,Lincolnshire,,"NG34 7TY",www.securechildrenshomes.org.uk/lincolnshire-secure-unit,,,,,,,0,,,1,,,1,,,1,,,1,,,1,,,1,,,1,,,,52.99461310,-0.42340360,0,e990c18bd37d52e1777e0ec9cf3c80ca,0,31,"2020-01-09 11:39:22",1,"2020-04-24 10:17:49"
1199,11,"secure childrens unit Lansdowne",nigel.hewitt@eastsussex.gov.uk,01323466270,"Landsdowne Secure Unit","Hawks Road",Hailsham,"East sussex",,"BN27 1NP",www.securechildrenshomes.org.uk/lansdowne-secure-unit,,,,,,,0,,,1,,,1,,,1,,,1,,,1,,,1,,,1,,,,50.87446370,0.25415930,0,13e1828899cf73125c17a29965e3ac0d,0,31,"2020-01-09 11:42:10",1,"2020-04-24 10:17:49"
1200,11,"Secure childrens unit Kyloe",Julie.tinkler@northumberland.gov.uk,01670785900,"Kyloe House Secure Childrens home","Netherton Park",Stannington,morpeth,Northumberland,"NE61 6DE",www.securechildrenshomes.org.uk/kyloe-house,,,,,,,0,,,1,,,1,,,1,,,1,,,1,,,1,,,1,,,,55.12015120,-1.65576630,0,f51da326b3eb5a0ed62662d21c0cb1ae,0,31,"2020-01-09 11:45:27",1,"2020-04-24 10:17:49"
1201,11,"Secure childrens unit Clayfields",placements.clayfields@nottscc.cjsm.net,01159170010,"Clayfields house","18-20 Moorbridge Lane",Stapleford,Nottingham,,"NG9 8GU",www.securechildrenshomes.org.uk/clayfields-house,,,,,,,0,,,1,,,1,,,1,,,1,,,1,,,1,,,1,,,,52.94124650,-1.27399900,0,7e746d1855a43c21103a9a06fdf6ceea,0,31,"2020-01-09 12:13:45",1,"2020-04-24 10:17:49"
1202,11,"Secure childrens unit Hillside",hillside@npt.gov.uk,01639641648,"Hillside secure centre",burnside,Neath,"South wales",,"SA11 1UL",www.securechildrenshomes.org.uk/hillside,,,,,,,0,,,1,,,1,,,1,,,1,,,1,,,1,,,1,,,,51.65380750,-3.80207320,0,27bfce429e8fb35808557941ac590efb,0,31,"2020-01-09 12:15:56",1,"2020-04-24 10:17:49"
1203,11,"Secure childrens unit Clare lodge",Jeannette.Winson@clarelodge.co.uk,01733253246,"Clare lodge secure Childrens home","8 Lincoln Road",Peterborough,,,"PE6 7JR",www.securechildrenshomes.org.uk/clarelodge,,,,,,,0,,,1,,,1,,,1,,,1,,,1,,,1,,,1,,,,52.63743990,-0.29725380,0,baca9ed6bb8b849b0d2bf474bc455f93,0,31,"2020-01-09 12:21:19",1,"2020-04-24 10:17:49"
1204,11,"Secure children unit Beechfield",paul.tierney@westsussex.gov.uk,01342712309,"beechfield Secure Unit","Effingham road",Copthorne,"West sussex",,"RH10 3HZ",www.securechildrenshomes.org.uk,,,,,,,0,,,1,,,1,,,1,,,1,,,1,,,1,,,1,,,,51.15130740,-0.10214450,0,e48b5943d103f68d3637ef7217cab8c1,0,31,"2020-01-09 12:30:42",1,"2020-04-24 10:17:49"
1205,11,"Secure childrens unit Barton Moss",Linda.james@salford.gov.uk,01616865900,"Barton Moss secure care centre","Barton Moss Road","Chat Moss",Eccles,Manchester,"M30 7RL",www.securechildrenshomes.org.uk,,,,,,,0,,,1,,,1,,,1,,,1,,,1,,,1,,,1,,,,53.46854240,-2.39938260,0,45d5853008edea576399a01f132ce53d,0,31,"2020-01-09 12:35:47",1,"2020-04-24 10:17:49"
1206,11,"Secure childrens unit Aycliffe",ASCReferrals@durham.gov.uk,03000263000,"Aycliffe Secure Centre",Copelaw,"Newton Aycliffe","County durham",,"DL5 6JB",http://www.durham.gov.uk/aycliffesecurecentre,,,,,,,0,,,1,,,1,,,1,,,1,,,1,,,1,,,1,,,,54.62305430,-1.55178120,0,8773dae56055c138bb32f904705e9b8a,0,31,"2020-01-09 12:44:06",1,"2020-04-24 10:17:49"
1207,11,"Secure childrens unit Atkinson",grpatkinsonunitlasch-mailbox@devon.gov.uk,01392457999,"Atkinson secure childrens home","Atkinson close","Beacon Lane",Exeter,Deven,"EX4 8NA",https://www.atkinsondevon.org/,,,,,,,0,,,1,,,1,,,1,,,1,,,1,,,1,,,1,,,,50.73563100,-3.49693200,0,c1a224917be5f98ee3b03d4be81b1483,0,31,"2020-01-09 12:48:56",1,"2020-04-24 10:17:49"
1208,11,"Secure Childrens unit Aldine",aldine.house@sheffield.gov.uk,01142621160,"Aldine House Secure Childrens centre","75 Limb Lane",Dore,Sheffield,,"S17 3ES",www.securechildrenshomes.org.uk,,,,,,,0,,,1,,,1,,,1,,,1,,,1,,,1,,,1,,,,53.33625030,-1.53357990,0,5d50b9a6fdc754fd48dfb87dac307743,0,31,"2020-01-09 12:52:10",1,"2020-04-24 10:17:49"
1209,11,"Secure childrens home Adel Beck",adel.beck.sch.administration@leeds.gov.uk,"0333 000 0405","Adel Beck Secure childrens home","East Moor Lane",Adel,,Leeds,"LS16 8EB",www.securechildrenshomes.org.uk/east-moor,,,,,,,0,,,1,,,1,,,1,,,1,,,1,,,1,,,1,,,,53.85317580,-1.57227920,0,19e85b9c25e5b27082fb52abb504854f,0,31,"2020-01-09 12:56:04",1,"2020-04-24 10:17:49"
1210,11,"Foodbank Burngreave",info@burngreave.foodbank.org.uk,"07542 888671","191-199 Spital Hill",Sheffield,,,,"S4 7LF",https://burngreave.foodbank.org.uk,,,,,,,0,,,1,,,1,,,1,,,1,,,1,,,1,,,1,,,,53.39090910,-1.45903310,0,1cbcf18f73b7f9db530d2c1dde585f23,0,31,"2020-01-09 12:59:00",1,"2020-04-24 10:17:49"
1211,11,"Foodbank Caerphilly",info@caerphilly.foodbank.org.uk,"02920 868151","connect life church","crescent Road",,,,"CF83 1AB",https://caerphilly.foodbank.org.uk,,,,,,,0,,,1,,,1,,,1,,,1,,,1,,,1,,,1,,,,51.57570230,-3.22435590,0,c25127e4ca86ecd855d9ce03839d17d1,0,31,"2020-01-09 13:04:40",1,"2020-04-24 10:17:49"
1212,11,"Foodbank Callington",callingtonfoodbank@gmail.com,07931011459,"1 Launceston Rd,",,,Callington,,"PL17 7BS",https://callington.foodbank.org.uk,,,,,,,0,,,1,,,1,,,1,,,1,,,1,,,1,,,1,,,,50.50546340,-4.31437440,0,241188cc142d3fd6b285e2f6d0705df3,0,31,"2020-01-09 13:08:23",1,"2020-04-24 10:17:49"
1213,11,"Foodbank Cambridge city",info@ccfb.org.uk,"07772 538628","2 Orwell House",,"Orwell Furlong",Cambridge,,"CB4 0PP",https://cambridgecity.foodbank.org.uk,,,,,,,0,,,1,,,1,,,1,,,1,,,1,,,1,,,1,,,,52.23129390,0.15407420,0,7499ad6640973172e75701d45d4ff3a1,0,31,"2020-01-09 13:10:14",1,"2020-04-24 10:17:49"
1214,11,"Foodbank Cannock",info@cannockdistrict.foodbank.org.uk,"(01543) 422394","Pye Green Christian Centre,","521 Pye Green Road,","Hednesford,",Cannock,Staffordshire,"WS12 4LP",https://cannockdistrict.foodbank.org.uk,,,,,,,0,,,1,,,1,,,1,,,1,,,1,,,1,,,1,,,,52.71853790,-2.02152230,0,aa7ee445e8c4dc51e2982990bbe1138f,0,31,"2020-01-09 13:12:28",1,"2020-04-24 10:17:49"
1215,11,"Foodbank Cardiff",info@cardiff.foodbank.org.uk,"02920 484 120","Unit N5","Cardiff Bay Business Centre",,"Titan Road",Cardiff,"CF24 5EJ",https://cardiff.foodbank.org.uk/,,,,,,,0,,,1,,,1,,,1,,,1,,,1,,,1,,,1,,,,51.47743890,-3.15467660,0,2a2f86b10c16c1c99afd02b09e250398,0,31,"2020-01-09 13:14:17",48,"2020-11-18 10:57:41"
1216,11,"Foodbank Cardigan",info@cardigan.foodbank.org.uk,"01239 615864 or 07949127307","New Life Christian Centre,","Quay Street,","Cardigan,","Ceredigion,",,"SA43 1HU.",caridgan@foodbank.org.uk,,,,,,,0,,,1,,,1,,,1,,,1,,,1,,,1,,,1,,,,,,0,b016cf1872cfee49a911cc9021d072d9,0,31,"2020-01-09 13:50:12",1,"2020-04-24 10:17:49"
1217,11,"Foodbank Carmarthen",carmarthenfoodbank@towychurch.co.uk,"01267 232101","Xcel Project (behind Xcel Bowl) Llansteffan Road",,Johnstown,Carmarthen,,"SA31 3BP",http://carmarthen.foodbank.org.uk/,,,,,,,0,,,1,,,1,,,1,,,1,,,1,,,1,,,1,,,,51.84910710,-4.31972780,0,76ba993533c590d9d42bb417d4f941c7,0,31,"2020-01-09 13:52:19",1,"2020-04-24 10:17:49"
1218,11,"Foodback Carrickfergus",info@carrickfergus.foodbank.org.uk,"02893 438475","75 Woodburn Road,","Carrickfergus,",,"Co Antrim,",,"BT38 8PS",http://carrickfergus.foodbank.org.uk/,,,,,,,0,,,1,,,1,,,1,,,1,,,1,,,1,,,1,,,,54.72252170,-5.83666760,0,f4573dca04077162f6cc18222c0a4ef9,0,31,"2020-01-09 13:54:44",1,"2020-04-24 10:17:49"
1219,11,"Foodbank Caterham",info@caterham.foodbank.org.uk,"07523 983122","4 Beechwood Road",,Caterham,Surrey,,"CR3 6NA",Catherhamfoodbank.org.uk,,,,,,,0,,,1,,,1,,,1,,,1,,,1,,,1,,,1,,,,51.28852480,-0.07623600,0,b1ac5d2e5997a6f2d9092a4ba2716786,0,31,"2020-01-09 13:56:39",1,"2020-04-24 10:17:50"
1220,11,"Foodbank Causeway",info@causeway.foodbank.org.uk,"028 7022 0005","Vineyard Compassion,","Hope Centre 10 Hillmans Way,","Ballycastle Road,","Coleraine,","Londonderry,","BT25 2ED",http://causeway.foodbank.org.uk/,,,,,,,0,,,1,,,1,,,1,,,1,,,1,,,1,,,1,,,,54.36710220,-6.02038620,0,b839c073712a15da39234c5d73cec926,0,31,"2020-01-09 13:58:53",1,"2020-04-24 10:17:50"
1221,11,"Foodbank Cheadle and District",pm@cheadledistrict.foodbank.org.uk,"07902 835158","Guild Hall,",,"Tape street,","Cheadle,",,"ST10 1BG",http://cheadledistrict.foodbank.org.uk/,,,,,,,0,,,1,,,1,,,1,,,1,,,1,,,1,,,1,,,,52.98753970,-1.98628930,0,ebcfb28ba78617cbeb75a83612c2f3df,0,31,"2020-01-09 14:00:38",1,"2020-04-24 10:17:50"
1222,11,"Foodbank Cheddar valley",info@cheddarvalley.foodbank.org.uk,"07922 309369 or 07922 308254","Cheddar Valley Foodbank Cheddar Valley Community Church The Oasis",,Tweentown,Cheddar,,"BS27 3JB",cheddarvalleyfoodbank.org.uk,,,,,,,0,,,1,,,1,,,1,,,1,,,1,,,1,,,1,,,,51.27901360,-2.77762080,0,9ec7bf5b928008247713c89090d5ad1a,0,31,"2020-01-09 14:03:43",1,"2020-04-24 10:17:50"
1223,11,"Foodbank Chelmsford",info@chelmsford.foodbank.org.uk,"07512 574542","PO Box 9174",,,Chelmsford,,"CM1 9AE",Chelmsfordfoodbank.org,,,,,,,0,,,1,,,1,,,1,,,1,,,1,,,1,,,1,,,,51.73721310,0.47599070,0,a511811037604afe8e389b7c7050f448,0,31,"2020-01-09 14:05:32",1,"2020-04-24 10:17:50"
1224,11,"Foodbank Cheltenham",foodbank@cheltenhamelim.org,"01242 570080","lim Christian Centre","115-117 St George's Road",,"Cheltenham Glos.",,"GL50 3EG",Cheltenhamfoodbank.org,,,,,,,0,,,1,,,1,,,1,,,1,,,1,,,1,,,1,,,,51.90135800,-2.08779470,0,074bf91e32296b2abf68510b2469a472,0,31,"2020-01-09 14:07:46",1,"2020-04-24 10:17:50"
1225,11,"Foodbank Chepstow",info@chepstow.foodbank.org.uk,07931911869,"Chepstow foodbank c/o The Bridge Church Unit","1a Critchcraft Buildings","Bulwark Industrial Estate",Chepstow,,"NP16 5QZ",http://chepstow.foodbank.org.uk,,,,,,,0,,,1,,,1,,,1,,,1,,,1,,,1,,,1,,,,51.63235830,-2.67175030,0,ead6a0a7889f6e17cd1936b5966e12d9,0,31,"2020-01-09 14:09:43",1,"2020-04-24 10:17:50"
1226,11,"Foodbank Chesterfield",info@chesterfield.foodbank.org.uk,"07984 589456","Unit 3","Carrwood Road Industrial Estate","Carrwood Road",Chesterfield,,"S41 9QB",http://chesterfield.foodbank.org.uk/,,,,,,,0,,,1,,,1,,,1,,,1,,,1,,,1,,,1,,,,53.27478930,-1.46140770,0,1be942ab352746ec12606f70bdbb92d9,0,31,"2020-01-09 14:11:28",1,"2020-04-24 10:17:50"
1227,11,"Foodbank Chichester",info@chichester.foodbank.org.uk,"01243 773687","St John's Hall","St John's Street",,Chichester,,"PO19 1UR",http://chichesterdistrict.foodbank.org.uk,,,,,,,0,,,1,,,1,,,1,,,1,,,1,,,1,,,1,,,,50.83542770,-0.77462740,0,a4aec3de6af7e62f3d3b552102f64ed9,0,31,"2020-01-09 14:14:37",1,"2020-04-24 10:17:50"
1228,11,"Foodbank Chiltern",dave@chiltern.foodbank.org.uk,"01494 775668","71 Broadway Chesham",,,Bucks,,"HP5 1BX",http://chiltern.foodbank.org.uk,,,,,,,0,,,1,,,1,,,1,,,1,,,1,,,1,,,1,,,,51.70613360,-0.61180680,0,a223858f980012ee4f976e4f96db145d,0,31,"2020-01-09 14:16:03",1,"2020-04-24 10:17:50"
1229,11,"Warrington Road Care home",enquiries@ambitocare.co.uk,01514233621,"102-108 Warrington Road",,,Widnes,,"WA8 OAS",salutemhelathcareltd.com,,,,,,,0,,,0,,,0,,,0,,,0,,,0,,,0,,,0,,,,,,1,e4fa897397c5cebe669621d2d08c6576,0,31,"2020-01-09 14:26:40",1,"2020-04-24 10:17:50"
1230,11,"Care home Grange road",info@voyagecare.com,01213829026,"109 Grange Road",Erdington,,,Birmingham,"B24 0ES",www.voyagecare.com,,,,,,,0,,,0,,,0,,,0,,,0,,,0,,,0,,,0,,,,52.52743470,-1.81812920,1,677703cf274ab33a9ef44a6ab116162a,0,31,"2020-01-09 14:34:00",1,"2020-04-24 10:17:50"
1231,11,"Care home Trittiford Road",norah.flanagan@accordgroup.org.uk,01212222629,"23 Trittiford Road",,"Yardley Wood","West Midlands",Birmingham,"B13 0ES",https://accordgroup.org.uk/,,,,,,,0,,,0,,,0,,,0,,,0,,,0,,,0,,,0,,,,52.42565510,-1.86879600,1,648a5bcf6ac8af8d0e4a9bb99d0f5eeb,0,31,"2020-01-09 14:40:16",48,"2020-11-18 11:41:15"
1232,11,"Care home Rugeley Road",info@voyagecare.com,01543686460,"235 Rugeley Road","Chase Terrace",Bruntwood,Staffordshire,,"WS7 1NS",Voyagecare.com,,,,,,,0,,,0,,,0,,,0,,,0,,,0,,,0,,,0,,,,52.68989950,-1.93397810,1,7858ca1747a47627c16b2be24d0e7117,0,31,"2020-01-09 14:44:52",1,"2020-04-24 10:17:50"
1233,11,"Care Home ST Marks",info@voyagecare.com,01332294066,"24 St Marks Road",Chaddesden,Derby,,Derbyshire,"DE21 6AH",www.voyagecare.com,,,,,,,0,,,1,,,1,,,1,,,1,,,1,,,1,,,1,,,,52.92664270,-1.45800270,0,ef2eec9856b25ff1beb4f763b3b7ca2d,0,31,"2020-01-09 14:50:19",1,"2020-04-24 10:17:50"
1234,11,"Care home 26 St Marks",info@voyagecare.com,01332294466,"26 St Marks Road",Chaddesden,Derby,Derbyshire,,"DE21 6AH",https://www.voyagecare.com/,,,,,,,0,,,0,,,0,,,0,,,0,,,0,,,0,,,0,,,,52.92664270,-1.45800270,1,ff04b1db15c2e08cb899c1b1eb6dc8b5,0,31,"2020-01-09 14:54:11",48,"2020-11-18 11:43:42"
1235,11,"Care Home Packington Avenue",info@clhcarehomes.co.uk,"0121 749 3739","CLH Care Homes Ltd","306 308 Packington Avenue","Shard End","West Midlands",Birmingham,"B34 7RT",clhcarehomes.co.uk,,,,,,,0,,,1,,,1,,,1,,,1,,,1,,,1,,,1,,,,52.49620180,-1.76651460,0,32587d0b9fcd9feacc94f5d0eb20064a,0,31,"2020-01-09 14:58:21",1,"2020-04-24 10:17:50"
1236,11,"Care home Burton Road",info@voyagecare.com,01283512766,"50 Burton Road",Branston,"Burton on trent",Staffordshire,,"DE14 3DN",www.voyagecare.com,,,,,,,0,,,0,,,0,,,0,,,0,,,0,,,0,,,0,,,,52.78886010,-1.64960830,1,29782f26858916a3fab24e2ff452a0b8,0,31,"2020-01-09 15:00:22",1,"2020-04-24 10:17:50"
1237,11,"Care home Burton Road 703",info@voyagecare.com,01283216301,"703 Burton road",Midway,Swadlincote,Derby,,"DE11 0DL",www.voyagecare.com,,,,,,,0,,,0,,,0,,,0,,,0,,,0,,,0,,,0,,,,52.79366980,-1.55346270,1,3f4f322eb6dbbb5e47b378c1bb4f73d3,0,31,"2020-01-09 15:03:27",1,"2020-04-24 10:17:50"
1238,11,"Foodbank Cirencester",info@cirencester.foodbank.org.uk,"07506 174373","Cirencester Ashcroft Church","Ashcroft Road",,Cirencester,,"Gl7 1RA",cirensterfoodbank.org,,,,,,,0,,,1,,,1,,,1,,,1,,,1,,,1,,,1,,,,51.71526140,-1.96774480,0,5f0c6780982f6905ab6f25263f8bfc92,0,31,"2020-01-09 15:11:26",1,"2020-04-24 10:17:50"
1239,11,"Foodbank Clacton",tracy.cooke@salvationarmy.org.uk,"01255 431760","The Salvation Army Community Centre","103 Old Road",,"Clacton-on-Sea Essex",,"CO15 1HN",clacton.foodbank.org,,,,,,,0,,,1,,,1,,,1,,,1,,,1,,,1,,,1,,,,51.79205610,1.14827310,0,bdfccc21ff66b83449a0bdbc8bdeb5d5,0,31,"2020-01-09 15:13:20",1,"2020-04-24 10:17:50"
1240,11,"Foodbank Clay Cross",info@claycross.foodbank.org.uk,"07899 878398","Community of Christ","Thanet Street",,"CLAY CROSS",,"S45 9JS",claycross.foodbank.org,,,,,,,0,,,1,,,1,,,1,,,1,,,1,,,1,,,1,,,,53.16340740,-1.41369940,0,cdcf27ef9665ee3f1f03bed072ef2538,0,31,"2020-01-09 15:15:43",1,"2020-04-24 10:17:51"
1241,11,"Foodbank Clevedon",info@clevedondistrict.foodbank.org.uk,"07722 769529","Unit 1 Neads Court","Knowles Road",,Clevedon,,"BS21 7XS",clevedondistrict.foodbank.org,,,,,,,0,,,1,,,1,,,1,,,1,,,1,,,1,,,1,,,,51.43397450,-2.86359800,0,db94b2a5e713c0d524f21b96a65f9af3,0,31,"2020-01-09 15:18:21",1,"2020-04-24 10:17:51"
1242,11,"Foodbank Clifton",info@cliftonng11.foodbank.org.uk,"Hope Centre","Southchurch Drive",,Clifton,,Nottingham,"NG11 8AQ",http://cliftonng11.foodbank.org.uk,,,,,,,0,,,1,,,1,,,1,,,1,,,1,,,1,,,1,,,,52.91078750,-1.17034420,0,b516b73660e02d89cc5a4e52624f9de1,0,31,"2020-01-09 15:27:39",1,"2020-04-24 10:17:51"
1243,11,"Foodbank Clyde, Avon",info@clydeavonnethan.foodbank.org.uk,"07591 104027","Trinity Cottage,","96 Union Street,",,"Larkhall,",,"ML9 1EF",http://clydeavonnethan.foodbank.org.uk/,,,,,,,0,,,1,,,1,,,1,,,1,,,1,,,1,,,1,,,,55.73790460,-3.97310320,0,7f8821a32821dd66a1c14c11df7b22bc,0,31,"2020-01-09 15:30:08",1,"2020-04-24 10:17:51"
1244,11,"Foodbank Coalville",info@coalville.foodbank.org.uk,"01530 838355","ew Life Church","Margaret Street",,Coalville,Leics,"LE67 3LY",http://coalville.foodbank.org.uk,,,,,,,0,,,1,,,1,,,1,,,1,,,1,,,1,,,1,,,,52.72433090,-1.37649410,0,4e284f10f99f0225957b3bd641860306,0,31,"2020-01-09 15:32:33",1,"2020-04-24 10:17:51"
1245,11,"Foodbank Cobham",manager@cobhamarea.foodbank.org.uk,"01932 450282","c/o Parish Office Church","Gate House Downside","Bridge Road",Cobham,,"KT11 3EJ",https://cobhamarea.foodbank.org.uk/,,,,,,,0,,,1,,,1,,,1,,,1,,,1,,,1,,,1,,,,51.32467550,-0.41024360,0,edda04edd8445d12fe65b118c1d8c524,0,31,"2020-01-09 15:43:22",1,"2020-04-24 10:17:51"
1246,11,"Foodbank Colchester",info@colchester.foodbank.org.uk,"01206 621998","33 Moorside Business Park","(off East Hill, past Rollerworld onto the Moorside Estate)",Moorside,Colchester,,"CO1 2ZF",http://colchester.foodbank.org.uk/,,,,,,,0,,,1,,,1,,,1,,,1,,,1,,,1,,,1,,,,51.88866940,0.91761550,0,dfc4f2c833fdfa0151ee029a7be5bdfb,0,31,"2020-01-09 15:45:06",1,"2020-04-24 10:17:51"
1247,11,"Foodbank Collier row",info@collierrowromford.foodbank.org.uk,"07548 674958","The Wykeham Centre and Church House","Market Place",,,Romford,"RM1 3AB",http://collierrowromford.foodbank.org.uk,,,,,,,0,,,1,,,1,,,1,,,1,,,1,,,1,,,1,,,,51.58006060,0.18230470,0,b8cd6c450e2d8033fbc8b2916ed2a977,0,31,"2020-01-09 15:46:47",1,"2020-04-24 10:17:51"
1248,11,"Foodbank corby",info@corby.foodbank.org.uk,07414191434,"St Peter’s and St Andrew’s Church","Beanfield Ave",,Corby,,"NN18 0EH",http://corby.foodbank.org.uk,,,,,,,0,,,1,,,1,,,1,,,1,,,1,,,1,,,1,,,,52.48616720,-0.72089900,0,60303d8e825f14fe8bdb9b1d9af7abca,0,31,"2020-01-09 15:48:22",1,"2020-04-24 10:17:51"
1249,11,"Foodbank Coventry",info@coventry.foodbank.org.uk,"02476 993770","Coventry Foodbank Progress Way","West Midlands",,"COVENTRY,",,"CV3 2NT",http://coventry.foodbank.org.uk/,,,,,,,0,,,1,,,1,,,1,,,1,,,1,,,1,,,1,,,,52.39420610,-1.43805140,0,7ba8e1364667253c7db4c7eefd033949,0,31,"2020-01-09 15:49:46",1,"2020-04-24 10:17:51"
1250,11,"Foodbank Craigavon",info@craigavonfoodbank.com,"0845 2000136","nit 5 Carn Business Park","Carn Industrial Estate","19 Carn Road,","Craigavon Armagh",,"BT63 5WG",http://craigavonarea.foodbank.org.uk,,,,,,,0,,,1,,,1,,,1,,,1,,,1,,,1,,,1,,,,54.45392930,-6.41326420,0,364b15afd52aafb786edac1bebae5fb0,0,31,"2020-01-09 15:51:34",1,"2020-04-24 10:17:51"
1251,11,"Foodbank cramlington",info@cramlington.foodbank.org.uk,,"Hope Centre","Forum Way",,Cramlington,,"NE23 6SJ",https://cramlington.foodbank.org.uk,,,,,,,0,,,1,,,1,,,1,,,1,,,1,,,1,,,1,,,,55.08448100,-1.59151580,0,1d55abacd44a89d663ba2f8975e6e85d,0,31,"2020-01-09 15:53:06",1,"2020-04-24 10:17:51"
1252,11,"Foodbank Cromer",info@cromerdistrict.foodbank.org.uk,"07826 376343","Cromer Methodist Church Hall","Corner of West St and Hall Road",,CROMER,,"NR27 9DT",http://cromerdistrict.foodbank.org.uk/,,,,,,,0,,,1,,,1,,,1,,,1,,,1,,,1,,,1,,,,52.92995380,1.29483510,0,523f4f4ee1cda3ad2db4c826ce35b5a4,0,31,"2020-01-09 15:54:53",1,"2020-04-24 10:17:51"
1253,11,"Foodbank Crowthorne",info@crowthorne.foodbank.org.uk,"01344 780087","Vineyard Church Centre","25 Wellington Business Park","Duke's Ride",Crowthorne,,"RG45 6LS",http://crowthorne.foodbank.org.uk/,,,,,,,0,,,1,,,1,,,1,,,1,,,1,,,1,,,1,,,,51.36629600,-0.81725980,0,29691952709f540e31a735daeb363b6c,0,31,"2020-01-09 16:11:08",1,"2020-04-24 10:17:51"
1254,11,"Foodbank Cumbernauld",info@cumbernauld.foodbank.org.uk,07365808810,"Freedom City Church,","6 St Mungo’s Road,",,"Cumbernauld,",,"G67 1QR",https://cumbernauld.foodbank.org.uk,,,,,,,0,,,1,,,1,,,1,,,1,,,1,,,1,,,1,,,,55.94633400,-3.99241730,0,cfa01f63d688b9b20b0353b0f49c50bd,0,31,"2020-01-09 16:17:55",1,"2020-04-24 10:17:51"
1255,11,"Foodbank Cupar",info@cupar.foodbank.org.uk,07474453153,"21 St Catherine Street","Cupar Fife",,,,"KY15 4TA",http://cupar.foodbank.org.uk/,,,,,,,0,,,1,,,1,,,1,,,1,,,1,,,1,,,1,,,,56.31946160,-3.00920890,0,550d33ccf06f826b47dc3433831ddb4f,0,31,"2020-01-09 16:20:08",1,"2020-04-24 10:17:51"
1256,11,"Foodbank Dacorum",office@dacorumfoodbank.org.uk,"01442 250969","The Hub Paradise Depot Paradise","Hemel Hempstead",,Herts.,,"HP2 4TF",http://www.dacorum.foodbank.org.uk,,,,,,,0,,,1,,,1,,,1,,,1,,,1,,,1,,,1,,,,51.74939050,-0.46838650,0,32b5fb028f33ff6133c25b3683c1049b,0,31,"2020-01-09 16:21:33",1,"2020-04-24 10:17:51"
1257,11,"Foodbank Dagenham",info@dagenham.foodbank.org.uk,"020 8595 0122 OR 07983431070","RCCG House Of Faith Connections.","The BEACON 104 New Road,",,Dagenham.,Essex.,"RM9 6PE.",http://dagenham.foodbank.org.uk,,,,,,,0,,,1,,,1,,,1,,,1,,,1,,,1,,,1,,,,,,0,8a53885d35b91aa87f67b576096a4013,0,31,"2020-01-09 16:23:04",1,"2020-04-24 10:17:51"
1258,11,"Foodbank Deepings",info@deepings.foodbank.org.uk,"07516 717346","The Deepings School","Park Rd Deeping St James",,Lincolnshire,,"PE6 8NF",http://deepings.foodbank.org.uk/,,,,,,,0,,,1,,,1,,,1,,,1,,,1,,,1,,,1,,,,52.67401590,-0.29783970,0,bbe48902c3de77bbcd5bb2ffadd96fdf,0,31,"2020-01-09 16:24:32",1,"2020-04-24 10:17:51"
1259,11,"Foodbank Doncaster",info@doncaster.foodbank.org.uk,"07568 247 288","Christ Church,","Thorne Road,",,"Doncaster,",,"DN1 2HG",http://doncaster.foodbank.org.uk/,,,,,,,0,,,1,,,1,,,1,,,1,,,1,,,1,,,1,,,,53.52347610,-1.12756920,0,506477c7dc8ca41df299b0e7bce51687,0,31,"2020-01-09 16:26:07",1,"2020-04-24 10:17:51"
1260,11,"Foodbank Dorking",info@dorkingarea.foodbank.org.uk,07494226743,"The Christian Centre","church street",,Dorking,,"RH4 1DW",http://dorkingarea.foodbank.org.uk/,,,,,,,0,,,1,,,1,,,1,,,1,,,1,,,1,,,1,,,,51.23268760,-0.33346910,0,291f347ab536096311e84d45381e62de,0,31,"2020-01-09 16:28:28",1,"2020-04-24 10:17:51"
1261,11,"Foodbank Dover",info@dover.foodbank.org.uk,"07870 361 180","c/o Dover Baptist Church,","27-32 Maison Dieu Road,",,"Dover,","Kent,","CT16 1RF",http://dover.foodbank.org.uk/,,,,,,,0,,,1,,,1,,,1,,,1,,,1,,,1,,,1,,,,51.12982740,1.30971610,0,e23cd4ea5fb41153a7bb4bd38ab85b06,0,31,"2020-01-09 16:34:29",1,"2020-04-24 10:17:52"
1262,11,"Foodbank Droitwich",info@droitwichspa.foodbank.org.uk,"07532 130604","Droitwich Baptist Church","Ombersley Street East",,,,"WR9 8QS",http://droitwichspa.foodbank.org.uk/,,,,,,,0,,,1,,,1,,,1,,,1,,,1,,,1,,,1,,,,52.26745980,-2.15243290,0,447e7b794bdeaf0e50a5b78808b45679,0,31,"2020-01-09 16:37:01",1,"2020-04-24 10:17:52"
1263,11,"Foodbank Dumfriesshire",info@dumfriesshire.foodbank.org.uk,"01387 256310","Apex Scotland","77-79 Friars Vennel",,,Dumfries,"DG1 2RF",http://dumfriesshire.foodbank.org.uk/,,,,,,,0,,,1,,,1,,,1,,,1,,,1,,,1,,,1,,,,55.06969230,-3.61302510,0,cbf39b63850d4ef99bd6644d69de615d,0,31,"2020-01-09 16:40:23",1,"2020-04-24 10:17:52"
1264,11,"Foodbank Dundonald",info@dundonald.foodbank.org.uk,"02895 435310 Mob 07514 213900","971 Upper Newtownards Road,","Dundonald,",,,"Belfast,","BT16 1RL.",http://dundonald.foodbank.org.uk/,,,,,,,0,,,1,,,1,,,1,,,1,,,1,,,1,,,1,,,,,,0,31f30b1b5e0421efc23098246592a36a,0,31,"2020-01-09 16:42:17",1,"2020-04-24 10:17:52"
1265,11,"Lavender group homes",info@lavendergrouphomes.com,01536356847,"Lucerne House Childrens centre","135 polwell lane","barton seagrave",Northamptonshire,,"NN15 6TE",www.lavendergrouphomes.com,,,,,,,0,,,1,,,1,,,1,,,1,,,1,,,1,,,1,,,,52.37510440,-0.69462210,0,1d549c9ca167f4b0b8166daed9a08c7c,0,31,"2020-01-09 16:48:28",1,"2020-04-24 10:17:52"
1266,11,"Lavender group homes Rushden",Lataya.house@lavendergrouphomes.com,"01933 311526","86 Wymington Road",Rushden,Northants,,,"NN10 9LA",www.lavendergrouphomes.com,,,,,,,0,,,1,,,1,,,1,,,1,,,1,,,1,,,1,,,,52.27969530,-0.60005420,0,d44f967be10fb2c1c1e662e9111a18d5,0,31,"2020-01-09 16:52:57",1,"2020-04-24 10:17:52"
1267,11,"Birmingham communiy centre Wydle green",judith.fox@birmingham.gov.uk,01214646910,"wydle Green centre","Wydle Green Hall","Emscote Drive","Sutton Coldfield",Birmingham,"B73 5NE",www.birmingham.gov.uk,,,,,,,0,,,0,,,0,,,0,,,0,,,0,,,0,,,0,,,,52.53761360,-1.82865280,1,4838caac55ed99609a5aff507d282e19,0,31,"2020-01-10 14:46:27",1,"2020-04-24 10:17:52"
1268,11,"Birmingham Community Centre Walmley",julie.wilson@birmingham.gov.uk,01214646910,"Walmley Centre","Crawford Road",Walmley,,Birmingham,"B76 1NP",www.birmingham.gov.uk,,,,,,,0,,,0,,,0,,,0,,,0,,,0,,,0,,,0,,,,52.54104060,-1.80089470,1,2b3d573b1b9ec16d9348b870240cc716,0,31,"2020-01-10 14:48:55",1,"2020-04-24 10:17:52"
1269,11,"Birmingham Community Centre Summerfield",reception@edcf.org.uk,01213030863,"Summerfield community centre","Winson Green Road","Winson Green",,Birmingham,"B18 4EJ",www.birmingham.gov.uk,,,,,,,0,,,0,,,0,,,0,,,0,,,0,,,0,,,0,,,,52.48657600,-1.93981220,1,b38a59ce75010e1685ac67c4403e2982,0,31,"2020-01-10 14:53:01",1,"2020-04-24 10:17:52"
1270,11,"Northampton Mind",Paul.marshall@northamptonmind.org.uk,"01604 634310","Northampton & District Mind","6, 7 Regents Street",,,Northampton,"NN1 2NQ",https://www.northamptonmind.org.uk/,,,,,,,0,,,1,,,1,,,1,,,1,,,1,,,1,,,1,,,,52.24218400,-0.89784760,0,816c5c33980eb27778a7f4046321d185,0,32,"2020-01-13 09:22:46",48,"2020-11-18 11:45:11"
1271,11,"Birmingham Community Centre Sparkbrook",,01213039108,"Sparkbrook Community Centre","34 Grantham Road",Sparkbrook,,Birmingham,"B11 1LU",www.birmigham.gov.uk,,,,,,,0,,,0,,,0,,,0,,,0,,,0,,,0,,,0,,,,52.46276560,-1.87110670,1,f60580f24d1ad1eab45edf9d284e34b1,0,31,"2020-01-13 14:20:14",1,"2020-04-24 10:17:52"
1272,11,"Birmingham Community Centre Sheldon",chris.wilson@birmingham.gov.uk,01217435662,"Sheldon Community Centre","Sheldon Heath Road",Sheldon,,Birmingham,"B26 2RZ",www.birmingham.gov.uk,,,,,,,0,,,0,,,0,,,0,,,0,,,0,,,0,,,0,,,,52.46767920,-1.77922860,1,09b684377f9346e4a6dccf3aedb3576e,0,31,"2020-01-13 14:23:07",1,"2020-04-24 10:17:52"
1273,11,"Birmingham Communiuty Centre Oddingley hall",office@swbca.org.uk,07920088501,"Oddingley Hall","18 Oddingley Road","Kings Norton",,Birmingham,"B31 3BS",www.birmingham.gov.uk,,,,,,,0,,,0,,,0,,,0,,,0,,,0,,,0,,,0,,,,52.40484340,-1.95129650,1,bbd1d787239c3959adbbb7db08fd72a2,0,31,"2020-01-13 14:33:50",1,"2020-04-24 10:17:52"
1274,11,"Birmingham Community Centre Mere Green",julie.wilson@birmingham.gov.uk,01214646910,"Mere Green Community Centre","30a Mere Green Road","Four Oaks","Sutton Coldfield",Birmingham,"B75 5BT",www.birmingham.gov.uk,,,,,,,0,,,0,,,0,,,0,,,0,,,0,,,0,,,0,,,,52.58738920,-1.82523490,1,f81304f38d7e77ec3ba0575f4d98e7ee,0,31,"2020-01-13 14:36:17",1,"2020-04-24 10:17:52"
1275,11,"Birmingham Community Centre Ladywood",,"0121 464 8626","Ladywood health and community Centre","204-206 st vicent Street West",Ladywood,,Birmingham,"B16 8RP",www.birmingham.gov.uk,,,,,,,0,,,0,,,0,,,0,,,0,,,0,,,0,,,0,,,,52.47742480,-1.92350280,1,51a4a351c75e9fb1f15a4a6d80f10ac1,0,31,"2020-01-13 14:39:30",1,"2020-04-24 10:17:52"
1276,11,"Birmingham Comunity Centre Kings Heath",kings_heath_cc@birmingham.gov.uk,01214646717,"Kings Heath Community Centre","8 Heatyhfield Road","Kings Heath",,Birmingham,"B14 7DB",https://www.enjoykingsheath.com/,,,,,,,0,,,0,,,0,,,0,,,0,,,0,,,0,,,0,,,,52.43431510,-1.88982590,1,743b84693fe52ccd1c9071896762d4bd,0,31,"2020-01-13 14:44:42",48,"2020-11-18 11:49:04"
1277,11,"Birmingham Community Centre Friends institue",pachacontactus@gmail.com,01214404873,"220 Moseley Road",Sparkbrook,,,Birmingham,"B12 0DG",,,,,,,,0,,,0,,,0,,,0,,,0,,,0,,,0,,,0,,,,52.46541160,-1.88289630,1,156ea054489e2677356e4c6880ac47be,0,31,"2020-01-13 14:47:09",1,"2020-04-24 10:17:52"
1278,11,"Foodbank Dunfermline",info@dunfermline.foodbank.org.uk,"07580 231286","Liberty Centre,","Pitreavie Way","Pitreavie Buisness Park",Dumferline,Fife,"KY11 8QS",http://dunfermline.foodbank.org.uk,,,,,,,0,,,1,,,1,,,1,,,1,,,1,,,1,,,1,,,,56.05566610,-3.44270080,0,8fdb4cf414728464580020dbed6bdc49,0,31,"2020-01-14 12:05:26",1,"2020-04-24 10:17:52"
1279,11,"Foodbank Dunstable",info@dunstablefoodbank.org.uk,"07874 200056","New Life Church Dunstable","80a Houghton Road",Dunstable,,Bedfordshire,"LU5 5AD",http://dunstable.foodbank.org.uk,,,,,,,0,,,1,,,1,,,1,,,1,,,1,,,1,,,1,,,,51.89550620,-0.53035500,0,b147a3ee0be6a88a6d9659d3b443b0e1,0,31,"2020-01-14 12:07:42",1,"2020-04-24 10:17:52"
1280,1,"RMS Skip Hire",michael@rmssouthlondon.co.uk;info@rmssouthlondon.co.uk,"0208 131 0044","7-10 Penhill Road",Charlton,,,London,"SE7 8RX",rmsskips.com,Tom,info@rmssouthlondon.co.uk,,,,,0,,,0,,,0,,,0,,,0,,,0,,,0,,,0,,,,51.49102370,0.03700540,1,daf004023678c0cc9ad86b9e19f3378f,0,20,"2020-01-15 09:56:59",1,"2020-08-10 12:07:52"
1281,1,"GSE Skips Recycling LTD",info@gseskips.com,"020 7737 8039","35-37 Herne Place","Herne Hill",,,London,"SE24 0EN",gseskips.com,George,,,,,,0,"portal/encore/UserFiles/SysDocs/bb_encore_suppliers/10000/1281/Waste Carriers License  2021.pdf","2020-10-15 00:00:00",0,,,1,,,1,,,1,,,1,,,1,"portal/encore/UserFiles/SysDocs/bb_encore_suppliers/10000/1281/GSE Skips public liability May 2020_.pdf","2020-05-05 00:00:00",0,,,,51.45470390,-0.10454200,1,3c8fd75cffe0fdf15ba3f9dd3e2ccf69,0,20,"2020-01-15 10:03:42",1,"2020-08-10 12:07:43"
1282,11,"Foodbank East Grinstead",info@eastgrinstead.foodbank.org.uk,"07983 209940","Jubilee Community Centre,","Charlwoods Road,","East Grinstead,","West Sussex,",,"RH19 2HL",http://eastgrinstead.foodbank.org.uk,,,,,,,0,,,1,,,1,,,1,,,1,,,1,,,1,,,1,,,,51.13395640,-0.01401410,0,8e427fb6985f005384dc1d83c04401da,0,31,"2020-01-15 13:21:29",1,"2020-04-24 10:17:53"
1283,11,"Foodbank East Lothian",info@eastlothian.foodbank.org.uk,"07516 510617","3 Civic Square,","Tranent,",,"East Lothian,",,"EH33 1LH",http://eastlothian.foodbank.org.uk/,,,,,,,0,,,1,,,1,,,1,,,1,,,1,,,1,,,1,,,,55.94447160,-2.95397510,0,4898eb64b15d2214d3985fcb4d2269d0,0,31,"2020-01-15 13:30:37",1,"2020-04-24 10:17:53"
1284,11,"Foodbank East Yorkshire",info@eastyorkshire.foodbank.org.uk,"07842 753728","87 Mill Lane,","Beverley,",,"East Riding of Yorkshire",,"HU17 9DH",http://eastyorkshire.foodbank.org.uk/,,,,,,,0,,,1,,,1,,,1,,,1,,,1,,,1,,,1,,,,53.84555990,-0.42428480,0,ec9a85028794c3d733cd54ebff98de04,0,31,"2020-01-15 13:33:14",1,"2020-04-24 10:17:53"
1285,11,"Foodbank Eastbourne",info@eastbourne.foodbank.org.uk,"01323 409925","Eastbourne Foodbank","Unit 3 55 Brampton Road",,Eastbourne,,"BN22 9AF",http://eastbourne.foodbank.org.uk,,,,,,,0,,,1,,,1,,,1,,,1,,,1,,,1,,,1,,,,50.79231390,0.28269610,0,78d38eaeef36c295d25d86ed0c3d063b,0,31,"2020-01-15 13:35:26",1,"2020-04-24 10:17:53"
1286,11,"Foodbank Eastern Valley",info@easternvalley.foodbank.org.uk,"01495 760605","Hope Centre,","Unit 5 Pavillion Industrial Estate,","Pontnewynydd,",Pontypool,,"NP4 6NF",http://easternvalley.foodbank.org.uk,,,,,,,0,,,1,,,1,,,1,,,1,,,1,,,1,,,1,,,,51.71029340,-3.05153780,0,f2b3c1d80c386c25bffba2a0ba962c23,0,31,"2020-01-15 13:37:23",1,"2020-04-24 10:17:53"
1287,11,"Foodbank Edingburgh",info@edinburghnw.foodbank.org.uk,"0131 444 0030","Unit 12 New Lairdship Yards",,,,EDINBURGH,"EH11 3U",http://edinburghnw.foodbank.org.uk/,,,,,,,0,,,1,,,1,,,1,,,1,,,1,,,1,,,1,,,,,,0,61149c13d2a6456747409bb690e1388c,0,31,"2020-01-15 13:40:41",1,"2020-04-24 10:17:53"
1288,11,"Foodbank Edingburgh East",info@edinburghnw.foodbank.org.uk,"0131 444 0030","Edinburgh Food Project Warehouse & Office (no food distribution)","Unit 12 New Lairdship Yards",,,EDINBURGH,"EH11 3UY",https://edinburghnw.foodbank.org.uk/,,,,,,,0,,,1,,,1,,,1,,,1,,,1,,,1,,,1,,,,55.92675940,-3.28255990,0,c6be18bcc4603cc8eea46746bd25e370,0,31,"2020-01-15 13:42:18",1,"2020-04-24 10:17:53"
1289,11,"Foodbank Edinburgh NE",info@edinburghne.foodbank.org.uk,"0131 554 2578","South Leith Parish Church Halls,","6 Henderson Street,",,,"Edinburgh,","EH6 6BS",http://edinburghne.foodbank.org.uk/,,,,,,,0,,,1,,,1,,,1,,,1,,,1,,,1,,,1,,,,55.97179650,-3.17269260,0,2aa645babaf1d3db1b978511190bc28a,0,31,"2020-01-15 13:50:12",1,"2020-04-24 10:17:53"
1290,11,"Foodbank Ely",info@elyfoodbank.org.uk,"01353 468626","c/o 10 Chapel Street,","Ely,","Cambs,",,,"CB6 1AD",http://elyfoodbank.org.uk,,,,,,,0,,,1,,,1,,,1,,,1,,,1,,,1,,,1,,,,52.40081260,0.26123390,0,4683f3643457cf7d1781706ee5902463,0,31,"2020-01-15 13:52:29",1,"2020-04-24 10:17:53"
1291,11,"Foodbank Enniskillen",info@enniskillen.foodbank.org.uk,07512548849,"The Lakes Vineyard Church","6–8 Cross Street",Enniskillen,,,"BT74 7DX",http://enniskillen.foodbank.org.uk/,,,,,,,0,,,1,,,1,,,1,,,1,,,1,,,1,,,1,,,,54.34592760,-7.63752620,0,d2c501d5266621e69c9d286032fe6948,0,31,"2020-01-15 13:54:35",1,"2020-04-24 10:17:53"
1292,12,"City Healthcare Direct",info@cityhealthcare.co.uk,"0115 9760 760","5 stamford Court","Casterton Road Industrial Estate",,,Nottingham,"NG5 5LZ",www.cityhealthcare.co.uk,"Katie Simpson",,,,,,0,portal/encore/UserFiles/SysDocs/bb_encore_suppliers/10000/1292/WasteCarrierRegistrationCertificate-CBDU127334.pdf,"2022-10-30 00:00:00",0,,,1,,,1,,,1,,,1,,,1,"portal/encore/UserFiles/SysDocs/bb_encore_suppliers/10000/1292/CERTIFICATE OF INSURANCE 2021.pdf","2021-02-05 00:00:00",0,,,,53.00455430,-1.15336520,0,b22bdf47fefc3303884a17a1ab73db34,0,32,"2020-01-15 15:04:18",1,"2020-04-24 10:17:53"
1293,11,"Foodbank Epping Forest",info@eppingforest.foodbank.org.uk,"020 8787 7149 | 07402 032 313","Epping Forest Foodbank Unit-D8",Loughton,"Langston Road",Loughton,Essex,"IG10 3TQ",http://eppingforest.foodbank.org.uk/,,,,,,,0,,,1,,,1,,,1,,,1,,,1,,,1,,,1,,,,51.64421150,0.08883370,0,399e99cd5c58a820bd26b1c6eb06d1c5,0,31,"2020-01-15 15:06:03",1,"2020-04-24 10:17:53"
1294,11,"Foodbank Epsom",foodbank@generation.org.uk,"0208 786 8221","Generation Resource Centre","Ruxley Lane",,Ewell,Surrey,"KT19 0JG",http://epsomewell.foodbank.org.uk,,,,,,,0,,,1,,,1,,,1,,,1,,,1,,,1,,,1,,,,51.36391240,-0.26963970,0,b4c9eaa7bdf00782b340119fee567998,0,31,"2020-01-15 15:08:04",1,"2020-04-24 10:17:53"
1295,11,"Foodbank Erdington",info@erdington.foodbank.org.uk,"07474 683 927","Erdington Six Ways Baptist Church,","Wood End Road,",,"Erdington,",Birmingham,"B24 8AD",https://erdington.foodbank.org.uk/,,,,,,,0,,,1,,,1,,,1,,,1,,,1,,,1,,,1,,,,52.52038830,-1.84248680,0,4ea6cd2e9695827024ebf32364b340ff,0,31,"2020-01-15 15:10:50",1,"2020-04-24 10:17:53"
1296,11,"Foodbank Exeter",info@exeterfoodbank.org.uk,"07818 226 524","The Mint Methodist Church","Fore Street",,,EXETER,"EX4 3AT",http://exeterfoodbank.org.uk,,,,,,,0,,,1,,,1,,,1,,,1,,,1,,,1,,,1,,,,50.72158860,-3.53433300,0,85d6d24bb45ea4f8a7012596a8428d33,0,31,"2020-01-15 15:12:38",1,"2020-04-24 10:17:53"
1297,11,"Foodbank Falkirk",info@falkirk.foodbank.org.uk,"07809 340919","Unit 1 Tamfourhill Industrial Estate","Tamfourhill Avenue",Falkirk,,,"FK1 4RT",http://falkirk.foodbank.org.uk,,,,,,,0,,,1,,,1,,,1,,,1,,,1,,,1,,,1,,,,55.99891780,-3.82409740,0,201fac669e94c29fa453c3600db71ff5,0,31,"2020-01-15 15:14:25",1,"2020-04-24 10:17:53"
1298,11,"Foodbank Fallowfield & Withington",info@fallowfieldwithington.foodbank.org.uk,"07411 077654","c/o Union Chapel,","2b Wellington Road,","Fallowfield,",,"Manchester,","M14 6EQ",http://fallowfieldwithington.foodbank.org.uk/,,,,,,,0,,,1,,,1,,,1,,,1,,,1,,,1,,,1,,,,53.44204130,-2.22318320,0,ddc60fd1843abfd2d8807d0f09a6588a,0,31,"2020-01-15 15:16:47",1,"2020-04-24 10:17:53"
1299,11,"Foodbank Farnborough",info@farnborough.foodbank.org.uk,"01252 331668","Farnborough FoodBank,","Browning Barracks,","Alisons Road,","Aldershot,",,"GU11 2BU",http://farnborough.foodbank.org.uk,,,,,,,0,,,1,,,1,,,1,,,1,,,1,,,1,,,1,,,,51.26169010,-0.76195770,0,71f721fe47d556f266f2cc89a258432b,0,31,"2020-01-15 15:18:25",1,"2020-04-24 10:17:53"
1300,11,"Foodbank Farnham",info@farnham.foodbank.org.uk,"079015 81539","The Vineyard Centre,","Church House, Union Road,","Farnham,","Surrey,",,"GU9 7PT",http://farnham.foodbank.org.uk,,,,,,,0,,,1,,,1,,,1,,,1,,,1,,,1,,,1,,,,51.21361370,-0.79649140,0,2afd243164b6a8c9aeec7b9b505de7c2,0,31,"2020-01-15 15:20:17",1,"2020-04-24 10:17:53"
1301,11,"Foodbank Farnworth & Kearsley",info@farnworthkearsley.foodbank.org.uk,"01204 861671","The Well,","Trafford Street,",,Farnworth,,"BL4 7PQ",http://farnworthkearsley.foodbank.org.uk,,,,,,,0,,,1,,,1,,,1,,,1,,,1,,,1,,,1,,,,53.55165530,-2.39449900,0,ca863cec5f18f49917746b1e1c21d550,0,31,"2020-01-15 15:23:02",1,"2020-04-24 10:17:54"
1302,11,"Foodbank Faversham",info@faversham.foodbank.org.uk,"07938 720 604","The Gospel Mission Church,","Tanners Street,","Faversham,",,"Kent,","ME13 7JL",http://faversham.foodbank.org.uk/,,,,,,,0,,,1,,,1,,,1,,,1,,,1,,,1,,,1,,,,51.31599670,0.88506130,0,112a44a9cc1fe53395c7d65f6e7a6e23,0,31,"2020-01-15 15:25:26",1,"2020-04-24 10:17:54"
1303,11,"Foodbank Flintshire",,"01352 757235","Flintshire Foodbank","Headquarters Former Library HQ","Raikes Lane",Mold,,"CH7 6NW",http://flintshire.foodbank.org.uk,,,,,,,0,,,1,,,1,,,1,,,1,,,1,,,1,,,1,,,,53.17783510,-3.13743900,0,ca2a297588103e1e86d6359476a68e8f,0,31,"2020-01-15 15:34:04",1,"2020-04-24 10:17:54"
1304,11,"Foodbank Fosse",info@fosse.foodbank.org.uk,"07964 412010","St Peter's Church","Warwick Road",Kineton,Warwick.,,"CV35 0HN",http://fosse.foodbank.org.uk,,,,,,,0,,,1,,,1,,,1,,,1,,,1,,,1,,,1,,,,52.15734050,-1.51234660,0,537bcd4e17ec201bf7bd799f6aeab456,0,31,"2020-01-15 15:36:05",1,"2020-04-24 10:17:54"
1305,11,"Foodbank Foyle",foylefoodbank@gmail.com,"028 71 263699","Unit 15 Apex Living Centre","Springtown Industrial","Est Derry City",,Londonderry,"BT48 0LY",https://foyle.foodbank.org.uk,,,,,,,0,,,1,,,1,,,1,,,1,,,1,,,1,,,1,,,,55.01665710,-7.33190420,0,fa0aa1fe0e74c85046c7a1ba14e5fac6,0,31,"2020-01-15 15:38:00",1,"2020-04-24 10:17:54"
1306,11,"Foodbank Fylde",info@fylde.foodbank.org.uk,"01253 727455","he Annex United Reformed Church","St George's Road","Lytham St Anne's",Lancashire,,"FY8 2AE",http://fylde.foodbank.org.uk/,,,,,,,0,,,1,,,1,,,1,,,1,,,1,,,1,,,1,,,,53.75248990,-3.03160850,0,3d8b2afaca0fd1b71cbce195fb60ad96,0,31,"2020-01-15 15:42:39",1,"2020-04-24 10:17:54"
1307,11,"Foodbank Gateshead",info@gatesheadfoodbank.org,"07496 840 720","Gateshead Foodbank","99 Southend Road",Gateshead,"Tyne & Wear",,"NE9 6XS",http://gateshead.foodbank.org.uk,,,,,,,0,,,1,,,1,,,1,,,1,,,1,,,1,,,1,,,,54.93380390,-1.58769470,0,0121f7dca28fc0087ebdae5faf5a6794,0,31,"2020-01-15 15:44:28",1,"2020-04-24 10:17:54"
1308,11,"British Red Cross- Acocks Green Shop",acocksgreenshop@redcross.org.uk,"01217 065588","Shop 12","1160 Warwick Road","Acocks green",,Birmingham,"B27 6QS",https://www.redcross.org.uk/,,,,,,,0,,,1,,,1,,,1,,,1,,,1,,,1,,,1,,,,52.44797070,-1.82627330,0,d3d7fca10e223469654a8442bf5b70f8,0,32,"2020-01-15 16:02:05",1,"2020-04-24 10:17:54"
1309,11,"British Red Cross- Kings Heath Shop",kingsheathshop@redcross.org.uk,"01214 432833","2a Addison Road","Kings heath",,,Birmingham,"B14 7EW",https://www.redcross.org.uk/,,,,,,,0,,,1,,,1,,,1,,,1,,,1,,,1,,,1,,,,52.43097520,-1.89038420,0,70b2dc854feecb6143954553800e98da,0,32,"2020-01-15 16:03:27",1,"2020-04-24 10:17:54"
1310,11,"British Red Cross- Handsworth Shop",handsworthshop@redcross.org.uk,"01215 511546","190 Soho Road",Handsworth,,,Birmingham,"B21 9LR",https://www.redcross.org.uk/,,,,,,,0,,,1,,,1,,,1,,,1,,,1,,,1,,,1,,,,52.50356560,-1.93557860,0,04a5920420b3b30f90b5e43993c55a99,0,32,"2020-01-15 16:05:12",1,"2020-04-24 10:17:54"
1311,11,"British Red Cross- Newton Shop",newtonbirminghamshop@redcross.org.uk,"01213 593080","Unit 17","Newton Shopping Centre",Newton,,Birmingham,"B19 2SB",https://www.redcross.org.uk/,,,,,,,0,,,1,,,1,,,1,,,1,,,1,,,1,,,1,,,,52.49822920,-1.89582860,0,c9c72664ff5b2c9ed32314f6bfc98d69,0,32,"2020-01-15 16:06:23",1,"2020-04-24 10:17:54"
1312,11,"British Red Cross- Kettering Shop",ketteringshop@redcross.org.uk,"01536 412727","60 Gold Street",Kettering,,,Northamptonshire,"NN16 8JB",https://www.redcross.org.uk/,,,,,,,0,,,1,,,1,,,1,,,1,,,1,,,1,,,1,,,,52.40056680,-0.72661350,0,d50b6792a6152c486494fdd1d2c20ced,0,32,"2020-01-15 16:07:49",1,"2020-04-24 10:17:54"
1313,11,"British Red Cross- Stony Stratford Shop",stonystratfordshop@redcross.org.uk,"01908 260398","38 High Street","Stony Stratford",,,Buckinghamshire,"MK11 1AF",https://www.redcross.org.uk/,,,,,,,0,,,1,,,1,,,1,,,1,,,1,,,1,,,1,,,,52.05646610,-0.85172850,0,53f62818233741c874ac41fe935bec21,0,32,"2020-01-15 16:10:45",1,"2020-04-24 10:17:54"
1314,11,"British Red Cross- Daventry Shop",daventryshop@redcross.org.uk,"01327 871724","84 High Street",Daventry,,,Northamptonshire,"NN11 4HU",https://www.redcross.org.uk/,,,,,,,0,,,1,,,1,,,1,,,1,,,1,,,1,,,1,,,,52.25814400,-1.16297580,0,0ad417dd33a82e1fe1b4dd95ea844ee5,0,32,"2020-01-15 16:11:57",1,"2020-04-24 10:17:54"
1315,11,"Foodbank Gillingham",info@gillingham.foodbank.org.uk,"07895 148094","The Old Library","6 Station Road",,,GILLINGHAM,"SP8 4PY",http://gillingham.foodbank.org.uk,,,,,,,0,,,1,,,1,,,1,,,1,,,1,,,1,,,1,,,,51.03609630,-2.27301230,0,574d176703032c49d9452e2dfdb65813,0,31,"2020-01-15 16:13:08",1,"2020-04-24 10:17:54"
1316,11,"British Red Cross- Wellingborough Shop",wellingboroughshop@redcross.org.uk,"01933 226445","25 Silver Street",Wellingborough,,,Northamptonshire,"NN8 1AY",https://www.redcross.org.uk/,,,,,,,0,,,1,,,1,,,1,,,1,,,1,,,1,,,1,,,,52.30152830,-0.69440540,0,56ad6142594ad0b93c1e7f5836a64e22,0,32,"2020-01-15 16:13:45",1,"2020-04-24 10:17:54"
1317,11,"British Red Cross- Duston Shop",NA,"01604 589561","10 Limehurst Square",Duston,,,Northamptonshire,"NN5 6LP",https://www.redcross.org.uk/,,,,,,,0,,,1,,,1,,,1,,,1,,,1,,,1,,,1,,,,52.25112940,-0.94337850,0,0a3e9fa46cfd2be702ab2caefdae84ae,0,32,"2020-01-15 16:14:55",1,"2020-04-24 10:17:54"
1318,11,"Foodbank Gleadless Valley",info@gleadlessvalley.foodbank.org.uk,01142530315,"Gleadless Valley Methodist Church,","Blackstock Road,",,,"Sheffield,","S14 1FT",http://gleadlessvalley.foodbank.org.uk,,,,,,,0,,,1,,,1,,,1,,,1,,,1,,,1,,,1,,,,53.34356180,-1.44755780,0,5ddf44ef956a74976b2c99c1d9ddcf05,0,31,"2020-01-15 16:15:20",1,"2020-04-24 10:17:54"
1319,11,"British Red Cross- Kingsley Shop",NA,"01604 792865","24 Kingsley Park Terrance","Kingsley park Terrance",,,Northampton,"NN2 7HG",https://www.redcross.org.uk/,,,,,,,0,,,1,,,1,,,1,,,1,,,1,,,1,,,1,,,,52.25187770,-0.87852430,0,d8519ca9ea6c1e1299a9363ef3f130c0,0,32,"2020-01-15 16:16:10",1,"2020-04-24 10:17:54"
1320,11,"British Red Cross- Northampton Shop",northamptonshop@redcross.org.uk,"01604 239763","30 Gold Street",,,,Northampton,"NN1 1RS",https://www.redcross.org.uk/,,,,,,,0,,,1,,,1,,,1,,,1,,,1,,,1,,,1,,,,52.23685730,-0.89959040,0,e4ffa7c39d3275daacad31b9f2e3cbb5,0,32,"2020-01-15 16:17:19",1,"2020-04-24 10:17:54"
1321,11,"Foodbank Glenrothes",info@glenrothes.foodbank.org.uk,"01592 631088","Caledonia House","Pentland Park","Saltire Centre",Glenrothes,Fife,"KY6 2AL",http://glenrothes.foodbank.org.uk/,,,,,,,0,,,1,,,1,,,1,,,1,,,1,,,1,,,1,,,,56.18886840,-3.18166640,0,e7ab2f6396ddc32d8d14137f2b8caf4b,0,31,"2020-01-15 16:17:48",1,"2020-04-24 10:17:55"
1322,11,"British Red Cross- Orpington Shop",NA,"01689 832265","163 High Street",Orpington,,,Kent,"BR6 0LW",https://www.redcross.org.uk/,,,,,,,0,,,1,,,1,,,1,,,1,,,1,,,1,,,1,,,,51.37720900,0.10087110,0,b3b530f0105c05a03510f038ea7b54e4,0,32,"2020-01-15 16:18:30",1,"2020-04-24 10:17:55"
1323,11,"British Red Cross- St Pauls Cray Orpington",stpaulscrayshop@redcross.org.uk,"020 8302 4590","73 Cotmandene Crescent","St Pauls Cray",Orpington,,Kent,"NR5 2RA",https://www.redcross.org.uk/,,,,,,,0,,,1,,,1,,,1,,,1,,,1,,,1,,,1,,,,52.64573020,1.22110650,0,808d9f522092e35980bf14f0a3b906cf,0,32,"2020-01-15 16:20:00",1,"2020-04-24 10:17:55"
1324,11,"British Red Cross- Sidcup Shop",sidcupshop@redcross.org.uk,"020 8309 9046","4 Alma Road",Sidcup,,,Kent,"DA14 4EA",https://www.redcross.org.uk/,,,,,,,0,,,1,,,1,,,1,,,1,,,1,,,1,,,1,,,,51.43214320,0.10326720,0,eb843d0bf229d5dcd14eb66237ad4b09,0,32,"2020-01-15 16:21:06",1,"2020-04-24 10:17:55"
1325,11,"British Red Cross- Barking Shop",barkingshop@redcross.org.uk,"020 8594 8777","34 Ripple Road",Barking,,,Essex,"IG11 7PG",https://www.redcross.org.uk/,,,,,,,0,,,1,,,1,,,1,,,1,,,1,,,1,,,1,,,,51.53650190,0.08095770,0,1e7b5afe01fddafdcfaada5f658e812c,0,32,"2020-01-15 16:23:53",1,"2020-04-24 10:17:55"
1326,11,"Foodbank Gloucester",info@gloucester.foodbank.org.uk,"01452 309683","George Whitefield Centre,","107 Great Western Road,","Gloucester,","Gloucestershire,",,"GL1 3NF",http://gloucester.foodbank.org.uk/,,,,,,,0,,,1,,,1,,,1,,,1,,,1,,,1,,,1,,,,51.86589390,-2.23746830,0,9c2e1e740d6b2e1999612e7dcb9e05da,0,31,"2020-01-15 16:24:10",1,"2020-04-24 10:17:55"
1327,11,"British Red Cross- Eltham Shop",elthamshop@redcross.org.uk,"020 8850 3679","23 Court Yard",Eltham,,,London,"SE9 5PR",https://www.redcross.org.uk/,,,,,,,0,,,1,,,1,,,1,,,1,,,1,,,1,,,1,,,,51.45002070,0.05218800,0,41f9ee954edf7ff19074c502c76385ea,0,32,"2020-01-15 16:25:05",1,"2020-04-24 10:17:55"
1328,11,"Foodbank Godmanchester",admin@gbcfoodbank.org.uk,"01480 277239","Godmanchester Baptist Church","East Chadley Lane,","Godmanchester,","Huntingdon,",,"PE29 2BJ",http://godmanchester.foodbank.org.uk/,,,,,,,0,,,1,,,1,,,1,,,1,,,1,,,1,,,1,,,,52.32014450,-0.17103650,0,294ced6cc986d68cf27e55cf5bfcacbd,0,31,"2020-01-15 16:25:39",1,"2020-04-24 10:17:55"
1329,11,"British Red Cross- Beckenham Shop",beckenhamshop@redcross.org.uk,"020 8658 8479","175 High Street",Beckenham,,,Kent,"BR3 1AH",https://www.redcross.org.uk/,,,,,,,0,,,1,,,1,,,1,,,1,,,1,,,1,,,1,,,,51.40618670,-0.03013340,0,d60caa9b134a35b7441a5bef937e3ead,0,32,"2020-01-15 16:27:17",1,"2020-04-24 10:17:55"
1330,11,"British Red Cross- Edmonton Shop",edmontonshop@redcross.org.uk,"020 8807 6379","219 Fore Street",Edmonton,,,London,"N18 2TZ",https://www.redcross.org.uk/,,,,,,,0,,,1,,,1,,,1,,,1,,,1,,,1,,,1,,,,51.61600720,-0.06451640,0,947ca7319b60c98d2f95b8ce0b8faf57,0,32,"2020-01-15 16:28:26",1,"2020-04-24 10:17:55"
1331,11,"Foodbank Grantham",brianhanbury@hotmail.co.uk,07816872561,"Unit 1-2 Grey Friars",Grantham,,,Lincolnshire,"NG31 6PG",http://granthamfoodbank.org.uk/wpress/,,,,,,,0,,,1,,,1,,,1,,,1,,,1,,,1,,,1,,,,52.91243420,-0.64692740,0,fce72045b665cb36ec669bef75d30f35,0,31,"2020-01-15 16:29:46",1,"2020-04-24 10:17:55"
1332,11,"British Red Cross- Palmers Green Bookshop",palmersgreenshop@redcross.org.uk,"020 8886 7467","383 Green Lane","Palmers Green",,,London,"N13 4XE",https://www.redcross.org.uk/,,,,,,,0,,,1,,,1,,,1,,,1,,,1,,,1,,,1,,,,51.61679600,-0.11003660,0,65421c1c8de1ee24740fbfc5a16e89d2,0,32,"2020-01-15 16:29:47",1,"2020-04-24 10:17:55"
1333,11,"British Red Cross- Mitcham Shop",mitchamshop@redcross.org.uk,"020 8640 9514","13-15 Upper Green East",Mitcham,,,Surrey,"CR4 2PE",https://www.redcross.org.uk/,,,,,,,0,,,1,,,1,,,1,,,1,,,1,,,1,,,1,,,,51.40574910,-0.16330950,0,9df9ff86cb5c4b70a7dc931c378fead3,0,32,"2020-01-15 16:31:20",1,"2020-04-24 10:17:55"
1334,11,"Foodbank Gravesham",info@graveshamfoodbank.org.uk,"01474 559 555","Riverside Community Centre,","Dickens Road,","Gravesend,",,"Kent,","DA12 2JY",http://gravesham.foodbank.org.uk,,,,,,,0,,,1,,,1,,,1,,,1,,,1,,,1,,,1,,,,51.43506180,0.39214860,0,194a727ac8ffbae79f424559282cbe70,0,31,"2020-01-15 16:31:36",1,"2020-04-24 10:17:55"
1335,11,"Foodbank Great Barr",info@greatbarr.foodbank.org.uk,"0121 357 5399","St Bernard's Church,","Broome Avenue,",,,"Birmingham,","B43 5AL",http://greatbarr.foodbank.org.uk/,,,,,,,0,,,1,,,1,,,1,,,1,,,1,,,1,,,1,,,,52.53799940,-1.95102800,0,bbf75b6c2907f60221378775d64737f0,0,31,"2020-01-15 16:33:35",1,"2020-04-24 10:17:55"
1336,11,"Foodbank Hailsham",info@hailsham.foodbank.org.uk,"01323 398358","Sheriff Place,","Market Square,",,,"Hailsham,","BN27 1AG",http://hailsham.foodbank.org.uk,,,,,,,0,,,1,,,1,,,1,,,1,,,1,,,1,,,1,,,,50.86217190,0.26007910,0,5bc45f89e6ed637a5e3d068c8200ce96,0,31,"2020-01-15 16:35:02",1,"2020-04-24 10:17:55"
1337,11,"Foodbank Hamilton",info@hamiltondistrict.foodbank.org.uk,"07884 451512","22 Townhead Street,",,,"Hamilton,",,"ML3 7BE",http://hamiltondistrict.foodbank.org.uk/,,,,,,,0,,,1,,,1,,,1,,,1,,,1,,,1,,,1,,,,55.77530330,-4.03278430,0,cac372b24488b88c40341d4895abee3c,0,31,"2020-01-15 16:36:48",1,"2020-04-24 10:17:55"
1338,11,"British Red Cross- Wimbledon Shop",wimbledonshop@redcross.org.uk,"020 8947 4574","11 High Street",Wimbledon,,,London,"SW19 5DX",https://www.redcross.org.uk/,,,,,,,0,,,1,,,1,,,1,,,1,,,1,,,1,,,1,,,,51.42460700,-0.21651810,0,c19273389f26cbef209fba3087e2c15f,0,32,"2020-01-15 16:37:24",1,"2020-04-24 10:17:55"
1339,11,"British Red Cross- Greenwich Shop",greenwichshop@redcross.org.uk,"020 8293 0538","46 Vanbrugh Park",Blackheath,Greenwich,,London,"SE3 7JQ",https://www.redcross.org.uk/,,,,,,,0,,,1,,,1,,,1,,,1,,,1,,,1,,,1,,,,51.47699040,0.01638420,0,1992e10626add41fbd004e93d1651c82,0,32,"2020-01-15 16:38:43",1,"2020-04-24 10:17:55"
1340,11,"British Red Cross- Lewisham Shop",lewishamshop@redcross.org.uk,"020 8318 5113","94 High Street",Lewisham,,,London,"SE13 5JH",https://www.redcross.org.uk/,,,,,,,0,,,1,,,1,,,1,,,1,,,1,,,1,,,1,,,,51.46294620,-0.01077480,0,e2fb58ec1fb093665bb256b66b635d33,0,32,"2020-01-15 16:40:30",1,"2020-04-24 10:17:55"
1341,11,"British Red Cross- Forest Hill Shop",foresthillshop@redcross.org.uk,"020 8699 5864","6 London Road","Forest Hill",,,London,"SE23 3HF",https://www.redcross.org.uk/,,,,,,,0,,,1,,,1,,,1,,,1,,,1,,,1,,,1,,,,51.43964070,-0.05505070,0,832be623fcd03bb3712d608506b50055,0,32,"2020-01-15 16:41:29",1,"2020-04-24 10:17:55"
1342,11,"British Red Cross- Hammersmith Shop",hammersmithshop@redcross.org.uk,"020 7602 3534","152 Shepherds Bush Road",Hammersmith,,,London,"W6 7BD",https://www.redcross.org.uk/,,,,,,,0,,,1,,,1,,,1,,,1,,,1,,,1,,,1,,,,51.49689730,-0.22121940,0,f37126ad152309d6b85c3e7855d3d2d3,0,32,"2020-01-15 16:42:47",1,"2020-04-24 10:17:56"
1343,11,"British Red Cross- Fulham Furniture & Electrical Shop",fulhamshop@redcross.org.uk,"020 738 56071","260 North End Road",,,,London,"SW6 1NJ",https://www.redcross.org.uk/,,,,,,,0,,,1,,,1,,,1,,,1,,,1,,,1,,,1,,,,51.48420590,-0.20208660,0,5684d34a423c849aac1582a2db5af415,0,32,"2020-01-15 16:43:58",1,"2020-04-24 10:17:56"
1344,11,"Foodbank Handsworth",foodbank@sheffieldchristianlifecentre.co.uk,"07599 878715","Life Centre","1 Richmond Road","Handsworth,","Sheffield,","South Yorkshire,","S13 8TB",http://handsworth.foodbank.org.uk/,,,,,,,0,,,1,,,1,,,1,,,1,,,1,,,1,,,1,,,,53.37066100,-1.38826940,0,e7cedaee2fa03bcacf61125db659e489,0,31,"2020-01-15 16:44:36",1,"2020-04-24 10:17:56"
1345,11,"British Red Cross- Wandsworth Shop",wandsworthshop@redcross.org.uk,"020 7228 3820","11-12 Bramlands Close",Wandsworth,,,London,"SW11 2NT",https://www.redcross.org.uk/,,,,,,,0,,,1,,,1,,,1,,,1,,,1,,,1,,,1,,,,51.46602490,-0.16997510,0,848a9263c4f30ef71ecd29bead1acbb3,0,32,"2020-01-15 16:45:10",1,"2020-04-24 10:17:56"
1346,11,"Foodbank Harlow",harlowfoodbank@mrct.org.uk,"01279 724515","Store House","Unit 8 Housham Hall Farm","Harlow Road","Matching Tye",Harlow,"CM17 0PB",http://www.mrct.org.uk,,,,,,,0,,,1,,,1,,,1,,,1,,,1,,,1,,,1,,,,51.78744550,0.18246260,0,e0b333e9e75bd44680e62c9401bc311d,0,31,"2020-01-15 16:46:06",1,"2020-04-24 10:17:56"
1347,11,"British Red Cross- Portobello Road Shop",portobelloshop@redcross.org.uk,"020 7792 0649","164 Portobello Road",,,,London,"W11 2EB",https://www.redcross.org.uk/,,,,,,,0,,,1,,,1,,,1,,,1,,,1,,,1,,,1,,,,51.51556910,-0.20452250,0,fafa03233da3c605c9439e3852f43769,0,32,"2020-01-15 16:46:17",1,"2020-04-24 10:17:56"
1348,11,"Foodbank Harold Hill",mark@haroldhill.foodbank.org.uk,"01708 386323","Unit 1 Guardian Business Centre","Faringdon Avenue","Harold Hill",ROMFORD,Essex,RM38FD,http://haroldhill.foodbank.org.uk,,,,,,,0,,,1,,,1,,,1,,,1,,,1,,,1,,,1,,,,51.59846630,0.21944070,0,692751ec54be18d593f044970f4b2f1f,0,31,"2020-01-15 16:47:33",1,"2020-04-24 10:17:56"
1349,11,"British Red Cross- Kensington & Chelsea Vintage Designer Shop",chelseashop@redcross.org.uk,"020 7976 7300","69-71 Old Church Street",Kensington,,,London,"SW3 5BS",https://www.redcross.org.uk/,,,,,,,0,,,1,,,1,,,1,,,1,,,1,,,1,,,1,,,,51.48490980,-0.17250010,0,0001bfd9b2aac7c701f05e600ea6d745,0,32,"2020-01-15 16:47:43",1,"2020-04-24 10:17:56"
1350,11,"Foodbank Harrogate",info@harrogatedistrict.foodbank.org.uk,"07885 529864","Life Destiny Church","93b High Street",,Starbeck,,"HG2 7LH",http://harrogatedistrict.foodbank.org.uk/,,,,,,,0,,,1,,,1,,,1,,,1,,,1,,,1,,,1,,,,54.00027700,-1.49739360,0,d77b8ee4fdaf78055ec9b23eabf8003c,0,31,"2020-01-15 16:49:00",1,"2020-04-24 10:17:56"
1351,11,"Foodbank Hart",hart.foodbk@hotmail.co.uk,"07926 806256","c/o Fleet Methodist Church","Reading Road","South Fleet",Hampshire,,"GU52 7TF",http://hart.foodbank.org.uk,,,,,,,0,,,1,,,1,,,1,,,1,,,1,,,1,,,1,,,,51.27409110,-0.83933890,0,d79d05eb1a06de45fd6f635520d65e7b,0,31,"2020-01-15 16:50:27",1,"2020-04-24 10:17:56"
1352,11,"Foodbank Hartlepool",info@hartlepool.foodbank.org.uk,"01429 598404","28 Church Street,","Hartlepool,",,,,"TS24 7DH",http://hartlepool.foodbank.org.uk,,,,,,,0,,,1,,,1,,,1,,,1,,,1,,,1,,,1,,,,54.68605260,-1.20659500,0,7ec55e82c0ec610a2a79582984da1d1a,0,31,"2020-01-15 16:51:58",1,"2020-04-24 10:17:56"
1353,11,"Foodbank Hastings",info@hastings.foodbank.org.uk,"07526 066453","King's Church Hastings","The Hastings Centre","The Ridge",Hastings,,"TN34 2SA",http://hastings.foodbank.org.uk,,,,,,,0,,,1,,,1,,,1,,,1,,,1,,,1,,,1,,,,50.88783390,0.56903000,0,343d9cf11176b4471ccf6cd3133ca746,0,31,"2020-01-15 16:53:28",1,"2020-04-24 10:17:56"
1354,11,"Foodbank Hatfield",info@hatfield.foodbank.org.uk,"07504 627359","Gracemead Church","Gracemead House,","Woods Avenue,","Hatfield,",,"AL10 8HX",https://hatfield.foodbank.org.uk,,,,,,,0,,,1,,,1,,,1,,,1,,,1,,,1,,,1,,,,51.76180620,-0.22778960,0,48e41c16c7b2369eb35001c560f43e4d,0,31,"2020-01-15 16:55:05",1,"2020-04-24 10:17:56"
1355,11,"Foodbank Haverhill",info@reachhaverhill.org.uk,"01440 712950","Haverhill Foodbank Reach Resource Centre","Gloucester Road/Leiston Road",,Haverhill,,"CB9 8JL",http://www.reachhaverhill.org.uk/,,,,,,,0,,,1,,,1,,,1,,,1,,,1,,,1,,,1,,,,52.07855530,0.42734160,0,2d364d53384ace34e45f1bffef2346b5,0,31,"2020-01-15 16:56:28",1,"2020-04-24 10:17:56"
1356,11,"Foodbank Haywards Heath",info@haywardsheath.foodbank.org.uk,"07884 106 719","9 Sussex Road","Haywards Heath",,"West Sussex",,"RH16 4DZ",http://haywardsheath.foodbank.org.uk,,,,,,,0,,,1,,,1,,,1,,,1,,,1,,,1,,,1,,,,50.99443720,-0.10004150,0,f5b20481b2796469f4622755246539d9,0,31,"2020-01-15 16:58:13",1,"2020-04-24 10:17:56"
1357,11,"Priscilla Bacon Hospice- Aylsham Shop",aylshamretail@priscillabaconhospice.org.uk,"01263 735032","30 Red lion Street",Aylsham,,,Norfolk,"NR11 6ER",https://www.priscillabaconhospice.org.uk/,,,,,,,0,,,1,,,1,,,1,,,1,,,1,,,1,,,1,,,,52.79571500,1.25234010,0,a58e44a7858dff2817e54c2674955cb7,0,32,"2020-01-16 14:16:10",1,"2020-04-24 10:17:56"
1358,11,"Priscilla Bacon Hospice- Drayton Shop",draytonretail@priscillabaconhospice.org.uk,"01603 867134","School Road",Drayton,,,Norfolk,"NR8 6DW",https://www.priscillabaconhospice.org.uk/,,,,,,,0,,,1,,,1,,,1,,,1,,,1,,,1,,,1,,,,52.67743660,1.22446650,0,6d9aaf98b2a1437a48694a22b4726bc2,0,32,"2020-01-16 14:17:38",1,"2020-04-24 10:17:56"
1359,11,"Priscilla Bacon Hospice- North Walsham Shop",nwretail@priscillabaconhospice.org.uk,"01692 404129","15 Market Place","North Walsham",,,Norfolk,"NR28 9BP",https://www.priscillabaconhospice.org.uk/,,,,,,,0,,,1,,,1,,,1,,,1,,,1,,,1,,,1,,,,52.82134810,1.38637530,0,d386a9f2b9d8894bab200a8426d69065,0,32,"2020-01-16 14:19:24",1,"2020-04-24 10:17:56"
1360,11,"Priscilla Bacon Hospice- Sheringham Shop",sheringhamretail@priscillabaconhospice.org.uk,"01263 821361","76 Station Road",Sheringham,,,Norfolk,"NR26 8RG",https://www.priscillabaconhospice.org.uk/,,,,,,,0,,,1,,,1,,,1,,,1,,,1,,,1,,,1,,,,52.94157470,1.21036030,0,c712ca2bc1a52f949713a97ab817340f,0,32,"2020-01-16 14:20:57",1,"2020-04-24 10:17:56"
1361,11,"Priscilla Bacon Hospice- Stalham Shop",stalhamretail@priscillabaconhospice.org.uk,"01263 821361","129 High Street",Stalham,,,Norfolk,"NR12 9BB",https://www.priscillabaconhospice.org.uk/,,,,,,,0,,,1,,,1,,,1,,,1,,,1,,,1,,,1,,,,52.77199400,1.51479650,0,a949da16af643c5c6628b6f858a06e45,0,32,"2020-01-16 14:24:04",1,"2020-04-24 10:17:56"
1362,11,"Priscilla Bacon Hospice- Taverham Shop",taverhamretail@priscillabaconhospice.org.uk,"01603 865467","Taverham Craft Centre","Fir Covert Road",Taverham,,Norfolk,"NR8 6HT",https://www.priscillabaconhospice.org.uk/,,,,,,,0,,,1,,,1,,,1,,,1,,,1,,,1,,,1,,,,52.69348430,1.19110460,0,42bd587823356062992f769bb9015714,0,32,"2020-01-16 14:25:23",1,"2020-04-24 10:17:57"
1363,11,"Foodbank Highland",foodbank.admin@blythswood.org;lorna.dempster@blythswood.org,"01463 717 630","1 Glebe Street,","Inverness,",,,,"IV1 1RF",https://www.blythswood.org/highland-foodbank,,,,,,,0,,,1,,,1,,,1,,,1,,,1,,,1,,,1,,,,57.48153780,-4.23152880,0,f932f80b5818daba43e25f9c507de14f,0,31,"2020-01-16 15:00:55",1,"2020-04-24 10:17:57"
1364,11,"British Heart Foundation - Maidstone Shop",heretohelp@bhf.org.uk,"01622 761817","7 High Street",Maidstone,,,Kent,"ME14 1HJ",https://www.bhf.org.uk/,,,,,,,0,,,1,,,1,,,1,,,1,,,1,,,1,,,1,,,,51.27388340,0.52243200,0,b9f381d37e71dd1606130dddac0f3299,0,32,"2020-01-16 15:01:58",1,"2020-04-24 10:17:57"
1365,11,"Foodbank Hillingdon",hillingdonfoodbank@kingsborough.org.uk,"01895 252224","30, Oxford Road Uxbridge","New Denham.",,,,"UB9 4DQ",https://hillingdon.foodbank.org.uk,,,,,,,0,,,1,,,1,,,1,,,1,,,1,,,1,,,1,,,,51.55047520,-0.48729590,0,f3964eb759229b65d48b5a0e4b33a127,0,31,"2020-01-16 15:03:02",1,"2020-04-24 10:17:57"
1366,11,"British Heart Foundation- Maidtone Furniture & Electrical Store",heretohelp@bhf.org.uk,"01622 528440","10-11 High Street",Maidstone,,,Kent,"ME14 1HT",https://www.bhf.org.uk/,,,,,,,0,,,1,,,1,,,1,,,1,,,1,,,1,,,1,,,,51.27356020,0.52150750,0,9fd164fb6eaafd26c59f5ffbddb3353d,0,32,"2020-01-16 15:03:21",1,"2020-04-24 10:17:57"
1367,11,"British Heart Foundation- Book Bank- Bailey Bridge",heretohelp@bhf.org.uk,"01372 477300","Bailey Bridge Car Park","Station Road",Aylesford,,,"ME20 7AU",https://www.bhf.org.uk/,,,,,,,0,,,1,,,1,,,1,,,1,,,1,,,1,,,1,,,,51.30245140,0.48372260,0,4a991e1bdee19199914c3194dfa57725,0,32,"2020-01-16 15:04:37",1,"2020-04-24 10:17:57"
1368,11,"Foodbank Hinckley",info@hinckleyarea.foodbank.org.uk,"01455 697390","c/o Hope Community Church","Deveron Way",Hinckley,Leicestershire,,"LE10 0XD",http://hinckleyarea.foodbank.org.uk,,,,,,,0,,,1,,,1,,,1,,,1,,,1,,,1,,,1,,,,52.54474530,-1.38878240,0,fc3ddf9133d49f482b9fd41f0af75c6f,0,31,"2020-01-16 15:04:51",1,"2020-04-24 10:17:57"
1369,11,"British Heart Foundation- Book Bank- Admirals Walk",heretohelp@bhf.org.uk,"01372 477300","Lordwood Lane",Chatham,Kent,,,"ME5 8UD",https://www.bhf.org.uk/,,,,,,,0,,,1,,,1,,,1,,,1,,,1,,,1,,,1,,,,51.32838830,0.54453040,0,29abc2d81fd3a74993cca59ad6f3c6ad,0,32,"2020-01-16 15:06:07",1,"2020-04-24 10:17:57"
1370,11,"Foodbank Horsham",support@horsham-matters.org.uk,"01403 211833","Micah House,","Blatchford Road,",,"Horsham,",,"RH13 5QR",http://horshamdistrict.foodbank.org.uk/,,,,,,,0,,,1,,,1,,,1,,,1,,,1,,,1,,,1,,,,51.06948540,-0.30819430,0,8d0a591ed5daa22dfd427a2106c983e9,0,31,"2020-01-16 15:07:03",1,"2020-04-24 10:17:57"
1371,11,"Foodbank Hull",admin@hull.foodbank.org.uk,"01482 224783","Hull Foodbank Warehouse","28 Paragon Street",,,Hull,"HU1 3ND",http://hull.foodbank.org.uk/,,,,,,,0,,,1,,,1,,,1,,,1,,,1,,,1,,,1,,,,53.74414330,-0.34095590,0,b1f7c8e8039a615172ec35dc58a485b9,0,31,"2020-01-16 15:09:55",1,"2020-04-24 10:17:57"
1372,11,"British Heart Foundation- Burham Village Hall",heretohelp@bhf.org.uk,"01372 477300","Burham Village Hall","Overflow Car Park","Rochester Road",Burham,,"ME1 3SH",https://www.bhf.org.uk/,,,,,,,0,,,1,,,1,,,1,,,1,,,1,,,1,,,1,,,,51.33092290,0.48973360,0,2b31fe5aeebb3a7a1ca4490431e50590,0,32,"2020-01-16 15:10:03",1,"2020-04-24 10:17:57"
1373,11,"British Heart Foundation- Book Bank- Larkfield Leisure Centre",heretohelp@bhf.org.uk,"01372 477300","Larkfield Leisure Centre","New Hythe Lane","New Hythe",,,"ME20 6RH",https://www.bhf.org.uk/,,,,,,,0,,,1,,,1,,,1,,,1,,,1,,,1,,,1,,,,51.30785310,0.44266900,0,b504798bf0e5fc156e6cfb830c904770,0,32,"2020-01-16 15:11:42",1,"2020-04-24 10:17:57"
1374,11,"Foodbank Hunstanton",,"07795 491154","St Edmund's Church Halls","Church Street",,Hunstanton,Norfolk,"PE36 6BE",https://hunstantondistrict.foodbank.org.uk,,,,,,,0,,,1,,,1,,,1,,,1,,,1,,,1,,,1,,,,52.94092910,0.49023400,0,e67802a9cb5982b7b22eca1cd4a11bcb,0,31,"2020-01-16 15:12:01",1,"2020-04-24 10:17:57"
1375,11,"British Heart Foundation- Clothing Bank- Lunsford Park",LunsfordPark,Larkfield,Aylesford,,,,,"ME20 6RJ",https://www.bhf.org.uk/,,,,,,,0,,,1,,,1,,,1,,,1,,,1,,,1,,,1,,,,51.31096770,0.44180020,0,26466cccb5ce5a075c6940ba31b4fc91,0,32,"2020-01-16 15:13:48",1,"2020-04-24 10:17:57"
1376,11,"Foodbank Inverclyde",inverclydefoodbank@thei58project.com,"014757 87177","64-66 West Blackhall Street",Greenock,,,,"PA15 1XG",http://inverclyde.foodbank.org.uk,,,,,,,0,,,1,,,1,,,1,,,1,,,1,,,1,,,1,,,,55.95101400,-4.76173480,0,2aa0188e5abc7a9141123b015ff850dd,0,31,"2020-01-16 15:15:14",1,"2020-04-24 10:17:57"
1377,11,"British Heart Foundation- Clothing Bank- Hempstead valley Shopping Centre",heretohelp@bhf.org.uk,"01372 477300","Hempstead valley Shopping Centre",Gillingham,Kent,,,"ME7 9PD",https://www.bhf.org.uk/,,,,,,,0,,,1,,,1,,,1,,,1,,,1,,,1,,,1,,,,51.35088140,0.56893160,0,55f78e7d82b4a0bcf623e569c9119929,0,32,"2020-01-16 15:15:25",1,"2020-07-07 17:28:49"
1378,11,"British Heart Foundation- Book Bank- Knole Road",heretohelp@bhf.org.uk,"01372 477300","Knole Road Car Park","Knole Road",Wouldham,,,"ME1 3XS",https://www.bhf.org.uk/,,,,,,,0,,,1,,,1,,,1,,,1,,,1,,,1,,,1,,,,51.34544030,0.46496520,0,1685d128a510d2a5f2c93e4c207ef615,0,32,"2020-01-16 15:17:56",1,"2020-04-24 10:17:57"
1379,11,"Foodbank Irlam",info@irlamcadishead.foodbank.org.uk,"07763 645 964","Boundary Road Methodist Church",,"Boundary Road",Irlam,,"M44 6HD",https://irlamcadishead.foodbank.org.uk,,,,,,,0,,,1,,,1,,,1,,,1,,,1,,,1,,,1,,,,53.45462850,-2.41071410,0,30261d0d6bea641a6551ecd12113848f,0,31,"2020-01-16 15:18:27",1,"2020-04-24 10:17:57"
1380,11,"Foodbank Isle of Wight",info@isleofwight.foodbank.org.uk,"01983 292040","Love Lane,","Cowes,","Isle of Wight,",,,"PO31 7ET",http://isleofwight.foodbank.org.uk,,,,,,,0,,,1,,,1,,,1,,,1,,,1,,,1,,,1,,,,50.75273970,-1.30431110,0,8242e5ad96fa15d201c39a1f87edfc8e,0,31,"2020-01-16 15:20:13",1,"2020-04-24 10:17:57"
1381,11,"British Heart Foundation- Liverpool, Richmond St Shop",heretohelp@bhf.org.uk,"0151 707 9076","10-12 Richmond Street",Liverpool,Merseyside,,,"L1 1EF",https://www.bhf.org.uk/,,,,,,,0,,,1,,,1,,,1,,,1,,,1,,,1,,,1,,,,53.40631190,-2.98413200,0,5b64ff4fc114293644cdca33bbf06d86,0,32,"2020-01-16 15:20:32",1,"2020-04-24 10:17:57"
1382,11,"British Heart Foundation- Liverpool Shop",heretohelp@bhf.org.uk,"0151 708 6801","7 Bold Street",Liverpool,Merseyside,,,"L1 4DN",https://www.bhf.org.uk/,,,,,,,0,,,1,,,1,,,1,,,1,,,1,,,1,,,1,,,,53.40399090,-2.97900150,0,fd4fc46518c7096c4de6e000494cb129,0,32,"2020-01-16 15:21:36",1,"2020-04-24 10:17:58"
1383,11,"Foodbank Ivybridge",info@ivybridge.foodbank.org.uk,"07706 457336","Ivybridge Methodist Church","Fore Street,",,Ivybridge,Devon,"PL21 9AB",http://ivybridge.foodbank.org.uk,,,,,,,0,,,1,,,1,,,1,,,1,,,1,,,1,,,1,,,,50.38920470,-3.92296420,0,d8f3f71fbd1b40f52e0b6a9a0bea87bc,0,31,"2020-01-16 15:22:02",1,"2020-04-24 10:17:58"
1384,11,"Foodbank Kettering",kcentu@btconnect.com,"01536 481989","51 Gold St,","Kettering,","Northants,",,,"NN16 8JB",http://www.kcultd.org.uk/foodbank/,,,,,,,0,,,1,,,1,,,1,,,1,,,1,,,1,,,1,,,,52.40056680,-0.72661350,0,1b0bc0b930b2017646268e5fce890d51,0,31,"2020-01-16 15:23:37",1,"2020-04-24 10:17:58"
1385,11,"Foodbank Keynsham",keynshamfoodbank@gmail.com,"0117 9837923","91 Lays Drive",Keynsham,Somerset,,,"BS31 2LD",http://keynsham.foodbank.org.uk/,,,,,,,0,,,1,,,1,,,1,,,1,,,1,,,1,,,1,,,,51.40978600,-2.51488160,0,5d118a29e5d32aa8395977d48c552f66,0,31,"2020-01-16 15:25:34",1,"2020-04-24 10:17:58"
1386,11,"British Heart Foundation- Birkenhead Shop",heretohelp@bhf.org.uk,"0151 650 0479","14 Princes Pavement","Grange Precinct",Birkenhead,Merseyside,,"CH41 2XY",https://www.bhf.org.uk/,,,,,,,0,,,1,,,1,,,1,,,1,,,1,,,1,,,1,,,,53.39040640,-3.02235330,0,e0c684091c5746287980cd5559b4f066,0,32,"2020-01-16 15:26:10",1,"2020-04-24 10:17:58"
1387,11,"British Heart Foundation- Birkenhead Furniture & Electrical Shop",heretohelp@bhf.org.uk,"0151 515 7010","20-26 Milton Pavement","Grange Precinct",Birkenhead,,,"CH41 2YA",https://www.bhf.org.uk/,,,,,,,0,,,1,,,1,,,1,,,1,,,1,,,1,,,1,,,,53.39026720,-3.02451800,0,422f069b9c364aba714e9c31fc939da2,0,32,"2020-01-16 15:27:58",1,"2020-04-24 10:17:58"
1388,11,"British Heart Foundation- Wallasey Shop",heretohelp@bhf.org.uk,"0151 639 7223","38 Liscard Way",Wallasey,Cheshire,,,"CH44 5TP",https://www.bhf.org.uk/,,,,,,,0,,,1,,,1,,,1,,,1,,,1,,,1,,,1,,,,53.41959700,-3.04345270,0,f40b8e6d8d83e2beb7d6c477572fb47e,0,32,"2020-01-16 15:29:34",1,"2020-04-24 10:17:58"
1389,11,"British Heart Foundation- Tuebrook Furniture & Electrical Shop",heretohelp@bhf.org.uk,"0151 515 4460","509 West Derby Road",Tuebrook,Liverpool,,,"L6 4BW",https://www.bhf.org.uk/,,,,,,,0,,,1,,,1,,,1,,,1,,,1,,,1,,,1,,,,53.42396390,-2.93632750,0,27a495a453a658d70b25a4ce11fed65e,0,32,"2020-01-16 15:30:48",1,"2020-04-24 10:17:58"
1390,11,"British Heart Foundation- Book Bank- Bidston HWRC",heretohelp@bhf.org.uk,"01372 477300","Wallasey Brudge Road",Birkenhead,Cheshire,,,"CH41 1EB",https://www.bhf.org.uk/,,,,,,,0,,,1,,,1,,,1,,,1,,,1,,,1,,,1,,,,53.41020930,-3.06049520,0,18f639d4bc4cba9dc2a5e957cbb46a56,0,32,"2020-01-16 15:32:06",1,"2020-04-24 10:17:58"
1391,11,"Foodbank Kidderminster",kiddyfb188@gmail.com,"01562 746600","Baxter Church Hall","The Bull Ring",,Kidderminster,,"DY10 2AA",http://kidderminster.foodbank.org.uk/,,,,,,,0,,,1,,,1,,,1,,,1,,,1,,,1,,,1,,,,52.38847500,-2.25004460,0,56b22119a34ff4b67380ed78d6d4d101,0,31,"2020-01-16 15:33:15",1,"2020-04-24 10:17:58"
1392,11,"British Heart Foundation- Bootle Shop",heretohelp@bhf.org.uk,"0151 515 7020","98-112 The Hexagon","The Strand Shopping Centre",Bootle,,,"L20 3SZ",https://www.bhf.org.uk/,,,,,,,0,,,1,,,1,,,1,,,1,,,1,,,1,,,1,,,,53.45156700,-2.99304580,0,7413c8ae1447a5798638469f61a10da6,0,32,"2020-01-16 15:33:28",1,"2020-04-24 10:17:58"
1393,11,"British Heart Foundation- Leeds Merrion Shop",heretohelp@bhf.org.uk,"01132 441 110","Unit 80 Merrion Centre",,,,Leeds,"LS2 8NG",https://www.bhf.org.uk/,,,,,,,0,,,1,,,1,,,1,,,1,,,1,,,1,,,1,,,,53.80177600,-1.54410230,0,f4ff6e6aebfbd7141afc54d27898c28f,0,32,"2020-01-16 15:36:10",1,"2020-04-24 10:17:58"
1394,11,"British Heart Foundation- Leeds Shop",heretohelp@bhf.org.uk,"0113 245 4865","4 Newmarket Street",,,,Leeds,"LS1 6DG",https://www.bhf.org.uk/,,,,,,,0,,,1,,,1,,,1,,,1,,,1,,,1,,,1,,,,53.79647370,-1.54083090,0,88854822d0f550c34d2b0fd295779486,0,32,"2020-01-16 15:37:20",1,"2020-04-24 10:17:58"
1395,11,"British Heart Foundation- Book Bank Leeds",heretohelp@bhf.org.uk,"01372 477300","Car Park","Templar Street",,,Leeds,"LS2 7LP",https://www.bhf.org.uk/,,,,,,,0,,,1,,,1,,,1,,,1,,,1,,,1,,,1,,,,53.79924400,-1.53773850,0,2586ecb46b41e5e27fdefc522cd713cc,0,32,"2020-01-16 15:38:52",1,"2020-04-24 10:17:58"
1396,11,"British Heart Foundation- Book Bank- University of Leeds",heretohelp@bhf.org.uk,"01372 477 300","University of Leeds","Lifton Place",,,Leeds,"LS2 9JZ",https://www.bhf.org.uk/,,,,,,,0,,,1,,,1,,,1,,,1,,,1,,,1,,,1,,,,53.80771050,-1.55756130,0,5e295ff8f045c3f46d5d4857df0af838,0,32,"2020-01-16 15:40:15",1,"2020-04-24 10:17:58"
1397,11,"British Heart Foundation- Book Bank- Quarry Hill",heretohelp@bhf.org.uk,"01372 477 300","Quarry Hill Car Park",,,,Leeds,"LS2 7PD",https://www.bhf.org.uk/,,,,,,,0,,,1,,,1,,,1,,,1,,,1,,,1,,,1,,,,53.79823010,-1.53125170,0,5837bd3a1fad5d3019c1b965cd123ff5,0,32,"2020-01-16 15:41:41",1,"2020-04-24 10:17:58"
1398,11,"British Heart Foundation- Book Bank- Meanwood Road HW",heretohelp@bhf.org.uk,"01327 477300","Meanwood Road HW Site","Meanwood Road",,,Leeds,"LS7 2LP",https://www.bhf.org.uk/,,,,,,,0,,,1,,,1,,,1,,,1,,,1,,,1,,,1,,,,53.82083350,-1.55318120,0,73b2067bc1053ef06bc88e2cc7eabc4f,0,32,"2020-01-16 15:44:09",1,"2020-04-24 10:17:58"
1399,11,"British Heart Foundation- Clothing Bank- Beeston Road",heretohelp@bhf.org.uk,"01372 477300","Beeston Road",,,,Leeds,"LS11 8ND",https://www.bhf.org.uk/,,,,,,,0,,,1,,,1,,,1,,,1,,,1,,,1,,,1,,,,53.78096290,-1.55316790,0,78a72e153582d473ebd9b0bffb189fea,0,32,"2020-01-16 15:45:21",1,"2020-04-24 10:17:58"
1400,11,"British Heart Foundation- Clothing Bank- Gelderd Road",heretohelp@bhf.org.uk,"01372 477 300","100a Gerderd Road",,,,Leeds,"LS12 6BY",https://www.bhf.org.uk/,,,,,,,0,,,1,,,1,,,1,,,1,,,1,,,1,,,1,,,,53.78404880,-1.57670560,0,b39fd5d10ef1d1ac4f202209107831df,0,32,"2020-01-16 15:48:01",1,"2020-04-24 10:17:58"
1401,11,"Foodbank King's Lynn",info@kingslynn.foodbank.org.uk,"07582 558143","TS Vancouver Building, St Margaret's Lane,","King's Lynn TS Vancouver Building,","St Margaret's Lane,","King's Lynn",,"PE30 5DS",http://kingslynn.foodbank.org.uk,,,,,,,0,,,1,,,1,,,1,,,1,,,1,,,1,,,1,,,,52.75062820,0.39359510,0,dc56e7d600493b41a87f8e629abcf382,0,31,"2020-01-16 15:51:27",1,"2020-04-24 10:17:58"
1402,11,"British Heart Foundation- Nottingham Furniture & Electrical Shop",heretohelp@bhf.org.uk,"01158 281090","50-52 Long Row",,,,Nottingham,"NG1 6JB",https://www.bhf.org.uk/,,,,,,,0,,,1,,,1,,,1,,,1,,,1,,,1,,,1,,,,52.95381070,-1.15193300,0,9521427dcc24e99e340d5c22bc0d20b3,0,32,"2020-01-16 15:52:07",1,"2020-04-24 10:17:59"
1403,11,"British Heart Foundation- Nottingham Broadmarsh Centre Shop",heretohelp@bhf.org.uk,"01159 589009","21 Tanners Walk","Broadmarsh Centre",,,Nottingham,"NG1 7LF",https://www.bhf.org.uk/,,,,,,,0,,,1,,,1,,,1,,,1,,,1,,,1,,,1,,,,52.94982680,-1.14762130,0,03360dc637325093f4ffd8b225b2654b,0,32,"2020-01-16 15:53:48",1,"2020-04-24 10:17:59"
1404,11,"British Heart Foundation- Clothing Bank- The March Hare",heretohelp@bhf.org.uk,"01372 477300","The March Hare","248 Carlton Road",,,Nottingham,"NG3 2NB",https://www.bhf.org.uk/,,,,,,,0,,,1,,,1,,,1,,,1,,,1,,,1,,,1,,,,52.95789930,-1.12782270,0,9e7471b5286736997b350922f578175c,0,32,"2020-01-16 15:55:09",1,"2020-04-24 10:17:59"
1405,11,"British Heart Foundation- Clothing Bank- University of Nottingham- Melton Hall",heretohelp@bhf.org.uk,"01372 477300","University of Nottingham","Malton Hall Car Park","Jubille Campus",,Nottingham,"NG8 1BB",https://www.bhf.org.uk/,,,,,,,0,,,1,,,1,,,1,,,1,,,1,,,1,,,1,,,,52.95338680,-1.18657450,0,f1fce1e740020287b45eb3ef1824d6a6,0,32,"2020-01-16 15:57:44",1,"2020-04-24 10:17:59"
1406,11,"British Heart Foundation- Clothing Bank- University of Nottingham- Sherwood Hall",heretohelp@bhf.org.uk,"01372 477300","University of Nottingham","Sherwood Hall Car Park","University Park",,Nottingham,"NG7 2RE",https://www.bhf.org.uk/,,,,,,,0,,,1,,,1,,,1,,,1,,,1,,,1,,,1,,,,52.93610840,-1.20782390,0,cba981bf64cc080c30f312ccff585738,0,32,"2020-01-16 15:59:22",1,"2020-04-24 10:17:59"
1407,11,"British Heart Foundation- Clothing Bank- University of Nottingham- Ancaster Hall",heretohelp@bhf.org.uk,"01372 477300","University of Nottingham","Ancaster Hall Car Park","University Park",,Nottingham,"NG7 2RE",https://www.bhf.org.uk/,,,,,,,0,,,1,,,1,,,1,,,1,,,1,,,1,,,1,,,,52.93610840,-1.20782390,0,36fd1e9e710bcb923da72a0f2973249f,0,32,"2020-01-16 16:00:57",1,"2020-04-24 10:17:59"
1408,11,"British Heart Foundation- Beeston Shop",heretohelp@bhf.org.uk,"0115 967 8104","91 High Road",Beeston,,,Nottingham,"NG9 2LE",https://www.bhf.org.uk/,,,,,,,0,,,1,,,1,,,1,,,1,,,1,,,1,,,1,,,,52.92854710,-1.21344140,0,ba5420bcf62e0247e2e497871fbd2c8d,0,32,"2020-01-16 16:02:13",1,"2020-04-24 10:17:59"
1409,11,"British Heart Foundation- Clothing Bank- 19 Westdale Lane",heretohelp@bhf.org.uk,"01372 447300","19 Westdale lane",Carlton,,,,"NG4 3JF",https://www.bhf.org.uk/,,,,,,,0,,,1,,,1,,,1,,,1,,,1,,,1,,,1,,,,52.97198840,-1.08290430,0,7a3c67e9d30bdb1d1f6b7eac3fa5c26d,0,32,"2020-01-16 16:03:24",1,"2020-04-24 10:17:59"
1410,11,"British Heart Foundation- Carlton Sorting Office",heretohelp@bhf.org.uk,"01372 477300","19 Westdale Lane",Carlton,,,Nottinhgam,"NG4 3JF",https://www.bhf.org.uk/,,,,,,,0,,,1,,,1,,,1,,,1,,,1,,,1,,,1,,,,52.97198840,-1.08290430,0,f1045d326caf882287d1316f3062d685,0,32,"2020-01-16 16:04:58",1,"2020-04-24 10:17:59"
1411,11,"Foodbank Kingfisher",Kingfisherfoodbank@gmail.com,"0790 203 0134","Auckland Hall,","25 Sunbeam Close,",,"Smiths Wood,","Birmingham,","B36 9JR",http://kingfisherfoodbank.weebly.com/,,,,,,,0,,,1,,,1,,,1,,,1,,,1,,,1,,,1,,,,52.50874240,-1.75276390,0,1068d071c611f391f0981981b290f572,0,31,"2020-01-16 16:05:24",1,"2020-04-24 10:17:59"
1412,11,"British Heart Foundation- Arnold Shop",heretohelp@bhf.org.uk,"0115 920 2608","101 Front Street",Arnold,,,Nottingham,"NG5 7EB",https://www.bhf.org.uk/,,,,,,,0,,,1,,,1,,,1,,,1,,,1,,,1,,,1,,,,53.00345420,-1.12800950,0,8c9ac5127e78bb791b7e86fe257995ea,0,32,"2020-01-16 16:06:16",1,"2020-04-24 10:17:59"
1413,11,"Foodbank Kingston",info@kingston.foodbank.org.uk,"020 8391 1100","office only","Suite No. 1 444 Ewell Road,",Tolworth,,Surrey,"KT6 7EL",http://kingston.foodbank.org.uk,,,,,,,0,,,1,,,1,,,1,,,1,,,1,,,1,,,1,,,,51.38134160,-0.28127400,0,029445b6692eb4eead79150edde8d37a,0,31,"2020-01-16 16:06:58",1,"2020-04-24 10:17:59"
1414,11,"Foodbank Kinson & West Howe",info@kinsonwesthowe.foodbank.org.uk,,"St Andrews Church Centre","Milhams Road",,Bournemouth,,"BH10 7LN",http://kinsonwesthowe.foodbank.org.uk/,,,,,,,0,,,1,,,1,,,1,,,1,,,1,,,1,,,1,,,,50.77122690,-1.90398980,0,aeb37faef875425829eab4a6c1c99487,0,31,"2020-01-16 16:08:39",1,"2020-04-24 10:17:59"
1415,11,"British Heart Foundation- Swindon Shop",heretohelp@bhf.org.uk,"01793 431070","44 Havelock Street",,,,Swindon,"SN1 1SD",https://www.bhf.org.uk/,,,,,,,0,,,1,,,1,,,1,,,1,,,1,,,1,,,1,,,,51.55947460,-1.78516650,0,d62ba3b0031b7471844490b4e2144254,0,32,"2020-01-16 16:13:46",1,"2020-04-24 10:17:59"
1416,11,"British Heart Foundation- Swindon Furniture & Electrical Shop",heretohelp@bhf.org.uk,"01793 399515","27-29 Bridge Street",,,,Swindon,"SN1 1BP",https://www.bhf.org.uk/,,,,,,,0,,,1,,,1,,,1,,,1,,,1,,,1,,,1,,,,51.56209720,-1.78571510,0,2cf5771ba9c462475363099b9eea744a,0,32,"2020-01-16 16:15:03",1,"2020-04-24 10:17:59"
1417,11,"British Heart Foundation- Clothing Bank- Marlborough Leisure Centre",heretohelp@bhf.org.uk,"01372 477300","Marlborough Leisure Centre","Barton Dean",Marlborough,,,"SN8 1PB",https://www.bhf.org.uk/,,,,,,,0,,,1,,,1,,,1,,,1,,,1,,,1,,,1,,,,51.41973840,-1.73857330,0,7d1e0238b94067afd0ab76aaf9f8efbf,0,32,"2020-01-16 16:16:28",1,"2020-04-24 10:17:59"
1418,11,"British Heart Foundation- Clothing Bank- Dobbies Garden Centre",heretohelp@bhf.org.uk,"01372 477 300","Dobbies Garden Centre",Siddington,Cirencester,,,"GL7 6EU",https://www.bhf.org.uk/,,,,,,,0,,,1,,,1,,,1,,,1,,,1,,,1,,,1,,,,51.69974280,-1.93958860,0,016950f359c310a6c4553afbe6ca4829,0,32,"2020-01-16 16:18:00",1,"2020-04-24 10:17:59"
1419,11,"British Heart Foundation- Clothing Bank- Crudwell Road",heretohelp@bhf.org.uk,"01372 477 300","Malmesbury Garden Centre","Crudwell Road",Malmesbury,Wilkshire,,"SN16 9JL",https://www.bhf.org.uk/,,,,,,,0,,,1,,,1,,,1,,,1,,,1,,,1,,,1,,,,51.59514690,-2.08623780,0,6b17967e0a13215dd5be37f7e49b7b8a,0,32,"2020-01-16 16:19:46",1,"2020-04-24 10:17:59"
1420,11,"Foodbank Knottingley",info@knottingley.foodbank.org.uk,"01977 278616","Knottingley Community Church,","Tythe Barn Road,","Knottingley,","West Yorkshire,",,"WF11 9BU",http://knottingley.foodbank.org.uk/,,,,,,,0,,,1,,,1,,,1,,,1,,,1,,,1,,,1,,,,53.70934170,-1.23901390,0,098f237a7429ccd62a789e95a4d37074,0,31,"2020-01-16 16:23:15",1,"2020-04-24 10:17:59"
1421,11,"British Heart Foundation- Book Bank- Malmesbury Garden Centre",heretohelp@bhf.org.uk,"01372 477300","Malmesbury Garden Centre","Crudwell Road",Malmesbury,,,"SN16 9JL",https://www.bhf.org.uk/,,,,,,,0,,,1,,,1,,,1,,,1,,,1,,,1,,,1,,,,51.59514690,-2.08623780,0,0c95d9f91d92fc93d4d8501c2a0050e7,0,32,"2020-01-16 16:23:29",1,"2020-04-24 10:17:59"
1422,11,"British Heart Foundation- Cirencester Shop",heretohelp@bhf.org.uk,"01285 640924","18 Dyer Street",Cirencester,,,,"GL7 2PF",https://www.bhf.org.uk/,,,,,,,0,,,1,,,1,,,1,,,1,,,1,,,1,,,1,,,,51.71621660,-1.96483510,0,8ec3c420f3e6c37808831f0af305f6a8,0,32,"2020-01-16 16:24:38",1,"2020-04-24 10:17:59"
1423,11,"Foodbank Knowsley",info@knowsley.foodbank.org.uk,"07731 789794","Link Road Depot","Link Road",Huyton,,,"L36 6AP",http://knowsley.foodbank.org.uk,,,,,,,0,,,1,,,1,,,1,,,1,,,1,,,1,,,1,,,,53.40501990,-2.81807370,0,6d4e74b3ced8b42dea2c4cf1bb638d67,0,31,"2020-01-16 16:25:09",1,"2020-04-24 10:18:00"
1424,11,"British Heart Foundation- Clothing Bank- Stroud Road",heretohelp@bhf.org.uk,"01372 477300","Stroud Road",Cirencester,,,,"GL7 6JS",https://www.bhf.org.uk/,,,,,,,0,,,1,,,1,,,1,,,1,,,1,,,1,,,1,,,,51.70994770,-1.99944980,0,b9cb67a4d06c09e4ecb940dbfc09e3e5,0,32,"2020-01-16 16:25:45",1,"2020-04-24 10:18:00"
1425,11,"Foodbank Larne",info@larne.foodbank.org.uk,"028 2827 7530","Craigyhill Methodist Church",Brustin,"Brae Road",LARNE,,"BT40 2HS",http://larne.foodbank.org.uk/,,,,,,,0,,,1,,,1,,,1,,,1,,,1,,,1,,,1,,,,54.86408670,-5.83855870,0,2489f954ea19cfc56268354b593bced9,0,31,"2020-01-16 16:27:09",1,"2020-04-24 10:18:00"
1426,11,"British Heart Foundation- Book Bank- Cottingham Road",heretohelp@bhf.org.uk,"01372 477300","Cottingham Road","Davidson Gardens",,,London,"SW8 1LG",https://www.bhf.org.uk/,,,,,,,0,,,1,,,1,,,1,,,1,,,1,,,1,,,1,,,,51.48103790,-0.11684210,0,6259788829781ad5ac6d97ff616c2438,0,32,"2020-01-16 16:27:53",1,"2020-04-24 10:18:00"
1427,11,"Foodbank Launceston",info@launceston.foodbank.org.uk,"01566 779550","Unit 13D","Newport Industrial Estate",Launceston,Cornwall,,"PL15 8EX",http://launceston.foodbank.org.uk,,,,,,,0,,,1,,,1,,,1,,,1,,,1,,,1,,,1,,,,50.64049510,-4.35944880,0,108c66ca5b6db23b958eba00429a64ff,0,31,"2020-01-16 16:28:55",1,"2020-04-24 10:18:00"
1428,11,"British Heart Foundation- Camden Shop",heretohelp@bhf.org.uk,"020 7387 2952","65 High Street",Camden,,,London,"NW1 7JL",https://www.bhf.org.uk/,,,,,,,0,,,1,,,1,,,1,,,1,,,1,,,1,,,1,,,,51.53619950,-0.14043010,0,88ddb86e82e6cae37a96cc822409e8b9,0,32,"2020-01-16 16:29:24",1,"2020-04-24 10:18:00"
1429,11,"British Heart Foundation- Book Bank- Clapham Road",heretohelp@bhf.org.uk,"01372 477300","Clapham Road","Junction with Albert Square",,,London,"SW8 1HY",https://www.bhf.org.uk/,,,,,,,0,,,1,,,1,,,1,,,1,,,1,,,1,,,1,,,,51.47635720,-0.11856560,0,08d2079376b7399d7c0760b668ef4a7b,0,32,"2020-01-16 16:30:41",1,"2020-04-24 10:18:00"
1430,11,"British Heart Foundation- Book Bank- Paul Street",heretohelp@bhf.org.uk,"01372 477300","Paul Street","Great Eastern Street",,,London,"EC2A 3HZ",https://www.bhf.org.uk/,,,,,,,0,,,1,,,1,,,1,,,1,,,1,,,1,,,1,,,,51.52566410,-0.08332350,0,a9bdd27cebdb37a6fa9aa83b77099088,0,32,"2020-01-16 16:31:59",1,"2020-04-24 10:18:00"
1431,11,"British Heart Foundation- Clothing Bank- Old Kent Road",heretohelp@bhf.org.uk,"01372 477300","211-219 Old Kent Road",,,,London,"SE1 5LU",https://www.bhf.org.uk/,,,,,,,0,,,1,,,1,,,1,,,1,,,1,,,1,,,1,,,,51.48977140,-0.07907980,0,25660a95571e0490e790ab0a565f1dc0,0,32,"2020-01-16 16:35:37",1,"2020-04-24 10:18:00"
1432,11,"British Heart Foundation- Kentish Town Shop",heretohelp@bhf.org.uk,N/A,"233 Kentish Town Road",,,,London,"NW5 2NB",https://www.bhf.org.uk/,,,,,,,0,,,1,,,1,,,1,,,1,,,1,,,1,,,1,,,,51.54791440,-0.14162390,0,0659034ce34753146d260de6d8f5c606,0,32,"2020-01-16 16:37:10",1,"2020-04-24 10:18:00"
1433,11,"British Heart Foundation- Clothing Bank- Guiness Trust",heretohelp@bhf.org.uk,"01372 477300","Guiness Trust","Kings Road",,,London,"SW10 0TT",https://www.bhf.org.uk/,,,,,,,0,,,1,,,1,,,1,,,1,,,1,,,1,,,1,,,,51.48095470,-0.18221360,0,8cb37cda1ba053bc844442f1a66c306f,0,32,"2020-01-16 16:38:27",1,"2020-04-24 10:18:00"
1434,11,"British Heart Foundation- Book Bank- Clapham Common Tube",heretohelp@bhf.org.uk,"01372 477300","Clapham Common Tube",,,,London,"SW4 0HY",https://www.bhf.org.uk/,,,,,,,0,,,1,,,1,,,1,,,1,,,1,,,1,,,1,,,,51.46156040,-0.13977990,0,ca88fe9d03532f88babe5850192c114d,0,32,"2020-01-16 16:39:41",1,"2020-04-24 10:18:00"
1435,11,"Foodbank Leeds North & West",info@leedsnorthandwest.foodbank.org.uk,"0113 244 4696","Foodbank Office:","62a Burley Road",,,"Leeds,","LS3 1JX","WEBSITE https://leedsnorthandwest.foodbank.org.uk/",,,,,,,0,,,1,,,1,,,1,,,1,,,1,,,1,,,1,,,,53.80284600,-1.56630620,0,3a628102bf91619e0049e33df20df0c6,0,31,"2020-01-16 16:48:05",1,"2020-04-24 10:18:00"
1436,11,"Foodbank Leeds South & East",info@leedssouthandeast.foodbank.org.uk,"0113 3450850","7 Lenton Drive","Parkside Industrial Estate",,,,"LS11 5JW",http://leedssouthandeast.foodbank.org.uk/,,,,,,,0,,,1,,,1,,,1,,,1,,,1,,,1,,,1,,,,53.77212510,-1.54140260,0,94a0eff7ea2db9d1f74099c8e8e30cf6,0,31,"2020-01-16 16:49:55",1,"2020-04-24 10:18:00"
1437,11,"Foodbank Leek & District",info@leekdistrict.foodbank.org.uk,"01538 373289","Rear of the Gateway@Leek Church","34 West Street",Leek,Staffordshire,,"ST13 8AA",http://leekdistrict.foodbank.org.uk/,,,,,,,0,,,1,,,1,,,1,,,1,,,1,,,1,,,1,,,,53.10675830,-2.02961890,0,1a0f2d6027e02a105e4777c3a3896edd,0,31,"2020-01-16 16:53:48",1,"2020-04-24 10:18:00"
1438,11,"Foodbank Leicester",info@leicestersouth.foodbank.org.uk,"07912 194783","The Kings Centre,","56 Bull Head Street,","Wigston, ,",,Leicester,"LE18 1PA",http://leicestersouth.foodbank.org.uk/,,,,,,,0,,,1,,,1,,,1,,,1,,,1,,,1,,,1,,,,52.58460920,-1.10361650,0,7d0e5bc58a9df42e926d292bea67e38d,0,31,"2020-01-16 16:56:10",1,"2020-04-24 10:18:00"
1439,11,"Foodbank Leicester South",info@leicestersouth.foodbank.org.uk,"07912 194783","The Kings Centre,","56 Bull Head Street,","Wigston,",,"Leicester,","LE18 1PA",http://leicestersouth.foodbank.org.uk/,,,,,,,0,,,1,,,1,,,1,,,1,,,1,,,1,,,1,,,,52.58460920,-1.10361650,0,bd5f12308fd6319a082c4e9c68da5ee0,0,31,"2020-01-17 11:47:37",1,"2020-04-24 10:18:00"
1440,11,"Foodbank Lechworth",info@letchworth.foodbank.org.uk,"07825 300437","C/O St Paul's Church Office","179 Pixmore Way","Letchworth Garden City",,Herts.,"SG6 1QT",http://letchworth.foodbank.org.uk,,,,,,,0,,,1,,,1,,,1,,,1,,,1,,,1,,,1,,,,51.97534530,-0.21775130,0,02e57c18b1ca0b4ecb9792c4b7afba33,0,31,"2020-01-17 11:55:34",1,"2020-04-24 10:18:00"
1441,11,"Foodbank Levenmouth",info@levenmouth.foodbank.org.uk,"07966 502854","Methil Evangelical Church","Bowling Green Street",,Methil,,"KY8 3DH",https://levenmouth.foodbank.org.uk/,,,,,,,0,,,1,,,1,,,1,,,1,,,1,,,1,,,1,,,,56.18484440,-3.01442510,0,302b6561e1e0001e49ce82f6cac89b39,0,31,"2020-01-17 11:57:50",1,"2020-04-24 10:18:00"
1442,11,"Foodbank Lisburn",team@lisburnfoodbank.org,"07756 965 868","1-3 Graham Gardens",Lisburn,,,,"BT28 1XE",http://lisburn.foodbank.org.uk,,,,,,,0,,,1,,,1,,,1,,,1,,,1,,,1,,,1,,,,54.51152880,-6.04607120,0,580a1da7291795523c5a40969ad4d978,0,31,"2020-01-17 11:59:30",1,"2020-04-24 10:18:00"
1443,11,"Foodbank Liskeard & Looe",liskeard.foodbank@gmail.com,"07512 011452","Unit 1,","Barras Place,","Liskeard,",Cornwall,,"PL14 6AX",http://liskeardlooe.foodbank.org.uk,,,,,,,0,,,1,,,1,,,1,,,1,,,1,,,1,,,1,,,,50.45597750,-4.46516530,0,a2f95dc06fefcad1d5203e4f5447a3ea,0,31,"2020-01-17 12:01:42",1,"2020-04-24 10:18:00"
1444,11,"Foodbank Littlehampton",info@littlehamptondistrict.foodbank.org.uk,"07925 862289","Littlehampton Baptist Church","Fitzalan Road",Littlehampton,"West Sussex",,"BN17 5NY",http://littlehamptondistrict.foodbank.org.uk,,,,,,,0,,,1,,,1,,,1,,,1,,,1,,,1,,,1,,,,50.80847690,-0.53794930,0,1b50291e499593c86b4ba063eb1b1160,0,31,"2020-01-17 12:03:15",1,"2020-04-24 10:18:00"
1445,11,"Foodbank Llandrindod",info@llandrindod.foodbank.org.uk,"07519 839 189","The Basement Crescent Chambers","South Crescent","Llandrindod Wells",Powys,,"LD1 5DH",http://llandrindod.foodbank.org.uk/,,,,,,,0,,,1,,,1,,,1,,,1,,,1,,,1,,,1,,,,52.24036670,-3.37861050,0,43e04a8263724a5d163c2d3500a7a596,0,31,"2020-01-17 12:05:14",1,"2020-04-24 10:18:01"
1446,11,"Foodbank Llanelli",foodbank@myrtlehouse.org.uk,"07594 609952","22 Myrtle Terrace,","Llanelli,",,"Carmarthenshire,",,"SA15 1LH",http://llanelli.foodbank.org.uk/,,,,,,,0,,,1,,,1,,,1,,,1,,,1,,,1,,,1,,,,51.67980420,-4.15464880,0,97839f445bd71348310ab95c01847576,0,31,"2020-01-17 12:06:43",1,"2020-04-24 10:18:01"
1447,11,"Foodbank Lochaber",admin@lochaber.foodbank.org.uk,"01397 700212","Unit 4 Airds Crossing","High Street","Fort William",,,"PH33 6EU",http://lochaber.foodbank.org.uk/,,,,,,,0,,,1,,,1,,,1,,,1,,,1,,,1,,,1,,,,56.81989010,-5.10863900,0,1ff601007de55ab6c82bb61535a70c89,0,31,"2020-01-17 12:10:36",1,"2020-04-24 10:18:01"
1448,11,"Foodbank Long Eaton",info@longeatonsawley.foodbank.org.uk,"0795 054 7671","Christ Church Methodist Church","1 College Street","Long Eaton",,Nottingham,"NG10 4NE",http://longeatonsawley.foodbank.org.uk,,,,,,,0,,,1,,,1,,,1,,,1,,,1,,,1,,,1,,,,52.90258790,-1.28288030,0,8d8ec592670a7d84ae1857a061e40ce5,0,31,"2020-01-17 12:15:15",1,"2020-04-24 10:18:01"
1449,11,"Foodbank Loughborough Area",info@loughborougharea.foodbank.org.uk,"07495 561408","Loughborough Area Foodbank New Life Community Church,","2 De Montfort Close",,Loughborough,Leicestershire,"LE11 4RL",https://loughborougharea.foodbank.org.uk,,,,,,,0,,,1,,,1,,,1,,,1,,,1,,,1,,,1,,,,52.77892550,-1.24155350,0,0fa094a9cd5fbfc8347778a6df2d8cd6,0,31,"2020-01-17 12:17:00",1,"2020-04-24 10:18:01"
1450,11,"Foodbank Lowerstoft",info@lowestoft.foodbank.org.uk,"01502 537527","c/o Lowestoft Community Church","8 Hadenham Road,",,Lowestoft,,"NR33 7NF",https://lowestoft.foodbank.org.uk,,,,,,,0,,,1,,,1,,,1,,,1,,,1,,,1,,,1,,,,52.44440980,1.71908160,0,90e8ba8609c38826416785cd2e3d6069,0,31,"2020-01-17 12:18:49",1,"2020-04-24 10:18:01"
1451,11,"Foodbank Lutterworth and villages",info@lutterworthvillages.foodbank.org.uk,"01455 558797","St Mary's Church,","C/o Church Gate Centre, Church Gate,","LUTTERWORTH,","Leicestershire,",,"LE17 4AN",http://lutterworthvillages.foodbank.org.uk/,,,,,,,0,,,1,,,1,,,1,,,1,,,1,,,1,,,1,,,,52.45535740,-1.20234050,0,3eeb7ed66d913276c2d05f0a2a793224,0,31,"2020-01-17 12:20:55",1,"2020-04-24 10:18:01"
1452,11,"Foodbank Magherafelt",info@magherafelt.foodbank.org.uk,07393451504,"Magherafelt Foodbank Office","19a Rainey Street","Magherafelt,","Londonderry,",,"BT45 5DA",http://magherafelt.foodbank.org.uk/,,,,,,,0,,,1,,,1,,,1,,,1,,,1,,,1,,,1,,,,54.75629540,-6.60928870,0,4dae61b01f22d7e990c77757a585d2ae,0,31,"2020-01-17 12:23:13",1,"2020-04-24 10:18:01"
1453,11,"Foodbank Malmesbury & District",info@malmesburydistrict.foodbank.org.uk,"01666 826982","15 west street",Malmesbury,Wiltshire,,,"SN16 0AR",http://malmesburydistrict.foodbank.org.uk/,,,,,,,0,,,1,,,1,,,1,,,1,,,1,,,1,,,1,,,,51.58588730,-2.10270190,0,12bc356f04f5461c2e6640b9f234c9d0,0,31,"2020-01-17 12:25:09",1,"2020-04-24 10:18:01"
1454,11,"Foodbank Malvern Hills",info@malvernhills.foodbank.org.uk,"01684 564491","Malvern Hills Foodbank Unit 4,","Spring Court Spring Lane",,"South Malvern",,"WR14 1AT",https://malvernhills.foodbank.org.uk,,,,,,,0,,,1,,,1,,,1,,,1,,,1,,,1,,,1,,,,52.12397080,-2.30519230,0,aa83154a36d366670a1a281f6faec152,0,31,"2020-01-17 12:26:45",1,"2020-04-24 10:18:01"
1455,11,"Foodbank Manchester Central",info@manchestercentral.foodbank.org.uk,"0161 272 5210","Manchester Universities' Catholic Student Chaplaincy Avila House,","335-337 Oxford Road,",,,"Manchester,","M13 9PG",http://manchestercentral.foodbank.org.uk/,,,,,,,0,,,1,,,1,,,1,,,1,,,1,,,1,,,1,,,,53.46452230,-2.23157280,0,7f8c67c74eb2d11722643c67c56c88c2,0,31,"2020-01-17 12:28:30",1,"2020-04-24 10:18:01"
1456,11,"Foodbank Manchester South Central",info@manchestersouthcentral.foodbank.org.uk,"07842 093922","Unit 3 The Wesley Centre","Corner of Old York Street/ Royce Road",,Hulme,Manchester,"M15 5BP",http://manchestersouthcentral.foodbank.org.uk/,,,,,,,0,,,1,,,1,,,1,,,1,,,1,,,1,,,1,,,,53.46778830,-2.25564460,0,19ffc0295571fefb60abffc4bcf9270e,0,31,"2020-01-17 12:30:25",1,"2020-04-24 10:18:01"
1457,11,"Foodbank Market Drayton",info@marketdrayton.foodbank.org.uk,"01630 654007","The Parish Rooms","Church Street","Market Drayton",,,"TF9 1AF",http://marketdrayton.foodbank.org.uk,,,,,,,0,,,1,,,1,,,1,,,1,,,1,,,1,,,1,,,,52.90259770,-2.48480090,0,690945ad0f8bd413c78a7de0f6869235,0,31,"2020-01-17 12:32:42",1,"2020-04-24 10:18:01"
1458,11,"Foodbank Medway",info@medway.foodbank.org.uk,"01634 757057","19 Riverside 1 Sir Thomas Longley Road","Medway City Estate","ROCHESTER,",Kent,,"ME2 4DP",http://medway.foodbank.org.uk,,,,,,,0,,,1,,,1,,,1,,,1,,,1,,,1,,,1,,,,51.39060980,0.52009910,0,a0ae68f0eb9d8e982ab4d84362eeae66,0,31,"2020-01-17 12:34:27",1,"2020-04-24 10:18:01"
1459,11,"Foodbank Merthyr Cynon",info@merthyrcynon.foodbank.org.uk,"07427 537 437","Gurnos Christian Centre","26 Spruce Tree Grove","Merthyr Tydfil",,,"CF47 9AU",http://merthyrcynon.foodbank.org.uk,,,,,,,0,,,1,,,1,,,1,,,1,,,1,,,1,,,1,,,,51.76164440,-3.38201640,0,de731b7105f41a62d5298a4b57425479,0,31,"2020-01-17 12:36:02",1,"2020-04-24 10:18:01"
1460,11,"Foodbank Mid Cheshire",info@midcheshire.foodbank.org.uk,"01606 590992","Mid Cheshire Foodbank Warehouse","Unit 14 The Business Centre","Barlow Drive",Winsford,,,http://midcheshire.foodbank.org.uk,,,,,,,0,,,1,,,1,,,1,,,1,,,1,,,1,,,1,,,,,,0,8a3ac52b26d9cfd271e1da965abd5be3,0,31,"2020-01-17 12:47:59",1,"2020-04-24 10:18:01"
1461,11,"Foodbank Mid Norfolk",info@midnorfolk.foodbank.org.uk,"01362 850624","Wellspring Family Church","35 Neatherd Road",,Dereham,,"NR19 2AE",http://midnorfolk.foodbank.org.uk/,,,,,,,0,,,1,,,1,,,1,,,1,,,1,,,1,,,1,,,,52.68248610,0.94602290,0,ae032924cd24ba9a73cd61f33569a52b,0,31,"2020-01-17 12:49:42",1,"2020-04-24 10:18:02"
1462,11,"Foodbank Middlesbrough",info@middlesbrough.foodbank.org.uk,"07954 131337","Middlesbrough Foodbank (Depot) Unit 5 Wear Court Wallis Road","Skippers Lane Industrial Estate",Southbank,Middlesbrough,,"TS6 6DU",http://middlesbrough.foodbank.org.uk,,,,,,,0,,,1,,,1,,,1,,,1,,,1,,,1,,,1,,,,54.57134250,-1.18337750,0,067f2e640988b5771d2653a37c6f6b8c,0,31,"2020-01-17 12:51:25",1,"2020-04-24 10:18:02"
1463,11,"Foodbank Middlewich & District",info@middlewichdistrict.foodbank.org.uk,"0771 227 9949","Middlewich Community Centre,","34-36 Brooks Lane,",,"Middlewich,","Cheshire,","CW10 0JG",http://middlewichdistrict.foodbank.org.uk/,,,,,,,0,,,1,,,1,,,1,,,1,,,1,,,1,,,1,,,,53.18926510,-2.43929060,0,aafaa76542e4b3d7e72f10e13cceb1a5,0,31,"2020-01-17 12:53:22",1,"2020-04-24 10:18:02"
1464,11,"Foodbank Midlothian",janiceburns@midlothian.foodbank.org.uk,"07789 173276","96 Hunterfield Road",Gorebridge,,Midlothian,,"EH23 4TT",http://midlothian.foodbank.org.uk/,,,,,,,0,,,1,,,1,,,1,,,1,,,1,,,1,,,1,,,,55.84540340,-3.05077860,0,965899dd472ec5b7468127fe25bb65a7,0,31,"2020-01-17 12:54:53",1,"2020-04-24 10:18:02"
1465,11,"Foodbank Morecombe Bay",info@morecambebay.foodbank.org.uk,"+44 (0)7591 763130","West End Community Centre","Westminster Road",,Morecambe,,"LA4 4JE",https://morecambebay.foodbank.org.uk,,,,,,,0,,,1,,,1,,,1,,,1,,,1,,,1,,,1,,,,54.06516990,-2.87781860,0,af2195b1fd427420475cded3c72bd8b2,0,31,"2020-01-17 13:04:36",1,"2020-04-24 10:18:02"
1466,11,"Foodbank Muswell Hill",info@muswellhill.foodbank.org.uk,"020 8883 0434","Pembroke Road Church","68 Pembroke Road","Muswell Hill",,London,"N10 2HT",https://muswellhill.foodbank.org.uk,,,,,,,0,,,1,,,1,,,1,,,1,,,1,,,1,,,1,,,,51.60483090,-0.14566310,0,b3f81a0d4616caecab6b728560968f02,0,31,"2020-01-17 13:16:54",1,"2020-04-24 10:18:02"
1467,11,"Foodbank Nantwich",info@nantwich.foodbank.org.uk,"07896 652209","Market Street Church,","Market Street,",,Nantwich,,"CW5 5DG",http://nantwich.foodbank.org.uk,,,,,,,0,,,1,,,1,,,1,,,1,,,1,,,1,,,1,,,,53.06814400,-2.52043440,0,744e53a1a8fe844421c07269103c03e4,0,31,"2020-01-17 13:18:25",1,"2020-04-24 10:18:02"
1468,11,"Foodbank Neath",feedthehungry@hotmail.co.uk,07534256508,"Orchard Place Baptist Church,","Orchard Street,",,"Neath,",,"SA11 1DT",http://neath.foodbank.org.uk/,,,,,,,0,,,1,,,1,,,1,,,1,,,1,,,1,,,1,,,,51.66298590,-3.80372440,0,a09413cc65836b3ac897e7fcdd5a7e58,0,31,"2020-01-17 13:26:31",1,"2020-04-24 10:18:02"
1469,11,"Foodbank Newark",info@newark.foodbank.org.uk,"07307 695310","Barnbygate Methodist Church","15a Barnbygate",,Newark,,"NG24 1PX",http://newark.foodbank.org.uk,,,,,,,0,,,1,,,1,,,1,,,1,,,1,,,1,,,1,,,,53.07583450,-0.80664140,0,333122a1471d1b0ebff8109ec6d73e4b,0,31,"2020-01-17 13:31:56",1,"2020-04-24 10:18:02"
1470,11,"Foodbank Newcastle Staffs",info@newcastlestaffs.foodbank.org.uk,"07519 159061","Aspire Housing Depot Parkhouse Industrial Estate","West Brick kiln Lane",Chesterton,"Newcastle under Lyme",Staffordshire,"ST5 7AS",http://newcastlestaffs.foodbank.org.uk,,,,,,,0,,,1,,,1,,,1,,,1,,,1,,,1,,,1,,,,53.04319400,-2.24710480,0,8887090f3d35ff46d3f2f4fbe94cee47,0,31,"2020-01-17 13:44:22",1,"2020-04-24 10:18:02"
1471,11,"Foodbank Newcastle East",info@newcastleeast.foodbank.org.uk,"0191 224 2422","Elim Church Newcastle,","The Dream Centre,","Heaton Road,","Newcastle-upon-Tyne,",,"NE6 1SB",http://newcastleeast.foodbank.org.uk,,,,,,,0,,,1,,,1,,,1,,,1,,,1,,,1,,,1,,,,54.97891610,-1.57976490,0,aace84ab4b374de7e2bd0781c2f3b319,0,31,"2020-01-17 13:47:30",1,"2020-04-24 10:18:02"
1472,11,"Foodbank Newport",info@newport.foodbank.org.uk,"01633 822211","Christchurch Centre BT Compound","Malpas Road",,Newport,,"NP20 5PP",http://newport.foodbank.org.uk/,,,,,,,0,,,1,,,1,,,1,,,1,,,1,,,1,,,1,,,,51.60174220,-3.00568390,0,1e774d6c5c92be617231c76d9c894dd7,0,31,"2020-01-17 13:59:38",1,"2020-04-24 10:18:02"
1473,11,"Foodbank Newtownabbey",info@newtownabbey.foodbank.org.uk,"07581 179604","258 Carnmoney Road",Newtownabbey,,"Co Antrim",,"BT36 6JZ",http://newtownabbey.foodbank.org.uk/,,,,,,,0,,,1,,,1,,,1,,,1,,,1,,,1,,,1,,,,54.68330970,-5.95254170,0,346ad63be7bdce52bfd1807c013a2c50,0,31,"2020-01-17 14:01:08",1,"2020-04-24 10:18:02"
1474,11,"Foodbank Newtownards",info@newtownards.foodbank.org.uk,"028 91817487","Thriving Life Church,","18c Crawfordsburn Road,","Newtownards,","Down,",,"BT23 4EA",http://newtownards.foodbank.org.uk,,,,,,,0,,,1,,,1,,,1,,,1,,,1,,,1,,,1,,,,54.59903460,-5.70599200,0,7210582d6f822262db177450782c9dd0,0,31,"2020-01-17 14:02:47",1,"2020-04-24 10:18:02"
1475,11,"Foodbank Normanton",info@normanton.foodbank.org.uk,"01924 895634","The Well Project @ Haw Hill Park,","Castleford Road,","Normanton,","West Yorkshire,",,"WF6 2DP",http://normanton.foodbank.org.uk/,,,,,,,0,,,1,,,1,,,1,,,1,,,1,,,1,,,1,,,,53.70028310,-1.41476070,0,443dd530fcdb28bc1542849c90ca7f35,0,31,"2020-01-17 14:06:42",1,"2020-04-24 10:18:02"
1476,11,"Foodbank North Ayrshire",nafoodbank@btinternet.com,"01294 601312","150 A Glasgow Street,","Adrossan,",Ayrshire,,,"KA22 8EU",http://northayrshire.foodbank.org.uk,,,,,,,0,,,1,,,1,,,1,,,1,,,1,,,1,,,1,,,,55.64320040,-4.81090130,0,8a57c5b3a604c796736215b1164570cb,0,31,"2020-01-17 14:08:25",1,"2020-04-24 10:18:02"
1477,11,"Foodbank North Belfast",info@northbelfast.foodbank.org.uk,"07902 099 840","Ekenhead Halls","19 North Circular Road",,,Belfast,"BT15 5HB",http://northbelfast.foodbank.org.uk/,,,,,,,0,,,1,,,1,,,1,,,1,,,1,,,1,,,1,,,,54.63538140,-5.93865390,0,0864af48e0b6870c5dcc156facdfbddb,0,31,"2020-01-17 14:10:21",1,"2020-04-24 10:18:02"
1478,11,"Foodbank North Cotswold",info@northcotswold.foodbank.org.uk,"07879 375562","Glebe Farm Buildings Guiting Power",Cheltenham,,Gloucestershire,,"GL54 5TZ",http://northcotswold.foodbank.org.uk,,,,,,,0,,,1,,,1,,,1,,,1,,,1,,,1,,,1,,,,51.92165360,-1.86294610,0,fd7d6024b5b1fbcbfb858c7af74e600c,0,31,"2020-01-17 14:54:33",1,"2020-04-24 10:18:02"
1479,1,"ELY Skip Hire",sales@elyskiphire.co.uk,"01353 649 770","Last Resort","Stretham Road","Station Road",Wilburton,,"CB6 3QD",https://www.elyskiphire.co.uk/,,,,,,,0,"portal/encore/UserFiles/SysDocs/bb_encore_suppliers/10000/1479/waste carrier 20-22.pdf","2022-03-07 00:00:00",0,"portal/encore/UserFiles/SysDocs/bb_encore_suppliers/10000/1479/Environmental Permit .jpg","2022-01-29 00:00:00",1,,,1,,,1,,,1,,,1,"portal/encore/UserFiles/SysDocs/bb_encore_suppliers/10000/1479/Insurance 2021.pdf","2021-09-25 00:00:00",0,,,,52.36445650,0.22196450,0,6f80d3d3a3ad94615de684d60ae2914d,0,32,"2020-01-17 16:13:00",48,"2020-10-06 12:06:44"
1480,11,"British heart Foundation- Birmingham Furniture Store",heretohelp@bhf.org.uk,"0121 222 1350","98 Corportation Street",,,,Birmingham,"B4 6SX",https://www.bhf.org.uk/,,,,,,,0,,,1,,,1,,,1,,,1,,,1,,,1,,,1,,,,52.48141690,-1.89464600,0,82c3c5c880997f39d2536564cb4a9f60,0,32,"2020-01-23 15:26:10",1,"2020-04-24 10:18:03"
1481,11,"British Heart Foundation- Birmingham Store",heretohelp@bhf.org.uk,"0121 212 1192","81 Bull Street",,,,Birmingham,"B4 6AB",https://www.bhf.org.uk/,,,,,,,0,,,1,,,1,,,1,,,1,,,1,,,1,,,1,,,,52.48127440,-1.89608940,0,68905ddfd87d9d526716f2cae68017ab,0,32,"2020-01-23 15:27:57",1,"2020-04-24 10:18:03"
1482,11,"British Heart Foundation- Birmingham Perry Barr Furniture Store",heretohelp@bhf.org.uk,"0121 541 7756","Unit 45","One Stop SC","Perry Barr",,Birmingham,"B42 1AA",https://www.bhf.org.uk/,,,,,,,0,,,1,,,1,,,1,,,1,,,1,,,1,,,1,,,,52.51759510,-1.90321490,0,cbf2ebd6ba2892774f837a7b6a960e2b,0,32,"2020-01-23 15:29:25",1,"2020-04-24 10:18:03"
1483,11,"British Heart Foundation- Smethwick Furniture Store",heretohelp@bhf.org.uk,"0121 222 1280","Unit 4 Cape Hill Retail Park",Smethwick,,,,"B66 4PH",https://www.bhf.org.uk/,,,,,,,0,,,1,,,1,,,1,,,1,,,1,,,1,,,1,,,,52.48665020,-1.95559370,0,48a5e1cdce2bf62a30b64f61b3a3ab31,0,32,"2020-01-23 15:37:00",1,"2020-04-24 10:18:03"
1484,11,"British Heart Foundation- Harborne Shop",heretohelp@bhf.org.uk,"0121 426 4648","159 High Street",Harborne,,,Birmingham,"B17 9QE",https://www.bhf.org.uk/,,,,,,,0,,,1,,,1,,,1,,,1,,,1,,,1,,,1,,,,52.45832600,-1.95014490,0,2873ab82ac78f0f29003c9b98bd0ca6f,0,32,"2020-01-23 15:39:43",1,"2020-04-24 10:18:03"
1485,11,"British Heart Foundation- Erdington Furniture Shop",heretohelp@bhf.org.uk,"0121 222 1260","259- 265 High Street",Erdington,,,,"B23 6SR",https://www.bhf.org.uk/,,,,,,,0,,,1,,,1,,,1,,,1,,,1,,,1,,,1,,,,52.52229340,-1.84330340,0,0bb8f4a19d4373fdfb4ecf7448a234ee,0,32,"2020-01-23 15:41:45",1,"2020-04-24 10:18:03"
1486,11,"British Heart Foundation-Erdington Clothing Bank",heretohelp@bhf.org.uk,"01372 477 300","259/265 High Street",Erdington,,,,"B23 6SR",https://www.bhf.org.uk/,,,,,,,0,,,1,,,1,,,1,,,1,,,1,,,1,,,1,,,,52.52229340,-1.84330340,0,99b777e9d7bd034f89f09ac95485d6f1,0,32,"2020-01-23 15:43:45",1,"2020-04-24 10:18:03"
1487,11,"British Heart Foundation- Bearwood Shop",heretohelp@bhf.org.uk,"0121 434 4872","564 Bearwood Road","Bearwood Smethwick",,,,"B66 4BS",https://www.bhf.org.uk/,,,,,,,0,,,1,,,1,,,1,,,1,,,1,,,1,,,1,,,,52.47400490,-1.96938950,0,f4539189c740daf61305b3aba8c2303f,0,32,"2020-01-23 15:46:39",1,"2020-04-24 10:18:03"
1488,12,"Cawood Scientific",Simon.rudd@cawoodscientific.uk.com,"01344 886338","Coopers Bridge","Braziers Lane",Bracknell,,,"RG42 6NS",https://www.cawoodscientific.uk.com/,"Simon Rudd",Simon.rudd@cawoodscientific.uk.com,,,,,0,,,1,,,1,,,1,,,1,,,1,,,1,,,1,,,,51.43542140,-0.70250680,0,4255c53f88d62a12bc557e589a694e0d,0,32,"2020-01-31 13:01:12",1,"2020-04-24 10:18:03"
1489,11,"Abbey Church of England Academy",mreetz@abbeyceacademy.co.uk,01327702433,"Vicar lane","Town Centre",Daventry,Northamptonshire,,"NN11 4GD",www.abbeyacademy.co.uk,,,,,,,0,,,1,,,1,,,1,,,1,,,1,,,1,,,1,,,,52.25787230,-1.15679950,0,210acc6d0363608fdd50c5cf363a90cc,0,31,"2020-01-31 13:49:27",1,"2020-04-24 10:18:03"
1490,11,"Abbeyfield School",head@abbeyfieldschool.org.uk,"01604 763616","Abbeyfield School",Northampton,Northamptonshire,,,"NN4 8BU",www.abbeyfieldschool.org.uk,,,,,,,0,,,1,,,1,,,1,,,1,,,1,,,1,,,1,,,,52.21533110,-0.90319870,0,a1fddf3bdd721d5daf3c456129d71257,0,31,"2020-01-31 13:52:01",1,"2020-04-24 10:18:03"
1491,11,"Abington Vale Primary School",head@avp.northants-ecl.gov.uk,"01604 635071","470 Billing Road East",Northampton,Northamptonshire,,,"NN3 3LF",www.abingtonvaleprimary.co.uk,,,,,,,0,,,1,,,1,,,1,,,1,,,1,,,1,,,1,,,,52.24233970,-0.84281100,0,a07f4a416eba3490954bf7b9d818e7a5,0,31,"2020-01-31 13:55:40",1,"2020-04-24 10:18:03"
1492,11,"Abington Vale Primary School Stirling Campus",,"01604 631131","Stirling House","77 The Avenue",Cliftonville,Northampton,,"NN1 5BT",www.abingtonvaleprimary.co.uk,,,,,,,0,,,1,,,1,,,1,,,1,,,1,,,1,,,1,,,,52.23611320,-0.87706790,0,bad69b12d5a350bebba5a2201516fc54,0,31,"2020-01-31 13:58:39",1,"2020-04-24 10:18:03"
1493,11,"Alfred Street Junior",head@alfredstreet.northants-ecl.gov.uk,"01933 3537262","Alfred street Junior School","Alfred street",Rushden,Northamptonshire,,"NN10 9YS",www.alfredstreetjunior.org-ecl.gov.uk,,,,,,,0,,,1,,,1,,,1,,,1,,,1,,,1,,,1,,,,52.29017010,-0.59856420,0,4af373aedff90972be6ab55127c79511,0,31,"2020-01-31 14:14:57",1,"2020-04-24 10:18:03"
1494,11,"All Saints C of E Primary School Nursery",head@allsaints-pri.northants-ecl.gov.uk,"01933 225888","All Saints Primary School","Castle Street",Wellingborough,Northamptonshire,,"NN8 1LS",https://www.allsaintscevawellingborough.org.uk/,,,,,,,0,,,1,,,1,,,1,,,1,,,1,,,1,,,1,,,,52.30000380,-0.68509620,0,a579aaa6c2adecc41853a15e05fa064f,0,31,"2020-01-31 14:27:33",1,"2020-04-24 10:18:03"
1495,11,"All Saints CEVA Primary school",bursar@allsaints.northants-ecl.gov.uk,"01604 715658","Boughton Green Road",Northampton,Northamptonshire,,,"NN2 7AJ",https://allsaintscevakingsthorpe.org.uk/,,,,,,,0,,,1,,,1,,,1,,,1,,,1,,,1,,,1,,,,52.27526560,-0.88290810,0,1e4f804e5ae1201ff2f7a9707312b2af,0,31,"2020-01-31 14:34:08",1,"2020-04-24 10:18:03"
1496,11,"Ashby Fields Primary School",head@ashby.northants-ecl.gov.uk,"01327 310068","Ashby Fields Primary school","Wimborne Place","Ashby Fields",Daventry,,"NN11 0YP",Ashbyfields.co.uk,,,,,,,0,,,1,,,1,,,1,,,1,,,1,,,1,,,1,,,,52.27419150,-1.16123940,0,a8112dad5c4f2f463ead3ac23a4d2c31,0,31,"2020-01-31 14:42:24",1,"2020-04-24 10:18:03"
1497,11,"Ashton Church Of England Primary School",head@aston.northants-ecl.gov.uk,"01604 863189","Roade Hill",Ashton,Northampton,,,"NN7 2JH",wwww.ashtonceprimary.co.uk,,,,,,,0,,,1,,,1,,,1,,,1,,,1,,,1,,,1,,,,52.14680430,-0.88226450,0,874650e7064e7cbd2c5de9511e7a84c5,0,31,"2020-01-31 14:47:56",1,"2020-04-24 10:18:03"
1498,11,"Badby School",head@badby.northants-ecl.gov.uk,"01327 871363","Badby Primary school","School Lane",Badby,Northamptonshire,,"NN11 3AJ",www.badbyschool.com,,,,,,,0,,,1,,,1,,,1,,,1,,,1,,,1,,,1,,,,52.22679220,-1.18466490,0,b6cb3cc8d8ebad2aadc2ac5ee4a1e7a9,0,31,"2020-01-31 14:51:05",1,"2020-04-24 10:18:03"
1499,11,"Barby C of E Primary School",admin@barby.northants.sch.uk,01788890677,"Barby Church of England","Daventry Road",Barby,Northamptonshire,,"CV23 8TR",www.barbyceprimaryschool.org.uk,,,,,,,0,,,1,,,1,,,1,,,1,,,1,,,1,,,1,,,,52.32524740,-1.20781860,0,9fc2e93a33a35472c7efdf0531f92e83,0,31,"2020-02-04 10:16:35",1,"2020-04-24 10:18:03"
1500,11,"Barry Primary school",schooloffice@barryprimary.org,"01604 234574","Barry  Primary school","Barry Road",Northampton,Northamptonshire,,"NN1 5JS",www.barryprimary.com,,,,,,,0,,,1,,,1,,,1,,,1,,,1,,,1,,,1,,,,52.24078960,-0.87338660,0,a0c1121777667e14e693489ec8742fd0,0,31,"2020-02-04 10:21:16",1,"2020-04-24 10:18:04"
1501,11,"Barton Seagrave Primary School",enquiries@bartonseagraveprimary.co.uk,"01536 722793","Belvoir Drive,","Barton Seagrave,","Kettering,","Northamptonshire,",,"NN15 6QY",https://www.bartonseagraveprimaryschool.org/,,,,,,,0,,,1,,,1,,,1,,,1,,,1,,,1,,,1,,,,52.38077370,-0.69246370,0,ee2d91253b00fec393b1d627f04c25b9,0,31,"2020-02-04 10:25:19",1,"2020-04-24 10:18:04"
1502,11,"Beanfield Primary School",admin@beanfieldprimary.org,"01536 262000","Farmstead Road",Corby,,"Northants,",,"NN18 0LJ",https://www.beanfieldprimary.org/,,,,,,,0,,,1,,,1,,,1,,,1,,,1,,,1,,,1,,,,52.48746000,-0.72747990,0,65793fe3dc9e4ac65176c9699861936d,0,31,"2020-02-04 10:27:47",1,"2020-04-24 10:18:04"
1503,11,"Foodbank North Enfield",info@northenfield.foodbank.org.uk,"07826 542119","Jubilee Central","Unit 2 Lumina Way",Enfield,,Middlesex,"EN1 1FS",http://northenfield.foodbank.org.uk,,,,,,,0,,,1,,,1,,,1,,,1,,,1,,,1,,,1,,,,51.64307790,-0.05950910,0,fb471ccc2d5b95b15dfd0454b4dc5cb1,0,31,"2020-02-04 10:43:55",1,"2020-04-24 10:18:04"
1504,11,"Foodbank North Lakes",info@thefoodbank.org.uk,"01900 823854","Lorton Street Methodist Church,","Lorton Street,",,"Cockermouth,",,"CA13 9RH",http://thefoodbank.org.uk,,,,,,,0,,,1,,,1,,,1,,,1,,,1,,,1,,,1,,,,54.66147790,-3.36392110,0,a3ecd5e5e73bf5f5f6bc777a6ac6baa1,0,31,"2020-02-04 10:45:51",1,"2020-04-24 10:18:04"
1505,11,"Foodbank North Liverpool",jo@standrewslive.org.uk,"0151 226 3406","St Andrew's Community","Network Clubmoor Community Centre","16-18 Larkhill Lane",,Liverpool,"L13 9BR",http://northliverpool.foodbank.org.uk,,,,,,,0,,,1,,,1,,,1,,,1,,,1,,,1,,,1,,,,53.43353170,-2.93195570,0,691589e2765d96a3617466272944adb2,0,31,"2020-02-04 10:48:06",1,"2020-04-24 10:18:04"
1506,11,"Foodbank North Plymouth",info@northplymouth.foodbank.org.uk,"07759 258889","North Plymouth Community Church","Plymbridge Road",Estover,PLYMOUTH,Devon,"PL6 7LF",https://northplymouth.foodbank.org.uk,,,,,,,0,,,1,,,1,,,1,,,1,,,1,,,1,,,1,,,,50.42299840,-4.10131910,0,6d7c865a7f44beed987e3f73a08b0d67,0,31,"2020-02-04 10:51:05",1,"2020-04-24 10:18:04"
1507,11,"Foodbank Northern Devon",admin@northerndevon.foodbank.org.uk,"01237 422243","Supreme House","Pitt Lane",Bideford,,,"EX39 3JA",http://northerndevon.foodbank.org.uk,,,,,,,0,,,1,,,1,,,1,,,1,,,1,,,1,,,1,,,,51.01829680,-4.20944010,0,0bb36c78016db77a971e6d8fc2db4325,0,31,"2020-02-04 10:53:40",1,"2020-04-24 10:18:04"
1508,11,"Foodbank Norwich",admin@norwich.foodbank.org.uk,"01603 251733","Henderson Business Centre,","51 Ivy Road,",,Norwich,,"NR5 8BF",http://www.norwichfoodbank.co.uk,,,,,,,0,,,1,,,1,,,1,,,1,,,1,,,1,,,1,,,,52.63434180,1.25618990,0,b31a4ff115762f67054936bea5e7d1a9,0,31,"2020-02-04 11:00:28",1,"2020-04-24 10:18:04"
1509,11,"Foodbank Nuneaton",info@nuneaton.foodbank.org.uk,"07842 074987","Nuneaton Foodbank","c/o 157 Windermere Avenue",Nuneaton,Warwickshire,,"CV11 6HN",http://nuneaton.foodbank.org.uk/,,,,,,,0,,,1,,,1,,,1,,,1,,,1,,,1,,,1,,,,52.53123230,-1.44499350,0,18e029867901d41553a9a86be0a38afb,0,31,"2020-02-04 11:07:25",1,"2020-04-24 10:18:04"
1510,11,"Foodbank Oldham",info@oldham.foodbank.org.uk,"0161 622 1061","The Three Crowns Centre","1-3 Manchester Street",Oldham,,,"OL1 1LE",http://oldham.foodbank.org.uk,,,,,,,0,,,1,,,1,,,1,,,1,,,1,,,1,,,1,,,,53.54166290,-2.11662340,0,8022b9e42616d31368c9d8f4aed9daa5,0,31,"2020-02-04 11:09:09",1,"2020-04-24 10:18:04"
1511,11,"Foodbank Orkney",info@orkney.foodbank.org.uk,"07719 293 378","18 Junction Road",Kirkwall,Orkney,,,"KW15 1AB",http://orkney.foodbank.org.uk/,,,,,,,0,,,1,,,1,,,1,,,1,,,1,,,1,,,1,,,,58.98349450,-2.96145130,0,2440f184b6a162340058c672959a17e0,0,31,"2020-02-04 11:10:51",1,"2020-04-24 10:18:04"
1512,11,"Foodbank Ormskirk",info@ormskirk.foodbank.org.uk,"07748 951274","New Church House,","Church Street,","Ormskirk,","Lancashire,",,"L39 3RD.",https://ormskirk.foodbank.org.uk/,,,,,,,0,,,1,,,1,,,1,,,1,,,1,,,1,,,1,,,,,,0,92d611a475d2fee132cd09d2625d5e88,0,31,"2020-02-04 11:16:49",1,"2020-04-24 10:18:04"
1513,11,"Foodbank Oswestry And Borders",info@oswestryandborders.foodbank.org.uk,"01691 671940","56 Beatrice Street,","Oswestry,",,"Shropshire,",,"SY11 1QW",http://oswestryandborders.foodbank.org.uk,,,,,,,0,,,1,,,1,,,1,,,1,,,1,,,1,,,1,,,,52.86173070,-3.05209770,0,ebf425e047d9d2ea1b85a0b6a8bb5180,0,31,"2020-02-04 11:18:43",1,"2020-04-24 10:18:04"
1514,11,"Foodbank Peeblesshire",info@peeblesshire.foodbank.org.uk,"07413 484174","3 Rowan Court,","Cavalry Park,","Peebles,",,,"EH45 9BU",http://peeblesshire.foodbank.org.uk/,,,,,,,0,,,1,,,1,,,1,,,1,,,1,,,1,,,1,,,,55.64574180,-3.17222200,0,fd70c81664e624e7dfbe078cc6ca11d6,0,31,"2020-02-04 11:21:10",1,"2020-04-24 10:18:04"
1515,11,"Foodbank Pembrokshire",info@pembrokeshire.foodbank.org.uk,"01834 861999","Pembrokeshire Foodbank Head Office","Liberty Cafe Grace Court House,","Market Square,","Narberth,",,"SA67 7AU",http://pembrokeshire.foodbank.org.uk/,,,,,,,0,,,1,,,1,,,1,,,1,,,1,,,1,,,1,,,,51.79786000,-4.74235520,0,472804cd1af35a92f246a724b9fb1e83,0,31,"2020-02-04 11:23:11",1,"2020-04-24 10:18:04"
1516,11,"Foodbank Penryn & Falmouth",foodbank@highwaychurch.co.uk,"01326 618575","Highway Community Centre,","Church Road,",,"Penryn,",,"TR10 8DA",http://penrynfalmouth.foodbank.org.uk,,,,,,,0,,,1,,,1,,,1,,,1,,,1,,,1,,,1,,,,50.17008730,-5.10388510,0,0ba8ab882597b706b5cf16c27481792e,0,31,"2020-02-04 11:25:20",1,"2020-04-24 10:18:04"
1517,11,"Foodbank Pershore",info@pershore.foodbank.org.uk,"01386 555347","Foodbank Centre St Andrews,","Church Walk,","Pershore,",,,"WR10 1BH",http://pershore.foodbank.org.uk/,,,,,,,0,,,1,,,1,,,1,,,1,,,1,,,1,,,1,,,,52.11078360,-2.07743680,0,7484c8fdbd4cfe93f9cb164bd2b08755,0,31,"2020-02-04 11:31:57",1,"2020-04-24 10:18:04"
1518,11,"Foodbank Perth And Kinross",info@perthkinross.foodbank.org.uk,01738626799,"11 Cutlog Vennel,","Perth,",,,,"PH1 5HY",http://perthkinross.foodbank.org.uk/,,,,,,,0,,,1,,,1,,,1,,,1,,,1,,,1,,,1,,,,56.39738170,-3.43225150,0,2d99757e0169786d6457b662c63b0af7,0,31,"2020-02-04 11:38:01",1,"2020-04-24 10:18:04"
1519,11,"Foodbank Peterborough",info@peterborough.foodbank.org.uk,"01733 575083/ 311156","Foodbank Warehouse","Dodson House","Dodson Way",Fengate,,"PE1 5XG",http://peterborough.foodbank.org.uk,,,,,,,0,,,1,,,1,,,1,,,1,,,1,,,1,,,1,,,,52.57453790,-0.20931320,0,eaf50cdf54aa82c247d455ea83d5ad9f,0,31,"2020-02-04 11:40:11",1,"2020-04-24 10:18:04"
1520,11,"Foodbank Plymouth",info@plymouth.foodbank.org.uk,"01752 254981","The Oasis Project","28 Manor Street",,Plymouth,,"PL1 1TW",https://plymouth.foodbank.org.uk,,,,,,,0,,,1,,,1,,,1,,,1,,,1,,,1,,,1,,,,50.37059550,-4.15429150,0,bd96d42344281a58c0fb164c4a5f52b7,0,31,"2020-02-04 11:41:39",1,"2020-04-24 10:18:04"
1521,11,"Foodbank Pontefract",info@pontefract.foodbank.org.uk,07935530583,"Central Methodist Church,","Newgate,","Pontefract,","West Yorkshire,",,"WF8 1NB",http://pontefract.foodbank.org.uk/,,,,,,,0,,,1,,,1,,,1,,,1,,,1,,,1,,,1,,,,53.68988860,-1.31573590,0,dd7f86cb8c0b471a3c273efac1ab93b8,0,31,"2020-02-04 11:43:54",1,"2020-04-24 10:18:05"
1522,11,"Foodbank Pontypridd",info@pontypridd.foodbank.org.uk,"01443 492033","St Lukes Church,","Cardiff Road,",Rhydyfelin,Pontypridd,,"CF37 5LG",http://pontypridd.foodbank.org.uk,,,,,,,0,,,1,,,1,,,1,,,1,,,1,,,1,,,1,,,,51.58227520,-3.31353490,0,c2104ff1a9a9a46490ad8de361b87eab,0,31,"2020-02-04 11:45:56",1,"2020-04-24 10:18:05"
1523,11,"Foodbank Port Talbot",info@porttalbot.foodbank.org.uk,"07491 922211","Carmel Chapel Riverside,","Glan-yr-Afon,","Neath,","Port Talbot,",,"SA13 1PQ",http://porttalbot.foodbank.org.uk/,,,,,,,0,,,1,,,1,,,1,,,1,,,1,,,1,,,1,,,,51.59505610,-3.78454770,0,3713bea32116784f8be252317e7fec28,0,31,"2020-02-04 11:48:51",1,"2020-04-24 10:18:05"
1524,11,"Foodbank Portsmouth",foodbank@thekings.church,02392987976,"The Kings's Centre & Church","Fraser Road",,Southsea,,"PO5 4QA",http://portsmouth.foodbank.org.uk,,,,,,,0,,,1,,,1,,,1,,,1,,,1,,,1,,,1,,,,50.79356070,-1.08412870,0,fa653a9689f53cdb55de026a79dd1ff9,0,31,"2020-02-04 11:50:57",1,"2020-04-24 10:18:05"
1525,11,"Foodbank Potters Bar",info@pottersbar.foodbank.org.uk,07792152238,"Jubilee Wayside Community Centre",Wayside,"Potters Bar,","Hertfordshire,",,"EN6 5NE",http://pottersbar.foodbank.org.uk/,,,,,,,0,,,1,,,1,,,1,,,1,,,1,,,1,,,1,,,,51.69335410,-0.16796300,0,ead258664a57643862511e040ba6eb33,0,31,"2020-02-04 11:52:48",1,"2020-04-24 10:18:05"
1526,11,"Foodbank Prestatyn & Meliden",info@prestatynmeliden.foodbank.org.uk,"07722 749773","Prestatyn & Meliden Foodbank","200 Victoria Road",Prestatyn,Denbighshire,,"LL19 7TL",https://prestatynmeliden.foodbank.org.uk,,,,,,,0,,,1,,,1,,,1,,,1,,,1,,,1,,,1,,,,53.33569460,-3.42355490,0,87e42c8ddf109e890605fd94beebd7b9,0,31,"2020-02-04 11:54:46",1,"2020-04-24 10:18:05"
1527,11,"Foodbank Quinton & Oldbury",info@quintonoldbury.foodbank.org.uk,07732157619,"St Boniface Church","Quinton Road","West Quinton,",,,"B32 2QD",http://quintonoldbury.foodbank.org.uk/,,,,,,,0,,,1,,,1,,,1,,,1,,,1,,,1,,,1,,,,52.45211280,-1.98320360,0,4ff055e90acb5d9343e2d2c549850af0,0,31,"2020-02-04 11:57:43",1,"2020-04-24 10:18:05"
1528,11,"Rainham Foodbank",info@rainham.foodbank.org.uk,01708397484,"Rainham Foodbank","35A New Road",Rainham,Essex,,"RM13 8DR",http://rainham.foodbank.org.uk,,,,,,,0,,,1,,,1,,,1,,,1,,,1,,,1,,,1,,,,51.52507310,0.16787250,0,68aba424d9321b90b3685b28b8c952bf,0,31,"2020-02-04 11:59:29",1,"2020-04-24 10:18:05"
1529,11,"Foodbank Ramsey",info@ramsey.foodbank.org.uk,"01487 812648","St Thomas a Becket Church","High Street Ramsey",Cambridgeshire,,,"PE26 1DW",https://ramsey.foodbank.org.uk/,,,,,,,0,,,1,,,1,,,1,,,1,,,1,,,1,,,1,,,,52.44933490,-0.10151100,0,5e777261ca88993309b5cc48dc5edb30,0,31,"2020-02-04 12:01:16",1,"2020-04-24 10:18:05"
1530,11,"Foodbank Redcar Area",info@redcararea.foodbank.org.uk,"Head Office 01642484842","Redcar Area Foodbank Head Office","10 Queen Street",,Redcar,,"TS10 1DY",http://redcararea.foodbank.org.uk,,,,,,,0,,,1,,,1,,,1,,,1,,,1,,,1,,,1,,,,54.61840530,-1.06970490,0,008a7249ef71c49b0ce22491b62e997e,0,31,"2020-02-04 12:07:36",1,"2020-04-24 10:18:05"
1531,11,"Foodbank Redditch",info@redditch.foodbank.org.uk,"07847 618539","The Link,","Unit 18,","Winyates Centre,",Redditch,,"B98 0NR",http://redditch.foodbank.org.uk/,,,,,,,0,,,1,,,1,,,1,,,1,,,1,,,1,,,1,,,,52.30327860,-1.89480190,0,2bb08a23c88c5d9f03119157dc5e1565,0,31,"2020-02-04 12:09:04",1,"2020-04-24 10:18:05"
1532,11,"Foodbank Rhondda",info@rhondda.foodbank.org.uk,"07928 451 374","Rhondda Foodbank,","236-237 East Road,","Tylorstown,",Ferndale,,"CF43 3DA",http://rhondda.foodbank.org.uk/,,,,,,,0,,,1,,,1,,,1,,,1,,,1,,,1,,,1,,,,51.64805890,-3.43169050,0,6ff95373bd317af19ae5a7e4ab5e72d6,0,31,"2020-02-04 12:11:51",1,"2020-04-24 10:18:05"
1533,11,"Foodbank Rhyl",info@rhyl.foodbank.org.uk,"01745 342268","Sussex Street Christian Centre","15 Sussex Street",,Rhyl,,"LL18 1SE",https://rhyl.foodbank.org.uk/,,,,,,,0,,,1,,,1,,,1,,,1,,,1,,,1,,,1,,,,53.32132070,-3.49159700,0,c6b637873899d13600f42c8a7abfc176,0,31,"2020-02-04 12:15:17",1,"2020-04-24 10:18:05"
1534,11,"Foodbank Rhymney Valley",info@rhymneyvalley.foodbank.org.uk,01443829556,"White Rose Resource Centre",Elliotstown,"New Tredegar",,,"NP24 6EF",http://rhymneyvalley.foodbank.org.uk,,,,,,,0,,,1,,,1,,,1,,,1,,,1,,,1,,,1,,,,51.71694750,-3.23464630,0,3e20e4e6f9f35895cbbd2151e6edd565,0,31,"2020-02-04 15:57:27",1,"2020-04-24 10:18:05"
1535,11,"Foodbank Ribble Valley",,,"Ribble Valley Foodbank","United Reformed Church","Castle Gate",Clitheroe,,"BB7 1AZ",http://ribblevalley.foodbank.org.uk/,,,,,,,0,,,1,,,1,,,1,,,1,,,1,,,1,,,1,,,,53.87099980,-2.39186190,0,1671eb9bbafb9d76b3144a6d871c0a1b,0,31,"2020-02-04 15:59:09",1,"2020-04-24 10:18:05"
1536,11,"Foodbank Rickmansworth",info@rickmansworth.foodbank.org.uk,"07716 856892","Methodist Church,","Berry Lane,","Rickmansworth,",,"Herts,","WD3 7HJ",http://rickmansworth.foodbank.org.uk/,,,,,,,0,,,1,,,1,,,1,,,1,,,1,,,1,,,1,,,,51.64042680,-0.49017180,0,7de29d023ef7e04d1f74c3cdb31243c5,0,31,"2020-02-04 16:01:43",1,"2020-04-24 10:18:05"
1537,11,"Foodbank Ringwood",info@ringwood.foodbank.org.uk,"01425 600134","Unit 10a Forest Corner Farm",Hangersley,Ringwood,Hampshire,,"BH24 3JW",http://ringwood.foodbank.org.uk/,,,,,,,0,,,1,,,1,,,1,,,1,,,1,,,1,,,1,,,,50.85399600,-1.75091020,0,d17490c169f5635ab171ab41034f7dd9,0,31,"2020-02-04 16:04:09",1,"2020-04-24 10:18:05"
1538,11,"Foodbank Risca",info@risca.foodbank.org.uk,"07599 973 312","THE SALVATION ARMY Risca Foodbank","66a Commercial Street",Pontymister,Risca,,"NP11 6BA",http://risca.foodbank.org.uk/,,,,,,,0,,,1,,,1,,,1,,,1,,,1,,,1,,,1,,,,51.60404410,-3.09465690,0,c3c7816f8ee484a222dfbcab5d64c73e,0,31,"2020-02-04 16:05:54",1,"2020-04-24 10:18:05"
1539,11,"Foodbank Rochdale",,"01706 713701","8 South Parade",,Rochdale,,,"OL16 1LR",http://rochdale.foodbank.org.uk/,,,,,,,0,,,1,,,1,,,1,,,1,,,1,,,1,,,1,,,,53.61683060,-2.15714080,0,2c5d9788423bf54c9a42a0d106316957,0,31,"2020-02-04 16:19:53",1,"2020-04-24 10:18:05"
1540,11,"Foodbank Romsey",info@romsey.foodbank.org.uk,"07761 405870","Romsey Foodbank Freedom Centre","Unit 20 Romsey Industrial Estate","Greatbridge Rd",Romsey,,"SO51 0HR",http://romsey.foodbank.org.uk/,,,,,,,0,,,1,,,1,,,1,,,1,,,1,,,1,,,1,,,,50.99463490,-1.49510980,0,60c900c2e589ae7230badd44a455e121,0,31,"2020-02-04 16:36:02",1,"2020-04-24 10:18:05"
1541,11,"Foodbank Rotherham",stephen@rotherham.foodbank.org.uk,"01709 372104","Hope Centre","Grove Road",,Rotherham,,"S60 2ER",http://rotherham.foodbank.org.uk/,,,,,,,0,,,1,,,1,,,1,,,1,,,1,,,1,,,1,,,,53.42756450,-1.35607050,0,04e5d96cb00289f98fa533051d3895f3,0,31,"2020-02-05 10:33:35",1,"2020-04-24 10:18:05"
1542,11,"Foodbank Rugby",info@rugby.foodbank.org.uk,"07557 680019","c/o Hope","4 8 Newbold Road",Rugby,,,"CV21 2LJ",http://rugby.foodbank.org.uk/,,,,,,,0,,,1,,,1,,,1,,,1,,,1,,,1,,,1,,,,52.37613210,-1.26458060,0,191e4c06052f427d55dcadc7eb6f4a3f,0,31,"2020-02-05 10:35:47",1,"2020-04-24 10:18:06"
1543,11,"Foodbank Rugeley",info@rugeley.foodbank.org.uk,"07528 447504","Rugeley Community Centre,","Burnthill Lane,","Rugeley,",,,"WS15 2HX",http://rugeley.foodbank.org.uk/,,,,,,,0,,,1,,,1,,,1,,,1,,,1,,,1,,,1,,,,52.75752540,-1.94051360,0,539b558a4ad538f975664929a1beb47a,0,31,"2020-02-05 10:37:50",1,"2020-04-24 10:18:06"
1544,11,"Foodbank Runcorn & District",info@runcorndistrict.foodbank.org.uk,"01928 577679","OPERATIONS CENTRE (including office)","53A Russell Road",Runcorn,,,"WA7 4BH",https://runcorndistrict.foodbank.org.uk/,,,,,,,0,,,1,,,1,,,1,,,1,,,1,,,1,,,1,,,,53.32896270,-2.75003670,0,d5c7b0f4f935cdf9d84bf0db096e48a3,0,31,"2020-02-05 10:39:48",1,"2020-04-24 10:18:06"
1545,11,"Foodbank Runnymeade",info@runnymede.foodbank.org.uk,"01932 988350","95 Guildford Street","Chertsey,",,,,"KT16 9AS",http://runnymede.foodbank.org.uk/,,,,,,,0,,,1,,,1,,,1,,,1,,,1,,,1,,,1,,,,51.39108600,-0.50489310,0,a2d96ac8e64ea1fcd783d30c3c08b8f6,0,31,"2020-02-05 10:46:11",1,"2020-04-24 10:18:06"
1546,11,"Foodbank Rutland",info@rutland.foodbank.org.uk,"07582 783363","Rear of 40 Melton Road",Oakham,,,,"LE15 6AY",http://rutland.foodbank.org.uk/,,,,,,,0,,,1,,,1,,,1,,,1,,,1,,,1,,,1,,,,52.67087660,-0.73280640,0,fe6f12cd9aec8489c47ab68e038ad55d,0,31,"2020-02-05 10:47:48",1,"2020-04-24 10:18:06"
1547,11,"Foodbank Ryedale",info@ryedale.foodbank.org.uk,"07470 564745","Elim Ryedale Church Centre","62-64 Castlegate Malton","North Yorkshire",,,"YO17 7DZ",http://ryedale.foodbank.org.uk/,,,,,,,0,,,1,,,1,,,1,,,1,,,1,,,1,,,1,,,,54.13378480,-0.79331600,0,9dd8e6f87fec9aa52c47d589888ecc8b,0,31,"2020-02-05 10:49:20",1,"2020-04-24 10:18:06"
1548,11,"Foodbank Salford",info@salford.foodbank.org.uk,"0161 637 4500","Salford Foodbank Christ Central,","Mocha Parade,",,"Salford,",,"M7 1QE",http://salford.foodbank.org.uk/,,,,,,,0,,,1,,,1,,,1,,,1,,,1,,,1,,,1,,,,53.49160400,-2.26079140,0,3f90307c985cdf11ef48dc3c87eb2044,0,31,"2020-02-05 10:51:05",1,"2020-04-24 10:18:06"
1549,11,"Foodbank Sailsbury",info@salisbury.foodbank.org.uk,"01722 580 173","Unit 6b, Ashfield Trading Estate","Ashfield Road",Salisbury,,,"SP2 7HL",https://salisbury.foodbank.org.uk/,,,,,,,0,,,1,,,1,,,1,,,1,,,1,,,1,,,1,,,,51.07170860,-1.81211260,0,2e941709fbb5a1c3b59869622df34020,0,31,"2020-02-05 10:53:00",1,"2020-04-24 10:18:06"
1550,11,"Foodbank Saltash",info@saltash.foodbank.org.uk,"0800 328 2124","Lower Ground Floor","18 Belle Vue Road",Saltash,,,"PL12 6ES",http://saltash.foodbank.org.uk/,,,,,,,0,,,1,,,1,,,1,,,1,,,1,,,1,,,1,,,,50.40977280,-4.21356130,0,0f3329212632be92bb1c6fc32d9ac4e2,0,31,"2020-02-05 10:55:15",1,"2020-04-24 10:18:06"
1551,11,"Foodbank Scunthorpe",foodbank@scunthorpebaptist.co.uk,07731321896,"Scunthorpe Baptist Church,","Ashby Road,","Scunthorpe,","North Lincolnshire",,"DN16 1NR",http://scunthorpe.foodbank.org.uk/,,,,,,,0,,,1,,,1,,,1,,,1,,,1,,,1,,,1,,,,53.58250310,-0.65300270,0,3248efb8723a3b11217744e2cefd055f,0,31,"2020-02-05 10:57:16",1,"2020-04-24 10:18:06"
1552,11,"Foodbank Selby",info@selby.foodbank.org.uk,"07413 374750","30 New Lane,",Selby,,,,"YO8 4QB",https://selbydistrict.foodbank.org.uk/,,,,,,,0,,,1,,,1,,,1,,,1,,,1,,,1,,,1,,,,53.78292520,-1.07040780,0,b6a0e980f4f6712a5410fb3a5c9365aa,0,31,"2020-02-05 10:59:48",1,"2020-04-24 10:18:06"
1553,11,"Foodbank Sheffiled S6",info@sheffields6.foodbank.org.uk,"07984 572041","St Thomas' Church,","Philadelphia Campus,","6 Gilpin Street,",Sheffield,,"S6 3BL",http://sheffields6.foodbank.org.uk/,,,,,,,0,,,1,,,1,,,1,,,1,,,1,,,1,,,1,,,,53.39271580,-1.48364160,0,7a48fb364533864cd745130363700961,0,31,"2020-02-05 11:01:29",1,"2020-04-24 10:18:06"
1554,11,"Foodbank Shepway",foodbank@rainbow-centre.org,"07913 573403","Folkestone Rainbow Centre","69 Sandgate Raod",Folkestone,,,"CT20 2AF",http://shepway.foodbank.org.uk/,,,,,,,0,,,1,,,1,,,1,,,1,,,1,,,1,,,1,,,,51.07824460,1.17833810,0,6204e601ba73c9677242993af3ded1f3,0,31,"2020-02-05 11:04:38",1,"2020-04-24 10:18:06"
1555,11,"Foodbank Sherwood",info@sherwoodforest.foodbank.org.uk,"07932 452533","Stable Centre 12 Church Street Mansfield","12 Church Street Mansfield",Woodhouse,,Notts,"NG19 AH",http://sherwoodforest.foodbank.org.uk/,,,,,,,0,,,1,,,1,,,1,,,1,,,1,,,1,,,1,,,,53.17973880,-1.19717270,0,0a883367bf0274d3d97cda4604a983d4,0,31,"2020-02-05 11:11:07",1,"2020-04-24 10:18:06"
1556,11,"Foodbank Shetland",info@shetland.foodbank.org.uk,"01595 741263","20a St Magnus Street",Lerwick,Shetland,,,"ZE1 0JT",https://shetland.foodbank.org.uk/,,,,,,,0,,,1,,,1,,,1,,,1,,,1,,,1,,,1,,,,60.15663590,-1.14853100,0,16547554c737a72adc737383d7ae2902,0,31,"2020-02-05 11:14:46",1,"2020-04-24 10:18:06"
1557,11,"Foodbank Shoreham",info@shoreham.foodbank.org.uk,"07708 384906","21/23 Clarendon Villas,","Hove,",,"East Sussex,",,"BN3 3RE.",http://shoreham.foodbank.org.uk/,,,,,,,0,,,1,,,1,,,1,,,1,,,1,,,1,,,1,,,,,,0,ce9f1f2f76f22043dfe7621f6475ff1f,0,31,"2020-02-05 11:17:01",1,"2020-04-24 10:18:06"
1558,11,"Foodbank Skelmersdale",info@skelmersdale.foodbank.org.uk,07989052832,"The Ecumenical Centre,","Northway,","Skelmersdale,",,,"WN8 6LU",http://skelmersdale.foodbank.org.uk/,,,,,,,0,,,1,,,1,,,1,,,1,,,1,,,1,,,1,,,,53.55209370,-2.77419220,0,0e6ad95b90a52f379d6c642be2a24e35,0,31,"2020-02-05 11:19:56",1,"2020-04-24 10:18:06"
1559,11,"Foodbank Slough",office@slough.foodbank.org.uk,"01753 550303","411 Montrose Avenue,",Slough,,,UK,"SL1 4TJ,",http://slough.foodbank.org.uk/,,,,,,,0,,,1,,,1,,,1,,,1,,,1,,,1,,,1,,,,,,0,aad59d569ce3194319498994c519405f,0,31,"2020-02-05 11:22:17",1,"2020-04-24 10:18:06"
1560,11,"Foodbank Smethwick",info@smethwick.foodbank.org.uk,"0121 517 0141","Church Hill Street",Smethwick,"West Midlands",,,"B67 7AH",http://smethwick.foodbank.org.uk/,,,,,,,0,,,1,,,1,,,1,,,1,,,1,,,1,,,1,,,,52.49464220,-1.97125380,0,a692a041fd77c822063f034a768816e3,0,31,"2020-02-05 11:24:44",1,"2020-04-24 10:18:06"
1561,11,"Foodbank Somervalley",info@somervalley.foodbank.org.uk,07729523986,"℅ The Ammerdown Centre,","Ammerdown Park Radstock,",,"Somerset,",,"BA3 5SW",http://www.somervalley.foodbank.org.uk/,,,,,,,0,,,1,,,1,,,1,,,1,,,1,,,1,,,1,,,,51.27362070,-2.41840520,0,0ec83ff2a8b8152d5df103964daf0201,0,31,"2020-02-05 11:26:19",1,"2020-04-24 10:18:06"
1562,11,"Foodbank South Aryshire",info@southayrshire.foodbank.org.uk,07599071114,"New Life Christian Fellowship,","New Life Church,","62 Monkton Road,",Prestwick,,"KA9 2PA",http://southayrshire.foodbank.org.uk/,,,,,,,0,,,1,,,1,,,1,,,1,,,1,,,1,,,1,,,,55.50723830,-4.60607560,0,375ac01e9e7b1aa1ff79571e8c454177,0,31,"2020-02-05 11:27:55",1,"2020-04-24 10:18:06"
1563,11,"Foodbank South Belfast",info@southbelfast.foodbank.org.uk,"07743 332489","117 Ormeau Road","(on the corner of Essex Grove)",Belfast,,,"BT7 1SH",http://southbelfast.foodbank.org.uk/,,,,,,,0,,,1,,,1,,,1,,,1,,,1,,,1,,,1,,,,54.58670820,-5.92475320,0,29ab7b5800b33779ad6320e7d21040eb,0,31,"2020-02-05 11:30:10",1,"2020-04-24 10:18:07"
1564,11,"Foodbank South Gwynedd",info@southgwynedd.foodbank.org.uk,"07973 914 599","Revelation Park Road",Barmouth,Gwynedd,,,"LL42 1PH",http://southgwynedd.foodbank.org.uk/,,,,,,,0,,,1,,,1,,,1,,,1,,,1,,,1,,,1,,,,52.72397780,-4.05801760,0,b23e6d26f2ad6479cceb2c175fa7147b,0,31,"2020-02-05 11:32:41",1,"2020-04-24 10:18:07"
1565,11,"Foodbank South Liverpool",slfoodbank09@gmail.com,"07760 718640","Bridge Chapel Centre,","Heath Road,",,,Liverpool,"L19 4XR",http://southliverpool.foodbank.org.uk/,,,,,,,0,,,1,,,1,,,1,,,1,,,1,,,1,,,1,,,,53.36651550,-2.89622380,0,11a345fff74e5a1117ba270159914f38,0,31,"2020-02-05 11:34:30",1,"2020-04-24 10:18:07"
1566,11,"Foodbank South Normanton Area",info@southnormantonarea.foodbank.org.uk,"01773 811273","St Michael and All Angels Church","Church Street South",Normanton,Derbyshire,,"DE55 2BT",http://southnormantonarea.foodbank.org.uk/,,,,,,,0,,,1,,,1,,,1,,,1,,,1,,,1,,,1,,,,53.10793140,-1.33928040,0,405aeb4b7d14ea70f8f488e8ba715708,0,31,"2020-02-05 11:36:23",1,"2020-04-24 10:18:07"
1567,11,"Foodbank South Sefton",info@southsefton.foodbank.org.uk,01519331300,"St Leonard's Youth and Community Centre","60 Peel Road,","Bootle,","Merseyside,",,"L20 4RW",http://southsefton.foodbank.org.uk/,,,,,,,0,,,1,,,1,,,1,,,1,,,1,,,1,,,1,,,,53.45779230,-3.00638710,0,3ee7c78893cdf50d885529d6b1a1409f,0,31,"2020-02-05 11:42:32",1,"2020-04-24 10:18:07"
1568,11,"Foodbank South Tyneside",info@southtyneside.foodbank.org.uk,"01914 203336","Hampden Street Operations Centre,","South Shields,",,,,"NE33 4JR",https://www.hospitalityandhope.org.uk/,,,,,,,0,,,1,,,1,,,1,,,1,,,1,,,1,,,1,,,,54.98488110,-1.43136630,0,695bdd89d6c56a6975aa7c0cb269d376,0,31,"2020-02-05 11:44:13",1,"2020-04-24 10:18:07"
1569,11,"Foodbank Southend",info@southend.foodbank.org.uk,"07456 426203","Southend Foodbank Office Friendship House,","484 Southchurch Road,",,"Southend on Sea,",,"SS1 2QA",http://southend.foodbank.org.uk/,,,,,,,0,,,1,,,1,,,1,,,1,,,1,,,1,,,1,,,,51.54018570,0.72916520,0,fcb05b79536ff1ab91c2106b313320e5,0,31,"2020-02-05 11:46:12",1,"2020-04-24 10:18:07"
1570,11,"Foodbank Southport",foodbank@lakesidecc.org.uk,"01704 544419","Lakeside Church",Fairway,Southport,,,"PR9 0LA",http://southport.foodbank.org.uk/,,,,,,,0,,,1,,,1,,,1,,,1,,,1,,,1,,,1,,,,53.66218480,-2.99823670,0,c6cda7af663aac9f16fd4e11362dc3b8,0,31,"2020-02-05 11:51:58",1,"2020-04-24 10:18:07"
1571,11,"Foodbank Sparkhill",foodbank@narthex.org.uk,"0121 708 1398","Units 20-21,","Rovex Business Park,","Hay Hall Road,","Tyseley,","Birmingham,","B11 2AQ",http://sparkhill.foodbank.org.uk/,,,,,,,0,,,1,,,1,,,1,,,1,,,1,,,1,,,1,,,,52.45655120,-1.84236860,0,5573b04d4ffae76a2df82ba500a7edc5,0,31,"2020-02-05 11:54:13",1,"2020-04-24 10:18:07"
1572,11,"Foodbank St Albans and District",info@stalbansdistrict.foodbank.org.uk,"01727 613019","Warehouse address: St Albans & District Foodbank","28 - 30 Coldharbour Lane",Harpenden,HERTS,,"AL5 4UN",http://stalbansdistrict.foodbank.org.uk/,,,,,,,0,,,1,,,1,,,1,,,1,,,1,,,1,,,1,,,,51.82684450,-0.34465810,0,4573c4566f54235140ef3f5c671c58d3,0,31,"2020-02-05 11:58:28",1,"2020-04-24 10:18:07"
1573,11,"Foodbank St Austell",info@staustell.foodbank.org.uk,"01726 65313","The Light & Life Centre,","Units 4-5 Brunel Business Park,","The Sidings,","St Austell,",,"PL25 4TJ",http://staustell.foodbank.org.uk/,,,,,,,0,,,1,,,1,,,1,,,1,,,1,,,1,,,1,,,,50.33903630,-4.78067750,0,d1fa00b46781a45b1e6ab8b65adba58c,0,31,"2020-02-05 12:01:28",1,"2020-04-24 10:18:07"
1574,11,"Foodbank St Neots",info@stneots.foodbank.org.uk,"01480 475 426","Little End Road,","Eaton Socon,","St Neots Cambridgeshire,",,,"PE19 8JH",http://stneots.foodbank.org.uk/,,,,,,,0,,,1,,,1,,,1,,,1,,,1,,,1,,,1,,,,52.21293810,-0.29310960,0,da3d3ed0d93a54d84358567203ba41cc,0,31,"2020-02-05 13:09:26",1,"2020-04-24 10:18:07"
1575,11,"Foodbank Stamford & Oundle",info@stamfordoundle.foodbank.org.uk,"07570 583 799","Stamford Foodbank The Unity Centre,","West Street,","Stamford,","Lincs,",,"PE9 2PR",http://stamfordoundle.foodbank.org.uk/,,,,,,,0,,,1,,,1,,,1,,,1,,,1,,,1,,,1,,,,52.65184890,-0.48560680,0,4fa905d02db781c6ec0ffe5b8ebb2ce7,0,31,"2020-02-05 16:39:47",1,"2020-04-24 10:18:07"
1576,11,"Norton hall Children & Family Charity",,01213283043,"Norton Hall","Ralph Road",Saltley,,Birmingham,"B8 1NA",wwww.nortonhall.org,,,,,,,0,,,1,,,1,,,1,,,1,,,1,,,1,,,1,,,,52.48881980,-1.85692020,0,a1e75316296ae614b9ba79536a57d7fb,0,31,"2020-02-06 10:45:20",1,"2020-04-24 10:18:07"
1577,11,"Welcome Charity",info@welcome-charity.org.uk,01213014141,"Middlewood house","15 Larch Court","Chelmseley Wood",Sollihul,Birmingham,"B37 7UR",www.welcomecharity.org,,,,,,,0,,,1,,,1,,,1,,,1,,,1,,,1,,,1,,,,52.47863550,-1.73711100,0,2eb0f7727e2b0d745749c3c320e812b5,0,31,"2020-02-06 10:47:17",1,"2020-04-24 10:18:07"
1578,11,"Mad Hatters Charity",smile@madhatterscharity.com,01217132270,"Malvern House","New Road",Sollihil,,Birmingham,"B91 3DL",www.madhatters.org,,,,,,,0,,,1,,,1,,,1,,,1,,,1,,,1,,,1,,,,52.41233470,-1.77116570,0,89cdc59424e919612c57be8e4794674e,0,31,"2020-02-06 10:51:00",1,"2020-04-24 10:18:07"
1579,11,"New Hope Charity",info@nhbham.org,01214558144,"Calbot sq","5th Floor","83 Hagley Road",,Birmingham,"B16 5QG",www.newhope.org.uk,,,,,,,0,,,1,,,1,,,1,,,1,,,1,,,1,,,1,,,,,,0,582999a03d3a2efce7b7a165da9861c7,0,31,"2020-02-06 10:53:14",1,"2020-04-24 10:18:07"
1580,11,"Foodbank Stockport",foodbank@stockportfoodbank.org.uk,"07483 115349","Hazel Grove Baptist Church","Station Street","Hazel Grove",Stockport,,"SK7 4EX",http://stockport.foodbank.org.uk/,,,,,,,0,,,1,,,1,,,1,,,1,,,1,,,1,,,1,,,,53.37803450,-2.12197790,0,0eb7cdbd4384ba7169d73d3f62ca52ea,0,31,"2020-02-06 11:16:44",1,"2020-04-24 10:18:07"
1581,11,"Foodbank Stoke On Trent",info@stokeontrent.foodbank.org.uk,"01782 317942","Stoke on Trent Foodbank","Magdalen Road",Blurton,Stoke-on-Trent,,"ST3 3HS",http://stokeontrent.foodbank.org.uk/,,,,,,,0,,,1,,,1,,,1,,,1,,,1,,,1,,,1,,,,52.97000330,-2.16435450,0,6225382de3ace25e21677087efd11365,0,31,"2020-02-06 11:19:07",1,"2020-04-24 10:18:07"
1582,11,"Mind Birmingham",help@birminghammind.org,"0121 262 3555","17 Graham Street,",Hockley,,,Birmingham,"B1 3JR",https://birminghammind.org/,,,,,,,0,,,1,,,1,,,1,,,1,,,1,,,1,,,1,,,,52.48456760,-1.90951460,0,462ff682aa43e9fb52f80cae20ceefe3,0,32,"2020-02-06 12:53:17",1,"2020-04-24 10:18:07"
1583,11,"Hospital Charity Birmingham",charities@uhb.nhs.uk,"0121 371 4852","QEHB Charity","Nuffield House","Queen Elizabeth Hospital Birmingham",,Birmingham,"B15 2TH",https://www.hospitalcharity.org/,,,,,,,0,,,1,,,1,,,1,,,1,,,1,,,1,,,1,,,,52.45327200,-1.93628340,0,5753a574a7c1d1ac2679b88e9aab8f4f,0,32,"2020-02-06 12:55:40",1,"2020-04-24 10:18:07"
1584,11,"Birmingham Children's Hospital Charity",fundraising@bch.org.uk,"0121 333 9999","Birmingham Children’s Hospital","Steelhouse Lane",,,Birmingham,"B4 6NH",https://www.bch.org.uk/,,,,,,,0,,,1,,,1,,,1,,,1,,,1,,,1,,,1,,,,52.48523160,-1.89409430,0,ef247a61b9e8e448b3a6b33891cdfbf0,0,32,"2020-02-06 12:57:35",1,"2020-04-24 10:18:08"
1585,11,"Acorns Children's Hospice Birmingham",supporterservices@acorns.org.uk,"01564 82 5037","Acorns Children's Hospice Trust","Drakes Court","Alcester Road",Wythall,Birmingham,"B47 6JR",https://www.acorns.org.uk/,,,,,,,0,,,1,,,1,,,1,,,1,,,1,,,1,,,1,,,,52.37625860,-1.88684820,0,de729fb7178f180628a733cacd58894f,0,32,"2020-02-06 12:59:44",1,"2020-04-24 10:18:08"
1586,11,"Age UK Birmingham",info@ageukbirmingham.org.uk,"0121 437 0033","Age UK Birmingham and Age UK Sandwell","Stratford House,","Stratford Place,",,Birmingham,"B12 0HT",https://www.ageuk.org.uk/birmingham/,,,,,,,0,,,1,,,1,,,1,,,1,,,1,,,1,,,1,,,,52.46744020,-1.88106610,0,14d3714c3e780b91693628ef91f8dfd9,0,32,"2020-02-06 13:00:56",1,"2020-04-24 10:18:08"
1587,11,"St Basils",info@stbasils.org.uk,"0121 772 2483","1-75 Allcock Street",,,,Birmingham,"B9 4DY",https://stbasils.org.uk/,,,,,,,0,,,1,,,1,,,1,,,1,,,1,,,1,,,1,,,,52.47619370,-1.88077540,0,57bc9e8d2d26bb8ba762767123f8cc80,0,32,"2020-02-06 13:02:13",1,"2020-04-24 10:18:08"
1588,11,"Homeless One Birmingham",NA,"07979 76 7979","10 New Bartholomew Street",Digbeth,,,Birmingham,"B5 5QS",https://homelessone.org/,,,,,,,0,,,1,,,1,,,1,,,1,,,1,,,1,,,1,,,,52.47964630,-1.88898530,0,ecd5add01ac08cb8c7138ad0a6d81224,0,32,"2020-02-06 13:03:34",1,"2020-04-24 10:18:08"
1589,11,"Mind Solihull",contact@solihullmind.org.uk,"0121 742 4941","14- 16 Faulkner Road",Solihull,,,,"B92 8SY",http://www.solihullmind.org.uk/,,,,,,,0,,,1,,,1,,,1,,,1,,,1,,,1,,,1,,,,52.43826910,-1.78518850,0,a599020b0d68bbe8609f16f6318c1db0,0,32,"2020-02-06 13:05:10",1,"2020-04-24 10:18:08"
1590,11,"Age UK Solihull",info@ageuksolihull.org.uk,"0121 704 7840","The Core","Central Library Building","Homer Road",Solihull,,"B91 3RG",https://www.ageuk.org.uk/solihull/,,,,,,,0,,,1,,,1,,,1,,,1,,,1,,,1,,,1,,,,52.41169770,-1.78033880,0,e7dbb0f26f034be2c04a39a86c91df64,0,32,"2020-02-06 13:07:08",1,"2020-04-24 10:18:08"
1591,11,"Family Care Trust Birmingham",NA,"0121 711 2939","Newlands Bishop Farm","Berry Hall Lane","Catherine De Barnes,",Solihull,,B912RY,https://www.familycaretrust.co.uk/,,,,,,,0,,,1,,,1,,,1,,,1,,,1,,,1,,,1,,,,52.41576420,-1.74198590,0,99c99989f8fb9534257b4d9e5ca1fdcc,0,32,"2020-02-06 13:08:44",1,"2020-04-24 10:18:08"
1592,11,"Castle Bromwich Hall Gardens",admin@cbhgt.org.uk,"0121 749 4100","Chester Road,","Castle Bromwich",,,Birmingham,"B36 9BT",https://www.castlebromwichhallgardens.org.uk/,,,,,,,0,,,1,,,1,,,1,,,1,,,1,,,1,,,1,,,,52.50563590,-1.79327830,0,ae464494f5720e6e733df8647e20b9f8,0,32,"2020-02-06 13:11:10",1,"2020-04-24 10:18:08"
1593,11,"Foodbank Strabone",foodbank@strabanecommunityproject.org.uk,"02871 414142","Grass Roots Food Market 5D John Wesley","Street Strabane","Co Tyrone",,,"BT82 8RJ",http://strabane.foodbank.org.uk/,,,,,,,0,,,1,,,1,,,1,,,1,,,1,,,1,,,1,,,,54.82589860,-7.46619420,0,3a7ee8a15e13209bf939681938172e28,0,31,"2020-02-06 13:52:33",1,"2020-04-24 10:18:08"
1594,11,"Foodbank Stratford-Upon-Avon",info@stratforduponavon.foodbank.org.uk,"07884 418 732","Tesco Superstore Birmingham Road","Stratford Upon Avon",,,,"CV37 0UA",http://stratforduponavon.foodbank.org.uk/,,,,,,,0,,,1,,,1,,,1,,,1,,,1,,,1,,,1,,,,52.20237470,-1.71423750,0,f9ab252649525879d11a701845012b0a,0,31,"2020-02-06 13:56:51",1,"2020-04-24 10:18:08"
1595,11,"Foodbank Stretford",info@stretford.foodbank.org.uk,"07564 387 209","107 Barton Road,","Stretford,",,,"Manchester,","M32 9AF",http://stretford.foodbank.org.uk/,,,,,,,0,,,1,,,1,,,1,,,1,,,1,,,1,,,1,,,,53.44505550,-2.31369480,0,2708bfc818d537452a7d03d7142c32fc,0,31,"2020-02-07 11:04:43",1,"2020-04-24 10:18:08"
1596,11,"Foodbank Stroud District",office@strouddistrictfoodbank.org.uk,"01453 367077","Unit 2a, Brimscombe Port",Brimscombe,,Stroud,,"GL5 2QQ",http://strouddistrict.foodbank.org.uk/,,,,,,,0,,,1,,,1,,,1,,,1,,,1,,,1,,,1,,,,51.71955410,-2.19137830,0,864c15bedc590b5a199bdb7b56608789,0,31,"2020-02-07 11:06:48",1,"2020-04-24 10:18:08"
1597,11,"Foodbank Sunderland",coordinator@sunderlandfoodbank.org.uk,"0191 543 7191","Foodbank Office & Foodstore Fusebox","90 Coronation Street",Sunderland,,,"SR1 2HE",https://www.sunderland.foodbank.org.uk/,,,,,,,0,,,1,,,1,,,1,,,1,,,1,,,1,,,1,,,,54.90684540,-1.37096300,0,0ea07d0372d44c33fa9aa3510f02d17c,0,31,"2020-02-07 11:08:29",1,"2020-04-24 10:18:08"
1598,11,"Foodbank Sutton",admin@suttoncommunityworks.org,"07525 838 640","Highfield Hall,","320 Carshalton Road,",Carshalton,Carshalton,,"SM5 3QB",http://sutton.foodbank.org.uk/,,,,,,,0,,,1,,,1,,,1,,,1,,,1,,,1,,,1,,,,51.36286480,-0.17339450,0,8ba484299b1a233de972abe5be87e354,0,31,"2020-02-07 11:16:26",1,"2020-04-24 10:18:08"
1599,11,"Foodbank Swale",info@swale.foodbank.org.uk,"07486 370709","Sittingbourne Baptist Church,","High Street,","Sittingbourne,",,"Kent,","ME10 4AQ.",http://swale.foodbank.org.uk/,,,,,,,0,,,1,,,1,,,1,,,1,,,1,,,1,,,1,,,,,,0,edb64ee4bbb74cb41aa7f9b80c5fcf8c,0,31,"2020-02-07 11:23:19",1,"2020-04-24 10:18:08"
1600,11,"Foodbank Swanley and District",info@swanleydistrict.foodbank.org.uk,"07798 872 573","11 Lynden Way",Swanley,Kent,,,"BR8 7DN",http://swanleydistrict.foodbank.org.uk/,,,,,,,0,,,1,,,1,,,1,,,1,,,1,,,1,,,1,,,,51.39623730,0.16398650,0,b7eed6deeff262d86c3faaf8a53532b9,0,31,"2020-02-07 11:25:11",1,"2020-04-24 10:18:08"
1601,11,"Foodbank Swansea",info@swansea.foodbank.org.uk,"07815 534 095","Gorseinon Institute,","Lime Street,","Gorseinon,","West Glamorgan","Swansea,","SA4 4EE",http://swansea.foodbank.org.uk/,,,,,,,0,,,1,,,1,,,1,,,1,,,1,,,1,,,1,,,,51.66793560,-4.03849160,0,16a2d829ed499a270af4541587077459,0,31,"2020-02-07 11:26:56",1,"2020-04-24 10:18:08"
1602,11,"Foodbank Taff-Ely",Lol@taffely.foodbank.org.uk,"07871 552 804","Bethel Baptist Centre,","Heol Miskin,",,Pontyclun,,"CF72 9AJ",http://taffely.foodbank.org.uk/,,,,,,,0,,,1,,,1,,,1,,,1,,,1,,,1,,,1,,,,51.52506090,-3.38694260,0,0d46d9c892e965e996d4316f2b42b6aa,0,31,"2020-02-07 11:28:38",1,"2020-04-24 10:18:08"
1603,11,"Foodbank Tameside East",info@tamesideeast.foodbank.org.uk,"0161 304 9308","Holy Trinity & Christ Church","Corporation Street",Stalybridge,Cheshire,,"SK15 2JS",http://tamesideeast.foodbank.org.uk/,,,,,,,0,,,1,,,1,,,1,,,1,,,1,,,1,,,1,,,,53.48288750,-2.05517200,0,d755c7a361c1fe84cb3ea052e7c59215,0,31,"2020-02-07 11:31:13",1,"2020-04-24 10:18:08"
1604,11,"Foodbank Tameside South & Longdale",info@tamesidesouthlongdendale.foodbank.org.uk,"07901 786905","Hattersley Baptist Church","Melandra Crescent",Hattersley,,,"SK14 3RB",http://tamesidesouthlongdendale.foodbank.org.uk/,,,,,,,0,,,1,,,1,,,1,,,1,,,1,,,1,,,1,,,,53.45028850,-2.02494070,0,3dde5aecb72f5e8520a46db08f358bcd,0,31,"2020-02-07 11:33:03",1,"2020-04-24 10:18:08"
1605,11,"Foodbank Tamworth",info@tamworth.foodbank.org.uk,"01827 302434","Manna House 258-264 Glascote Road",Glascote,Tamworth,Staffordshire,,"B77 2AY",http://tamworth.foodbank.org.uk/,,,,,,,0,,,1,,,1,,,1,,,1,,,1,,,1,,,1,,,,52.62823760,-1.67620380,0,d1d509e27d34ac343206b304ad50c3a8,0,31,"2020-02-07 11:34:42",1,"2020-04-24 10:18:08"
1606,11,"Foodbank Tavistock",info@tavistock.foodbank.org.uk,"07941 436 149","Tavistock United Reformed Church,","Russell Street,",,"Tavistock,",,"PL19 8BD.",http://tavistock.foodbank.org.uk/,,,,,,,0,,,1,,,1,,,1,,,1,,,1,,,1,,,1,,,,,,0,37d3ae6568ee8ba646e2c4df629c6995,0,31,"2020-02-07 11:36:13",1,"2020-04-24 10:18:09"
1607,11,"Foodbank Tewkesbury",info@tewkesbury.foodbank.org.uk,"01684 296824","76, Church Street,","Tewkesbury,",,"Gloucestershire,",,"GL20 5RX.",https://tewkesbury.foodbank.org.uk/,,,,,,,0,,,1,,,1,,,1,,,1,,,1,,,1,,,1,,,,,,0,6abeb104654a03b14b302966a9f78e5e,0,31,"2020-02-07 11:38:11",1,"2020-04-24 10:18:09"
1608,11,"Foodbank The Whitehawk",info@thewhitehawk.foodbank.org.uk,"07941 397 648","St Cuthmans Church,","Whitehawk Way,","Whitehawk,","Brighton,",,"BN2 5HE",http://thewhitehawk.foodbank.org.uk/,,,,,,,0,,,1,,,1,,,1,,,1,,,1,,,1,,,1,,,,50.82778600,-0.10482550,0,cf8ea7cdce2b50aae131884c2adb7b8e,0,31,"2020-02-07 11:43:27",1,"2020-04-24 10:18:09"
1609,11,"Foodbank Thetford",info@thetford.foodbank.org.uk,"tel:0844 288 9618 (not manned M-F 9-5 please leave your no. and a message and someone will get back to you)","Charles Burrell Centre,","Staniforth Road,",Thetford,,,"IP24 3LH",http://thetford.foodbank.org.uk/,,,,,,,0,,,1,,,1,,,1,,,1,,,1,,,1,,,1,,,,52.40511040,0.74068200,0,b56bab5ca2488f10469c360eba0ca904,0,31,"2020-02-07 11:45:57",1,"2020-04-24 10:18:09"
1610,11,"Foodbank Thurrock",info@thurrock.foodbank.org.uk,"07928 879068","Thurrock Christian Fellowship","2-4 Chase Road",Corringham,,Essex,"SS17 7QH",http://thurrock.foodbank.org.uk/,,,,,,,0,,,1,,,1,,,1,,,1,,,1,,,1,,,1,,,,51.52282650,0.45700730,0,b153a258768c0e0d0e985e1110cf4b6d,0,31,"2020-02-07 11:48:09",1,"2020-04-24 10:18:09"
1611,11,"Foodbank Towcester",info@towcester.foodbank.org.uk,"01327 354173","St John Ambulance Hall","Islington Road",,Towcester,,"NN12 6AU",http://towcester.foodbank.org.uk/tel,,,,,,,0,,,1,,,1,,,1,,,1,,,1,,,1,,,1,,,,52.12865660,-0.98621750,0,c7efd912c8709de2f3565d5cabcf3b94,0,31,"2020-02-07 11:49:55",1,"2020-04-24 10:18:09"
1612,11,"Foodbank Trafford South",info@traffordsouth.foodbank.org.uk,"07749 378447","c/o St Albans Church,","Lindsell Road,","Altrincham,",Cheshire,,"WA14 5NX",http://traffordsouth.foodbank.org.uk/,,,,,,,0,,,1,,,1,,,1,,,1,,,1,,,1,,,1,,,,53.40357260,-2.35388040,0,506230b4e0896c2386cf55a3b2837de1,0,31,"2020-02-07 11:51:24",1,"2020-04-24 10:18:09"
1613,11,"Foodbank Truro",trurofoodbank@gmail.com,"077 2171 1669","All Saints Church,","Tresawls Road,","Highertown,","TRURO,",,"TR1 3LD",http://truro.foodbank.org.uk/,,,,,,,0,,,1,,,1,,,1,,,1,,,1,,,1,,,1,,,,50.26216730,-5.08475020,0,428803520812251bd77a990913f44dc9,0,31,"2020-02-07 11:53:13",1,"2020-04-24 10:18:09"
1614,11,"Foodbank Uckfield",admin@uckfield.foodbank.org.uk,"01825 745489","15 Horsted Square","Bellbrook Industrial Estate",Uckfield,"East Sussex",,"TN22 1QG",http://uckfield.foodbank.org.uk/,,,,,,,0,,,1,,,1,,,1,,,1,,,1,,,1,,,1,,,,50.96634760,0.08238450,0,c7a760e9da850d2464e123f933b958af,0,31,"2020-02-07 11:55:00",1,"2020-04-24 10:18:09"
1615,11,"Foodbank Uist & Barra",info@uistbarra.foodbank.org.uk,"01870 603819","East Camp",Balivanich,Benbecula,,,"HS7 5LA",https://uistbarra.foodbank.org.uk/,,,,,,,0,,,1,,,1,,,1,,,1,,,1,,,1,,,1,,,,57.46707600,-7.36927180,0,ed51803b6b7ff22e9ebd3dc3f8e7cb52,0,31,"2020-02-07 11:56:28",1,"2020-04-24 10:18:09"
1616,11,"Foodbank Uttlesford",info@uttlesford.foodbank.org.uk,"07531 436335","Uttlesford Foodbank","Stansted House","Shire Hill","Saffron Walden",,"CB11 3AQ",https://uttlesford.foodbank.org.uk/,,,,,,,0,,,1,,,1,,,1,,,1,,,1,,,1,,,1,,,,52.01960830,0.25635590,0,e2263722a2b156007639ea21b19088a2,0,31,"2020-02-07 11:58:42",1,"2020-04-24 10:18:09"
1617,11,"Foodbank Vale",info@vale.foodbank.org.uk,"07879 562077","Coastlands Family Church, The Gateway Centre,","Tennyson Road,","Colcot,","Vale of Glamorgan,","Barry,","CF62 9TN",http://vale.foodbank.org.uk/,,,,,,,0,,,1,,,1,,,1,,,1,,,1,,,1,,,1,,,,51.41846380,-3.27483880,0,bea124d2647b415e115bfb1eb120b3b1,0,31,"2020-02-07 12:00:41",1,"2020-04-24 10:18:09"
1618,11,"Foodbank Wadebridge",contact@wadebridgefoodbank.org,"01208 815374","Wadebridge Foodbank","Unit 2 Trevanson Street",Wadebridge,Cornwall,,"PL27 7AR",https://www.wadebridgefoodbank.org/,,,,,,,0,,,1,,,1,,,1,,,1,,,1,,,1,,,1,,,,50.51838730,-4.83921910,0,805e16de53efe52e3c5813cf1df17e20,0,31,"2020-02-07 12:02:24",1,"2020-04-24 10:18:09"
1619,11,"Foodbank Walsall",info@walsallnorth.foodbank.org.uk,"07582 869895","Pelsall Methodist Church,","Chapel Street,",,"Pelsall,",,"WS3 4LN",http://walsallnorth.foodbank.org.uk/,,,,,,,0,,,1,,,1,,,1,,,1,,,1,,,1,,,1,,,,52.62783700,-1.96887760,0,9661a50ed06b59eabe6ccd094d15c042,0,31,"2020-02-07 12:04:24",1,"2020-04-24 10:18:09"
1620,11,"Foodbank Warrington",info@warrington.foodbank.org.uk,"07583 080 521","9 Tanning Court",Warrington,,,,"WA1 2HF",http://warrington.foodbank.org.uk/,,,,,,,0,,,1,,,1,,,1,,,1,,,1,,,1,,,1,,,,53.38710180,-2.58735420,0,5a6a80fac8cf854519171ba2ebf3342b,0,31,"2020-02-07 12:06:10",1,"2020-04-24 10:18:09"
1621,11,"Foodbank Warwick",info@warwickdistrict.foodbank.org.uk,"07850 293383","St Mary's Church","St Mary's Road",,"Leamington Spa",,"CV31 1JW",https://warwickdistrict.foodbank.org.uk/,,,,,,,0,,,1,,,1,,,1,,,1,,,1,,,1,,,1,,,,52.28422850,-1.52180570,0,e2a8b1addac6f79f8a800ac6e2158cf4,0,31,"2020-02-07 12:07:55",1,"2020-04-24 10:18:09"
1622,11,"Foodbank Waterside",info@waterside.foodbank.org.uk,"07768 713 329","193-195 Hampton Lane,","Blackfield,","Southampton,","Hampshire,",,"SO45 1XA",http://waterside.foodbank.org.uk/,,,,,,,0,,,1,,,1,,,1,,,1,,,1,,,1,,,1,,,,50.81919600,-1.37396620,0,d57711da513624a49427166931049bdd,0,31,"2020-02-07 12:09:29",1,"2020-04-24 10:18:09"
1623,11,"Foodbank Watford",info@watford.foodbank.org.uk,"01923 804435","Unit 5, The Empire Centre","Imperial Way",,Watford,,"WD24 4YH",http://watford.foodbank.org.uk/,,,,,,,0,,,1,,,1,,,1,,,1,,,1,,,1,,,1,,,,51.66910400,-0.39322230,0,907a398b66531b17cf7b4945b42cd0fc,0,31,"2020-02-07 12:11:03",1,"2020-04-24 10:18:09"
1624,11,"Foodbank Waveney",info@waveney.foodbank.org.uk,"07484 394749","Unit 9b,","Fortress Close,","Brome Ind Estate,","Eye,",,"IP23 7HN",http://waveney.foodbank.org.uk/,,,,,,,0,,,1,,,1,,,1,,,1,,,1,,,1,,,1,,,,52.33929200,1.13267740,0,7db512d499c96b86fe06c672a280e525,0,31,"2020-02-07 12:12:38",1,"2020-04-24 10:18:09"
1625,11,"Foodbank Welshpool",info@welshpooldistrict.foodbank.org.uk,"01938 536379","Kingswood Church Church Road",Welshpool,Powys,,,"SY21 7LN",http://welshpooldistrict.foodbank.org.uk/,,,,,,,0,,,1,,,1,,,1,,,1,,,1,,,1,,,1,,,,52.65893820,-3.15309580,0,bbb3eb9348241706a7c84ffc5618f4f2,0,31,"2020-02-07 12:16:01",1,"2020-04-24 10:18:09"
1626,11,"Foodbank West Belfast",info@westbelfast.foodbank.org.uk,07802462836,"Conway Mill","5-7 Conway Street",Belfast,,,"BT13 2DE",https://westbelfast.foodbank.org.uk/,,,,,,,0,,,1,,,1,,,1,,,1,,,1,,,1,,,1,,,,54.60045730,-5.95112010,0,b884e8b9beb3a5e77974ad2e6e9ec34a,0,31,"2020-02-07 12:18:00",1,"2020-04-24 10:18:09"
1627,11,"Foodbank West Berks",info@westberks.foodbank.org.uk,"07955 626621","Salvation Army Hall","8 Northcroft Lane",,Newbury,,"RG14 1BU",http://westberks.foodbank.org.uk/,,,,,,,0,,,1,,,1,,,1,,,1,,,1,,,1,,,1,,,,51.40191550,-1.32524330,0,3dbae33214e2062e1c75bd40964da9bc,0,31,"2020-02-07 12:19:16",1,"2020-04-24 10:18:10"
1628,11,"Foodbank West Cheshire",info@westcheshire.foodbank.org.uk,"0151 355 7730","West Cheshire Foodbank","Units 3 and 4 Stanney Mill Industrial Estate","Dutton Green",Chester,,"CH2 4SA",http://westcheshire.foodbank.org.uk/,,,,,,,0,,,1,,,1,,,1,,,1,,,1,,,1,,,1,,,,53.26915070,-2.86966960,0,205d5722c2bfd05d375e558bad2feba5,0,31,"2020-02-07 12:37:01",1,"2020-04-24 10:18:10"
1629,11,"Foodbank West Lothian",info@westlothian.foodbank.org.uk,"01501 229307","West Lothian Foodbank Headquarters Unit 5,","Heron Square Deans Industrial Estate",,Livingston,,"EH54 8QY",http://westlothian.foodbank.org.uk/,,,,,,,0,,,1,,,1,,,1,,,1,,,1,,,1,,,1,,,,55.90661510,-3.57775660,0,43248d2fca8c84ddfa808a404fa66269,0,31,"2020-02-07 12:38:44",1,"2020-04-24 10:18:10"
1630,11,"Foodbank Weston Favell",info@westonfavellcentre.foodbank.org.uk,"01604 402150","Emmanuel Church","Weston Favell Centre",,,,"NN3 8JR",http://westonfavellcentre.foodbank.org.uk/,,,,,,,0,,,1,,,1,,,1,,,1,,,1,,,1,,,1,,,,52.25702110,-0.83330310,0,9d30ca78a4068653fa887442bc988595,0,31,"2020-02-07 12:40:11",1,"2020-04-24 10:18:10"
1631,11,"Foodbank Weston Supermare",info@wsmfoodbank.org.uk,"North Street,","Weston-Super-Mare,",,,,,"BS23 1QF",http://westonsupermare.foodbank.org.uk/,,,,,,,0,,,1,,,1,,,1,,,1,,,1,,,1,,,1,,,,51.34932410,-2.97812350,0,0c5ffa1571ac075b32e1aaa1f7a535e3,0,31,"2020-02-07 12:43:32",1,"2020-04-24 10:18:10"
1632,11,"Foodbank Wetherby",info@wetherbyanddistrict.foodbank.org.uk,"07840 455725","Wetherby and District Foodbank Warehouse,","Unit 605, Avenue D,","Thorp Arch Trading Estate,",Wetherby,,"LS23 7FS",http://wetherbyanddistrict.foodbank.org.uk/,,,,,,,0,,,1,,,1,,,1,,,1,,,1,,,1,,,1,,,,53.90953180,-1.32042060,0,880a9cda1d93c0b58020c325f2a0ae1a,0,31,"2020-02-07 12:45:22",1,"2020-04-24 10:18:10"
1633,11,"Foodbank Whitchurch",info@whitchurch.foodbank.org.uk,"01948 663943","Bargates Hall,","Church Street,","Whitchurch,","Shropshire,",,"SY13 1LR",http://whitchurch.foodbank.org.uk/,,,,,,,0,,,1,,,1,,,1,,,1,,,1,,,1,,,1,,,,52.97563610,-2.68722710,0,db4b418bed608e9689c26b7f2683e1a8,0,31,"2020-02-07 12:47:15",1,"2020-04-24 10:18:10"
1634,11,"Foodbank Widnes",info@widnes.foodbank.org.uk,"0151 422 0031","c/o Trinity Methodist Church,","Peel House Lane,","Widnes,",Cheshire,,"WA8 6TJ",http://widnes.foodbank.org.uk/,,,,,,,0,,,1,,,1,,,1,,,1,,,1,,,1,,,1,,,,53.37262460,-2.72242470,0,f0eaba906f8149d6f409e7031c5e70d4,0,31,"2020-02-07 12:48:58",1,"2020-04-24 10:18:10"
1635,11,"Foodbank Wigtownshire",info@wigtownshire.foodbank.org.uk,"01776 700973","Apex Stranraer,","2 Back Rampart,","High Street,","Stranraer,",,"DG9 7LW",http://wigtownshire.foodbank.org.uk/,,,,,,,0,,,1,,,1,,,1,,,1,,,1,,,1,,,1,,,,54.90551120,-5.03277030,0,2ad53513d368ddaa5046b60f56147cb5,0,31,"2020-02-07 12:50:47",1,"2020-04-24 10:18:10"
1636,11,"Foodbank Windermere & District",info@windermeredistrict.foodbank.org.uk,"01539 422569","The Methodist Church Basement,","Main Road,","Windermere,",,,"LA23 1DY",http://windermeredistrict.foodbank.org.uk/,,,,,,,0,,,1,,,1,,,1,,,1,,,1,,,1,,,1,,,,54.37887210,-2.90654130,0,30b5bd46dc8848e96d2c5781c6beef03,0,31,"2020-02-07 12:53:01",1,"2020-04-24 10:18:10"
1637,11,"Foodbank Wirral",enquiries@wirralfoodbank.org.uk,"0151 638 7090","Unit 14","Wirral Business Centre","Dock Road",Birkenhead,,"CH41 1JW",http://wirral.foodbank.org.uk/,,,,,,,0,,,1,,,1,,,1,,,1,,,1,,,1,,,1,,,,53.40675880,-3.03683170,0,4f8a23706496ee40e70dd343052a29d4,0,31,"2020-02-07 12:56:48",1,"2020-04-24 10:18:10"
1638,11,"Foodbank Wisbeach",info@wisbech.foodbank.org.uk,"07933 572054","Wisbech Baptist Church","Hill Street",Wisbech,Cambridgeshire,,"PE13 1BD",http://wisbech.foodbank.org.uk/,,,,,,,0,,,1,,,1,,,1,,,1,,,1,,,1,,,1,,,,52.66567690,0.16101430,0,6d2884cb7ca08ff12b7cdc17c64960f1,0,31,"2020-02-07 12:58:33",1,"2020-04-24 10:18:10"
1639,11,"Foodbank Witney",info@witney.foodbank.org.uk,"01993 890000","Witney & West Oxfordshire Foodbank Cottsway House Heynes Place",", Avenue Two",WITNEY,Oxfordshire,,"OX28 4YG",https://witney.foodbank.org.uk/,,,,,,,0,,,1,,,1,,,1,,,1,,,1,,,1,,,1,,,,51.77741980,-1.48400030,0,3db74507391c1c3b5ee1fd55ceae7b97,0,31,"2020-02-07 13:00:13",1,"2020-04-24 10:18:10"
1640,11,"Foodbank Woking",info@woking.foodbank.org.uk,"07896 077 760","The Lighthouse","8-10 High Street",,Woking,,"GU21 6BG",http://woking.foodbank.org.uk/,,,,,,,0,,,1,,,1,,,1,,,1,,,1,,,1,,,1,,,,51.31858020,-0.55787040,0,e4d7276881ab11804524802bc790eff7,0,31,"2020-02-07 13:01:41",1,"2020-04-24 10:18:10"
1641,11,"Foodbank Wokingham",info@wokingham.foodbank.org.uk,"07926 524605","The Wokingham Foodbank","1 Broad Street Walk",,WOKINGHAM,,"RG40 1BW",http://wokingham.foodbank.org.uk/,,,,,,,0,,,1,,,1,,,1,,,1,,,1,,,1,,,1,,,,51.41035960,-0.83480230,0,fd8bd69e03613550751897729801da10,0,31,"2020-02-07 13:02:58",1,"2020-04-24 10:18:10"
1642,11,"Foodbank Worcester",info@worcester.foodbank.org.uk,"01905 780400","7 Lowesmoor Wharf",Lowesmoor,WORCESTER,,,"WR1 2RS",http://worcester.foodbank.org.uk/,,,,,,,0,,,1,,,1,,,1,,,1,,,1,,,1,,,1,,,,52.19551110,-2.21706070,0,e94d2e9820196b69814360980ac42d14,0,31,"2020-02-07 13:04:39",1,"2020-04-24 10:18:10"
1643,11,"Foodbank Wrexham",info@wrexham.foodbank.org.uk,,"Wrexham Foodbank , Unit 1A","Puleston Industrial Estate;","Ruabon Road",Wrexham,,"LL 13 7RF.",http://wrexham.foodbank.org.uk/,,,,,,,0,,,1,,,1,,,1,,,1,,,1,,,1,,,1,,,,,,0,447be322237a3f72b9e40a0c83de2501,0,31,"2020-02-07 13:06:50",1,"2020-04-24 10:18:10"
1644,11,"Foodbank Wyke",info@wyke.foodbank.org.uk,"07941 326723","The Hub","68 Blackstone Avenue",Wyke,,Bradford,"BD12 8SJ",https://wyke.foodbank.org.uk/,,,,,,,0,,,1,,,1,,,1,,,1,,,1,,,1,,,1,,,,53.73452540,-1.77186010,0,5b954b47e6aaef2df11a821c9c19f459,0,31,"2020-02-07 13:08:16",1,"2020-04-24 10:18:10"
1645,11,"Foodbank Yate & Chipping Sodbury",info@northbristol.foodbank.org.uk,"0117 9791399","c/o North Bristol Foodbank","286 Filton Avenue,","Horfield,",Bristol,,"BS7 0BA",http://northbristol.foodbank.org.uk/,,,,,,,0,,,1,,,1,,,1,,,1,,,1,,,1,,,1,,,,51.49385870,-2.57568490,0,485707c788bfcc9515058478d8a87d28,0,31,"2020-02-07 13:10:03",1,"2020-04-24 10:18:10"
1646,11,"Foodbank Yiewsley & West",info@yiewsleywestdrayton.foodbank.org.uk,"07462 097357","The Yiewsley & West Drayton foodbank is based at","St Matthew's Church Centre","High Street",Yiewsley,,"UB7 7QH",https://yiewsleywestdrayton.foodbank.org.uk/,,,,,,,0,,,1,,,1,,,1,,,1,,,1,,,1,,,1,,,,51.51298950,-0.47285210,0,3b762b29701eb8320957ab7423109146,0,31,"2020-02-07 13:11:55",1,"2020-04-24 10:18:10"
1647,11,"Bosworth Independant School",info@bosworthcollege.com,"01604 239995","Nazareth House","Barrack Road",Northampton,Northamptonshire,,"NN2 6AF",www.bosworthcollege.com,,,,,,,0,,,1,,,1,,,1,,,1,,,1,,,1,,,1,,,,52.24774350,-0.89831500,0,5195055145b96355d33cd7380c5fc2bc,0,31,"2020-02-07 14:24:41",1,"2020-04-24 10:18:10"
1648,11,"Headway Swindon",info@headwayswindon.org.uk,"01793 674820","Ground floor, Avocet House","The Doran Complex","Faraday Road",Swindon,,"SN3 5HQ",www.headwayswindon.org.uk,,,,,,,0,,,1,,,1,,,1,,,1,,,1,,,1,,,1,,,,51.55876150,-1.72272520,0,92c2004aa062c2eebf3cdf0f87b7ea7d,0,31,"2020-02-07 14:28:53",1,"2020-04-24 10:18:11"
1649,11,Scrapstore,olivia@scrapstore.co.uk,"01793 513982","The SCRAPSTORE,","Unit 7, Bramble Close,","Elgin Industrial Estate,","Swindon,",,"SN2 8DW.",www.scrapstore.co.uk,,,,,,,0,,,1,,,1,,,1,,,1,,,1,,,1,,,1,,,,,,0,089fbd3c3c11ec5984a73e92edc2901a,0,31,"2020-02-07 14:32:35",1,"2020-04-24 10:18:11"
1650,1,"RS Skips",info@rsskips.co.uk,"01474 362 862","Unit 4 Apex Business Park","Queens Farm Road",Shorne,Kent,,"DA12 3HU",http://www.rsskips.co.uk/home,,,,,,,0,"portal/encore/UserFiles/SysDocs/bb_encore_suppliers/10000/1650/WasteCarrierRegistrationCertificate-CBDU184897 18.07.23.pdf","2023-07-18 00:00:00",0,,,1,,,1,,,1,,,1,,,1,"portal/encore/UserFiles/SysDocs/bb_encore_suppliers/10000/1650/Public Liability_ 21.11.20.pdf","2021-11-21 00:00:00",0,,,,51.43801820,0.43772660,0,b9b9835337dba7840d0e7e3e2e460188,0,32,"2020-02-10 13:02:32",1,"2020-08-10 14:05:43"
1651,1,"DanJO Hintons",info@danjo-skips.co.uk,"020 3124 1697","Danjo's Skip Hire Ltd,","Unit 12, Enterprise Close,","Factory Lane,","Croydon,",,"CR0 3RZ",danjo-skips.co.uk,,,,,,,0,"portal/encore/UserFiles/SysDocs/bb_encore_suppliers/10000/1651/Waste Carriers Licence 10.20.pdf","2020-10-07 00:00:00",0,,,1,,,1,,,1,,,1,,,1,"portal/encore/UserFiles/SysDocs/bb_encore_suppliers/10000/1651/Hinton Skips UK Ltd insurnace 07.20.pdf","2020-07-23 00:00:00",0,,,,51.37743960,-0.11723230,1,c86fa15dd04b950781523a995fd99072,0,31,"2020-02-10 13:58:07",1,"2020-08-10 14:05:42"
1652,11,"Overstone park school",opschool@aol.com,01604643787,"Overstone Park School",Northampton,Northamptonshire,,,"NN6 0DT",www.overstoneparkschool.co.uk,,,,,,,0,,,1,,,1,,,1,,,1,,,1,,,1,,,1,,,,52.28237010,-0.81454820,0,afdfe88e8812e5d1fe560dc36448fbcd,0,31,"2020-02-12 12:23:15",1,"2020-04-24 10:18:11"
1653,11,"Pitsford School",office@pitsfordschool.com,01604880306,"Pitsford Hall","Moulton Road",Pitsford,Northampton,,"NN6 9AX",www.pitsfordschool.com,,,,,,,0,,,1,,,1,,,1,,,1,,,1,,,1,,,1,,,,52.30244660,-0.89221890,0,9cce8d1da939db06cd72d9b58a1f3c6b,0,31,"2020-02-12 12:25:21",1,"2020-04-24 10:18:11"
1654,11,"Spratton School",office@sprattonmail.com,01604847292,"Smith Street",Spratton,Northampton,,,"NN6 8HP",www.sprattonhall.com,,,,,,,0,,,1,,,1,,,1,,,1,,,1,,,1,,,1,,,,52.32961900,-0.94653410,0,526d658baf32f376da3ba07d494c2afa,0,31,"2020-02-12 12:27:15",1,"2020-04-24 10:18:11"
1655,11,"Bristish Heart Foundation Northampton",heretohelp@bhf.org.uk,01372477300,"67- 83 Bridge street",Northampton,,,,"NN1 1PD",www.bhf.org.uk,,,,,,,0,,,1,,,1,,,1,,,1,,,1,,,1,,,1,,,,52.23413080,-0.89787420,0,1aa18ca4c0fc421240d5789deddbd76a,0,31,"2020-02-13 13:33:31",1,"2020-04-24 10:18:11"
1656,11,"Foodbank Dukes Arms",,"01832 732224","Dukes Arms","83 High Street",,Woodford,,"NN1 4HE",,,,,,,,0,,,1,,,1,,,1,,,1,,,1,,,1,,,1,,,,52.23838880,-0.88364950,0,44774307f982ea29d77056854ba7e8f3,0,31,"2020-02-13 13:41:21",1,"2020-04-24 10:18:11"
1657,11,"Whilton Locks Carpet Clothing Bank",heretohelp@bhf.org.uk,"01372 477300","Whilton Locks Carpert,","Whilton Locks,","Daventry,",,"UK,","NN11 2NH",www.bhf.org.uk,,,,,,,0,,,1,,,1,,,1,,,1,,,1,,,1,,,1,,,,52.28052290,-1.08944320,0,11768bcb57bca890bb9116c4726a9107,0,31,"2020-02-13 13:44:58",1,"2020-04-24 10:18:11"
1658,11,"Wellingborough Bristish Heart Foundation",heretohelp@bhf.org.uk,"01933 275594","9 Market Street,","Wellingborough,","Northamptonshire,","UK,",,"NN8 1AT",www.bhf.org.uk,,,,,,,0,,,1,,,1,,,1,,,1,,,1,,,1,,,1,,,,52.30237260,-0.69213230,0,bc9d919b8bafdbd330348c51385c2019,0,31,"2020-02-13 13:48:01",1,"2020-04-24 10:18:11"
1659,11,"Bristish Heart Foundation Daventry",heretohelp.org.uk,"01327 700563","Unit 7 The Regal Centre","Bowen Square",Daventry,Northamptonshire,,"NN11 4DR",www.bhf.org.uk,,,,,,,0,,,1,,,1,,,1,,,1,,,1,,,1,,,1,,,,52.25708280,-1.16110110,0,b12fd8400d2d0fc4bb025a8342872206,0,31,"2020-02-13 13:53:24",1,"2020-04-24 10:18:11"
1660,11,"Barton Seagrave Book Bank",heretohelp.org.uk,"01372 477 300","Barton Seagrave Primary School","Belvoir Drive",Barton,Kettering,,"NN15 6QY",www.bhf.org.uk,,,,,,,0,,,1,,,1,,,1,,,1,,,1,,,1,,,1,,,,52.38077370,-0.69246370,0,c9731f777ae6b26a24834277e5407979,0,31,"2020-02-13 13:56:08",1,"2020-04-24 10:18:11"
1661,11,"Community Centre Alliston Gardens Youth & Community Centre",agycc.new@outlook.com,"01604 247955","2, Adelaide Street",,,Northampton,,"NN2 6AR",,,,,,,,0,,,1,,,1,,,1,,,1,,,1,,,1,,,1,,,,52.24583350,-0.89834890,0,97c85fa029e1466a7939a7b78db39b2c,0,31,"2020-02-13 14:32:36",1,"2020-04-24 10:18:11"
1662,11,"Community Centre Semilong",agycc.new@outlook.com,"01604 247955","Norfolk Terrace",Semilong,,Northampton,,"NN2 6HS",,,,,,,,0,,,1,,,1,,,1,,,1,,,1,,,1,,,1,,,,52.25071160,-0.90109380,0,0c0383b8fdd3a54908f65249a46fb6fb,0,31,"2020-02-13 14:34:30",1,"2020-04-24 10:18:11"
1663,11,"Community Centre Blackthorn Good Neighbours",info@growingtogether.org.uk,"01604 411166","Longmead Court",Blackthorn,Northampton,,,"NN3 8QD",www.growingtogether.org.uk,,,,,,,0,,,1,,,1,,,1,,,1,,,1,,,1,,,1,,,,52.26558770,-0.81958530,0,4a62588e8472c98fc715534d05cdc0d2,0,31,"2020-02-13 14:36:35",1,"2020-04-24 10:18:11"
1664,11,"Community Centre Bellinge",booking@communityspacesnorthampton.co.uk,"01604 408365","Fieldmill square",Bellinge,,Northampton,,"NN3 9AQ",www.communityspacesnorthampton.weebly.com,,,,,,,0,,,1,,,1,,,1,,,1,,,1,,,1,,,1,,,,52.25234020,-0.81383720,0,cb474e506e09e11c8ccba548bb8ede35,0,31,"2020-02-13 14:41:53",1,"2020-04-24 10:18:11"
1665,11,"Community Centre Briar Hill",bookings@communityspacesnorthampton.co.uk,"01604 408365","The Springs","Briar Hill",,Northampton,,NN48SX,www.communityspacesnorthampton.weebly.com,,,,,,,0,,,1,,,1,,,1,,,1,,,1,,,1,,,1,,,,52.22634880,-0.91677040,0,fb15405c41ff5860520070b59a2fa428,0,31,"2020-02-13 14:45:39",1,"2020-04-24 10:18:11"
1666,11,"Community Centre Kingsthorpe",bookings@communityspacesnorthampton.co.uk,"01604 408365","Mill Lane",,Kingsthorpe,Northampton,,"nn2 6RQ",www.communityspacesnorthampton.weebly.com,,,,,,,0,,,1,,,1,,,1,,,1,,,1,,,1,,,1,,,,52.25914310,-0.90616000,0,5da7d6caef3efadb3af946c509eb5894,0,31,"2020-02-13 14:47:50",1,"2020-04-24 10:18:11"
1667,11,"Community Centre Lodge Farm",bookings@communityspacesnorthampton.co.uk,"01604 408365","Crestwood Road",Goldings,,Northampton,,"NN3 8JJ",www.communityspacesnorthampton.co.uk,,,,,,,0,,,1,,,1,,,1,,,1,,,1,,,1,,,1,,,,52.26833500,-0.83057940,0,a7ccf4e3601120c3ffe9e60299077f36,0,31,"2020-02-13 14:49:32",1,"2020-04-24 10:18:11"
1668,11,"Community Centre Rectory Farm",bookings@communityspacesnorthampton.weebly.com,"01604 408365","Olden Road","Rectory Farm",,Northampton,,"NN3 5DD",www.communityspacesnorthampton.weebly.com,,,,,,,0,,,1,,,1,,,1,,,1,,,1,,,1,,,1,,,,52.26865080,-0.80895660,0,f39f49feef3881be8620702a12674885,0,31,"2020-02-13 14:51:57",1,"2020-04-24 10:18:11"
1669,11,"Community Centre Southfields",bookings@communityspacesnorthampton.co.uk,"01604 408365","Farmhill Road",Southfields,Northampton,,,"NN3 5DS",www.communityspacesnorthampton.weebly.com,,,,,,,0,,,1,,,1,,,1,,,1,,,1,,,1,,,1,,,,52.27616120,-0.82794100,0,1b3445e68dbd80b12a3a553530e8983f,0,31,"2020-02-13 15:00:35",1,"2020-04-24 10:18:12"
1670,11,"Community Centre Standens Barns",bookings@communityspacesnorthampton.co.uk,"01604 408365","Walled Well Court","Standerns Barn",,Northampton,,"NN3 9TW",www.communityspacesnorthampton.weebly.com,,,,,,,0,,,1,,,1,,,1,,,1,,,1,,,1,,,1,,,,52.25122430,-0.83102390,0,d4125f516d971919c43530a135ab0150,0,31,"2020-02-13 15:03:08",1,"2020-04-24 10:18:12"
1671,11,"Community Centre St Crispins",bookings@communityspacesnorthampton.co.uk,"01604 408365","Unit 1","St Crispins Drive",Northampton,,,"NN5 4GJ",www.communityspacesnorthampton.weebly.com,,,,,,,0,,,1,,,1,,,1,,,1,,,1,,,1,,,1,,,,52.24136910,-0.94908610,0,d6f1e2ebdcbe84057bffc14373f7b031,0,31,"2020-02-13 15:07:50",1,"2020-04-24 10:18:12"
1672,11,"Community Centre Vernon Terrace",bookings@communityspacesnorthampton.co.uk,"01604 408365","Stockley Street",Northampton,,,,"NN1 5HE",www.communityspacesnorthampton.weebly.com,,,,,,,0,,,1,,,1,,,1,,,1,,,1,,,1,,,1,,,,52.23891680,-0.87964550,0,d1d75356d45bfd1c7ca529dd08b56195,0,31,"2020-02-13 15:25:54",1,"2020-04-24 10:18:12"
1673,11,"Community Centre Camp Hill",chcomcentre@gmail.com,"01604 766224","Dayrell Road","West Hunsbury",Northampton,,,"NN4 9RR",www.westhunsburyparishcouncil.gov.uk,,,,,,,0,,,1,,,1,,,1,,,1,,,1,,,1,,,1,,,,52.22017690,-0.92058760,0,a1f2204f5657bec916157c68bf033292,0,31,"2020-02-13 15:28:50",1,"2020-04-24 10:18:12"
1674,11,"Community Centre Spencer Dallington",jenni.dawkins@deafconnect.org.uk,"01604 589011","Tintern Avenue",Spencer,,Northampton,,"NN5 7BZ",www.deafconnect.org.uk,,,,,,,0,,,1,,,1,,,1,,,1,,,1,,,1,,,1,,,,52.24663300,-0.91322480,0,de21bc85fa9771902c841c141d79fa98,0,31,"2020-02-13 16:03:24",1,"2020-04-24 10:18:12"
1675,11,"Community Centre Duston",admin@dustonparish.org.uk,"01604 583626","Pendle Road",Duston,,Northampton,,"NN5 6DT",www.duston-pc.gov.uk,,,,,,,0,,,1,,,1,,,1,,,1,,,1,,,1,,,1,,,,52.25039830,-0.94134000,0,ab03e246508a33429d0142b7b1ccc9bd,0,31,"2020-02-13 16:12:00",1,"2020-04-24 10:18:12"
1676,11,"Community Centre Kings Heath",need2knowshop@yahoo.co.uk,"01604 590790","North Oval","Kings Heath",Northampton,,,"NN5 7LN",,,,,,,,0,,,1,,,1,,,1,,,1,,,1,,,1,,,1,,,,52.25702620,-0.92219500,0,8276b101f833f0d8467b3aa076c029c1,0,31,"2020-02-13 16:15:41",1,"2020-04-24 10:18:12"
1677,11,"Community Centre Abington",office@abingtoncc.co.uk,"01604 401222","Wheatfield Road South",,,Northampton,,"NN3 2HH",,,,,,,,0,,,1,,,1,,,1,,,1,,,1,,,1,,,1,,,,52.25173930,-0.86348590,0,564f6e3f643dda892697958a3a14f450,0,31,"2020-02-13 16:17:20",1,"2020-04-24 10:18:12"
1678,11,"Community Centre Parklands",parklandsccinfo@gmail.com,"01604 493312","Acre Lane","Welford Road",Kingsthorpe,,,"NN3 6DX",www.parklandscc.org,,,,,,,0,,,1,,,1,,,1,,,1,,,1,,,1,,,1,,,,52.27136470,-0.87128360,0,00b3bfea24cb925271e713a2d76ced50,0,31,"2020-02-13 16:20:20",1,"2020-04-24 10:18:12"
1679,11,"Community Centre Far Cotton",sqdg.ltd@btconnect.com,"01604 762942","Towcester Road","Far Cotton",,Northampton,,"NN4 8XY",www.southernquarter.org,,,,,,,0,,,1,,,1,,,1,,,1,,,1,,,1,,,1,,,,52.24526960,-0.89824510,0,68a1641b4e7a7cce40ff8bad216d6176,0,31,"2020-02-13 16:25:08",1,"2020-04-24 10:18:12"
1680,11,"Parish Hall Weston Favell",info@wfph.co.uk,07935950192,"Booth Lane South",Northampton,,,,"NN1 4LG",https://wfph.co.uk,,,,,,,0,,,1,,,1,,,1,,,1,,,1,,,1,,,1,,,,52.24736210,-0.88278630,0,7b4a4d44ee315ff08e9aaf5380b9fe6e,0,31,"2020-02-13 16:26:49",48,"2020-11-18 11:59:17"
1681,11,"Umbrella Pavilion",info@umbrellafair.org.uk,"01604 633912","Racecourse Pavilion","Kettering Road",,Northampton,,"NN1 4LG",www.umbrellafair.org.uk,,,,,,,0,,,1,,,1,,,1,,,1,,,1,,,1,,,1,,,,52.24736210,-0.88278630,0,484acd2696cc82d9dbb90fb336608589,0,31,"2020-02-13 16:29:11",1,"2020-04-24 10:18:12"
1682,11,"The Elgar Centre Community",bookings@elgarcentre.org,"01604 752730","1A High Street",Upton,Northampton,,,"NN5 4EN",https://elgarcentre.weebly.com,,,,,,,0,,,1,,,1,,,1,,,1,,,1,,,1,,,1,,,,52.23146150,-0.94223070,0,8473219d43f50a240cc897e6e1e0c75b,0,31,"2020-02-13 16:32:00",1,"2020-04-24 10:18:12"
1683,11,"Growing Together Blackthorn Community Centre",Kathryn@growingtogether.org.uk,"01604 411166","Blackthorn Community Centre","Longmead Court",Northampton,,,"NN3 8QD",www.growingtogether.org.uk,,,,,,,0,,,1,,,1,,,1,,,1,,,1,,,1,,,1,,,,52.26558770,-0.81958530,0,c55d77ea4744a1e519e8882eec300928,0,31,"2020-02-14 14:03:27",1,"2020-04-24 10:18:12"
1684,11,"Growing Together Blackthorn Good Neighbours Nursery",kathryn@growingtogether.org.uk,"01604 411166","Blackthorn Good Neighbours","Blackthorn Bridge Court",Blackthorn,Northampton,,"NN3 8QH",http://www.growingtogether.org.uk/,,,,,,,0,,,1,,,1,,,1,,,1,,,1,,,1,,,1,,,,52.26559570,-0.81843710,0,21d34f6099b19c70a56167556716991e,0,31,"2020-02-14 14:06:27",1,"2020-04-24 10:18:12"
1685,11,"Daventry Community Centre",admin@daventrycommunitycentre.org.uk,"01327 702423","Daventry Community Centre","Ashby Road",Daventry,Northamptonshire,,"NN11 9QD",www.daventrycommunitycentre.org.uk,,,,,,,0,,,1,,,1,,,1,,,1,,,1,,,1,,,1,,,,52.26301460,-1.16597440,0,96abc8ea07ef9255c25f7f5ce549e08e,0,31,"2020-02-17 12:50:54",1,"2020-04-24 10:18:12"
1686,11,"Barnet Furniture Project",info@barnetfurniturecentre.org,"020 8361 6802","4 Queens Parade close","Friern Barnet",london,,,"N11 3FY",www.barnetfurniturecentre.org.,,,,,,,0,,,1,,,1,,,1,,,1,,,1,,,1,,,1,,,,51.61262940,-0.15741980,0,4bbe561750b39a1d1fa3fe6f611e20c2,0,31,"2020-02-17 13:01:49",1,"2020-04-24 10:18:12"
1687,11,"Noah Ark Childrens Hospice",info@noahsarkhospice.org.uk,02084498877,"The Ark,","Byng Road,","Barnet,",,,"EN5 4NP",https://www.noahsarkhospice.org.uk/,,,,,,,0,,,1,,,1,,,1,,,1,,,1,,,1,,,1,,,,51.65705470,-0.21361070,0,d2c5b954f3ce22a2864e5994cb5f45d9,0,31,"2020-02-17 13:07:52",1,"2020-04-24 10:18:12"
1688,11,"The Shane Project",enquiries@shaneproject.org.uk,02088846330,"Edmonton Baptist Church","Monmouth Road","The Green",,London,"N9 OLS",www.shaneproject.org.uk,,,,,,,0,,,1,,,1,,,1,,,1,,,1,,,1,,,1,,,,,,0,235d785300b12f341b4f357eb4847a6f,0,31,"2020-02-17 13:11:55",1,"2020-04-24 10:18:12"
1689,11,"The Felix Project",volunteer@thefelixproject.org,02030344360,"Unit 6 Kendal Court","Kendal Avenue",England,,,"W3 0RU",www.thefelixproject.org.uk,,,,,,,0,,,1,,,1,,,1,,,1,,,1,,,1,,,1,,,,51.52354560,-0.27985170,0,3102482b773c4e435924dfa1878cf328,0,31,"2020-02-17 13:20:29",1,"2020-04-24 10:18:12"
1690,11,"The Felix Project North London",volunteer@thefelixproject.org,02030344370,"Unit 24, Great Cambridge industrial",Enfield,,,,"EN1 1SH",www.thefleixproject.org.uk,,,,,,,0,,,1,,,1,,,1,,,1,,,1,,,1,,,1,,,,51.64291450,-0.05711230,0,c4cdfa8c7feb6a35f709c60142921346,0,31,"2020-02-17 13:22:09",1,"2020-04-24 10:18:13"
1691,11,"The Big Choir",sharon@thebigchoir.org,"07592 564583","East Barnet School","5 Chestnut Grove",,"East Barnet",,"EN4 8PU",www.bigchoir.co.uk,,,,,,,0,,,1,,,1,,,1,,,1,,,1,,,1,,,1,,,,51.64430790,-0.15473540,0,7da0cff89b815c01a26a5b0eea184bbf,0,31,"2020-02-17 13:24:32",1,"2020-04-24 10:18:13"
1692,11,"Studio 306",306collective@btconnect.com,"020 8365 8477","7 Park Road,","Crouch End",,,,"N8 8TE",www.studio306.co.uk,,,,,,,0,,,1,,,1,,,1,,,1,,,1,,,1,,,1,,,,51.58084360,-0.12527250,0,bfa3d835840fa364fc980754649cc11b,0,31,"2020-02-17 13:26:50",1,"2020-04-24 10:18:13"
1693,11,"Solace Womens Aid",info@solacewomensaid.org,"0207 619 1350","Unit 5-7","Blenheim Court","62 Brewery Road",,London,"N7 9NY",www.solacewomensais.org.uk,,,,,,,0,,,1,,,1,,,1,,,1,,,1,,,1,,,1,,,,51.54550420,-0.12235460,0,e58f739dd943568cbb8082df0703d8e0,0,31,"2020-02-17 13:38:59",1,"2020-04-24 10:18:13"
1694,11,"Parkinson's Uk Enfield Branch",kodriscoll@parkinsons.org.uk,"01707 658 865","Parkinson's UK","Enfield Trinity Church Hall","Gentleman's Row",Enfield,,"EN2 6PT",https://localsupport.parkinsons.org.uk/,,,,,,,0,,,1,,,1,,,1,,,1,,,1,,,1,,,1,,,,51.65392420,-0.08683480,0,100710d20d2215ee262c69b3f4914b2d,0,31,"2020-02-17 13:51:12",48,"2020-11-18 12:01:25"
1695,11,"Hands On London",info@handsonlondon.org.uk,"07432 707361","Hands On London,","38 Turner Street,",,Whitechapel,,"E1 2AS.",www.handsonlondon.org.uk,,,,,,,0,,,1,,,1,,,1,,,1,,,1,,,1,,,1,,,,,,0,3c50a4b8e1314316425bfc8502c805d7,0,31,"2020-02-17 14:27:24",1,"2020-04-24 10:18:13"
1696,1,"Totus Enviromental",info@totusenvironmental.com,"0161 207 9999","Adams Court,","Adams Hill,",,Knutsford,,"WA16 6BA",www.totusenviromental.com,,,,,,,0,portal/encore/UserFiles/SysDocs/bb_encore_suppliers/10000/1696/WasteCarrierRegistrationCertificate-02.01.2021.pdf,"2021-01-02 00:00:00",0,,,1,,,1,,,1,,,1,,,1,"portal/encore/UserFiles/SysDocs/bb_encore_suppliers/10000/1696/Certificate of Insurance 15.01.2021.pdf","2021-01-15 00:00:00",0,,,,53.30209150,-2.37084670,0,a1cb397efa3275a521f4b1dd9d77cd22,0,31,"2020-02-24 10:31:56",1,"2020-08-10 12:07:55"
1697,1,"Raised Modular Flooring",rebecca@rmf-services.co.uk,"01926425289 mob 07775237247","RMF Installation & Services Ltd","Hangar one","Harbury Lane","Lemington Spa",Warwickhire,"CV33 9SA",https://www.rmf-services.co.uk/,,,,,,,0,,,1,,,1,,,1,,,1,,,1,,,1,,,1,,,,52.24795770,-1.51302830,0,4845378547c7bfa3a046f514ba746ad1,0,31,"2020-02-26 10:13:40",1,"2020-08-10 12:07:51"
1698,11,"Rtc Dave Orford",dorford@rtc.com,07711423592,"Castle Road",Eurolink,Sittingbourne,,Kent,"ME10 3RN",https://www.rtc.com/,,,,,,,0,,,1,,,1,,,1,,,1,,,1,,,1,,,1,,,,51.34642130,0.75039110,0,2265059e8bec43696c7269103f277622,0,31,"2020-02-26 10:31:50",48,"2020-11-18 12:05:01"
1699,11,"Glenville Building Social Group",manager@firconebirmingham.org.uk,"0121643 1032","Room 16","Glenville Buillding","12 Cherry Street",,,"B2 5AR",,,,,,,,0,,,1,,,1,,,1,,,1,,,1,,,1,,,1,,,,52.48043790,-1.89681910,0,a60253af4ad89c2184c82f044edc2a02,0,31,"2020-02-27 15:54:55",1,"2020-04-24 10:18:13"
1700,11,"Dementia Cafe Birmingham Pannel Croft",david.johnson@alzheimers.org.uk,"0121700 7361","Pannel Croft Village","Hospital Street",Birmingham,,,"B19 2XU",https://www.alzheimers.org.uk/get-support/your-support-services/dementia-cafe,,,,,,,0,,,1,,,1,,,1,,,1,,,1,,,1,,,1,,,,52.49509600,-1.90265290,0,9fd87af6c6e1e2a6736952cf8e93f99b,0,31,"2020-02-27 15:56:52",48,"2020-11-18 12:09:46"
1701,11,"Dementia Cafe Birmingham Northfield",birminghamandsolihull@alzheimers.org.uk,"0121 7064052","Upper Sutton Street",Birmingham,,,,"B6 5BN",https://www.alzheimers.org.uk/get-support/your-support-services/dementia-cafe,,,,,,,0,,,1,,,1,,,1,,,1,,,1,,,1,,,1,,,,52.50134250,-1.88731400,0,26530b12ce55c9d993afb8e9fb4b84fc,0,31,"2020-02-27 16:10:22",48,"2020-11-18 12:12:25"
1702,11,"Dementia cafe Birmingham Heathfield",birminghamandsolihull@alzheimers.org.uk,"0121 7064052","Heathfield Court","15 George Street",Lozells,,Birmingham,"B19 1NS",https://www.alzheimers.org.uk/get-support/your-support-services/dementia-cafe,,,,,,,0,,,1,,,1,,,1,,,1,,,1,,,1,,,1,,,,52.50190620,-1.91455680,0,442f7a7b74c84181117bec20810d1bac,0,31,"2020-02-27 16:18:29",48,"2020-11-18 12:11:00"
1703,11,"Dementia Cafe Aston Villa Football Club",michelle.king@avfc.co.uk,"07557 484444","Aston Villa Football Club","Trinity Road","B6 6HE",,Birmingham,"B6 6HE",https://www.alzheimers.org.uk/get-support/your-support-services/dementia-cafe,,,,,,,0,,,1,,,1,,,1,,,1,,,1,,,1,,,1,,,,52.50854460,-1.88524290,0,3db959550350b4d0abe08e8889969ef5,0,31,"2020-02-27 16:21:11",48,"2020-11-18 12:15:13"
1704,11,"Singing For The Brain Birmingham Balsall Heath Apna Ghar",birminghamandsolihull@alzheimers.org.uk,"0121 7064052","21-22 Clevedon Road","Balsall Heath",,,Birmingham,"B12 9HD",https://dementiaroadmap.info/birmingham/groups/singing-for-the-brain-apna-ghar-day-centresouth-asian-families,,,,,,,0,,,1,,,1,,,1,,,1,,,1,,,1,,,1,,,,52.46088990,-1.89479050,0,56a8cad45c55c101e151c58bd653d1c8,0,31,"2020-02-27 16:26:23",48,"2020-11-18 12:21:01"
1705,11,"The Friendship Place",eve.a.kirby@gmail.com,"07715 394699","st George Church","1 Westbourne Crescent",Edgbaston,,Birmingham,"B15  3DQ",https://friendshipplace.org/,,,,,,,0,,,1,,,1,,,1,,,1,,,1,,,1,,,1,,,,52.46777000,-1.92283170,0,9061059e78ac2fad872de78d6b6a1685,0,31,"2020-02-28 12:15:51",48,"2020-11-18 12:23:16"
1706,11,"Birmingham Sparkbrook Kaylan Ashram",kaylan@Ashrammoseleyha.org.uk,"0121 2561406","231 Walford Road",,,,Birmingham,"B11 1QJ",https://accordgroup.org.uk/,,,,,,,0,,,1,,,1,,,1,,,1,,,1,,,1,,,1,,,,52.45965770,-1.86214290,0,0fd1fcc159bbb46e166d28e34b166904,0,31,"2020-02-28 12:17:22",48,"2020-11-18 12:27:11"
1707,11,"Birmingham Ghulab Ashram Hall Green",gary.stanley@alzheimers.org.uk,07827940844,"Ghulab Ashram","18 Whisley Brook Lane","Hall Green",,Birmingham,"B28 8SR",https://accordgroup.org.uk,,,,,,,0,,,1,,,1,,,1,,,1,,,1,,,1,,,1,,,,52.44122880,-1.84213480,0,3c8a8466dcd4ceadfd77580ab015f2c3,0,31,"2020-02-28 12:19:04",48,"2020-11-18 12:29:23"
1708,11,"Birmingham Younger Persons",birminghamandsolihull@alzheimers.org.uk,"0121706 4052","The Kenrick Centre","Mill Farm Road",,,Birmingham,"B17 0QX",,,,,,,,0,,,1,,,1,,,1,,,1,,,1,,,1,,,1,,,,52.44943810,-1.95365490,0,38f4faaf7efe4321f4df655beb3716f0,0,31,"2020-02-28 12:21:01",1,"2020-04-24 10:18:13"
1709,11,"Lunch Club Acocks Green",office@birminghamcitymisson.co.uk,"0121 707 9422","Elderlink Centre","126 Arden Road","Acocks Green",,Birmingham,"B27 6AG",,,,,,,,0,,,1,,,1,,,1,,,1,,,1,,,1,,,1,,,,52.45097230,-1.82607840,0,2c4cd91d3463ff6864f1c0aac3203dea,0,31,"2020-02-28 12:23:54",1,"2020-04-24 10:18:13"
1710,11,"Dementia Cafe Birmingham Perry Tree",david.johnson@alzheimers.org.uk,"0121700 7361","The Perry Tree Centre,","Dovedale ROad",,,Birmingham,"B23 5BX",https://www.alzheimers.org.uk/get-support/your-support-services/dementia-cafe,,,,,,,0,,,1,,,1,,,1,,,1,,,1,,,1,,,1,,,,52.53998670,-1.86903790,0,119d9c8b415c547de39895508502d6bd,0,31,"2020-02-28 12:25:42",48,"2020-11-18 12:40:09"
1711,11,"Dementia Cafe Birmingham Stirchley",birminghamandsolihull@alzheimers.org.uk,"0121 706 4052","Birmingham Jewish Community Care","Andrew Cohen House,","River Brook Drive",,Birmingham,"B30 2SH",https://www.alzheimers.org.uk/get-support/your-support-services/dementia-cafe,,,,,,,0,,,1,,,1,,,1,,,1,,,1,,,1,,,1,,,,52.43341550,-1.91474120,0,fb10c871efc4c2b8a5b6d0317612b4bb,0,31,"2020-02-28 12:27:32",48,"2020-11-18 12:41:34"
1712,11,"Dementia Cafe Birmingham Hodge Hill",birminghamandsolihull@alzheimers.org.uk,"024 76652602","The hodge hill","Robertson Knoll","100 Shawsdale Road",,Birmingham,"B36 8NG",https://www.alzheimers.org.uk/get-support/your-support-services/dementia-cafe,,,,,,,0,,,1,,,1,,,1,,,1,,,1,,,1,,,1,,,,52.50168310,-1.80108820,0,4993a3193c49246b80a06b658a53ed0c,0,31,"2020-02-28 12:29:34",48,"2020-11-18 12:45:57"
1713,11,"Dementia Activity Group Birmingham Yardley",birminghamandsolihull@alzheimers.org.uk,"0121 706 4052","Church Hall","Moat Lane",Yardley,,Birmingham,"B26 1TW",,,,,,,,0,,,1,,,1,,,1,,,1,,,1,,,1,,,1,,,,52.46502280,-1.80066820,0,682d116eec8c526d17049b370dee1946,0,31,"2020-02-28 12:32:58",1,"2020-04-24 10:18:14"
1714,11,"Memory Cafe Hall Green",wendylawrence639@msn.com,"0121 778 1613","Hall Green Baptist Church","1250 Stratford Road","Hall Green",,Birmingham,"B28 9BQ",https://www.hallgreenchapel.org.uk/,,,,,,,0,,,1,,,1,,,1,,,1,,,1,,,1,,,1,,,,52.43203170,-1.84446930,0,e6dbb8ffd7bdd0e61ec140ac29f9c241,0,31,"2020-02-28 12:35:16",48,"2020-11-18 12:54:15"
1715,11,"Dementia Cafe Birmingham Selly Oak",birminghamandsolihull.@alzheimers.org.uk,"07827 940844","Bournville Friends Meeting House","65 Linden Road",,,Birmingham,"B30 1JT",https://www.alzheimers.org.uk/get-support/your-support-services/dementia-cafe,,,,,,,0,,,1,,,1,,,1,,,1,,,1,,,1,,,1,,,,52.43155740,-1.93684470,0,91ab8a970ebd442739f45acfe8a1441d,0,31,"2020-02-28 12:42:26",48,"2020-11-18 12:55:48"
1716,11,"Fox Hollies Forum Activity Groups",foxholliescommassoc@gmail.com,"0121 7060652","Fox Hollies Forum","greenwood Avenue","Acocks Green",,Birmingham,"B27 7RA",https://foxholliesforum.com,,,,,,,0,,,1,,,1,,,1,,,1,,,1,,,1,,,1,,,,52.43968060,-1.82376220,0,7632c9a2680c4a046d8efe00cc8f17d3,0,31,"2020-02-28 12:44:13",48,"2020-11-18 12:57:37"
1717,11,"Luncheon Club Quinbourne",contactus@quinbournecommunitycentre.co.uk,"0121 6827474","Quinbourne Community Centre","Ridgacre Road",Quinton,,Birmingham,"B32 2TW",https://www.quinbornecommunitycentre.co.uk,,,,,,,0,,,1,,,1,,,1,,,1,,,1,,,1,,,1,,,,52.46036750,-1.98773870,0,7397c061d596412db38283e4ced3ed01,0,31,"2020-02-28 12:45:53",48,"2020-11-18 13:00:35"
1718,11,"Dementia Mind and Music Holy Cross",vicar@holycrossmotspurpark.org.uk,"0208 9423117","Holy Cross Community Centre","Beauchamp Road",,,Birmingham,"B13 0NS",https://www.holycrossmotspurpark.org.uk,,,,,,,0,,,1,,,1,,,1,,,1,,,1,,,1,,,1,,,,52.42094160,-1.87201410,0,e0b3e81af8db1a09ccd184a285ce3aac,0,31,"2020-02-28 12:55:54",48,"2020-11-18 13:02:04"
1719,11,"Dementia Care Briarscroft Residential Care Home",Care@santuary-care.co.uk,"0121 748 0040","Briarscroft Residential Care Home","27 Packington Avenue",,,Birmingham,"B34 7PB",,,,,,,,0,,,1,,,1,,,1,,,1,,,1,,,1,,,1,,,,52.49208190,-1.77450750,0,e55ea587f065732b141c6f231dec6503,0,31,"2020-02-28 12:58:05",1,"2020-04-24 10:18:14"
1720,11,"Dementia Cafe Sheldon Anne Marie Howes",gary.stanley@Alzheimers.org.uk,"07827 940844","Anne Marie Howes Centre","20 Platt Brook Way",,,Birmingham,"B26 2DU",,,,,,,,0,,,1,,,1,,,1,,,1,,,1,,,1,,,1,,,,52.46502170,-1.77866490,0,89803fcee25edb77dad276854e2b7183,0,31,"2020-02-28 13:01:52",1,"2020-04-24 10:18:14"
1721,11,"Dementia Cafe Football Focused",joe.robinson@birminghamfa.com,"0300 222 1122","Birmingham County Fooball Association","Ray Hall Lane",,,Birmingham,"B43 6JF",,,,,,,,0,,,1,,,1,,,1,,,1,,,1,,,1,,,1,,,,52.54294630,-1.96461840,0,fb63aacd3096d7a69ca548041c88800f,0,31,"2020-02-28 13:11:19",1,"2020-04-24 10:18:14"
1722,11,"Memory Matters Northampton",northamptonshire@alzheimers.org.uk,"01832 736670","Simon De Senlis Court","Robert Street",Northampton,,,"NN3 3AE",,,,,,,,0,,,1,,,1,,,1,,,1,,,1,,,1,,,1,,,,52.24220190,-0.86194480,0,0e0ad49f13e683c46c8043efe5f4c026,0,31,"2020-02-28 13:14:28",1,"2020-04-24 10:18:14"
1723,11,"Forget Me Not Social Group",northamptonshire@alzheimers.org.uk,"01832 736670","University Of Northampton","University Drive",,Northampton,,"NN1 5PH",,,,,,,,0,,,1,,,1,,,1,,,1,,,1,,,1,,,1,,,,52.23048780,-0.88698890,0,16297b2bed842219bb9a9bfc205fcda0,0,31,"2020-02-28 13:17:51",1,"2020-04-24 10:18:14"
1724,11,"Memory Matters  Northampton 2",northamptonshire@alzheimers.org.uk,"01832 736670","Christian Fellowship Centre","Shadowfax Drive","Overstone Lodge",,Northampton,"NN3 8DB",,,,,,,,0,,,1,,,1,,,1,,,1,,,1,,,1,,,1,,,,52.27243270,-0.81461850,0,9d0f5c6fd8e702d6668ecda40f0e0df1,0,31,"2020-02-28 13:19:17",1,"2020-04-24 10:18:14"
1725,11,"Memory Matters Towcester",northamptonshire@alzheimers.org.uk,"0832 736670","Sawpits Centre","14 Richmond Road",,Towcester,,"NN12 6EX",,,,,,,,0,,,1,,,1,,,1,,,1,,,1,,,1,,,1,,,,52.13119110,-0.99041710,0,a9c0300168d3a4a7feb7c8beb137e2ba,0,31,"2020-02-28 13:23:49",1,"2020-04-24 10:18:14"
1726,11,"Singin For The Brain Greens Norton",berkshire@alzheimers.org.uk,"0118 9596482","Greens Norton Community Centre","Towcester Road",,"Greens Norton",,"NN12 8DL",,,,,,,,0,,,1,,,1,,,1,,,1,,,1,,,1,,,1,,,,52.08959400,-1.02884150,0,5ae4f9daa060d5b2c9f61b9ae5aa6ce3,0,31,"2020-02-28 13:25:58",1,"2020-04-24 10:18:14"
1727,11,"Memorys Matters Wellingborough",northamptonshire@alzheimers.org.uk,01832736670,"The Salvation Army","Salem Lane",,Wellingborough,,"NN8 4JT",,,,,,,,0,,,1,,,1,,,1,,,1,,,1,,,1,,,1,,,,52.30368510,-0.69503300,0,eb930af28190ad6e9ac89cd0b9047281,0,31,"2020-02-28 13:27:44",1,"2020-04-24 10:18:14"
1728,11,"Dementia Sings Out",dementiasingsout@gmail.com,07962213910,"Everyday Champions Centre","47-61 Havelock Street",,Wellingborough,,"NN8 4QA",,,,,,,,0,,,1,,,1,,,1,,,1,,,1,,,1,,,1,,,,52.30452040,-0.69428910,0,8e25a2e8253865f3a5feeb7a2f9f7c45,0,31,"2020-02-28 13:29:08",1,"2020-04-24 10:18:14"
1729,11,"Singing For The Brain Kettering",northamptonshire@alzheimers.org.uk,"01832 736670","Corn Market Hall","London Road",,Kettering,,"NN15 7QA",,,,,,,,0,,,1,,,1,,,1,,,1,,,1,,,1,,,1,,,,52.39547400,-0.72458700,0,cda6ea31f3cbd8ded2ff0768a67ae103,0,31,"2020-02-28 13:30:50",1,"2020-04-24 10:18:14"
1730,11,"Memorys Matters Kettering",northamptonshire@alzheimers.org.uk,"01832 736670","Community Centre","St Vincents Avenue",Kettering,Northamptonshire,,"NN15 5DR",,,,,,,,0,,,1,,,1,,,1,,,1,,,1,,,1,,,1,,,,52.39738620,-0.69709960,0,a57efdf00d893650007fed72891eb328,0,31,"2020-02-28 13:32:07",1,"2020-04-24 10:18:14"
1731,11,"Singing For The Brain Corby",northamptonshire@alzheimers.org.uk,"01832 736670","Main Hall","West Glebe Sports Pavillion","100 Cottingham Road",Corby,,"NN17 1SZ",,,,,,,,0,,,1,,,1,,,1,,,1,,,1,,,1,,,1,,,,52.49183840,-0.69197490,0,4d53f646ac8e5767992d042b87872b03,0,31,"2020-02-28 13:34:24",1,"2020-04-24 10:18:15"
1732,11,"Like Minds Oxford The Plough Inn",support@youngdementia.uk.org,"07909 060430","The Plough Inn","The grenn",Wolvercote,,Oxford,"OX2 8BD",,,,,,,,0,,,1,,,1,,,1,,,1,,,1,,,1,,,1,,,,51.78421850,-1.28433350,0,c58e17f8943f387d63026dfa87f04211,0,31,"2020-02-28 13:37:05",1,"2020-04-24 10:18:15"
1733,11,"The Supper Club Cassington Village Hall",deborahcrawshaw@youngdementia.uk.org,"01869 713 913","Cassington Village Hall","The Green",,Cassington,,"OX29 4AX",,,,,,,,0,,,1,,,1,,,1,,,1,,,1,,,1,,,1,,,,51.79189160,-1.34333560,0,abd86ca2f1d8664608f6bc13e1ce8e9a,0,31,"2020-02-28 13:39:26",1,"2020-04-24 10:18:15"
1734,12,"Northamptonshire Waste Partnership- Vanessa Kelly (Director)",VKelly@daventrydc.gov.uk,"01327 871100",,,,,,,,,,,,,,0,,,1,,,1,,,1,,,1,,,1,,,1,,,1,,,,,,0,dac4b80146fc05a39e2d6195985bbffa,0,32,"2020-02-28 16:23:53",1,"2020-04-24 10:18:15"
1735,12,"Northampton County Council- Fiona Unett (Head of Waste Management)",funnett@northamptionshire.gov.uk,07738887976,,,,,,,,,,,,,,0,,,1,,,1,,,1,,,1,,,1,,,1,,,1,,,,,,0,94b7b4a0bf541dc5a26825ff43acb21f,0,32,"2020-02-28 16:25:26",1,"2020-04-24 10:18:15"
1736,12,"Northampton County Council- Kathryn Hall (Media relations specialist)",khall@northamptonshire.gov.uk,"01604 368971",,,,,,,,,,,,,,0,,,1,,,1,,,1,,,1,,,1,,,1,,,1,,,,,,0,4e5119fd463fe0a3878066cd32cdfd8e,0,32,"2020-02-28 16:26:36",1,"2020-04-24 10:18:15"
1737,12,"Northampton County Council- Annalee Bougourd (Media Relations Specilaist)",abougourd@northamptonshire.gov.uk,"01604 362997",,,,,,,,,,,,,,0,,,1,,,1,,,1,,,1,,,1,,,1,,,1,,,,,,0,2eabb28b3bb98165c1a33d0c743a80e5,0,32,"2020-02-28 16:27:35",1,"2020-04-24 10:18:15"
1738,12,"Milton Keynes Council- Penny Fletcher (Community Engagement Manager)",penny.fletcher@milton-keynes.gov.uk,"01904 258063",,,,,,,,,,,,,,0,,,1,,,1,,,1,,,1,,,1,,,1,,,1,,,,,,0,16c6b4c483c44e35893e9f776b1dac2b,0,32,"2020-02-28 16:28:43",1,"2020-04-24 10:18:15"
1739,12,"Viridor Waste Management -Lisa Templeton (Campaigns Manager)",ltemplet@pennon-group,07899967647,,,,,,,,,,,,,,0,,,1,,,1,,,1,,,1,,,1,,,1,,,1,,,,,,0,603c4ce2c83af7f1be0f498ef74295ab,0,32,"2020-02-28 16:29:51",1,"2020-04-24 10:18:15"
1740,12,"Central Bedford Council- Kelly White (Communications)",kelly.white@centralbedfordshire.gov.uk,"0300 300 4354",,,,,,,,,,,,,,0,,,1,,,1,,,1,,,1,,,1,,,1,,,1,,,,,,0,846d858226622a09672123c582b336fe,0,32,"2020-02-28 16:30:51",1,"2020-04-24 10:18:15"
1741,12,"Amey Waste Treatement & Recovery",,"0845 3656452",,,,,,,,,,,,,,0,,,1,,,1,,,1,,,1,,,1,,,1,,,1,,,,,,0,fbbddb51bca3032bc39f2462b4043ae4,0,32,"2020-02-28 16:31:29",1,"2020-04-24 10:18:15"
1742,12,"FCC Environment- Julie Fourcade & Tom Gosschalk",gosschalk.tom@becg.com,"01604 826260",,,,,,,,,,,,,,0,,,1,,,1,,,1,,,1,,,1,,,1,,,1,,,,,,0,d7f9fbeaa6a7e156dc6d574c1f8ac19c,0,32,"2020-02-28 16:32:46",1,"2020-04-24 10:18:15"
1743,11,"Billing Brook Special School",generalenquiries@bbrook.co.uk,"01607 773910","Penistone Road,","Lumbertubs,","Northampton,",,,"NN3 8EZ",http://www.billingbrook.northants.sch.uk/#,,,,,,,0,,,1,,,1,,,1,,,1,,,1,,,1,,,1,,,,52.26165980,-0.83497400,0,69f3b443067a19fe167cb6db9ca01654,0,31,"2020-03-04 15:59:44",1,"2020-04-24 10:18:15"
1744,11,"Bishop Stopford C of E School",enquiries@bishopstopford.com,"01536 503503","Bishop Stopford School,","Headlands,","Kettering,",,,"NN15 6BJ",http://www.bishopstopford.com/,,,,,,,0,,,1,,,1,,,1,,,1,,,1,,,1,,,1,,,,52.38606030,-0.72654730,0,9bccd26acf784299f175b5fc650a2986,0,31,"2020-03-04 16:02:11",1,"2020-04-24 10:18:15"
1745,11,"Blakesley Church Of England",bursar@blakesley.northants-ecl.gov.uk,"01327 860257","Blakesley CE Primary School","The Green",Blakesley,Northamptonshire,,"NN12 8RD",blakesleyprimary.org.uk,,,,,,,0,,,1,,,1,,,1,,,1,,,1,,,1,,,1,,,,52.14724720,-1.08786260,0,751d558c3d2d3bfc4c99191ebf9f08d7,0,31,"2020-03-10 11:46:13",1,"2020-04-24 10:18:15"
1746,11,"Blisworth Primary school",admin@blisworth.northants.sch.uk,"01604 858414","Courteenhall Road,","Blisworth,","Northampton,",,,"NN7 3DD",,,,,,,,0,,,1,,,1,,,1,,,1,,,1,,,1,,,1,,,,52.17662310,-0.93023380,0,8ccc8d59847aa910030e5f4103b9b9bd,0,31,"2020-03-10 11:49:02",1,"2020-04-24 10:18:15"
1747,11,"Boddington Church Of England Primary School",bursar@cb-cepa.org,"01327 260120​","Boddington C of E Primary Academy Church Road","Upper Boddington","Nr. Daventry",Northamptonshire,,"NN11 6DL",,,,,,,,0,,,1,,,1,,,1,,,1,,,1,,,1,,,1,,,,52.17287550,-1.29355730,0,d18c542275b7d06239406e15021ecc53,0,31,"2020-03-10 11:51:03",1,"2020-04-24 10:18:15"
1748,11,"Boothville Primary School",,"01604 491545","Booth Lane North",Boothville,Northampton,Northants,,"NN3 6JG",boothvilleprimary.net,,,,,,,0,,,1,,,1,,,1,,,1,,,1,,,1,,,1,,,,52.27033470,-0.85304850,0,373897dce1d2478379ab7dc59aa1ea20,0,31,"2020-03-10 11:53:01",1,"2020-04-24 10:18:15"
1749,11,"Boughton Primary School",admin@boughtonacademy.co.uk,"01604 842322","Moulton Lane",Northampton,Northamptonshire,,,"NN2 8RG",boughtonprimaryschool.org.uk,,,,,,,0,,,1,,,1,,,1,,,1,,,1,,,1,,,1,,,,52.28582720,-0.89245140,0,c5688fa35aefbb7d79239be2ea6760e2,0,31,"2020-03-10 11:55:06",1,"2020-04-24 10:18:15"
1750,11,"Bozeat Community Primary School",bpsadmin@bozeat-school.net,"01933 663840","Harrold Road,","Bozeat,","Wellingborough,",Northamptonshire,,"NN29 7LP",bozeat.northants.sch.uk,,,,,,,0,,,1,,,1,,,1,,,1,,,1,,,1,,,1,,,,52.22351870,-0.67044000,0,372522fb587bfd5b0e32c42c556b7ede,0,31,"2020-03-10 11:58:16",1,"2020-04-24 10:18:15"
1751,11,"Bracken Leas Primary School",enquiries@brackenleas.northants.sch.uk,"01280 707050","Bracken Leas Primary School,","Brackley,",Northamptonshire,,,"NN13 6LF",brackenleasschool.co.uk,,,,,,,0,,,1,,,1,,,1,,,1,,,1,,,1,,,1,,,,52.03794830,-1.15120600,0,c5febc58ee6368b8797a833d8d325ee3,0,31,"2020-03-10 12:00:19",1,"2020-04-24 10:18:15"
1752,11,"Brackley Church Of England Junior School",office@brackleyjunior.northants.sch.uk,"01280 707060","Manor Road",Brackley,Northamptonshire,,,"NN13 6EE",https://www.brackleycofejuniorschool.co.uk,,,,,,,0,,,1,,,1,,,1,,,1,,,1,,,1,,,1,,,,52.03284580,-1.14812820,0,705366bbdbc3cc76557650f8c35b0057,0,31,"2020-03-10 12:02:52",1,"2020-04-24 10:18:15"
1753,11,"Brambleside Primary School",senco@bramblesideacademytrust.co.uk,"01536 310680","Cleveland Avenue",Kettering,Northamptonshire,,,"NN16 9NZ",https://www.brambleside.northants.sch.uk,,,,,,,0,,,1,,,1,,,1,,,1,,,1,,,1,,,1,,,,52.41805640,-0.71970370,0,32bc5d54220a32edbb9a61a21dfb35f3,0,31,"2020-03-10 12:04:57",1,"2020-04-24 10:18:15"
1754,11,"Bramptons Primary School",head@thebramptons.northants-ecl.gov.uk,"(01604) 842078","The Bramptons Primary School","Harlestone Road",,"Chapel Brampton",,"NN6 8AW",https://www.bramptons-primary-school.co.uk,,,,,,,0,,,1,,,1,,,1,,,1,,,1,,,1,,,1,,,,52.28782410,-0.93512270,0,2acd93b0768e39783741cfbb895abf10,0,31,"2020-03-10 12:07:42",1,"2020-04-24 10:18:15"
1755,11,"Braunston Church Of England Primary School",,"01788 890494","Barby Road",Braunston,Northamptonshire,,,"NN11 7HF",https://www.braunstonprimary.org.uk,,,,,,,0,,,1,,,1,,,1,,,1,,,1,,,1,,,1,,,,52.29502740,-1.20457160,0,eb0905ad3c22cd3fcd11210519fa0f48,0,31,"2020-03-10 12:10:35",1,"2020-04-24 10:18:15"
1756,11,"Briar Hill Primary School",enquires@briarhillprimary.co.uk,"01604 768392","Thorn Hill","Briar Hill",Northampton,Northamptonshire,,"NN4 8SW",https://www.briarhillprimary.co.uk,,,,,,,0,,,1,,,1,,,1,,,1,,,1,,,1,,,1,,,,52.22666290,-0.91907910,0,51b1185f80702d293e796827c03ee51d,0,31,"2020-03-10 12:12:25",1,"2020-04-24 10:18:15"
1757,11,"Bridgewater Primary School",,"01604 637056","Bridgewater Drive",Northampton,Northamptonshire,,,"NN3 3AF",bridgewaterprimary.net,,,,,,,0,,,1,,,1,,,1,,,1,,,1,,,1,,,1,,,,52.24543790,-0.85075180,0,306ce3ffc2b65e071e7dfaf53c86b31c,0,31,"2020-03-10 12:16:40",48,"2020-10-08 13:15:33"
1758,11,"Brixworth CEVC Primary School",,,"Froxhill Crescent",Brixworth,Northampton,,"United Kingdom","NN6 9BG",brixworthprimary.org.uk,,,,,,,0,,,1,,,1,,,1,,,1,,,1,,,1,,,1,,,,52.32542190,-0.90928990,0,333f74ebb63dd152c05910ec2222d6e9,0,31,"2020-03-10 12:20:00",1,"2020-04-24 10:18:16"
1759,11,"Broughton Primary School",bursar@broughtonprimary.northants-ecl.gov.uk,"01536 790282","Broughton Primary School,","Cransley Hill,","Broughton,","Kettering,",,"NN14 1NB",broughtonprimaryschool.co.uk,,,,,,,0,,,1,,,1,,,1,,,1,,,1,,,1,,,1,,,,52.37539740,-0.78115440,0,9489ac9e1e0daaf70a6a1d5b12df2ede,0,31,"2020-03-10 12:23:01",1,"2020-04-24 10:18:16"
1760,11,"Bugbrooke Community Primary School",info@bugbrookeprimaryschool.co.uk,"01604 830610","High Street,","Bugbrooke,","Northampton,",,,NN73PA,https://www.bugbrookeprimaryschool.co.uk/,,,,,,,0,,,1,,,1,,,1,,,1,,,1,,,1,,,1,,,,52.21130930,-1.01053700,0,ff8a14689164efc625cc5ff4d3070b4e,0,31,"2020-03-10 12:25:29",1,"2020-04-24 10:18:16"
1761,11,"Campion School",csoffice@campion.northants.sch.uk,"01604 833900","ampion School & Language College,","Kislingbury Road,","Bugbrooke,","Northampton,",,"NN7 3QG",http://www.campion.northants.sch.uk,,,,,,,0,,,1,,,1,,,1,,,1,,,1,,,1,,,1,,,,52.21383260,-1.00660150,0,abc243b49f58b3f49198ee71315d8cfc,0,31,"2020-03-10 14:35:57",1,"2020-04-24 10:18:16"
1762,11,"Caroline Chisholm School",office@ccs.northants.sch.uk,"01604 669210","The Wooldale Centre for Learning","Wootton Fields",Northampton,,England,"NN4 6TP",https://www.ccs.northants.sch.uk/,,,,,,,0,,,1,,,1,,,1,,,1,,,1,,,1,,,1,,,,52.19828730,-0.87434350,0,48f7c2356f2d7721f7a099aa76b061e4,0,31,"2020-03-10 14:38:19",1,"2020-04-24 10:18:16"
1764,1,"Red Industries",elappage@redindustries.co.uk,"01543 362 210","Collier House","Coppice Side Industrial Park",Brownhills,,,"WS8 7EU",elappage@redindustries.co.uk,"Emma Lappage",elappage@redindustries.co.uk,,,,,0,"portal/encore/UserFiles/SysDocs/bb_encore_suppliers/10000/1764/4 Waste Carrier License CIS (3).pdf","2021-02-15 00:00:00",0,,,1,,,1,,,1,,,1,,,1,portal/encore/UserFiles/SysDocs/bb_encore_suppliers/10000/1764/Grouped-Insurance-Staffs-BHills-20-21.pdf,"2021-05-30 00:00:00",0,,,,52.64501820,-1.95006980,0,4f3579002a7f6c617362adfd223a592b,0,32,"2020-03-11 13:23:54",1,"2020-08-10 14:05:43"
1765,1,"G & S Waste",jamiedonn@groundsandsurrounds.co.uk,"01708 520 464","Unit 7 Albright Ind Est","Ferry Lane",Rainham,Essex,,"RM13 9BU",www.groundsandsurrounds.co.uk,,,,,,,0,"portal/encore/UserFiles/SysDocs/bb_encore_suppliers/10000/1765/GS Waste Carriers Licence 2021.03.05.pdf","2021-03-05 00:00:00",0,,,1,,,1,,,1,,,1,,,1,"portal/encore/UserFiles/SysDocs/bb_encore_suppliers/10000/1765/Public Liability Insurance 2020- Sept 2021.pdf","2021-09-04 00:00:00",0,,,,51.51552260,0.18289930,0,5b8ee90f880326b4b3389df30c8e7040,0,31,"2020-03-13 13:16:06",32,"2020-09-10 15:51:09"
1766,1,"We Load & Go",julie@westkentwaste.co.uk,"01892 518 438","Site B, North Farm Lane","North Farm Industrial Estate","Tunbridge Wells",,,"TN2 3EE",,Gaynor,julie@westkentwaste.co.uk,,,,,0,"portal/encore/UserFiles/SysDocs/bb_encore_suppliers/10000/1766/we load & go waste carriers 2020.pdf","2020-12-12 00:00:00",1,,,1,,,1,,,1,,,1,,,1,"portal/encore/UserFiles/SysDocs/bb_encore_suppliers/10000/1766/wlag public employers liability 2020.pdf","2020-08-07 00:00:00",1,,,,51.16014250,0.28970800,0,e5e18d6584c42fd35b7a19a7e4843a64,0,32,"2020-03-13 15:34:10",1,"2020-08-10 12:07:56"
1767,1,"London Waste Services",info@londonwasteservices.com,"0208 528 3141; Billy 07885 704142, Bobby 07801 476355","120 Chingford Mountford Road",,,,London,"E4 9BS",www.londonwasteservices.com,"Billy Griffett",,"07885 704 142",,,,0,"portal/encore/UserFiles/SysDocs/bb_encore_suppliers/10000/1767/WasteCarrierRegistrationCertificate 26.11.2021.pdf","2021-11-06 00:00:00",0,,,1,,,1,,,1,,,1,,,1,portal/encore/UserFiles/SysDocs/bb_encore_suppliers/10000/1767/485586F38CA7C0F2EF136D0F172F235E_x2x.pdf,"2021-11-24 00:00:00",0,Yes,"2020-09-11 00:00:00",,51.61281550,-0.01784410,0,4cc6a57941da2217e05287fad0f3d70b,0,20,"2020-03-18 09:16:48",32,"2020-11-25 16:06:50"
1768,1,"The Safe Group",terry.stone@thesafegroup.co.uk,08006681268,"WasteSafe House,","Unit 24,","Ullswater industrial Estate,","Coulsdon,",,"CR5 2HR",www.thesafegroup.co.uk,,,,,,,0,"portal/encore/UserFiles/SysDocs/bb_encore_suppliers/10000/1768/SafeGroup Waste Carrier Registration Certificate-CBDU315117 exp 26.11.2022.pdf","2021-11-26 00:00:00",0,,,1,,,1,,,1,,,1,,,1,"portal/encore/UserFiles/SysDocs/bb_encore_suppliers/10000/1768/Liability Insurance Certificate 14.08.2020.pdf","2020-08-14 00:00:00",0,,,,51.31712680,-0.13376640,1,6b203478921e38db222d28a3fdb114ac,0,31,"2020-03-19 11:33:18",20,"2020-08-20 09:48:13"
1769,1,Jericho,woodrecycling@jericho.org.uk,"0121 327 6102","Jericho Wood Shack","Norris Way","The Royal Town of Sutton Coldfield",,"Sutton Coldfield","B75 7BB",https://jericho.org.uk/wood-recycling/,,,,,,,1,,,1,,,1,,,1,,,1,,,1,,,1,,,1,,,,52.56284210,-1.81533070,0,69e86ea33f665f2b93ceef7746ccc64b,0,32,"2020-03-26 11:53:41",1,"2020-08-10 12:07:45"
1770,1,"BK Skip Hire",info@bkskiphire.co.uk,"01322 528329","82 River Road",Barking,,,Essex,"IG11 0DS",https://www.bkskip.com,,,,,,,0,"portal/encore/UserFiles/SysDocs/bb_encore_suppliers/10000/1770/WCL, 14.12.20.pdf","2020-12-14 00:00:00",0,"portal/encore/UserFiles/SysDocs/bb_encore_suppliers/10000/1770/Environmental permit.pdf","2022-04-20 00:00:00",0,,,1,,,1,,,1,,,1,"portal/encore/UserFiles/SysDocs/bb_encore_suppliers/10000/1770/Ins, 09.05.20.pdf","2020-05-09 00:00:00",0,,,,51.51430380,0.10494910,1,7fc672340eeec84ed24d6391ce909869,0,9,"2020-04-17 14:48:43",1,"2020-08-10 12:07:37"
1771,1,"MJ Church- Compactor",mtaylor@mjchurch.com;pgarland@mjchurch.com,"01249 652 511 ask for trade dept/ OOH- 07939012356- Mark Taylor","Allington Transfer Station","Bristol Road",Chippenham,,Wiltshire,"SN14 6LZ",,,,,,,,0,"portal/encore/UserFiles/SysDocs/bb_encore_suppliers/10000/1771/WCL 02.04.2022.pdf","2022-04-02 00:00:00",0,portal/encore/UserFiles/SysDocs/bb_encore_suppliers/10000/1771/PERMIT.pdf,"2022-04-27 00:00:00",0,,,1,,,1,,,1,,,1,"portal/encore/UserFiles/SysDocs/bb_encore_suppliers/10000/1771/Liability insurance 2021.pdf","2021-09-30 00:00:00",0,Yes,"2020-07-20 00:00:00",,51.47219300,-2.15882640,0,54302aafc1ebfc62b5f3c02a670a96c1,0,9,"2020-04-27 13:07:30",48,"2020-09-30 13:56:46"
1772,1,"Light Bros",info@lightbros.co.uk;operations@lightbros.co.uk;paul.phillips@lightbros.co.uk,"01273 476862","Greystone Quarry",,,,Lewes,"BN8 6JN",https://www.lightbros.co.uk/,,,,,,,1,"portal/encore/UserFiles/SysDocs/bb_encore_suppliers/10000/1772/WCL, 21.03.22.pdf","2022-03-21 00:00:00",0,portal/encore/UserFiles/SysDocs/bb_encore_suppliers/10000/1772/Permit.pdf,"2022-05-12 00:00:00",0,,,1,,,1,,,1,,,1,"portal/encore/UserFiles/SysDocs/bb_encore_suppliers/10000/1772/M D J TWIMC Letter 2020-2021[81083].pdf","2021-10-30 00:00:00",0,,,,50.86514100,0.02722720,0,e88e6c7e9ef92a32d5f7d46fb09bce23,0,9,"2020-05-11 12:59:17",48,"2020-11-04 14:25:54"
1773,12,CSB,jeff.day@csblogistics.com;matt.barker@csblogistics.com,,,,,,,,,,,,,,,0,,,0,,,0,,,0,,,0,,,0,,,0,,,0,,,,,,1,0e65af37034204ab2d823f7e7863b820,0,9,"2020-05-12 09:42:32",20,"2020-05-14 08:54:52"
1774,12,"ESE World",j.taylor@eseworld.co.uk,"01530 277900/ 07870625086- Jacob","ESE World","Beacon House Reg's Way Bardon Hill",,Leicestershire,"LE67 1GH",,,,,,,,,0,,,1,,,1,,,1,,,1,,,1,,,1,"portal/encore/UserFiles/SysDocs/bb_encore_suppliers/10000/1774/TWIMC 2020 - RPC - ESE World.pdf","2021-09-30 00:00:00",0,,,,,,0,58bf4d4e87e9514f3bb08710afed45dd,0,9,"2020-05-28 15:23:07",48,"2020-10-13 13:41:09"
1775,11,"SOLO Wood Recycling Ltd",info@solowoodrecycling.co.uk,"07444 729 521","43 Factory Lane",,,,Croydon,"CR0 3RL",http://solowoodrecycling.co.uk,,,,,,,0,,,1,,,1,,,1,,,1,,,1,,,1,,,1,,,,51.37646010,-0.11320620,0,30016d452a1f773122b11a4b73845925,0,38,"2020-06-02 09:28:32",38,"2020-06-18 12:50:00"
1776,11,"Riverside Timber Recycling Project",info@riversidetimberrecyclingproject.co.uk,"07874 207 822","Passingford Bridge Mill","261 Ongar Road",Stapleford,,Essex,"RM4 1RD",https://www.facebook.com/Riverside-Timber-Recycling-Project-201616990186326/,,,,,,,0,,,1,,,1,,,1,,,1,,,1,,,1,,,1,,,,51.65828670,0.16386980,0,dfdbf1f66004b53568056067838bcfbf,0,38,"2020-06-02 09:31:13",38,"2020-06-18 12:50:01"
1777,11,"St Albans Wood Recycling",stalbanswrp@aol.com,"01727 568202","11A Pickford Road",,,,"St Albans","AL1 5JH",www.stalbanswoodrecycling.org.uk,,,,,,,0,,,1,,,1,,,1,,,1,,,1,,,1,,,1,,,,51.74950070,-0.31030160,0,b1d97a5946adb79d324d3994ea97ae86,0,38,"2020-06-02 09:33:10",38,"2020-06-18 12:50:01"
1778,11,"The Useful Wood Company",info@usefulwood.org,01483714362,"15-29 Goldsworth Road",,,,Woking,"GU21 6JT",https://usefulwood.org/,,,,,,,0,,,1,,,1,,,1,,,1,,,1,,,1,,,1,,,,51.31700560,-0.56179760,0,45111ff2179bdcd34487f1eb34ae7e22,0,38,"2020-06-02 09:35:32",38,"2020-06-18 12:50:02"
1779,11,"New Life Wood",info@newlifewood.org.uk,"07904 150180","Wat Tyler Park","Pitsea Hall Lane",Basildon,,Essex,"SS16 4UH",www.newlifewood.org.uk,,,,,,,0,,,1,,,1,,,1,,,1,,,1,,,1,,,1,,,,51.54012240,0.52530250,0,35b0cd89110096c1bce1f519cea3a03d,0,38,"2020-06-02 09:36:50",38,"2020-06-18 12:50:02"
1780,11,"Roots Timber Reuse CIC",lee.corrigan79@gmail.com,"01474 550390","Plot 7a","Stoney Lane",,,Rochester,"ME1 3AU",http://rootsreuse.org.uk/,,,,,,,0,,,1,,,1,,,1,,,1,,,1,,,1,,,1,,,,51.35712940,0.49166600,0,c27e5a7865ae6b324fd67f0ed4dc2ae2,0,38,"2020-06-02 09:38:13",38,"2020-06-18 12:50:02"
1781,11,"Chiltern Wood Recycling Project",info@chilternwoodrecycling.co.uk,"01494 258185","Chiltern Wood Recycling Project","Unit 2 Cressex Business Park",,,"High Wycombe","HP12 3RH",www.chilternwoodrecycling.co.uk,,,,,,,0,,,1,,,1,,,1,,,1,,,1,,,1,,,1,,,,51.62327380,-0.77338360,0,cab39dfe35d486831cc15f67615c99b2,0,38,"2020-06-02 09:40:18",38,"2020-06-18 12:50:03"
1782,11,"Mid Sussex Wood Recycling Project",contact@midsussexwoodrecycling.com,"07792 209357","Brooklands Farm","Rocky Lane",,,"Haywards Heath","RH16 4RR",www.midsussexwoodrecycling.com/,,,,,,,0,,,1,,,1,,,1,,,1,,,1,,,1,,,1,,,,50.98227700,-0.12243900,0,f4c4af2318e6b100c4435af95bdcd8f9,0,38,"2020-06-02 09:42:07",38,"2020-06-18 12:50:03"
1783,11,"The Wood Store Brighton",info@woodrecycling.org.uk,"01273 570500","Unit 2 Longley Industrial Estate","Elder Place",,,Brighton,"BN1 4GY",www.woodrecycling.org.uk,,,,,,,0,,,1,,,1,,,1,,,1,,,1,,,1,,,1,,,,50.83279370,-0.13929780,0,61e2a89f92d30937e5f4e3973ab99a0c,0,38,"2020-06-02 09:43:42",38,"2020-06-18 12:50:03"
1784,11,"Wood @ Aldingbourne",wood@aldingbournetrust.co.uk,"01243 546038","Aldingbourne Country Centre","Black Mill Lane",,,Norton,"PO18 0JP",www.aldingbournetrust.org/wood.html,,,,,,,0,,,1,,,1,,,1,,,1,,,1,,,1,,,1,,,,50.85798490,-0.67653800,0,18fef41dfa67ad01743e14cd61af188a,0,38,"2020-06-02 09:45:32",38,"2020-06-18 12:50:04"
1785,11,"Oxford Wood Recycling",info@oxfordwoodrecycling.org.uk,"01235 861228","4 Suffolk Way",,,,Abingdon,"OX14 5JX",www.oxfordwoodrecycling.org.uk,,,,,,,0,,,1,,,1,,,1,,,1,,,1,,,1,,,1,,,,51.66622480,-1.29839040,0,ff041099a17607c74159fa29c6d706a3,0,38,"2020-06-02 09:47:23",38,"2020-06-18 12:50:04"
1786,11,"North Essex Wood Recycling",kevin.fletcher@newoodrecycling.co.uk,"07961 084449","The Old Fertiliser Store","Slough Farm","Slough Farm Lane",Acton,Suffolk,"CO10 0BN",www.newoodrecycling.weebly.com,,,,,,,0,,,1,,,1,,,1,,,1,,,1,,,1,,,1,,,,52.08519340,0.78138590,0,5c40f677e66f21dd027472d025e5b5ab,0,38,"2020-06-02 09:49:35",38,"2020-06-18 12:50:05"
1787,11,"Northamptonshire Wood Recycling",info@northantswoodrecycling.org.uk,"01604 930998","Unit G2","Kingsfield Close",,,Northampton,"NN5 7QS",www.northantswoodrecycling.org.uk/,,,,,,,0,,,1,,,1,,,1,,,1,,,1,,,1,,,1,,,,52.25241280,-0.91744060,0,4fb18cbc0e5ec537885b1f38ce34d80c,0,38,"2020-06-02 09:51:19",38,"2020-06-18 12:50:05"
1788,11,"Southampton Wood Recycling Project",info@southamptonwooodrecycling.org.uk,"0238 1781720","Unit Z Willments Industrial Estate","Hazel Road",,,Southampton,"SO19 7HS",www.southamptonwoodrecycling.org.uk,,,,,,,0,,,1,,,1,,,1,,,1,,,1,,,1,,,1,,,,50.90679760,-1.37955680,0,0058c12b1875d239969760c710e52c96,0,38,"2020-06-02 09:55:22",38,"2020-06-18 12:50:05"
1789,11,"Just Wood Leicestershire",collections@justwoodleicestershire.org.uk,"0116 2511483","Unit 6","62 - 66 Friday Street",,,Leicester,"LE1 3BW",www.justwoodleicestershire.org.uk,,,,,,,0,,,1,,,1,,,1,,,1,,,1,,,1,,,1,,,,52.64222320,-1.13694690,0,3f5754d307bc267d1fde19f4840ac5d9,0,38,"2020-06-02 09:57:25",38,"2020-06-18 12:50:06"
1790,11,"Wiltshire Wood Recycling",wwr@btinternet.com,"01249 783499","Milking Parlour","East Combe Farm",,,"Castle Combe","SN14 7EY",www.wiltshirewoodrecycling.org.uk/,,,"07436 535209",,,,0,,,1,,,1,,,1,,,1,,,1,,,1,,,1,,,,51.49018060,-2.21611370,0,7dfa345cb3023b5efd3d7cf4dc3d9ce4,0,38,"2020-06-02 09:59:04",38,"2020-06-18 12:50:06"
1791,11,"Jericho Wood Shack",kirsty.palmer@jericho.org.uk,"0121 3276102","The Old Depot",,,"Sutton Coldfield",Birmingham,"B75 7BB",www.jericho.org.uk/wood-recycling,,,,,,,0,,,1,,,1,,,1,,,1,,,1,,,1,,,1,,,,52.56284210,-1.81533070,0,ec82594d6bb5862611368a761064c97d,0,38,"2020-06-02 10:00:46",38,"2020-06-18 12:50:06"
1792,11,"Bristol Wood Recycling Project",info@bwrp.org.uk,"01173 294319","Unit 4","William Street",,,Bristol,"BS2 0RG",www.bwrp.org.uk/,,,,,,,0,,,1,,,1,,,1,,,1,,,1,,,1,,,1,,,,51.45439150,-2.57387410,0,c9f5a6b1b5224277a319b2d556e015a5,0,38,"2020-06-02 10:02:11",38,"2020-06-18 12:50:06"
1793,11,"Wood Saints",info@woodsaints.com,"01902 556683","The Wood Depot","Dixon Street",,,Wolverhampton,"WV2 2BX",https://woodsaints.com,,,"07950 347718",,,,0,,,1,,,1,,,1,,,1,,,1,,,1,,,1,,,,52.57409270,-2.10414350,0,e44c06da766b5394e414fa93113eb4f5,0,38,"2020-06-02 10:03:43",38,"2020-06-18 12:50:07"
1794,11,"East Midlands Wood Recycling",kevin@eastmidlandswoodrecycling.org.uk,"01332 360000","The Old Pattern Shop","Unit 1","Litchurch Lane",,Derby,"DE24 8AQ",www.eastmidlandswoodrecycling.org.uk,,,"07773 079196",,,,0,,,1,,,1,,,1,,,1,,,1,,,1,,,1,,,,52.91041390,-1.46200240,0,90dbfe5883fd194a31bd3fcab65d7877,0,38,"2020-06-02 10:05:33",38,"2020-06-18 12:50:07"
1795,11,"Somerset Wood Recycling",info@somersetwoodrecycling.co.uk,"01934 642294","The Motex Centre","Winterstoke Road",,,"Weston Super Mare","BS23 3YW",www.somersetwoodrecycling.co.uk,,,,,,,0,,,1,,,1,,,1,,,1,,,1,,,1,,,1,,,,51.33768900,-2.95512990,0,d567862dde1d76e40553c63f9873457a,0,38,"2020-06-02 10:06:58",38,"2020-06-18 12:50:07"
1796,11,Resiclo,cs@reseiclo.co.uk,"01633 856622","Unit 2 Harlequin Trading Estate","Alderney Street",,,Newport,"NP20 5NH",www.reseiclo.co.uk,,,,,,,0,,,1,,,1,,,1,,,1,,,1,,,1,,,1,,,,51.59829890,-2.99223430,0,486261d9ffa79bd623c3382c981a50fd,0,38,"2020-06-02 10:08:50",38,"2020-06-18 12:50:08"
1797,11,"We're Eco",info@wereeco.com,"01460 281777","Unit 2D Walronds Park","Isle Brewers",Ilminster,,Somerset,"TA3 6QP",www.wereeco.com/,,,"07757 767660",,,,0,,,1,,,1,,,1,,,1,,,1,,,1,,,1,,,,50.97533970,-2.89075840,0,79400d01e7e9a29cc4c9782764096dd5,0,38,"2020-06-02 10:17:36",38,"2020-06-18 12:50:08"
1798,11,"Humber Wood Recycling Project",humberwood@dovehouse.org.uk,"01482 702197","Unit 2 Cornwall Street",,,,Hull,"HU8 8AF",www.humberwoodrecycling.org.uk,,,,,,,0,,,1,,,1,,,1,,,1,,,1,,,1,,,1,,,,53.75580130,-0.32419840,0,72e9f74a2546c9ff5e97e597f1ab2d2b,0,38,"2020-06-02 10:19:09",38,"2020-06-18 12:50:09"
1799,11,"Emerge Touch Wood",wood@emergemanchester.co.uk,"0161 2238200","EMERGE Recycling","New Smithfield Market","Whitworth Street",,Manchester,"M11 2WJ",http://emergemanchester.co.uk/touchwood,,,,,,,0,,,1,,,1,,,1,,,1,,,1,,,1,,,1,,,,53.47180120,-2.17576370,0,43cd653d513b7218b5f791337848b640,0,38,"2020-06-02 10:22:03",38,"2020-06-18 12:50:09"
1800,11,"Leeds Wood Recycling",leedswoodrecycling@gmail.com,"0113 4505275","Unit 6 Croydon Street",,,,Leeds,"LS11 9RT",http://www.leedswoodrecycling.co.uk/,,,,,,,0,,,1,,,1,,,1,,,1,,,1,,,1,,,1,,,,53.78741130,-1.56603580,0,246736417489980ed39ad554bad8e6ae,0,38,"2020-06-02 10:23:20",38,"2020-06-18 12:50:09"
1801,11,"The Woodhouse",damian@integratepreston.org.uk,"01772 722534","110 Stocks Road",Ashton,,,Preston,"PR2 2TB",,,,"01772 730315",,,,0,,,1,,,1,,,1,,,1,,,1,,,1,,,1,,,,53.76967950,-2.72507780,0,7b5aac657a1433ac36b0aba2639a9b57,0,38,"2020-06-02 10:24:51",38,"2020-06-18 12:50:10"
1802,11,"Newcastle Wood Recycling",hello@welovewood.org,"01912 654845","Corporation Yard","Welbeck Road",,,"Newcastle Upon Tyne","NE6 2PA",www.welovewood.org,,,,,,,0,,,1,,,1,,,1,,,1,,,1,,,1,,,1,,,,54.97413410,-1.55670680,0,950813d9ba5e01e0deab894cf05cc649,0,38,"2020-06-02 10:26:41",38,"2020-06-18 12:50:10"
1803,11,"Move On Wood Recycling",wood@moveon.org.uk,"0131 5516937","New Broompark",Granton,,,Edinburgh,"EH5 1RS",www.moveonwood.org.uk/,,,,,,,0,,,1,,,1,,,1,,,1,,,1,,,1,,,1,,,,55.98103990,-3.23096840,0,6fa0e11654491d5aa2fbf80e0a1d3900,0,38,"2020-06-02 10:28:10",38,"2020-06-18 12:50:10"
1804,11,"Glasgow Wood Recycling",info@glasgowwoodrecycling.org.uk,"0141 2378566","Unit 6","The Barclay Curle Complex","739 South Street",,Glasgow,"G14 0BX",www.glasgowwoodrecycling.org.uk,,,,,,,0,,,1,,,1,,,1,,,1,,,1,,,1,,,1,,,,55.87289950,-4.34463480,0,ab3f59d010a4ebcb9cb3b75960a48da2,0,38,"2020-06-02 10:29:56",38,"2020-06-18 12:50:11"
1805,1,"Smith Recycling MK",info@smithrecyclingmk.co.uk,"01908 394 231","Chesney Wold","Bleak Hall","Milton Keynes",,Buckinghamshire,"MK6 1LS",https://www.smithrecyclingmk.co.uk/skip-hire/,"Gabriela Okoniewska",Gabi@smithrecyclingmk.co.uk,,,,,0,"portal/encore/UserFiles/SysDocs/bb_encore_suppliers/10000/1805/WASTE CARRIER LICENCE 16.08.23.pdf","2023-08-16 00:00:00",0,portal/encore/UserFiles/SysDocs/bb_encore_suppliers/10000/1805/permit.pdf,"2022-06-05 00:00:00",1,,,1,,,1,,,1,,,1,"portal/encore/UserFiles/SysDocs/bb_encore_suppliers/10000/1805/Insurance- EXP 01.04.21.pdf","2021-04-01 00:00:00",0,,,,52.01715560,-0.75294000,0,c6862f4a0d19ceb83df850d01926b5dd,0,9,"2020-06-04 08:41:58",20,"2020-08-20 10:03:13"
1806,,"R Collard/Raymond Brown",skiporders@rcollard.com,"01252 844688/01189590252","Eversley Haulage Park","Brick House Hill",,Eversley,Hook,"RG27 0PZ",https://www.rcollard.com/,,,,,,,0,"portal/encore/UserFiles/SysDocs/bb_encore_suppliers/10000/1806/WASTE CARR LICENSE 22.03.2022.pdf","2022-03-22 00:00:00",0,"portal/encore/UserFiles/SysDocs/bb_encore_suppliers/10000/1806/Permit No..pdf","2021-04-30 00:00:00",0,,,1,,,1,,,1,,,1,"portal/encore/UserFiles/SysDocs/bb_encore_suppliers/10000/1806/Insurance 2020 - 2021.pdf","2021-08-31 00:00:00",0,,,,51.32678860,-0.86556710,0,4c410ccfc65c18d807cb15e99c436d96,0,9,"2020-06-09 08:09:48",1,"2020-11-16 10:07:14"
1807,11,"Giving Back Crawley",joe@givingbackcrawley.org,"07983 607791","1a Dobbins Place","Ifield West",Crawley,,"West Sussex","RH11 0SZ",https://www.givingbackcrawley.org/,"Joe Dines",joe@givingbackcrawley.org,07814171796,,,,0,,,1,,,1,,,1,,,1,,,1,,,1,,,1,,,,51.11168900,-0.22989960,0,8f87a39c767de6a5c708b96804a987d5,0,32,"2020-06-10 16:11:28",48,"2020-10-14 12:51:06"
1808,1,"Wycombe Recycling LTD",info@wycomberecycling.co.uk,"01494 419929","Binders Industrial Estate","Cryers Hill Road","High Wycombe",Bucks,,"HP15 6LG",www.wycomberecycling.co.uk,,,,,,,0,"portal/encore/UserFiles/SysDocs/bb_encore_suppliers/10000/1808/Waste Carriers Licence 25.07.23.pdf","2023-07-25 00:00:00",0,,,1,,,1,,,1,,,1,,,1,"portal/encore/UserFiles/SysDocs/bb_encore_suppliers/10000/1808/Insurance 2021.pdf","2021-10-05 00:00:00",0,,,,51.76306380,-1.48456930,0,d390249d18fa9c831ccac63f2a06e4b0,0,32,"2020-06-15 13:42:32",48,"2020-10-07 12:54:01"
1809,12,"Hygenie washroom Services",c.wright@hygenieuk.com,"02476 101 600 mob 07921 333386","Unit 1 The Boat House","The Boat House","6 Brindley Road",,"Hinckley Leicestershire","LE10 3BY",www.hgeniewashrooms.co.uk,Cosette,c.wright@hygenieuk.com,"02476 101600",,,,0,"portal/encore/UserFiles/SysDocs/bb_encore_suppliers/10000/1809/WasteCarrier 18.09.22.pdf","2022-09-18 00:00:00",0,,,1,,,1,,,1,,,1,,,1,"portal/encore/UserFiles/SysDocs/bb_encore_suppliers/10000/1809/Insurance 2021.pdf","2021-09-30 00:00:00",0,,,,52.53921820,-1.40492490,0,d26934d517417241e49a53903e1a9167,0,20,"2020-06-17 12:14:50",48,"2020-10-01 09:36:48"
1810,,"ScrapCo 1",becky@scrapco.co.uk,"01892 838331","Longfield Farm, Old Hay",Brenchley,"Nr. Tonbridge",,Kent,"TN12 7DG",https://scrapcoskiphire.uk/,Becky,becky@scrapco.co.uk,"01892 838331",,99,,0,"portal/encore/UserFiles/SysDocs/bb_encore_suppliers/10000/1810/Waste Carrier Licence to 15 June 2023.pdf","2023-06-15 00:00:00",0,portal/encore/UserFiles/SysDocs/bb_encore_suppliers/10000/1810/Permit.pdf,"2022-09-23 00:00:00",1,,,1,,,1,,,1,,,1,"portal/encore/UserFiles/SysDocs/bb_encore_suppliers/10000/1810/Insurance 2021.pdf","2021-10-22 00:00:00",0,,,,51.17474720,0.42923870,0,417c680a584c7c026e6978d223b27882,0,38,"2020-06-23 15:36:32",48,"2020-10-22 09:59:08"
1811,11,Borderline-UK,contact@borderline-uk.org,"0845 4562190","22 City Road",,,,London,"EC1Y 2AJ",https://www.borderline-uk.org/,"Andrew Ellis",contact@borderline-uk.org,,,,,0,,,1,,,1,,,1,,,1,,,1,,,1,,,1,,,,51.52234700,-0.08741330,0,f15374b7f0f3016fc114eaaeb846c9fc,0,38,"2020-07-02 14:04:53",1,"2020-07-07 17:28:51"
1812,11,"St Christophers Hospice",N.Rooney@stchristophers.org.uk,"020 8768 4500","Caritas House","Tregony Road",,,Bromley,"BR6 9XA",https://www.stchristophers.org.uk/,"Nigel Rooney",N.Rooney@stchristophers.org.uk,"01689 825755",,,,0,,,1,,,1,,,1,,,1,,,1,,,1,,,1,,,,51.36418490,0.09324350,0,722bdb890664291bf823c570d0070ed6,0,38,"2020-07-02 14:08:43",1,"2020-07-07 17:28:51"
1813,1,"Wyre Forest Recycling",enquiries@wfrs.co.uk,"01299 828 822","Sandy Lane Ind Est","Stourport-on-Severn,","Worcestershire,",,,"DY13 9QB",https://www.wfrs.co.uk,Gemma,,,,,,0,"portal/encore/UserFiles/SysDocs/bb_encore_suppliers/10000/1813/Waste carriers license.pdf","2022-02-06 00:00:00",0,,,1,,,1,,,1,,,1,,,1,"portal/encore/UserFiles/SysDocs/bb_encore_suppliers/10000/1813/Insurance Public Liabilty.pdf","2020-07-28 00:00:00",0,,,,52.32864830,-2.26777920,1,71790fd79fcb27e1ab7e2515cf13d6ff,0,32,"2020-07-07 16:37:50",20,"2020-08-20 10:36:09"
1814,3,"D&M Recycling & Waste Management",info@dandmskiphire.co.uk,"01908 465995","The Recycling Centre","Main Road",,,Northampton,"NN7 3NA",http://www.dandmskiphire.co.uk/,,,,,,,1,,,1,,,1,,,1,,,1,,,1,,,1,,,1,,,,52.23261030,-1.02378950,0,2e6ec2a2ff2a726807dbe2d5a905e8f5,0,32,"2020-07-10 12:46:47",32,"2020-09-25 09:12:34"
1815,3,"Ace Skip Hire",aceskiphire@googlemail.com,"01753 664422","Gerrards Cross",Buckinghamshire,,,,"SL9 8SW",https://www.aceskiphirebucks.co.uk,,,,,,,0,"portal/encore/UserFiles/SysDocs/bb_encore_suppliers/10000/1815/waste carrier license  15.02.2023.JPG","2023-02-21 00:00:00",0,,,1,,,1,,,1,,,1,,,1,,,0,,,,51.57308780,-0.57607930,1,ba4c428d676b95238ea2e47101765ec2,0,32,"2020-07-13 11:19:05",9,"2020-07-27 09:23:02"
1816,11,"Marylebone Project",marylebone@churharmy.org,"0203 9591444","Bradbury House","1-5 Cosway Street",,,London,"NW1 5NR",www.maryleboneproject.org.uk,"Angela Owen",angela.owen@churcharmy.org,"0203 9591451",,,,0,,,1,,,1,,,1,,,1,,,1,,,1,,,1,,,,51.52137970,-0.16573480,0,38e2133c82817c802c64c1f54836ed1a,0,38,"2020-07-13 11:20:52",38,"2020-07-15 10:54:09"
1817,11,"St Christopher's Hospice",N.Rooney@stchristophers.org.uk,"01689 825755","51-59 Lawrie Park Road",Sydenham,,,London,"SE26 6DZ",www.stchristophers.org.uk,"Nigel Rooney",N.Rooney@stchristophers.org.uk,,,,,0,,,1,,,1,,,1,,,1,,,1,,,1,,,1,,,,51.42159330,-0.05830710,0,0775bc84e1cc59c69b637a4e956476ad,0,38,"2020-07-13 11:26:38",38,"2020-07-15 10:54:10"
1818,11,"Emmaus Greenwich - Elmley St.",business@emmausgreenwich.org,"0208 316 5398","226 Elmley Street",Plumstead,,,London,"SE18 7NN",www.emmausgreenwich.org,"Mongi Khanyile",business@emmausgreenwich.org,"07539 639111",,,,0,,,1,,,1,,,1,,,1,,,1,,,1,,,1,,,,51.48656740,0.08228020,0,3e05d6c1d476f9ea17cdde03dea57dc0,0,38,"2020-07-13 11:29:35",38,"2020-07-15 10:54:10"
1819,11,SCT,info@sct.org.uk,02076135677,"50A Acton Mews",,,,London,"E8 4EF",www.sct.org.uk,"Andi Morgan-Brown",info@sct.org.uk,"07581 351821",,,,0,,,1,,,1,,,1,,,1,,,1,,,1,,,1,,,,51.53823060,-0.07591000,0,98dcacc73d8a7b55e498dfd78c608a1c,0,38,"2020-07-13 11:33:52",38,"2020-07-15 10:54:10"
1820,1,"Pallet Recovery & Son",sales@palletrecoveryandson.co.uk,"01795 533221","Unit 19","The Former Gunpowder Mill","Davington Mills",Faversham,Kent,"ME13 7UD",http://www.palletrecoveryandson.co.uk/,Damon,,,,,,0,"portal/encore/UserFiles/SysDocs/bb_encore_suppliers/10000/1820/waste carrier license 25.05.22.JPG","2022-05-25 00:00:00",0,,,1,,,1,,,1,,,1,,,1,"portal/encore/UserFiles/SysDocs/bb_encore_suppliers/10000/1820/On cover documents.pdf","2020-09-04 00:00:00",0,,,,51.32219780,0.86616620,1,b3d7643e4cc83b04cd46d0010b9832c8,0,38,"2020-07-16 13:47:38",32,"2020-09-15 13:20:21"
1821,3,Taurus,enquiries@taurus-waste.com,"01252 342365","Taurus House","Lynchford Lane",Farnborough,,Hampshire,"GU14 6JD",https://tauruswaste.com/,,,,,,,0,"portal/encore/UserFiles/SysDocs/bb_encore_suppliers/10000/1821/WCL, 02.04.22.pdf","2022-04-02 00:00:00",0,"portal/encore/UserFiles/SysDocs/bb_encore_suppliers/10000/1821/Permit- Aldershot 2.pdf","2022-07-01 00:00:00",0,"portal/encore/UserFiles/SysDocs/bb_encore_suppliers/10000/1821/Permit- Aldershot.pdf","2022-07-01 00:00:00",0,"portal/encore/UserFiles/SysDocs/bb_encore_suppliers/10000/1821/Permit- Broadcut, Wallington.pdf","2022-07-01 00:00:00",0,"portal/encore/UserFiles/SysDocs/bb_encore_suppliers/10000/1821/Permit- Lynchford Lane.pdf","2022-07-01 00:00:00",0,,,1,"portal/encore/UserFiles/SysDocs/bb_encore_suppliers/10000/1821/Ins, 01.04.21.pdf","2021-04-01 00:00:00",0,,,,51.27774920,-0.73304760,0,4fbf46318953ff3681b99922698e8f57,0,9,"2020-07-17 08:38:38",1,"2020-08-06 12:13:38"
1822,1,"Digaway & Clearway Recycling",info@digawayskiphire.co.uk,"01684 594 763","Grove House Yard,","Tewkesbury Road,","Upton upon Severn,",,Worcestershire.,"WR8 0PW",https://digawayskiphire.co.uk,,,,,,,0,"portal/encore/UserFiles/SysDocs/bb_encore_suppliers/10000/1822/WCL, 13.12.21.PNG","2021-12-13 00:00:00",0,portal/encore/UserFiles/SysDocs/bb_encore_suppliers/10000/1822/Permit.pdf,"2022-03-13 00:00:00",0,,"2022-07-22 00:00:00",1,,,1,,,1,,,1,"portal/encore/UserFiles/SysDocs/bb_encore_suppliers/10000/1822/lilability insurance 09.05.2021.jpg","2021-05-09 00:00:00",0,Yes,"2020-09-01 00:00:00",,52.06802840,-2.19615680,0,5da5b10735cecf97f70b009bce7fb57b,0,31,"2020-07-17 11:38:13",32,"2020-09-01 15:49:53"
1823,3,PBC,shaun@pbchire.co.uk,"01635 747052/07894 357424",Closagh,"Knapp Lane",,,Tadley,"RG26 3NR",www.pbchire.co.uk,,,,,,,0,"portal/encore/UserFiles/SysDocs/bb_encore_suppliers/10000/1823/WCL, 10.07.23.pdf","2023-07-10 00:00:00",0,portal/encore/UserFiles/SysDocs/bb_encore_suppliers/10000/1823/Permit.pdf,"2022-07-21 00:00:00",0,,,1,,,1,,,1,,,1,"portal/encore/UserFiles/SysDocs/bb_encore_suppliers/10000/1823/Ins, 16.02.21.pdf","2021-02-16 00:00:00",0,,,,51.34207620,-1.12952540,0,bb9bd9e89997841d68ff0dca39bd1680,0,9,"2020-07-21 11:54:57",1,"2020-08-06 12:13:39"
1824,3,"MRW Waste Recycling",info@mrwskiphire.com,"01789 722 466","Midlands Reclamation & Waste Ltd","Long Marston","Stratford upon Avon",,,"CV37 8AQ.",https://www.mrwskiphire.com/contact/,,,,,,,0,"portal/encore/UserFiles/SysDocs/bb_encore_suppliers/10000/1824/Waste Carriers Licence exp. 20.02.2022.pdf","2022-02-20 00:00:00",0,,,1,,,1,,,1,,,1,,,1,"portal/encore/UserFiles/SysDocs/bb_encore_suppliers/10000/1824/MRW Broker Certificate 2020.pdf","2020-12-24 00:00:00",0,,,,,,1,7da136c95896e7deb5391f968ba344c6,0,32,"2020-07-27 14:27:42",32,"2020-09-03 13:56:48"
1825,,Chambers,james.crighton@chambers-group.co.uk,"01483 504 595","Chambers House","North Moors",,,Guildford,"GU1 1SE",https://www.chambers-group.co.uk/,,,,,,,0,"portal/encore/UserFiles/SysDocs/bb_encore_suppliers/10000/1825/Waste Carriers License Chambers Runfold PLC Exp 2022.pdf","2022-02-28 00:00:00",0,"portal/encore/UserFiles/SysDocs/bb_encore_suppliers/10000/1825/Redhill NEQ Consolidated permit 2019.pdf","2022-02-12 00:00:00",0,,,1,,,1,,,1,,,1,"portal/encore/UserFiles/SysDocs/bb_encore_suppliers/10000/1825/Runfold TWIMC.pdf","2021-06-29 00:00:00",0,,,,51.26281250,-0.56309880,0,e0a906ae0f306ebd8499784941f862c3,0,9,"2020-07-27 14:42:04",1,"2020-11-16 10:07:14"
1826,,"a1 Waste Clearence",infor@a1wasteclearance.co.uk,07469210940,"Middle Boy",,,,Romford,"RM4 1DT",,"Blake Wayt",,,,,,0,"portal/encore/UserFiles/SysDocs/bb_encore_suppliers/10000/1826/Waste carrier licence 04.05.22.docx","2022-07-29 00:00:00",0,portal/encore/UserFiles/SysDocs/bb_encore_suppliers/10000/1826/permit.pdf,"2022-07-29 00:00:00",0,,,1,,,1,,,1,,,1,"portal/encore/UserFiles/SysDocs/bb_encore_suppliers/10000/1826/Liability Insurance 16.06.21.pdf","2021-06-06 00:00:00",0,,,,51.64944630,0.12428850,0,546ce3cca2d683918a24354d9de079b6,0,20,"2020-07-29 12:39:15",1,"2020-08-10 14:02:49"
1827,11,"Headway East Northants",info@headwayeastnorthants.org.uk,"01933 652311","61 High Street",Irthlingborough,,,Northants,"NN9 5PU",https://headwayeastnorthants.org.uk/contact-us/,,,,,,,0,,,1,,,1,,,1,,,1,,,1,,,1,,,1,,,,52.32406560,-0.61658270,0,e027c6401e52c7cd0e1ecb589f636122,0,32,"2020-08-13 12:33:06",9,"2020-08-14 10:09:04"
1828,,"Battle Skips",info@battleskips.com,"0208 960 0302","Neasden Goods Yard","Neasden Lane",Neasden,,London,"NW10 2UG",www.battleskips.com,,,,,,,0,"portal/encore/UserFiles/SysDocs/bb_encore_suppliers/10000/1828/BATTLESKIPS WasteCarrier DEC 22.pdf","2022-12-09 00:00:00",0,"portal/encore/UserFiles/SysDocs/bb_encore_suppliers/10000/1828/Neasden Permit 26.01.2022.pdf","2022-01-26 00:00:00",1,,,1,,,1,,,1,,,1,"portal/encore/UserFiles/SysDocs/bb_encore_suppliers/10000/1828/Battleskips public liability 27.12.20.pdf","2020-12-27 00:00:00",0,,,,51.55401030,-0.25118290,0,577989a1125851ad351707a98dfe315b,0,20,"2020-08-19 12:21:48",22,"2020-09-14 10:04:34"
1829,,"MJ Church- Cages",jkirkham@mjchurch.com,"01225 891591/OOH Catherine Aungier  07733152767","Star Farm",,,Marshfield,Chippenham,"SN14 8LH",,,,,,,,0,"portal/encore/UserFiles/SysDocs/bb_encore_suppliers/10000/1829/WCL 02.04.2022.pdf","2022-04-04 00:00:00",0,portal/encore/UserFiles/SysDocs/bb_encore_suppliers/10000/1829/PERMIT.pdf,"2021-03-22 00:00:00",0,,,1,,,1,,,1,,,1,"portal/encore/UserFiles/SysDocs/bb_encore_suppliers/10000/1829/Liability insurance 2021.pdf","2021-09-30 00:00:00",0,Yes,"2020-07-20 00:00:00",,51.46241460,-2.29356840,0,7cf8b3ca0b8123e6b14f158aa58f1c29,0,9,"2020-08-27 15:25:10",1,"2020-11-16 10:07:15"
1830,12,"London Waste Management",hello@londonwastemanagement.com,07596556931,"61 Halliday Square",southall,,,London,"UB2 4UQ",,,,,,,,0,"portal/encore/UserFiles/SysDocs/bb_encore_suppliers/10000/1830/Waste Carrier Lincese 20-22.png","2022-10-03 00:00:00",0,,,1,,,1,,,1,,,1,,,1,"portal/encore/UserFiles/SysDocs/bb_encore_suppliers/10000/1830/Per Person Liability Insurance ScheduleVXAM33.pdf","2021-06-26 00:00:00",0,,,,51.50840840,-0.35034020,0,904b720f096cc9f209514cc520e7cf0e,0,32,"2020-09-02 16:35:37",22,"2020-09-14 10:04:34"
1831,3,"East Kent Recycling",orders@eastkentrecycling.co.uk,"08450 176 817","Aylesham Industrial Estate",Aylesham,,,Canterbury,"CT3 3EL",https://eastkentrecycling.co.uk/,,,,,,,0,"portal/encore/UserFiles/SysDocs/bb_encore_suppliers/10000/1831/Waste carrier licence 2019-2022.pdf","2022-04-05 00:00:00",0,"portal/encore/UserFiles/SysDocs/bb_encore_suppliers/10000/1831/Faversham  full licence 1.pdf","2022-09-09 00:00:00",0,,,1,,,1,,,1,,,1,"portal/encore/UserFiles/SysDocs/bb_encore_suppliers/10000/1831/Evidence of Insurance East Kent Recycling 2020-2021.pdf","2021-07-06 00:00:00",0,Yes,"2020-11-18 00:00:00",,51.22109110,1.19654370,0,773b35af89587a34a3790e4359b0e7e1,0,9,"2020-09-08 08:04:44",32,"2020-11-18 11:34:49"
1832,12,"Metro Waste",info@metrowaste.co.uk,"020 7720 2777","Arch 8 Parkfield Industrial Estate","Culvert Place",Battersea,,London,"SW11 5BA",,"Robert Froud",,,,,,0,"portal/encore/UserFiles/SysDocs/bb_encore_suppliers/10000/1832/WASTE CARRIERS LICENCE   17.05.23.pdf","2023-05-17 00:00:00",0,portal/encore/UserFiles/SysDocs/bb_encore_suppliers/10000/1832/permit.pdf,"2022-09-10 00:00:00",0,,,1,,,1,,,1,,,1,"portal/encore/UserFiles/SysDocs/bb_encore_suppliers/10000/1832/PUBLIC LIABILITY 27.11.20.pdf",,0,,,,51.47106280,-0.15414470,1,a1be553fe73bb611752b0357dc36d2df,0,20,"2020-09-10 13:19:23",48,"2020-09-22 14:12:30"
1833,1,"Call A Skip",Info@call-a-skip.co.uk,"0121 3276000","7/8 Crawford Street",Saltley,,,Birmingham,"B8 1JL",www.call-a-skip.co.uk,"Caroline Wilson",,,,,,0,"portal/encore/UserFiles/SysDocs/bb_encore_suppliers/10000/1833/waste carriers licence 6.3.19 - 19.3.22.pdf","2022-03-19 00:00:00",0,,,1,,,1,,,1,,,1,,,1,"portal/encore/UserFiles/SysDocs/bb_encore_suppliers/10000/1833/Public Liabiltiy Certificate 2020 -2021.pdf","2021-01-27 00:00:00",0,,,,52.49073160,-1.86256170,0,0092c388dca834fe5f51d5b2e0b2e39e,0,48,"2020-09-22 13:38:57",1,"2020-11-16 10:07:15"
1834,1,"Fox's Pallets",cmmae177@gmail.com,,"Fox's Pallets","Rothwell Rd",,Kettering,Northamptonshire,"NN16 8XF",http://foxspallets.com/,,,,,,,0,"portal/encore/UserFiles/SysDocs/bb_encore_suppliers/10000/1834/Waste Carriers Licence to Dec 20.pdf","2020-12-07 00:00:00",0,,,1,,,1,,,1,,,1,,,1,"portal/encore/UserFiles/SysDocs/bb_encore_suppliers/10000/1834/Insurance 21.pdf","2021-02-21 00:00:00",0,,,,52.41141570,-0.76986740,0,2b9b88782f2c06eb1cddb232a7f38878,0,9,"2020-09-30 14:48:46",1,"2020-11-16 10:07:16"
1835,,"Bakers Waste- bins",David@Bakerswaste.co.uk,"0370 350 6 350","Granite Close",,,Enderby,Leicestershire,"LE19 4AE",https://www.bakerswaste.co.uk/,,orders@bakerswaste.co.uk,,,,,0,"portal/encore/UserFiles/SysDocs/bb_encore_suppliers/10000/1835/WCL, 28.08.22.pdf","2022-08-22 00:00:00",0,,,1,,,1,,,1,,,1,,,1,"portal/encore/UserFiles/SysDocs/bb_encore_suppliers/10000/1835/2020-21-Liabilities 2021.pdf","2021-09-29 00:00:00",0,,,,52.59334880,-1.21684250,0,339dbe489d36a654dc1d3cf0952a8b23,0,9,"2020-10-01 13:45:11",1,"2020-11-16 10:07:16"
1836,,Suez,,,,,,,,,,,,,,,,0,,,0,,,0,,,0,,,0,,,0,,,0,,,0,,,,,,1,db8edda10d7f3b1e3fb570ab77758619,0,9,"2020-10-12 14:53:06",9,"2020-10-12 14:53:06"
1837,11,"CAPE C/O Enfield Disability Action",anna@e-d-a.org.uk,"0208 3736345","Community House","311 Fore Street",,Edmonton,London,"N9 0PZ",,,,,,,,0,,,1,,,1,,,1,,,1,,,1,,,1,,,1,,,,51.62003840,-0.06351260,0,bc4598e299940588c18aea6299a138a9,0,48,"2020-10-13 11:31:41",1,"2020-11-16 10:07:16"
1838,11,"Aberconwy Mind",info@conwymind.org.uk,"01492 879907","3 Trinity Square",,,,Llandudno,"LL30 2PY",www.conwymind.org.uk,,,,,,,0,,,1,,,1,,,1,,,1,,,1,,,1,,,1,,,,53.32237260,-3.82639180,0,394e31cdf47f130aadbb0b49b8ff6a2b,0,48,"2020-10-13 11:34:39",1,"2020-11-16 10:07:17"
1839,11,"Mind Alnwick",alnwickshop@mind.org.uk,"01665 798291","46 Bondgate Within",,,,Alnwick,"NE66 1JD",,,,,,,,0,,,1,,,1,,,1,,,1,,,1,,,1,,,1,,,,55.41434620,-1.70647790,0,162699f438f52c13f2d8215f28cb1845,0,48,"2020-10-13 11:39:44",1,"2020-11-16 10:07:18"
1840,11,"Mind Alvaston Shop",,"01332 753400","16-18 Shardlow Road",,,Alvaston,Derby,"DE24 0JH",www.mind.org.uk,,,,,,,0,,,1,,,1,,,1,,,1,,,1,,,1,,,1,,,,52.89657090,-1.42857540,0,06a31625a72439e038b4846bcb05f2e2,0,48,"2020-10-13 11:43:25",1,"2020-11-16 10:07:18"
1841,11,"Mind Alvaston Shop (Furniture)",alvastonfurniturestore@mind.org.uk,"01332 989935","22 Shardlow Road",,,Alvaston,Derby,"DE24 0JH",www.mind.org.uk,,,,,,,0,,,1,,,1,,,1,,,1,,,1,,,1,,,1,,,,52.89657090,-1.42857540,0,a2d4c7357da6c186587362a8dbaa8bf7,0,48,"2020-10-13 11:44:56",1,"2020-11-16 10:07:18"
1842,11,"Mind Andover",mind@andovermind.org,"0300 5000907","Westbrook Close","South Street",,,Andover,"SP10 2BN",www.mind.org.uk,,,,,,,0,,,1,,,1,,,1,,,1,,,1,,,1,,,1,,,,51.20510840,-1.47947480,0,44a1ddca4c80f9b48a3b4576412be6da,0,48,"2020-10-13 11:46:43",1,"2020-11-16 10:07:19"
1843,11,"Mind Ashbourne",ashbourneshop@mind.org.uk,"01335 348328","44 St John Street",,,Ashbourne,,"DE6 1GH",www.mind.org.uk,,,,,,,0,,,1,,,1,,,1,,,1,,,1,,,1,,,1,,,,53.01737640,-1.73092520,0,ff9404a77419ff3837858741cceaad69,0,48,"2020-10-13 11:50:18",1,"2020-11-16 10:07:19"
1844,11,"Mind - Ashton in Markerfield",ashtonshop@mind.org.uk,"01942 568167","Unit 6  The Gerard Centre",,,"Ashton in Markerfield",Wigan,"WN4 9AN",Shop.mind.org.uk,,,,,,,0,,,1,,,1,,,1,,,1,,,1,,,1,,,1,,,,53.48646420,-2.63614530,0,80a88b4dc3f90991b0f8f6b048e1e8d7,0,48,"2020-10-13 11:57:23",1,"2020-11-16 10:07:19"
1845,11,"Mind - Bakewell",bakewellshop@mind.org.uk,"01629 810176","Water Street",,,,Bakewell,"DE45 1EW",www.shop.mind.org,,,,,,,0,,,1,,,1,,,1,,,1,,,1,,,1,,,1,,,,53.21295920,-1.67471430,0,7a523d6df0db2219a9aef059f2683f7d,0,48,"2020-10-13 12:02:38",1,"2020-11-16 10:07:20"
1846,11,"Mind Barnard Castle Shop",barnardcastleshop@mind.org.uk,"01833 908309","41 Market Place",,,"Barnard Castle","County Durham","DL12 8NE",www.shop.mind.org,,,,,,,0,,,1,,,1,,,1,,,1,,,1,,,1,,,1,,,,54.54310710,-1.92327060,0,099cb332c1e3d0650bcb59b99e1266da,0,48,"2020-10-13 12:04:52",1,"2020-11-16 10:07:21"
1847,12,"Speedy Freight Northamptonshire",northamptonshire@speedyfreight.com,"01933 427875","Unit 56 Leyland Trading Estate",,,,Wellingborough,"NN8 1RS",www.speedyfreight.co.uk,,,,,,,0,,,1,,,1,,,1,,,1,,,1,,,1,"portal/encore/UserFiles/SysDocs/bb_encore_suppliers/10000/1847/Insurance 2021.pdf","2021-06-11 00:00:00",0,,,,52.29696970,-0.66342970,0,e94a228dd878b3e1e96e3ff17daf4015,0,48,"2020-10-14 11:55:11",1,"2020-11-16 10:07:21"
1848,3,"L&C Skip Hire",info@skiphiremiddlesbrough.com,"01642 430 106/ 07540 049 313","Smith's Dock Road",,,Middlesbrough,Cleveland,"TS6 6UJ",https://www.skiphiremiddlesbrough.com/,,,,,,,0,"portal/encore/UserFiles/SysDocs/bb_encore_suppliers/10000/1848/WCL, 10.05.22.pdf","2022-05-10 00:00:00",0,portal/encore/UserFiles/SysDocs/bb_encore_suppliers/10000/1848/Permit.pdf,"2022-10-30 00:00:00",0,,,1,,,1,,,1,,,1,"portal/encore/UserFiles/SysDocs/bb_encore_suppliers/10000/1848/Ins, 04.07.21.pdf","2021-07-04 00:00:00",0,,,,54.58598580,-1.17501290,0,19cc234109dd222cb45f2e9deb518503,0,9,"2020-10-29 16:23:24",1,"2020-11-16 10:07:22"
1849,11,"Time 2 Talk",info@time2talk.org.uk,"01327 706706","The Abbey","Market Square",Daventry,,,"NN11 4XG",www.time2talk.org.uk,,,,,,,0,,,1,,,1,,,1,,,1,,,1,,,1,,,1,,,,52.25908650,-1.16002900,0,7af80319fff07e778a698724478a6802,0,48,"2020-11-05 13:48:04",1,"2020-11-16 10:07:22"
1850,11,"Action For Children Ltd",,"01327 705063","Staverton Road",,,,Daventry,"NN11 4EY",www.actionforchildren.org.uk,,,,,,,0,,,1,,,1,,,1,,,1,,,1,,,1,,,1,,,,52.25291930,-1.17903670,0,ad1a2f87f8dfd1c56b3ee1948554d0c9,0,48,"2020-11-05 13:56:23",1,"2020-11-16 10:07:22"
1851,11,"Mind Daventry",Enquiries@northamptonmind.org.uk,"01327 879416","Brook Street",,,,Daventry,"NN11 4GG",https://www.mind.org.uk/,,,,,,,0,,,1,,,1,,,1,,,1,,,1,,,1,,,1,,,,52.25804870,-1.16422420,0,63f5c61a7861e3a54a4a837935884aae,0,48,"2020-11-05 14:01:10",1,"2020-11-16 10:07:23"
1852,11,"Daventry Volunteer Centre",,"01327 300614","13 New Street",,,,Daventry,"NN11 4BT",http://daventryvolunteers.org.uk/,,,,,,,0,,,1,,,1,,,1,,,1,,,1,,,1,,,1,,,,52.25742620,-1.15995950,0,adc4853ef87142db22bd2cb12ce95002,0,48,"2020-11-05 14:06:16",1,"2020-11-16 10:07:23"
1853,11,"Age UK Daventry",northamptonshire@ageuknorthants.org.uk,"01327 312995","7 Bowen Square",,,,Daventry,"NN11 4DR",www.ageuk.org.uk/northamptonshire,,,,,,,0,,,1,,,1,,,1,,,1,,,1,,,1,,,1,,,,52.25708280,-1.16110110,0,54023fdab21e495f30ff4fc050368088,0,48,"2020-11-05 14:10:49",1,"2020-11-16 10:07:23"
1854,11,"Mayday Trust",ccc@maydaytrust.org.uk,"01327 301851","The Posthouse","82 Warwick Street",,,Daventry,"NN11 4AL",http://www.maydaytrust.org.uk/,,,,,,,0,,,1,,,1,,,1,,,1,,,1,,,1,,,1,,,,52.25601460,-1.16837740,0,5d47317d173b98b14975b629e2bc0199,0,48,"2020-11-05 14:14:48",1,"2020-11-16 10:07:24"
1855,11,"Daventry Shop Mobility",info@dact.uk.com,"01327 312555","3 New Street",,,,Daventry,"NN11 4BT",https://www.dact.uk.com/,,,,,,,0,,,1,,,1,,,1,,,1,,,1,,,1,,,1,,,,52.25742620,-1.15995950,0,c31dd46da4bffaeb2b3ab4880316e6ae,0,48,"2020-11-05 14:18:32",1,"2020-11-16 10:07:24"
1856,11,"LNBP Community Boating",bookings@lnbp.co.uk,"07967 406875","Canal Side",,,Braunston,Daventry,"NN11 7HJ",https://www.lnbp.co.uk/,,,,,,,0,,,1,,,1,,,1,,,1,,,1,,,1,,,1,,,,52.28745310,-1.19768010,0,3bb1663928f2d92e4bf7565c976523cc,0,48,"2020-11-06 11:47:07",1,"2020-11-16 10:07:25"
1857,11,"Staverton Village Hall",jc.evans597@gmail.comjc.evans597@gmail.com,"01327 871082","Village Hall","Croft Lane",,Staverton,Daventry,"NN11 6JE",https://www.stavertonvillagehall.co.uk/,,,,,,,0,,,1,,,1,,,1,,,1,,,1,,,1,,,1,,,,52.25106860,-1.21423080,0,dd7f85cf081766908b82fd5f582069b1,0,48,"2020-11-06 11:51:49",1,"2020-11-16 10:07:25"
1858,11,"Home Start",info@homestart-davsn.org.uk,"01327 353139","Victoria House","138 Watling Street East",,Towcester,,"NN12 6BT",https://homestart-davsn.org.uk/,,,,,,,0,,,1,,,1,,,1,,,1,,,1,,,1,,,1,,,,52.13285810,-0.98932960,0,c902d8995761bbd5262cc5e2a9c7734e,0,48,"2020-11-06 12:01:58",1,"2020-11-16 10:07:26"
1859,11,"Farm Crisis Network",help@fcn.org.uk,"070 0232 6326","Guilsborough Road",,"West Haddon","West Haddon",Northampton,"NN6 7AQ",https://fcn.org.uk/,,,,,,,0,,,1,,,1,,,1,,,1,,,1,,,1,,,1,,,,52.34735370,-1.05194400,0,9c895d8aec1f7dda1e240c5b71698c8a,0,48,"2020-11-06 12:18:57",1,"2020-11-16 10:07:26"
1860,11,"Pattishall Playing Field Association",,"01327 831083","11 Simons Walk",,,,Towcester,"NN12 8NX",,,,,,,,0,,,1,,,1,,,1,,,1,,,1,,,1,,,1,,,,52.18066970,-1.02283260,0,3dbf94f7df11db4042762a020858ab88,0,48,"2020-11-06 12:26:14",1,"2020-11-16 10:07:26"
1861,11,"Chipping Warden Kindergarten",cwkindergarten@googlemail.com,"01295 660025","Byfield Road",,,,"Chipping Warden","OX17 1LD",https://www.chippingwardenkindergarten.co.uk,,,,,,,0,,,1,,,1,,,1,,,1,,,1,,,1,,,1,,,,52.13696630,-1.27073220,0,c81ec983238e7bc810fc51a5151ec99c,0,48,"2020-11-09 10:33:45",1,"2020-11-16 10:07:27"
1862,11,"Scouts Greenford",cathy.muxlow@greenfordscouts.org.uk,"020 8813 2148 / 07701 020 448","Between 111 & 113 Hill Rise",,,Greenford,Middlesex,"UB6 8PE",,,,,,100,,0,,,1,,,1,,,1,,,1,,,1,,,1,,,1,,,,51.54290740,-0.35114310,0,88cd09ab640264d53faf60c91d58adf4,0,9,"2020-11-12 07:59:07",1,"2020-11-16 10:24:14"
1863,12,"BSP Skips",bspalarms@hotmail.co.uk;info@bspskiphire.co.uk,"01959 534079","Knockholt Station Goods Yard","Sevenoaks Road",Halstead,,,"TN14 7HR",https://bspskiphire.co.uk/,,,,,,,0,portal/encore/UserFiles/SysDocs/bb_encore_suppliers/10000/1863/WCL2021.pdf,"2021-02-18 00:00:00",0,,,1,,,1,,,1,,,1,,,1,"portal/encore/UserFiles/SysDocs/bb_encore_suppliers/10000/1863/BSP (Knockholt) Ltd - 2020-21 Ins.pdf","2021-11-21 00:00:00",0,,,,51.34301200,0.12987190,0,b41e47ee7726c288e626b5d0eebc8892,0,32,"2020-11-20 08:47:09",9,"2020-12-02 10:42:11"
1864,1,"GBN Uxbridge",uxbridge.orders@gbnservices.co.uk,"01895 257639","Skip Lane","Harvil Road",Harefield,,Uxbridge,"UB9 6JT",https://www.gbnservices.co.uk/recycling-centres/uxbridge/,,,,,,,0,"portal/encore/UserFiles/SysDocs/bb_encore_suppliers/10000/1864/Waste-carriers-licence 2022.pdf","2021-03-17 00:00:00",1,,,1,,,1,,,1,,,1,,,1,"portal/encore/UserFiles/SysDocs/bb_encore_suppliers/10000/1864/Ins, 01.04.21.pdf","2021-04-01 00:00:00",0,,,,51.60574530,-0.48157620,0,50734dbff1cc0f2a726dcde46928c2bf,0,9,"2020-11-30 14:39:16",9,"2020-12-02 10:42:12"
