Unnamed: 0,sup_type,name,address_street,city,postcode,lat,long,website,email,telephone,supplier_contact,supplier_contact_email,supplier_contact_telephone,percent_recyclablenum,percent_efwnum,provides_a_rebateyn,supplier_auditislist_yes_no_na,supplier_audit_date_completed,notes,hierarchy,origin
0,Charity,Bridge Community Trust (Reading),9 Sample Street,Reading,D9 2SN,51.3376993,-0.9056349,https://www.example-charity.org,contact.0@example-charity.org,03286 872246,,,,,,0,,,,Reuse,synthetic_sample_data
1,Charity,Bridge Charity Shop (Leeds),195 Sample Street,Leeds,H8 5ZA,53.8024066,-1.6911392,https://www.example-charity.org,contact.1@example-charity.org,09928 539898,,,,69.8,,1,,,,Reuse,synthetic_sample_data
2,Charity,Lighthouse Furniture Project (Bristol),12 Sample Street,Bristol,D6 6TI,51.3511438,-2.4507361,https://www.example-charity.org,contact.2@example-charity.org,02519 498382,,,,53.6,,1,,,,Reuse,synthetic_sample_data
3,Charity,Steppingstone Outreach (Manchester),198 Sample Street,Manchester,G2 1VH,53.4964122,-2.1437786,https://www.example-charity.org,contact.3@example-charity.org,06925 705397,,,,,,0,,,,Reuse,synthetic_sample_data
4,Charity,Forward Charity Shop (Leeds),180 Sample Street,Leeds,L6 4VI,53.9107451,-1.5850621,https://www.example-charity.org,contact.4@example-charity.org,06977 270555,,,,64.8,,0,,,,Reuse,synthetic_sample_data
5,Charity,Haven Reuse Store (Nottingham),81 Sample Street,Nottingham,K1 4BZ,53.023538,-1.2590793,https://www.example-charity.org,contact.5@example-charity.org,04598 817870,,,,,,0,,,,Reuse,synthetic_sample_data
6,Charity,Lighthouse Community Trust (Leeds),64 Sample Street,Leeds,U8 3IE,53.9247408,-1.528946,https://www.example-charity.org,contact.6@example-charity.org,09179 514850,,,,53.9,,1,,,,Reuse,synthetic_sample_data
7,Charity,New Leaf Foundation (Southampton),41 Sample Street,Southampton,Y1 2EU,50.8795202,-1.4886038,https://www.example-charity.org,contact.7@example-charity.org,09085 195325,,,,42.2,,0,,,,Reuse,synthetic_sample_data
8,Charity,Together Reuse Store (Liverpool),197 Sample Street,Liverpool,X2 9YI,53.3728858,-2.8427636,https://www.example-charity.org,contact.8@example-charity.org,01188 813328,,,,11.2,,1,,,,Reuse,synthetic_sample_data
9,Charity,Compass Foundation (Birmingham),40 Sample Street,Birmingham,D5 9TG,52.4723171,-1.7542552,https://www.example-charity.org,contact.9@example-charity.org,03927 632342,,,,,,0,,,,Reuse,synthetic_sample_data
10,Charity,Hope Foundation (Nottingham),62 Sample Street,Nottingham,A2 6ZJ,53.0908499,-1.0313698,https://www.example-charity.org,contact.10@example-charity.org,06310 612340,,,,,,0,,,,Reuse,synthetic_sample_data
11,Charity,Together Outreach (Manchester),136 Sample Street,Manchester,V8 9FI,53.5503723,-2.147793,https://www.example-charity.org,contact.11@example-charity.org,03060 234628,,,,42.3,,0,,,,Reuse,synthetic_sample_data
12,Charity,Compass Support Network (Nottingham),17 Sample Street,Nottingham,Q8 2HH,53.0313796,-1.1011397,https://www.example-charity.org,contact.12@example-charity.org,07118 559381,,,,,,0,,,,Reuse,synthetic_sample_data
13,Charity,Hope Community Trust (Southampton),172 Sample Street,Southampton,K2 9HI,50.8257652,-1.5331021,https://www.example-charity.org,contact.13@example-charity.org,02104 132938,,,,,,0,,,,Reuse,synthetic_sample_data
14,Charity,Forward Community Trust (Coventry),111 Sample Street,Coventry,N4 2DV,52.5374543,-1.4983871,https://www.example-charity.org,contact.14@example-charity.org,08749 946721,,,,,,1,,,,Reuse,synthetic_sample_data
15,Charity,Second Chance Furniture Project (Newcastle),138 Sample Street,Newcastle,K2 4GG,55.087451,-1.7515486,https://www.example-charity.org,contact.15@example-charity.org,07596 863587,,,,,,1,,,,Reuse,synthetic_sample_data
16,Charity,Second Chance Support Network (Birmingham),61 Sample Street,Birmingham,U9 1CY,52.4197635,-1.9654581,https://www.example-charity.org,contact.16@example-charity.org,02604 153045,,,,,,1,,,,Reuse,synthetic_sample_data
17,Charity,Hope Community Trust (Newcastle),179 Sample Street,Newcastle,M5 8JN,54.8924242,-1.6474879,https://www.example-charity.org,contact.17@example-charity.org,07209 102260,,,,99.5,,1,,,,Reuse,synthetic_sample_data
18,Charity,Hope Foundation (Birmingham),123 Sample Street,Birmingham,X6 1BS,52.3931694,-1.9750897,https://www.example-charity.org,contact.18@example-charity.org,09883 163918,,,,,,0,,,,Reuse,synthetic_sample_data
19,Charity,New Leaf Furniture Project (London),149 Sample Street,London,H7 2SH,51.6456337,-0.2537666,https://www.example-charity.org,contact.19@example-charity.org,02113 808011,,,,,,0,,,,Reuse,synthetic_sample_data
20,Charity,Lighthouse Reuse Store (Liverpool),34 Sample Street,Liverpool,W6 4IM,53.4556119,-2.9720319,https://www.example-charity.org,contact.20@example-charity.org,04346 802258,,,,30.0,,1,,,,Reuse,synthetic_sample_data
21,Charity,Steppingstone Furniture Project (Manchester),18 Sample Street,Manchester,G9 5EL,53.3335946,-2.2062522,https://www.example-charity.org,contact.21@example-charity.org,02200 663750,,,,37.0,,0,,,,Reuse,synthetic_sample_data
22,Charity,Steppingstone Outreach (Newcastle),35 Sample Street,Newcastle,V9 5VD,55.0784235,-1.556738,https://www.example-charity.org,contact.22@example-charity.org,09666 108203,,,,,,0,,,,Reuse,synthetic_sample_data
23,Charity,Steppingstone Community Trust (Coventry),14 Sample Street,Coventry,V5 9PI,52.4227671,-1.5879955,https://www.example-charity.org,contact.23@example-charity.org,06617 313487,,,,,,1,,,,Reuse,synthetic_sample_data
24,Charity,New Leaf Charity Shop (Bristol),144 Sample Street,Bristol,X8 9WN,51.317726,-2.637833,https://www.example-charity.org,contact.24@example-charity.org,05291 269430,,,,,,0,,,,Reuse,synthetic_sample_data
25,Charity,Lighthouse Foundation (Coventry),11 Sample Street,Coventry,E1 5LZ,52.5279786,-1.5060229,https://www.example-charity.org,contact.25@example-charity.org,03426 550664,,,,21.0,,0,,,,Reuse,synthetic_sample_data
26,Charity,Haven Foundation (Reading),189 Sample Street,Reading,F3 7AF,51.3351381,-0.8940651,https://www.example-charity.org,contact.26@example-charity.org,03532 348237,,,,78.2,,1,,,,Reuse,synthetic_sample_data
27,Charity,Compass Community Trust (Reading),90 Sample Street,Reading,B8 4GO,51.5635192,-0.8848752,https://www.example-charity.org,contact.27@example-charity.org,02771 501124,,,,,,0,,,,Reuse,synthetic_sample_data
28,Charity,Lighthouse Reuse Store (Leeds),138 Sample Street,Leeds,I6 9MV,53.6578993,-1.6411611,https://www.example-charity.org,contact.28@example-charity.org,02137 910891,,,,,,0,,,,Reuse,synthetic_sample_data
29,Charity,Steppingstone Reuse Store (Manchester),81 Sample Street,Manchester,T7 6XZ,53.5939115,-2.3142354,https://www.example-charity.org,contact.29@example-charity.org,01626 213668,,,,,,0,,,,Reuse,synthetic_sample_data
30,Charity,Hope Charity Shop (Liverpool),18 Sample Street,Liverpool,Q9 4LN,53.5282514,-3.0845764,https://www.example-charity.org,contact.30@example-charity.org,08144 101773,,,,92.1,,1,,,,Reuse,synthetic_sample_data
31,Charity,Compass Foundation (Reading),142 Sample Street,Reading,N6 7WJ,51.5587046,-0.9121737,https://www.example-charity.org,contact.31@example-charity.org,06067 799287,,,,,,1,,,,Reuse,synthetic_sample_data
32,Charity,New Leaf Foundation (Reading),111 Sample Street,Reading,R1 5JG,51.5864091,-0.9249046,https://www.example-charity.org,contact.32@example-charity.org,05930 525800,,,,60.7,,1,,,,Reuse,synthetic_sample_data
33,Charity,Together Support Network (Newcastle),159 Sample Street,Newcastle,C5 9VU,54.9608358,-1.5651118,https://www.example-charity.org,contact.33@example-charity.org,03780 790855,,,,,,0,,,,Reuse,synthetic_sample_data
34,Charity,New Leaf Furniture Project (Reading),148 Sample Street,Reading,P2 8NU,51.3974258,-0.8861311,https://www.example-charity.org,contact.34@example-charity.org,01757 356736,,,,,,1,,,,Reuse,synthetic_sample_data
35,Charity,Hope Outreach (Newcastle),133 Sample Street,Newcastle,N4 3ZW,54.9481959,-1.7235286,https://www.example-charity.org,contact.35@example-charity.org,02746 916232,,,,,,0,,,,Reuse,synthetic_sample_data
36,Charity,Together Foundation (Manchester),41 Sample Street,Manchester,O9 7RO,53.4677385,-2.152175,https://www.example-charity.org,contact.36@example-charity.org,06198 891937,,,,47.5,,1,,,,Reuse,synthetic_sample_data
37,Charity,Together Support Network (Leeds),86 Sample Street,Leeds,O2 5HI,53.9027589,-1.6159066,https://www.example-charity.org,contact.37@example-charity.org,04919 387936,,,,,,0,,,,Reuse,synthetic_sample_data
38,Charity,New Leaf Charity Shop (Birmingham),107 Sample Street,Birmingham,N7 6RO,52.3814492,-1.9254894,https://www.example-charity.org,contact.38@example-charity.org,04505 167348,,,,,,1,,,,Reuse,synthetic_sample_data
39,Charity,Hope Outreach (Liverpool),108 Sample Street,Liverpool,A6 5YM,53.5298515,-2.9663762,https://www.example-charity.org,contact.39@example-charity.org,07232 600149,,,,,,0,,,,Reuse,synthetic_sample_data
40,Charity,Hope Support Network (Newcastle),160 Sample Street,Newcastle,V7 3OE,54.8941265,-1.6370492,https://www.example-charity.org,contact.40@example-charity.org,06507 801364,,,,,,1,,,,Reuse,synthetic_sample_data
41,Charity,Haven Community Trust (Southampton),117 Sample Street,Southampton,B5 7KG,50.9290176,-1.5462694,https://www.example-charity.org,contact.41@example-charity.org,08564 290556,,,,,,1,,,,Reuse,synthetic_sample_data
42,Charity,Compass Outreach (Bristol),167 Sample Street,Bristol,A9 1LH,51.5301029,-2.4883227,https://www.example-charity.org,contact.42@example-charity.org,02341 593152,,,,,,0,,,,Reuse,synthetic_sample_data
43,Charity,Hope Foundation (London),120 Sample Street,London,E8 2SG,51.6422835,-0.2179918,https://www.example-charity.org,contact.43@example-charity.org,03496 350132,,,,76.7,,0,,,,Reuse,synthetic_sample_data
44,Charity,Second Chance Outreach (Southampton),97 Sample Street,Southampton,D1 5SV,50.9418742,-1.3300223,https://www.example-charity.org,contact.44@example-charity.org,03683 426147,,,,,,0,,,,Reuse,synthetic_sample_data
45,Charity,Bridge Furniture Project (Manchester),110 Sample Street,Manchester,V2 1LR,53.5084294,-2.1434285,https://www.example-charity.org,contact.45@example-charity.org,05941 991597,,,,6.9,,1,,,,Reuse,synthetic_sample_data
46,Charity,Second Chance Support Network (London),134 Sample Street,London,O3 7FX,51.6122727,-0.0311007,https://www.example-charity.org,contact.46@example-charity.org,06934 766459,,,,27.0,,1,,,,Reuse,synthetic_sample_data
47,Charity,Compass Reuse Store (Newcastle),119 Sample Street,Newcastle,C5 8HY,54.9589723,-1.5484921,https://www.example-charity.org,contact.47@example-charity.org,05022 971084,,,,,,1,,,,Reuse,synthetic_sample_data
48,Charity,New Leaf Support Network (Sheffield),180 Sample Street,Sheffield,Z5 6IT,53.23971,-1.3648141,https://www.example-charity.org,contact.48@example-charity.org,04475 472060,,,,55.6,,0,,,,Reuse,synthetic_sample_data
49,Charity,Together Outreach (Manchester),24 Sample Street,Manchester,P8 8ZA,53.4032068,-2.2706716,https://www.example-charity.org,contact.49@example-charity.org,04937 824156,,,,,,1,,,,Reuse,synthetic_sample_data
50,Charity,Lighthouse Support Network (Coventry),117 Sample Street,Coventry,N9 6LW,52.3297915,-1.470512,https://www.example-charity.org,contact.50@example-charity.org,09698 460455,,,,,,1,,,,Reuse,synthetic_sample_data
51,Charity,Second Chance Charity Shop (Leeds),124 Sample Street,Leeds,W3 4GX,53.6869968,-1.6413247,https://www.example-charity.org,contact.51@example-charity.org,09779 899213,,,,,,1,,,,Reuse,synthetic_sample_data
52,Charity,Lighthouse Community Trust (Manchester),14 Sample Street,Manchester,W9 3IB,53.5805885,-2.3037261,https://www.example-charity.org,contact.52@example-charity.org,05952 114835,,,,,,0,,,,Reuse,synthetic_sample_data
53,Charity,Hope Foundation (Reading),65 Sample Street,Reading,P8 6FB,51.5648384,-0.9808364,https://www.example-charity.org,contact.53@example-charity.org,05658 592198,,,,47.8,,0,,,,Reuse,synthetic_sample_data
54,Charity,Hope Community Trust (Liverpool),143 Sample Street,Liverpool,S5 2HD,53.405924,-2.9684937,https://www.example-charity.org,contact.54@example-charity.org,03444 950544,,,,60.6,,0,,,,Reuse,synthetic_sample_data
55,Charity,Compass Outreach (Nottingham),161 Sample Street,Nottingham,S1 2YG,52.9189134,-1.0355487,https://www.example-charity.org,contact.55@example-charity.org,08025 420214,,,,,,0,,,,Reuse,synthetic_sample_data
56,Charity,New Leaf Furniture Project (Birmingham),74 Sample Street,Birmingham,W8 5BH,52.4081596,-1.8748023,https://www.example-charity.org,contact.56@example-charity.org,07693 572387,,,,70.3,,1,,,,Reuse,synthetic_sample_data
57,Charity,Steppingstone Charity Shop (Manchester),69 Sample Street,Manchester,D9 4UE,53.5370155,-2.1154267,https://www.example-charity.org,contact.57@example-charity.org,04241 545790,,,,7.1,,0,,,,Reuse,synthetic_sample_data
58,Charity,Compass Support Network (Bristol),139 Sample Street,Bristol,W5 7IQ,51.4830132,-2.4906279,https://www.example-charity.org,contact.58@example-charity.org,03037 591465,,,,,,0,,,,Reuse,synthetic_sample_data
59,Charity,Lighthouse Foundation (Southampton),69 Sample Street,Southampton,C4 1YV,50.7716582,-1.4247914,https://www.example-charity.org,contact.59@example-charity.org,05102 127121,,,,,,0,,,,Reuse,synthetic_sample_data
60,Charity,Compass Community Trust (Newcastle),86 Sample Street,Newcastle,P2 8LN,54.9839892,-1.6351312,https://www.example-charity.org,contact.60@example-charity.org,08141 765620,,,,,,0,,,,Reuse,synthetic_sample_data
61,Charity,Compass Charity Shop (Birmingham),81 Sample Street,Birmingham,Y9 1OC,52.4351411,-1.8322979,https://www.example-charity.org,contact.61@example-charity.org,07561 953085,,,,,,0,,,,Reuse,synthetic_sample_data
62,Charity,Hope Charity Shop (Liverpool),160 Sample Street,Liverpool,N1 4QL,53.5178732,-2.8941218,https://www.example-charity.org,contact.62@example-charity.org,09889 584417,,,,62.5,,0,,,,Reuse,synthetic_sample_data
63,Charity,Compass Support Network (Leeds),4 Sample Street,Leeds,A4 3JR,53.7309169,-1.659796,https://www.example-charity.org,contact.63@example-charity.org,08941 227324,,,,,,0,,,,Reuse,synthetic_sample_data
64,Charity,Forward Furniture Project (Leeds),107 Sample Street,Leeds,W5 9WI,53.9484771,-1.425221,https://www.example-charity.org,contact.64@example-charity.org,03522 622584,,,,98.0,,0,,,,Reuse,synthetic_sample_data
65,Charity,Steppingstone Foundation (Newcastle),69 Sample Street,Newcastle,I7 6ZQ,54.9936795,-1.6527242,https://www.example-charity.org,contact.65@example-charity.org,03236 173201,,,,28.3,,1,,,,Reuse,synthetic_sample_data
66,Charity,New Leaf Support Network (Southampton),97 Sample Street,Southampton,L6 9YR,50.933677,-1.3564178,https://www.example-charity.org,contact.66@example-charity.org,09824 607868,,,,,,1,,,,Reuse,synthetic_sample_data
67,Charity,Haven Community Trust (Leeds),167 Sample Street,Leeds,K8 7MV,53.9450324,-1.6274583,https://www.example-charity.org,contact.67@example-charity.org,07730 145767,,,,49.5,,0,,,,Reuse,synthetic_sample_data
68,Charity,Second Chance Outreach (Birmingham),105 Sample Street,Birmingham,Q8 1XE,52.4868873,-1.8633459,https://www.example-charity.org,contact.68@example-charity.org,08213 204555,,,,97.0,,0,,,,Reuse,synthetic_sample_data
69,Charity,Steppingstone Charity Shop (Newcastle),161 Sample Street,Newcastle,C6 9MK,55.0627576,-1.6882932,https://www.example-charity.org,contact.69@example-charity.org,07512 781403,,,,75.9,,0,,,,Reuse,synthetic_sample_data
70,Charity,Compass Community Trust (Southampton),77 Sample Street,Southampton,D2 8FW,50.7802262,-1.3650517,https://www.example-charity.org,contact.70@example-charity.org,02480 555052,,,,4.6,,0,,,,Reuse,synthetic_sample_data
71,Charity,Bridge Foundation (Bristol),157 Sample Street,Bristol,V3 3FC,51.412039,-2.608694,https://www.example-charity.org,contact.71@example-charity.org,07751 693418,,,,62.0,,0,,,,Reuse,synthetic_sample_data
72,Charity,Forward Charity Shop (Newcastle),140 Sample Street,Newcastle,I1 8JV,55.1021487,-1.7248647,https://www.example-charity.org,contact.72@example-charity.org,05161 581894,,,,,,1,,,,Reuse,synthetic_sample_data
73,Charity,Haven Charity Shop (Sheffield),61 Sample Street,Sheffield,J4 7PD,53.5273955,-1.5303537,https://www.example-charity.org,contact.73@example-charity.org,05097 579027,,,,,,1,,,,Reuse,synthetic_sample_data
74,Charity,Hope Outreach (Southampton),59 Sample Street,Southampton,A1 8JY,50.8484617,-1.3446163,https://www.example-charity.org,contact.74@example-charity.org,07484 387813,,,,35.2,,0,,,,Reuse,synthetic_sample_data
75,Charity,New Leaf Charity Shop (Southampton),9 Sample Street,Southampton,U1 5ZO,50.834888,-1.3277268,https://www.example-charity.org,contact.75@example-charity.org,02591 757937,,,,,,0,,,,Reuse,synthetic_sample_data
76,Charity,Haven Community Trust (Manchester),70 Sample Street,Manchester,Z9 6QQ,53.6036883,-2.2945843,https://www.example-charity.org,contact.76@example-charity.org,04289 238579,,,,25.7,,1,,,,Reuse,synthetic_sample_data
77,Charity,Second Chance Support Network (Bristol),94 Sample Street,Bristol,Y4 7ZR,51.5284678,-2.6362854,https://www.example-charity.org,contact.77@example-charity.org,02233 247594,,,,,,1,,,,Reuse,synthetic_sample_data
78,Charity,Lighthouse Charity Shop (London),121 Sample Street,London,M6 2VH,51.4367376,-0.2407234,https://www.example-charity.org,contact.78@example-charity.org,05295 712955,,,,,,1,,,,Reuse,synthetic_sample_data
79,Charity,Forward Charity Shop (Southampton),78 Sample Street,Southampton,N2 3BB,50.8261102,-1.5354349,https://www.example-charity.org,contact.79@example-charity.org,05951 780776,,,,11.6,,0,,,,Reuse,synthetic_sample_data
80,Charity,Together Support Network (Nottingham),72 Sample Street,Nottingham,U2 8TN,52.8454992,-1.1720069,https://www.example-charity.org,contact.80@example-charity.org,03531 535037,,,,,,1,,,,Reuse,synthetic_sample_data
81,Charity,Lighthouse Furniture Project (Leeds),49 Sample Street,Leeds,U6 1MI,53.7838149,-1.4139334,https://www.example-charity.org,contact.81@example-charity.org,07018 670913,,,,94.9,,1,,,,Reuse,synthetic_sample_data
82,Charity,Steppingstone Furniture Project (Manchester),53 Sample Street,Manchester,K4 3ZS,53.5296306,-2.2000887,https://www.example-charity.org,contact.82@example-charity.org,01828 925013,,,,,,0,,,,Reuse,synthetic_sample_data
83,Charity,Lighthouse Outreach (Southampton),139 Sample Street,Southampton,T1 5EE,50.8244854,-1.2934914,https://www.example-charity.org,contact.83@example-charity.org,03417 926952,,,,,,0,,,,Reuse,synthetic_sample_data
84,Charity,Hope Reuse Store (Manchester),33 Sample Street,Manchester,K1 3IB,53.5291173,-2.384866,https://www.example-charity.org,contact.84@example-charity.org,04898 717457,,,,52.6,,0,,,,Reuse,synthetic_sample_data
85,Charity,Steppingstone Furniture Project (Newcastle),165 Sample Street,Newcastle,H1 9JO,54.9627826,-1.6591883,https://www.example-charity.org,contact.85@example-charity.org,08405 628313,,,,6.1,,1,,,,Reuse,synthetic_sample_data
86,Charity,Forward Furniture Project (Liverpool),160 Sample Street,Liverpool,T3 2EI,53.3862821,-3.1092115,https://www.example-charity.org,contact.86@example-charity.org,02323 437758,,,,54.8,,1,,,,Reuse,synthetic_sample_data
87,Charity,Forward Foundation (Liverpool),111 Sample Street,Liverpool,Z2 9XG,53.5567883,-2.9824329,https://www.example-charity.org,contact.87@example-charity.org,08048 203996,,,,,,0,,,,Reuse,synthetic_sample_data
88,Charity,Haven Charity Shop (Liverpool),176 Sample Street,Liverpool,N6 5LE,53.3600795,-3.0055503,https://www.example-charity.org,contact.88@example-charity.org,02557 427730,,,,6.7,,0,,,,Reuse,synthetic_sample_data
89,Charity,Lighthouse Outreach (Manchester),32 Sample Street,Manchester,B9 9KV,53.460363,-2.1692233,https://www.example-charity.org,contact.89@example-charity.org,03131 683397,,,,,,1,,,,Reuse,synthetic_sample_data
90,Charity,Compass Reuse Store (Coventry),58 Sample Street,Coventry,Q4 3VP,52.2722338,-1.5834112,https://www.example-charity.org,contact.90@example-charity.org,02697 705991,,,,35.0,,1,,,,Reuse,synthetic_sample_data
91,Charity,Haven Outreach (Manchester),180 Sample Street,Manchester,V5 1FI,53.5595817,-2.22037,https://www.example-charity.org,contact.91@example-charity.org,01430 738577,,,,92.2,,1,,,,Reuse,synthetic_sample_data
92,Charity,Haven Furniture Project (London),56 Sample Street,London,U1 2XQ,51.4118217,-0.2348246,https://www.example-charity.org,contact.92@example-charity.org,03324 876962,,,,,,1,,,,Reuse,synthetic_sample_data
93,Charity,Lighthouse Outreach (Sheffield),70 Sample Street,Sheffield,E3 1VC,53.2783228,-1.5266088,https://www.example-charity.org,contact.93@example-charity.org,02391 155164,,,,,,1,,,,Reuse,synthetic_sample_data
94,Charity,Bridge Outreach (Newcastle),174 Sample Street,Newcastle,L7 2JV,55.0104228,-1.6435449,https://www.example-charity.org,contact.94@example-charity.org,09394 219346,,,,,,1,,,,Reuse,synthetic_sample_data
95,Charity,Hope Furniture Project (London),31 Sample Street,London,G3 5JK,51.4235555,0.0175337,https://www.example-charity.org,contact.95@example-charity.org,04349 416061,,,,,,1,,,,Reuse,synthetic_sample_data
96,Charity,Bridge Foundation (Birmingham),20 Sample Street,Birmingham,M1 7AO,52.3749557,-1.8806253,https://www.example-charity.org,contact.96@example-charity.org,06802 175576,,,,57.6,,1,,,,Reuse,synthetic_sample_data
97,Charity,Haven Furniture Project (Coventry),28 Sample Street,Coventry,Z8 6CN,52.4488425,-1.5828454,https://www.example-charity.org,contact.97@example-charity.org,06321 280222,,,,,,1,,,,Reuse,synthetic_sample_data
98,Charity,Lighthouse Community Trust (Nottingham),136 Sample Street,Nottingham,F2 9UD,52.8283941,-1.0469427,https://www.example-charity.org,contact.98@example-charity.org,06456 916964,,,,,,1,,,,Reuse,synthetic_sample_data
99,Charity,New Leaf Community Trust (Sheffield),195 Sample Street,Sheffield,I4 3TE,53.4493137,-1.3744154,https://www.example-charity.org,contact.99@example-charity.org,02684 253557,,,,7.5,,1,,,,Reuse,synthetic_sample_data
100,Charity,Forward Charity Shop (Newcastle),114 Sample Street,Newcastle,K3 8CP,55.0546337,-1.5398369,https://www.example-charity.org,contact.100@example-charity.org,06295 757685,,,,79.6,,0,,,,Reuse,synthetic_sample_data
101,Charity,Forward Furniture Project (Sheffield),130 Sample Street,Sheffield,J2 2TT,53.3833011,-1.5269776,https://www.example-charity.org,contact.101@example-charity.org,01932 486649,,,,,,0,,,,Reuse,synthetic_sample_data
102,Charity,Bridge Reuse Store (Newcastle),88 Sample Street,Newcastle,E1 8DZ,55.101015,-1.596303,https://www.example-charity.org,contact.102@example-charity.org,08792 625721,,,,8.4,,0,,,,Reuse,synthetic_sample_data
103,Charity,Forward Foundation (London),105 Sample Street,London,F6 6JM,51.4317231,-0.1464725,https://www.example-charity.org,contact.103@example-charity.org,09564 739427,,,,67.9,,0,,,,Reuse,synthetic_sample_data
104,Charity,Second Chance Foundation (Reading),170 Sample Street,Reading,I3 6CS,51.4984916,-1.1083264,https://www.example-charity.org,contact.104@example-charity.org,07333 397949,,,,,,1,,,,Reuse,synthetic_sample_data
105,Charity,Haven Community Trust (Bristol),180 Sample Street,Bristol,R7 6EV,51.594809,-2.528356,https://www.example-charity.org,contact.105@example-charity.org,02388 424620,,,,73.9,,0,,,,Reuse,synthetic_sample_data
106,Charity,Hope Reuse Store (Reading),36 Sample Street,Reading,G6 8GH,51.5054368,-0.9755535,https://www.example-charity.org,contact.106@example-charity.org,06060 289019,,,,,,1,,,,Reuse,synthetic_sample_data
107,Charity,Together Furniture Project (Manchester),47 Sample Street,Manchester,T3 7EF,53.4831069,-2.2306688,https://www.example-charity.org,contact.107@example-charity.org,06517 903531,,,,77.1,,0,,,,Reuse,synthetic_sample_data
108,Charity,Bridge Support Network (Coventry),80 Sample Street,Coventry,X8 4RH,52.388102,-1.5464424,https://www.example-charity.org,contact.108@example-charity.org,05668 888939,,,,78.4,,0,,,,Reuse,synthetic_sample_data
109,Charity,Forward Support Network (Sheffield),52 Sample Street,Sheffield,M9 9NF,53.434592,-1.4489742,https://www.example-charity.org,contact.109@example-charity.org,05616 915922,,,,13.8,,1,,,,Reuse,synthetic_sample_data
110,Charity,Together Furniture Project (London),70 Sample Street,London,D5 2YF,51.5497537,-0.0155649,https://www.example-charity.org,contact.110@example-charity.org,09452 992512,,,,,,0,,,,Reuse,synthetic_sample_data
111,Charity,Forward Reuse Store (Liverpool),99 Sample Street,Liverpool,B7 9LH,53.2859141,-2.8684485,https://www.example-charity.org,contact.111@example-charity.org,01436 535050,,,,37.5,,0,,,,Reuse,synthetic_sample_data
112,Charity,Lighthouse Outreach (Sheffield),195 Sample Street,Sheffield,B5 8WE,53.5103478,-1.3683471,https://www.example-charity.org,contact.112@example-charity.org,03392 244283,,,,44.9,,0,,,,Reuse,synthetic_sample_data
113,Charity,New Leaf Foundation (Manchester),13 Sample Street,Manchester,D5 4JD,53.3365012,-2.3279036,https://www.example-charity.org,contact.113@example-charity.org,09647 543814,,,,,,1,,,,Reuse,synthetic_sample_data
114,Charity,Steppingstone Foundation (Manchester),1 Sample Street,Manchester,Q4 3JN,53.3640574,-2.1210559,https://www.example-charity.org,contact.114@example-charity.org,01269 762652,,,,24.1,,1,,,,Reuse,synthetic_sample_data
115,Charity,Lighthouse Furniture Project (Birmingham),121 Sample Street,Birmingham,Q9 9AM,52.5355114,-2.0147158,https://www.example-charity.org,contact.115@example-charity.org,09618 670511,,,,,,1,,,,Reuse,synthetic_sample_data
116,Charity,Second Chance Reuse Store (Sheffield),91 Sample Street,Sheffield,V2 6EB,53.3071951,-1.6152273,https://www.example-charity.org,contact.116@example-charity.org,04950 868544,,,,,,0,,,,Reuse,synthetic_sample_data
117,Charity,New Leaf Outreach (Reading),12 Sample Street,Reading,W8 1JG,51.4436869,-0.9194832,https://www.example-charity.org,contact.117@example-charity.org,03209 166165,,,,88.6,,1,,,,Reuse,synthetic_sample_data
118,Charity,Together Support Network (Bristol),13 Sample Street,Bristol,Y4 5LY,51.4591151,-2.4411632,https://www.example-charity.org,contact.118@example-charity.org,05150 138399,,,,33.2,,0,,,,Reuse,synthetic_sample_data
119,Charity,Forward Support Network (Sheffield),69 Sample Street,Sheffield,P8 6ZQ,53.3621854,-1.5000935,https://www.example-charity.org,contact.119@example-charity.org,06554 295892,,,,72.7,,0,,,,Reuse,synthetic_sample_data
120,Charity,Together Reuse Store (Liverpool),155 Sample Street,Liverpool,C6 5JO,53.439136,-2.8948976,https://www.example-charity.org,contact.120@example-charity.org,06262 207581,,,,16.7,,1,,,,Reuse,synthetic_sample_data
121,Charity,Lighthouse Foundation (Sheffield),104 Sample Street,Sheffield,U1 2VU,53.3652389,-1.4020557,https://www.example-charity.org,contact.121@example-charity.org,08126 387892,,,,,,0,,,,Reuse,synthetic_sample_data
122,Charity,Forward Furniture Project (London),9 Sample Street,London,H6 6MS,51.4002338,-0.0955281,https://www.example-charity.org,contact.122@example-charity.org,03068 170499,,,,67.9,,1,,,,Reuse,synthetic_sample_data
123,Charity,New Leaf Foundation (Sheffield),189 Sample Street,Sheffield,K5 4DA,53.3642818,-1.5970344,https://www.example-charity.org,contact.123@example-charity.org,07012 517368,,,,,,1,,,,Reuse,synthetic_sample_data
124,Charity,Forward Community Trust (Nottingham),116 Sample Street,Nottingham,P4 2EC,52.8401283,-1.0756107,https://www.example-charity.org,contact.124@example-charity.org,05678 827691,,,,,,1,,,,Reuse,synthetic_sample_data
125,Charity,Lighthouse Charity Shop (Manchester),41 Sample Street,Manchester,C9 9JJ,53.573954,-2.1023316,https://www.example-charity.org,contact.125@example-charity.org,06692 844007,,,,92.7,,0,,,,Reuse,synthetic_sample_data
126,Charity,Bridge Outreach (Sheffield),147 Sample Street,Sheffield,Z8 1LR,53.3837267,-1.5836913,https://www.example-charity.org,contact.126@example-charity.org,03275 348235,,,,,,0,,,,Reuse,synthetic_sample_data
127,Charity,Haven Charity Shop (Southampton),165 Sample Street,Southampton,N7 2EK,51.0249739,-1.5346756,https://www.example-charity.org,contact.127@example-charity.org,08842 651231,,,,,,1,,,,Reuse,synthetic_sample_data
128,Charity,Together Charity Shop (Reading),133 Sample Street,Reading,E7 9BD,51.459508,-1.0895996,https://www.example-charity.org,contact.128@example-charity.org,03981 905077,,,,,,0,,,,Reuse,synthetic_sample_data
129,Charity,Lighthouse Foundation (Birmingham),71 Sample Street,Birmingham,C5 4UR,52.4329982,-1.8276004,https://www.example-charity.org,contact.129@example-charity.org,05653 987025,,,,,,1,,,,Reuse,synthetic_sample_data
130,Charity,New Leaf Foundation (Southampton),12 Sample Street,Southampton,V6 1AC,50.9197434,-1.4036281,https://www.example-charity.org,contact.130@example-charity.org,03526 279516,,,,77.1,,1,,,,Reuse,synthetic_sample_data
131,Charity,Steppingstone Charity Shop (Reading),124 Sample Street,Reading,U9 5UJ,51.3675425,-0.9564588,https://www.example-charity.org,contact.131@example-charity.org,01496 622230,,,,,,1,,,,Reuse,synthetic_sample_data
132,Charity,New Leaf Support Network (Bristol),81 Sample Street,Bristol,O4 6TE,51.4405632,-2.5313159,https://www.example-charity.org,contact.132@example-charity.org,07809 607774,,,,31.9,,1,,,,Reuse,synthetic_sample_data
133,Charity,Together Furniture Project (Liverpool),37 Sample Street,Liverpool,O2 5OH,53.2976298,-3.0304379,https://www.example-charity.org,contact.133@example-charity.org,06228 353480,,,,,,1,,,,Reuse,synthetic_sample_data
134,Charity,New Leaf Outreach (Liverpool),128 Sample Street,Liverpool,X6 4YF,53.5176492,-3.0161596,https://www.example-charity.org,contact.134@example-charity.org,06364 705748,,,,46.7,,1,,,,Reuse,synthetic_sample_data
135,Charity,Together Support Network (Newcastle),127 Sample Street,Newcastle,S6 1BJ,54.8352529,-1.4842302,https://www.example-charity.org,contact.135@example-charity.org,04944 325595,,,,,,1,,,,Reuse,synthetic_sample_data
136,Charity,Haven Community Trust (Bristol),14 Sample Street,Bristol,L7 6BM,51.4655072,-2.4837483,https://www.example-charity.org,contact.136@example-charity.org,05333 862847,,,,,,0,,,,Reuse,synthetic_sample_data
137,Charity,Together Support Network (Sheffield),96 Sample Street,Sheffield,T2 3DM,53.3970669,-1.5980405,https://www.example-charity.org,contact.137@example-charity.org,05582 965401,,,,33.9,,1,,,,Reuse,synthetic_sample_data
138,Charity,Together Furniture Project (Birmingham),39 Sample Street,Birmingham,E6 8QO,52.3959174,-1.8876632,https://www.example-charity.org,contact.138@example-charity.org,01742 140804,,,,51.6,,1,,,,Reuse,synthetic_sample_data
139,Charity,Steppingstone Charity Shop (Southampton),182 Sample Street,Southampton,K9 9RP,50.855259,-1.4365136,https://www.example-charity.org,contact.139@example-charity.org,05902 722565,,,,,,1,,,,Reuse,synthetic_sample_data
140,Charity,Haven Foundation (London),199 Sample Street,London,X1 8IU,51.4679073,-0.0756581,https://www.example-charity.org,contact.140@example-charity.org,06040 935457,,,,,,0,,,,Reuse,synthetic_sample_data
141,Charity,Together Charity Shop (Coventry),29 Sample Street,Coventry,V4 1SW,52.2722065,-1.5255654,https://www.example-charity.org,contact.141@example-charity.org,07229 254954,,,,,,1,,,,Reuse,synthetic_sample_data
142,Charity,Bridge Support Network (Sheffield),133 Sample Street,Sheffield,T8 1WE,53.3567341,-1.496212,https://www.example-charity.org,contact.142@example-charity.org,09221 912617,,,,,,1,,,,Reuse,synthetic_sample_data
143,Charity,New Leaf Support Network (Reading),50 Sample Street,Reading,R6 5TP,51.4478113,-1.0150526,https://www.example-charity.org,contact.143@example-charity.org,09734 458955,,,,27.9,,1,,,,Reuse,synthetic_sample_data
144,Charity,Compass Charity Shop (Leeds),144 Sample Street,Leeds,W8 6PL,53.9332457,-1.4044219,https://www.example-charity.org,contact.144@example-charity.org,04396 823769,,,,79.5,,1,,,,Reuse,synthetic_sample_data
145,Charity,Haven Support Network (Bristol),183 Sample Street,Bristol,Z3 5BJ,51.3410622,-2.5349133,https://www.example-charity.org,contact.145@example-charity.org,06654 910616,,,,,,1,,,,Reuse,synthetic_sample_data
146,Charity,Bridge Outreach (Reading),190 Sample Street,Reading,R5 3DT,51.3812332,-0.9843762,https://www.example-charity.org,contact.146@example-charity.org,09824 384303,,,,,,0,,,,Reuse,synthetic_sample_data
147,Charity,Bridge Furniture Project (London),36 Sample Street,London,K8 2VY,51.5583502,-0.1184876,https://www.example-charity.org,contact.147@example-charity.org,02641 533377,,,,,,0,,,,Reuse,synthetic_sample_data
148,Charity,Forward Support Network (Liverpool),197 Sample Street,Liverpool,J6 5UB,53.4542678,-2.8774058,https://www.example-charity.org,contact.148@example-charity.org,04267 892630,,,,,,0,,,,Reuse,synthetic_sample_data
149,Charity,Hope Community Trust (Nottingham),48 Sample Street,Nottingham,F1 7ZP,53.026406,-1.0530001,https://www.example-charity.org,contact.149@example-charity.org,07846 978292,,,,96.2,,1,,,,Reuse,synthetic_sample_data
150,Charity,Second Chance Reuse Store (London),130 Sample Street,London,U9 9PE,51.3601802,-0.1074114,https://www.example-charity.org,contact.150@example-charity.org,05662 576419,,,,,,0,,,,Reuse,synthetic_sample_data
151,Charity,Compass Charity Shop (Manchester),194 Sample Street,Manchester,X6 5SV,53.4300052,-2.1732642,https://www.example-charity.org,contact.151@example-charity.org,04050 114768,,,,,,1,,,,Reuse,synthetic_sample_data
152,Charity,Second Chance Community Trust (Liverpool),61 Sample Street,Liverpool,K4 1IM,53.4129842,-3.1155787,https://www.example-charity.org,contact.152@example-charity.org,03303 600646,,,,,,1,,,,Reuse,synthetic_sample_data
153,Charity,Hope Reuse Store (Sheffield),41 Sample Street,Sheffield,H1 2OJ,53.3216838,-1.4032352,https://www.example-charity.org,contact.153@example-charity.org,06890 826420,,,,,,1,,,,Reuse,synthetic_sample_data
154,Charity,Compass Reuse Store (Coventry),156 Sample Street,Coventry,E8 3OX,52.2920247,-1.3948609,https://www.example-charity.org,contact.154@example-charity.org,04618 329772,,,,,,1,,,,Reuse,synthetic_sample_data
155,Charity,Bridge Charity Shop (Nottingham),29 Sample Street,Nottingham,O9 6CS,53.0453985,-1.0604189,https://www.example-charity.org,contact.155@example-charity.org,02341 651033,,,,,,0,,,,Reuse,synthetic_sample_data
156,Charity,Together Support Network (Southampton),15 Sample Street,Southampton,G8 2QO,50.920698,-1.5050389,https://www.example-charity.org,contact.156@example-charity.org,02904 813341,,,,,,1,,,,Reuse,synthetic_sample_data
157,Charity,Compass Charity Shop (Newcastle),12 Sample Street,Newcastle,I1 4SC,54.9974734,-1.6001608,https://www.example-charity.org,contact.157@example-charity.org,01356 515182,,,,,,0,,,,Reuse,synthetic_sample_data
158,Charity,Second Chance Support Network (Nottingham),187 Sample Street,Nottingham,N3 3YU,53.1030371,-1.0277252,https://www.example-charity.org,contact.158@example-charity.org,01519 401036,,,,42.0,,1,,,,Reuse,synthetic_sample_data
159,Charity,Haven Furniture Project (Newcastle),101 Sample Street,Newcastle,U6 2FR,55.0891861,-1.4957698,https://www.example-charity.org,contact.159@example-charity.org,09835 239449,,,,,,0,,,,Reuse,synthetic_sample_data
160,Charity,Forward Charity Shop (London),89 Sample Street,London,R7 4HO,51.5842538,0.0157472,https://www.example-charity.org,contact.160@example-charity.org,09920 544730,,,,,,0,,,,Reuse,synthetic_sample_data
161,Charity,Haven Foundation (Coventry),115 Sample Street,Coventry,G2 2TB,52.486447,-1.6600348,https://www.example-charity.org,contact.161@example-charity.org,01256 352356,,,,,,0,,,,Reuse,synthetic_sample_data
162,Charity,Bridge Foundation (Leeds),60 Sample Street,Leeds,Y1 3QJ,53.8729623,-1.5784204,https://www.example-charity.org,contact.162@example-charity.org,04559 891030,,,,73.2,,1,,,,Reuse,synthetic_sample_data
163,Charity,Lighthouse Community Trust (Southampton),71 Sample Street,Southampton,V9 4NJ,50.9390753,-1.3526404,https://www.example-charity.org,contact.163@example-charity.org,05944 250219,,,,,,0,,,,Reuse,synthetic_sample_data
164,Charity,Hope Reuse Store (Reading),77 Sample Street,Reading,Q6 7NE,51.507925,-0.9613448,https://www.example-charity.org,contact.164@example-charity.org,07244 923975,,,,,,1,,,,Reuse,synthetic_sample_data
165,Charity,New Leaf Outreach (Leeds),35 Sample Street,Leeds,R7 7RQ,53.9056023,-1.6088791,https://www.example-charity.org,contact.165@example-charity.org,08586 160423,,,,,,1,,,,Reuse,synthetic_sample_data
166,Charity,Forward Outreach (Leeds),173 Sample Street,Leeds,R4 1IM,53.7498789,-1.6753789,https://www.example-charity.org,contact.166@example-charity.org,07079 196955,,,,4.0,,0,,,,Reuse,synthetic_sample_data
167,Charity,Together Community Trust (Leeds),190 Sample Street,Leeds,K5 1GG,53.8921952,-1.5228249,https://www.example-charity.org,contact.167@example-charity.org,08854 319036,,,,,,1,,,,Reuse,synthetic_sample_data
168,Charity,Haven Community Trust (Leeds),92 Sample Street,Leeds,J7 8RU,53.8594879,-1.4879694,https://www.example-charity.org,contact.168@example-charity.org,06269 913185,,,,,,1,,,,Reuse,synthetic_sample_data
169,Charity,Forward Outreach (Nottingham),57 Sample Street,Nottingham,L6 7BS,53.0696436,-1.1682988,https://www.example-charity.org,contact.169@example-charity.org,06246 312994,,,,1.6,,1,,,,Reuse,synthetic_sample_data
170,Charity,Haven Foundation (Bristol),186 Sample Street,Bristol,R6 5YP,51.3502234,-2.6389404,https://www.example-charity.org,contact.170@example-charity.org,05026 623555,,,,49.1,,0,,,,Reuse,synthetic_sample_data
171,Charity,Together Support Network (Coventry),172 Sample Street,Coventry,U1 9BC,52.4952927,-1.6189203,https://www.example-charity.org,contact.171@example-charity.org,04015 668471,,,,,,0,,,,Reuse,synthetic_sample_data
172,Charity,Second Chance Charity Shop (Liverpool),159 Sample Street,Liverpool,G9 8LB,53.2996475,-2.9523895,https://www.example-charity.org,contact.172@example-charity.org,03474 109585,,,,93.4,,1,,,,Reuse,synthetic_sample_data
173,Charity,Together Support Network (Reading),129 Sample Street,Reading,Q5 9JA,51.4506563,-1.1261163,https://www.example-charity.org,contact.173@example-charity.org,01194 117538,,,,67.4,,0,,,,Reuse,synthetic_sample_data
174,Charity,Bridge Community Trust (Manchester),104 Sample Street,Manchester,L5 7CL,53.6062147,-2.2352844,https://www.example-charity.org,contact.174@example-charity.org,09625 364679,,,,,,0,,,,Reuse,synthetic_sample_data
175,Charity,Second Chance Charity Shop (Coventry),15 Sample Street,Coventry,M7 7RP,52.3245572,-1.4644875,https://www.example-charity.org,contact.175@example-charity.org,01519 198042,,,,70.3,,0,,,,Reuse,synthetic_sample_data
176,Charity,Lighthouse Foundation (Newcastle),122 Sample Street,Newcastle,B4 4WS,55.0818989,-1.5743278,https://www.example-charity.org,contact.176@example-charity.org,02562 653815,,,,,,0,,,,Reuse,synthetic_sample_data
177,Charity,Steppingstone Charity Shop (Reading),193 Sample Street,Reading,K1 4SE,51.5819754,-0.8583065,https://www.example-charity.org,contact.177@example-charity.org,01539 288066,,,,82.1,,0,,,,Reuse,synthetic_sample_data
178,Charity,Haven Charity Shop (Bristol),89 Sample Street,Bristol,M3 2QX,51.3532351,-2.6657583,https://www.example-charity.org,contact.178@example-charity.org,09856 447843,,,,,,1,,,,Reuse,synthetic_sample_data
179,Charity,Steppingstone Foundation (Leeds),126 Sample Street,Leeds,K1 5ZO,53.9024024,-1.5969222,https://www.example-charity.org,contact.179@example-charity.org,07499 911131,,,,,,1,,,,Reuse,synthetic_sample_data
180,Charity,Haven Furniture Project (Liverpool),98 Sample Street,Liverpool,H2 2IE,53.3141214,-2.9658375,https://www.example-charity.org,contact.180@example-charity.org,05839 936821,,,,63.4,,1,,,,Reuse,synthetic_sample_data
181,Charity,Compass Support Network (Sheffield),111 Sample Street,Sheffield,I2 3CF,53.3393101,-1.5926439,https://www.example-charity.org,contact.181@example-charity.org,06896 898329,,,,,,1,,,,Reuse,synthetic_sample_data
182,Charity,Second Chance Foundation (Manchester),22 Sample Street,Manchester,A5 7MY,53.3386786,-2.2864257,https://www.example-charity.org,contact.182@example-charity.org,06315 503951,,,,56.0,,0,,,,Reuse,synthetic_sample_data
183,Charity,New Leaf Community Trust (Southampton),112 Sample Street,Southampton,I8 3CF,50.9160314,-1.3488052,https://www.example-charity.org,contact.183@example-charity.org,05405 415759,,,,,,1,,,,Reuse,synthetic_sample_data
184,Charity,Bridge Charity Shop (Newcastle),78 Sample Street,Newcastle,T4 8DE,55.0631,-1.6594625,https://www.example-charity.org,contact.184@example-charity.org,09123 722651,,,,,,1,,,,Reuse,synthetic_sample_data
185,Charity,Lighthouse Support Network (Sheffield),178 Sample Street,Sheffield,U3 5KT,53.483584,-1.506133,https://www.example-charity.org,contact.185@example-charity.org,06484 551533,,,,,,1,,,,Reuse,synthetic_sample_data
186,Charity,Compass Charity Shop (Birmingham),101 Sample Street,Birmingham,Z4 6MI,52.6255724,-1.7497824,https://www.example-charity.org,contact.186@example-charity.org,09044 703853,,,,,,0,,,,Reuse,synthetic_sample_data
187,Charity,Together Furniture Project (Southampton),105 Sample Street,Southampton,G8 5WC,51.0588795,-1.5004218,https://www.example-charity.org,contact.187@example-charity.org,08563 842776,,,,13.9,,1,,,,Reuse,synthetic_sample_data
188,Charity,Haven Outreach (Leeds),178 Sample Street,Leeds,O8 7RQ,53.7266045,-1.652857,https://www.example-charity.org,contact.188@example-charity.org,07176 177558,,,,,,0,,,,Reuse,synthetic_sample_data
189,Charity,Steppingstone Charity Shop (Sheffield),157 Sample Street,Sheffield,Y4 6FU,53.4415903,-1.3764109,https://www.example-charity.org,contact.189@example-charity.org,02392 214682,,,,,,1,,,,Reuse,synthetic_sample_data
190,Charity,Hope Furniture Project (Sheffield),148 Sample Street,Sheffield,Q9 9SW,53.520815,-1.4909633,https://www.example-charity.org,contact.190@example-charity.org,05239 332785,,,,,,1,,,,Reuse,synthetic_sample_data
191,Charity,Together Community Trust (Liverpool),30 Sample Street,Liverpool,P2 5NC,53.397319,-2.9377334,https://www.example-charity.org,contact.191@example-charity.org,06651 125755,,,,73.0,,1,,,,Reuse,synthetic_sample_data
192,Charity,Together Support Network (Bristol),77 Sample Street,Bristol,D8 8KC,51.40742,-2.502619,https://www.example-charity.org,contact.192@example-charity.org,06706 599292,,,,,,0,,,,Reuse,synthetic_sample_data
193,Charity,New Leaf Charity Shop (London),110 Sample Street,London,F9 3KR,51.612154,-0.083409,https://www.example-charity.org,contact.193@example-charity.org,04996 641058,,,,23.2,,1,,,,Reuse,synthetic_sample_data
194,Charity,Haven Support Network (Reading),100 Sample Street,Reading,T4 8SN,51.3596355,-0.9359563,https://www.example-charity.org,contact.194@example-charity.org,01478 873207,,,,,,0,,,,Reuse,synthetic_sample_data
195,Charity,Second Chance Foundation (Leeds),118 Sample Street,Leeds,R3 6KG,53.7343034,-1.4879721,https://www.example-charity.org,contact.195@example-charity.org,02667 938338,,,,,,1,,,,Reuse,synthetic_sample_data
196,Charity,Haven Foundation (Nottingham),45 Sample Street,Nottingham,D6 6OT,53.0945749,-1.2140788,https://www.example-charity.org,contact.196@example-charity.org,07431 715519,,,,70.6,,1,,,,Reuse,synthetic_sample_data
197,Charity,Lighthouse Furniture Project (Southampton),131 Sample Street,Southampton,D3 6WE,50.9367505,-1.352767,https://www.example-charity.org,contact.197@example-charity.org,04908 420214,,,,,,0,,,,Reuse,synthetic_sample_data
198,Charity,Together Charity Shop (Southampton),81 Sample Street,Southampton,F8 5EF,50.874813,-1.4986739,https://www.example-charity.org,contact.198@example-charity.org,03838 681868,,,,61.9,,1,,,,Reuse,synthetic_sample_data
199,Charity,Haven Foundation (London),114 Sample Street,London,P7 8NW,51.5027827,-0.2192615,https://www.example-charity.org,contact.199@example-charity.org,09281 784793,,,,,,0,,,,Reuse,synthetic_sample_data
200,Charity,Compass Furniture Project (Southampton),145 Sample Street,Southampton,R5 3YO,50.7689582,-1.326083,https://www.example-charity.org,contact.200@example-charity.org,05503 335765,,,,76.6,,0,,,,Reuse,synthetic_sample_data
201,Charity,Lighthouse Foundation (Southampton),27 Sample Street,Southampton,X8 9GN,50.793962,-1.3218661,https://www.example-charity.org,contact.201@example-charity.org,01681 896922,,,,65.4,,0,,,,Reuse,synthetic_sample_data
202,Charity,Compass Reuse Store (Bristol),151 Sample Street,Bristol,D4 4ZX,51.566943,-2.7282309,https://www.example-charity.org,contact.202@example-charity.org,02425 560398,,,,86.1,,1,,,,Reuse,synthetic_sample_data
203,Charity,Bridge Outreach (Birmingham),44 Sample Street,Birmingham,L9 5TR,52.5210454,-1.8049452,https://www.example-charity.org,contact.203@example-charity.org,01972 697766,,,,,,1,,,,Reuse,synthetic_sample_data
204,Charity,Together Charity Shop (Bristol),33 Sample Street,Bristol,Y7 1IU,51.4763207,-2.4521808,https://www.example-charity.org,contact.204@example-charity.org,02560 242175,,,,13.3,,0,,,,Reuse,synthetic_sample_data
205,Charity,Haven Support Network (Coventry),20 Sample Street,Coventry,U5 7MO,52.353429,-1.5954336,https://www.example-charity.org,contact.205@example-charity.org,03329 705474,,,,88.0,,0,,,,Reuse,synthetic_sample_data
206,Charity,Lighthouse Support Network (Liverpool),163 Sample Street,Liverpool,S1 2XO,53.413084,-3.0581323,https://www.example-charity.org,contact.206@example-charity.org,08996 443187,,,,35.8,,0,,,,Reuse,synthetic_sample_data
207,Charity,Bridge Support Network (Nottingham),145 Sample Street,Nottingham,J6 9SE,52.9241148,-1.0176614,https://www.example-charity.org,contact.207@example-charity.org,05399 438548,,,,78.8,,0,,,,Reuse,synthetic_sample_data
208,Charity,Forward Furniture Project (London),52 Sample Street,London,F8 8AN,51.3872724,-0.0426331,https://www.example-charity.org,contact.208@example-charity.org,03035 999312,,,,90.9,,1,,,,Reuse,synthetic_sample_data
209,Charity,Second Chance Charity Shop (Birmingham),161 Sample Street,Birmingham,C6 3BM,52.598527,-1.7774215,https://www.example-charity.org,contact.209@example-charity.org,06905 362552,,,,,,0,,,,Reuse,synthetic_sample_data
210,Charity,Hope Community Trust (Liverpool),3 Sample Street,Liverpool,E4 9VO,53.4550456,-2.9304906,https://www.example-charity.org,contact.210@example-charity.org,08812 181724,,,,,,1,,,,Reuse,synthetic_sample_data
211,Charity,New Leaf Support Network (Manchester),95 Sample Street,Manchester,M2 2DK,53.6272465,-2.2659058,https://www.example-charity.org,contact.211@example-charity.org,02160 340068,,,,13.7,,0,,,,Reuse,synthetic_sample_data
212,Charity,Together Foundation (Reading),55 Sample Street,Reading,U3 8LX,51.602182,-1.0852441,https://www.example-charity.org,contact.212@example-charity.org,01138 739966,,,,15.1,,1,,,,Reuse,synthetic_sample_data
213,Charity,Second Chance Furniture Project (Southampton),36 Sample Street,Southampton,D7 6NK,50.9656699,-1.2964112,https://www.example-charity.org,contact.213@example-charity.org,03293 888996,,,,,,0,,,,Reuse,synthetic_sample_data
214,Charity,Steppingstone Reuse Store (Leeds),131 Sample Street,Leeds,V5 4QT,53.816819,-1.5190976,https://www.example-charity.org,contact.214@example-charity.org,01439 989079,,,,,,1,,,,Reuse,synthetic_sample_data
215,Charity,Bridge Support Network (Bristol),93 Sample Street,Bristol,H8 2QA,51.4983509,-2.5027595,https://www.example-charity.org,contact.215@example-charity.org,07322 218220,,,,13.2,,1,,,,Reuse,synthetic_sample_data
216,Charity,Forward Outreach (Sheffield),11 Sample Street,Sheffield,S2 1IG,53.3950069,-1.5682689,https://www.example-charity.org,contact.216@example-charity.org,02195 117500,,,,94.9,,1,,,,Reuse,synthetic_sample_data
217,Charity,Haven Support Network (Nottingham),72 Sample Street,Nottingham,U9 9TE,52.8907463,-1.0943113,https://www.example-charity.org,contact.217@example-charity.org,07590 186431,,,,,,0,,,,Reuse,synthetic_sample_data
218,Charity,New Leaf Foundation (Nottingham),187 Sample Street,Nottingham,S2 5WN,53.0810775,-1.015806,https://www.example-charity.org,contact.218@example-charity.org,06353 509711,,,,23.9,,0,,,,Reuse,synthetic_sample_data
219,Charity,Steppingstone Foundation (Manchester),36 Sample Street,Manchester,V3 2AW,53.6081883,-2.357804,https://www.example-charity.org,contact.219@example-charity.org,01901 424314,,,,16.4,,1,,,,Reuse,synthetic_sample_data
220,Charity,Compass Community Trust (Nottingham),86 Sample Street,Nottingham,X5 2YA,52.9599669,-1.0613479,https://www.example-charity.org,contact.220@example-charity.org,07092 233096,,,,27.2,,0,,,,Reuse,synthetic_sample_data
221,Charity,Second Chance Support Network (Bristol),95 Sample Street,Bristol,L1 8SF,51.518197,-2.5649045,https://www.example-charity.org,contact.221@example-charity.org,08457 635593,,,,,,0,,,,Reuse,synthetic_sample_data
222,Charity,Together Furniture Project (Southampton),39 Sample Street,Southampton,H1 8LM,50.9619361,-1.5197999,https://www.example-charity.org,contact.222@example-charity.org,01721 112884,,,,,,0,,,,Reuse,synthetic_sample_data
223,Charity,Haven Community Trust (Nottingham),96 Sample Street,Nottingham,N6 5CS,53.0457346,-1.0938938,https://www.example-charity.org,contact.223@example-charity.org,06272 360322,,,,,,0,,,,Reuse,synthetic_sample_data
224,Charity,Hope Support Network (Birmingham),117 Sample Street,Birmingham,J5 6CR,52.4031555,-1.8856678,https://www.example-charity.org,contact.224@example-charity.org,02129 587686,,,,,,0,,,,Reuse,synthetic_sample_data
225,Charity,Steppingstone Community Trust (Bristol),195 Sample Street,Bristol,S8 4XR,51.473642,-2.6467272,https://www.example-charity.org,contact.225@example-charity.org,08600 486162,,,,15.1,,1,,,,Reuse,synthetic_sample_data
226,Charity,Hope Reuse Store (London),136 Sample Street,London,V7 5DG,51.4272993,-0.1738729,https://www.example-charity.org,contact.226@example-charity.org,01023 895794,,,,42.0,,0,,,,Reuse,synthetic_sample_data
227,Charity,Bridge Outreach (Birmingham),149 Sample Street,Birmingham,W6 8XC,52.5496957,-2.012492,https://www.example-charity.org,contact.227@example-charity.org,09515 533121,,,,,,0,,,,Reuse,synthetic_sample_data
228,Charity,Steppingstone Furniture Project (Reading),101 Sample Street,Reading,E4 5IK,51.5502889,-1.1056509,https://www.example-charity.org,contact.228@example-charity.org,08126 794622,,,,73.5,,1,,,,Reuse,synthetic_sample_data
229,Charity,Bridge Community Trust (Newcastle),105 Sample Street,Newcastle,D3 8OK,54.9098868,-1.7453938,https://www.example-charity.org,contact.229@example-charity.org,02785 262959,,,,,,1,,,,Reuse,synthetic_sample_data
230,Charity,Second Chance Furniture Project (Leeds),38 Sample Street,Leeds,V5 1GK,53.7863751,-1.560096,https://www.example-charity.org,contact.230@example-charity.org,03582 946826,,,,,,0,,,,Reuse,synthetic_sample_data
231,Charity,Compass Reuse Store (Sheffield),64 Sample Street,Sheffield,M8 9XR,53.3499733,-1.6054148,https://www.example-charity.org,contact.231@example-charity.org,03848 132591,,,,,,0,,,,Reuse,synthetic_sample_data
232,Charity,Bridge Community Trust (Birmingham),67 Sample Street,Birmingham,M6 2SS,52.372636,-2.0218992,https://www.example-charity.org,contact.232@example-charity.org,04246 963684,,,,7.5,,0,,,,Reuse,synthetic_sample_data
233,Charity,New Leaf Furniture Project (Leeds),111 Sample Street,Leeds,B8 1FS,53.9215488,-1.5660706,https://www.example-charity.org,contact.233@example-charity.org,06432 228479,,,,39.5,,0,,,,Reuse,synthetic_sample_data
234,Charity,Bridge Community Trust (Liverpool),158 Sample Street,Liverpool,O3 1TT,53.4633639,-3.0897578,https://www.example-charity.org,contact.234@example-charity.org,05505 393448,,,,,,1,,,,Reuse,synthetic_sample_data
235,Charity,Hope Furniture Project (Newcastle),135 Sample Street,Newcastle,E7 4UZ,54.9518977,-1.6025934,https://www.example-charity.org,contact.235@example-charity.org,05583 501620,,,,,,0,,,,Reuse,synthetic_sample_data
236,Charity,Together Outreach (Liverpool),47 Sample Street,Liverpool,S9 6MI,53.4929747,-3.0338664,https://www.example-charity.org,contact.236@example-charity.org,08940 460745,,,,,,0,,,,Reuse,synthetic_sample_data
237,Charity,Hope Outreach (London),169 Sample Street,London,L4 3DH,51.6261294,-0.0442385,https://www.example-charity.org,contact.237@example-charity.org,08728 655149,,,,,,0,,,,Reuse,synthetic_sample_data
238,Charity,Haven Reuse Store (Leeds),181 Sample Street,Leeds,H6 6SA,53.8235076,-1.4043006,https://www.example-charity.org,contact.238@example-charity.org,03846 284654,,,,94.8,,0,,,,Reuse,synthetic_sample_data
239,Charity,Forward Foundation (Southampton),155 Sample Street,Southampton,P1 2BH,51.0442106,-1.3033909,https://www.example-charity.org,contact.239@example-charity.org,06063 284084,,,,,,1,,,,Reuse,synthetic_sample_data
240,Charity,New Leaf Reuse Store (London),181 Sample Street,London,K1 1ES,51.4569202,-0.0935596,https://www.example-charity.org,contact.240@example-charity.org,03907 941403,,,,77.4,,1,,,,Reuse,synthetic_sample_data
241,Charity,Haven Foundation (Manchester),112 Sample Street,Manchester,J6 3FX,53.4428772,-2.110023,https://www.example-charity.org,contact.241@example-charity.org,02655 452909,,,,96.1,,1,,,,Reuse,synthetic_sample_data
242,Charity,Steppingstone Outreach (Birmingham),177 Sample Street,Birmingham,V3 7JX,52.5483549,-1.8718068,https://www.example-charity.org,contact.242@example-charity.org,06846 334081,,,,,,0,,,,Reuse,synthetic_sample_data
243,Charity,Steppingstone Support Network (Coventry),27 Sample Street,Coventry,T6 4US,52.2573394,-1.4590975,https://www.example-charity.org,contact.243@example-charity.org,01530 290926,,,,14.1,,0,,,,Reuse,synthetic_sample_data
244,Charity,Second Chance Outreach (Leeds),18 Sample Street,Leeds,A5 4HW,53.754843,-1.6032444,https://www.example-charity.org,contact.244@example-charity.org,06500 568325,,,,,,0,,,,Reuse,synthetic_sample_data
245,Charity,Haven Community Trust (Coventry),123 Sample Street,Coventry,M6 9MD,52.2571843,-1.5539189,https://www.example-charity.org,contact.245@example-charity.org,07783 617033,,,,57.8,,0,,,,Reuse,synthetic_sample_data
246,Charity,Hope Reuse Store (Birmingham),97 Sample Street,Birmingham,I2 2KF,52.4715862,-1.8006416,https://www.example-charity.org,contact.246@example-charity.org,01328 434198,,,,,,0,,,,Reuse,synthetic_sample_data
247,Charity,Lighthouse Foundation (Nottingham),41 Sample Street,Nottingham,A7 3TN,53.0873502,-1.0146875,https://www.example-charity.org,contact.247@example-charity.org,08909 838726,,,,,,1,,,,Reuse,synthetic_sample_data
248,Charity,Together Charity Shop (Leeds),13 Sample Street,Leeds,V5 5HD,53.9431195,-1.576316,https://www.example-charity.org,contact.248@example-charity.org,09849 378150,,,,,,1,,,,Reuse,synthetic_sample_data
249,Charity,Second Chance Reuse Store (Birmingham),75 Sample Street,Birmingham,D1 4FU,52.3525515,-2.0392553,https://www.example-charity.org,contact.249@example-charity.org,08869 309374,,,,47.4,,0,,,,Reuse,synthetic_sample_data
250,Charity,Compass Furniture Project (Bristol),115 Sample Street,Bristol,F6 7LF,51.539963,-2.5966167,https://www.example-charity.org,contact.250@example-charity.org,09914 506351,,,,,,1,,,,Reuse,synthetic_sample_data
251,Charity,Steppingstone Furniture Project (Newcastle),139 Sample Street,Newcastle,W2 2VL,54.9073202,-1.5166764,https://www.example-charity.org,contact.251@example-charity.org,03476 888775,,,,,,0,,,,Reuse,synthetic_sample_data
252,Charity,Together Support Network (Nottingham),102 Sample Street,Nottingham,P4 8JC,52.8230951,-1.1919682,https://www.example-charity.org,contact.252@example-charity.org,09773 820442,,,,71.4,,0,,,,Reuse,synthetic_sample_data
253,Charity,New Leaf Community Trust (Manchester),52 Sample Street,Manchester,B7 2VN,53.6155764,-2.2578881,https://www.example-charity.org,contact.253@example-charity.org,04157 232315,,,,62.7,,1,,,,Reuse,synthetic_sample_data
254,Charity,Second Chance Furniture Project (Sheffield),118 Sample Street,Sheffield,M9 6IQ,53.5043413,-1.3458478,https://www.example-charity.org,contact.254@example-charity.org,07358 683390,,,,1.2,,1,,,,Reuse,synthetic_sample_data
255,Charity,Steppingstone Foundation (Manchester),106 Sample Street,Manchester,S2 5RL,53.4551327,-2.3481401,https://www.example-charity.org,contact.255@example-charity.org,02641 210766,,,,,,1,,,,Reuse,synthetic_sample_data
256,Charity,Compass Support Network (Southampton),177 Sample Street,Southampton,T7 1MK,50.9423886,-1.5431603,https://www.example-charity.org,contact.256@example-charity.org,03356 748276,,,,,,1,,,,Reuse,synthetic_sample_data
257,Charity,Compass Reuse Store (Bristol),191 Sample Street,Bristol,P2 4EJ,51.5736094,-2.7318301,https://www.example-charity.org,contact.257@example-charity.org,05593 983788,,,,,,1,,,,Reuse,synthetic_sample_data
258,Charity,Second Chance Community Trust (Bristol),132 Sample Street,Bristol,N8 9LB,51.5231398,-2.5564063,https://www.example-charity.org,contact.258@example-charity.org,08237 321659,,,,6.6,,1,,,,Reuse,synthetic_sample_data
259,Charity,Steppingstone Furniture Project (Birmingham),13 Sample Street,Birmingham,G1 4BO,52.5703549,-1.8831141,https://www.example-charity.org,contact.259@example-charity.org,03846 302127,,,,70.5,,1,,,,Reuse,synthetic_sample_data
260,Charity,Second Chance Charity Shop (Sheffield),151 Sample Street,Sheffield,L8 8FP,53.4781519,-1.4685621,https://www.example-charity.org,contact.260@example-charity.org,01500 353690,,,,,,1,,,,Reuse,synthetic_sample_data
261,Charity,Second Chance Reuse Store (Birmingham),58 Sample Street,Birmingham,B3 4HU,52.5874961,-1.962802,https://www.example-charity.org,contact.261@example-charity.org,01449 505343,,,,26.9,,1,,,,Reuse,synthetic_sample_data
262,Charity,Hope Support Network (Nottingham),79 Sample Street,Nottingham,F1 4IT,52.8108157,-1.0740089,https://www.example-charity.org,contact.262@example-charity.org,03167 778818,,,,70.9,,1,,,,Reuse,synthetic_sample_data
263,Charity,Forward Reuse Store (Liverpool),2 Sample Street,Liverpool,J9 7SD,53.5270449,-2.8861241,https://www.example-charity.org,contact.263@example-charity.org,04575 589368,,,,,,1,,,,Reuse,synthetic_sample_data
264,Charity,Compass Charity Shop (Nottingham),71 Sample Street,Nottingham,C6 5UK,52.9990026,-1.125385,https://www.example-charity.org,contact.264@example-charity.org,02771 605139,,,,,,1,,,,Reuse,synthetic_sample_data
265,Charity,Hope Outreach (Leeds),76 Sample Street,Leeds,K3 1UP,53.6957788,-1.4694577,https://www.example-charity.org,contact.265@example-charity.org,07620 792616,,,,,,1,,,,Reuse,synthetic_sample_data
266,Charity,Steppingstone Outreach (Liverpool),122 Sample Street,Liverpool,X4 9UZ,53.3748825,-3.1310043,https://www.example-charity.org,contact.266@example-charity.org,04111 459836,,,,67.2,,1,,,,Reuse,synthetic_sample_data
267,Charity,New Leaf Reuse Store (Birmingham),175 Sample Street,Birmingham,E5 9YF,52.5883916,-1.7774516,https://www.example-charity.org,contact.267@example-charity.org,02599 593649,,,,65.4,,0,,,,Reuse,synthetic_sample_data
268,Charity,Haven Outreach (Sheffield),14 Sample Street,Sheffield,I5 8DP,53.2980984,-1.3586703,https://www.example-charity.org,contact.268@example-charity.org,06428 489737,,,,58.4,,0,,,,Reuse,synthetic_sample_data
269,Charity,Haven Foundation (Newcastle),105 Sample Street,Newcastle,B3 3GK,55.0951278,-1.6176568,https://www.example-charity.org,contact.269@example-charity.org,05888 533174,,,,89.3,,1,,,,Reuse,synthetic_sample_data
270,Charity,Second Chance Support Network (Birmingham),71 Sample Street,Birmingham,F6 1AO,52.431115,-1.8256995,https://www.example-charity.org,contact.270@example-charity.org,06449 761685,,,,,,0,,,,Reuse,synthetic_sample_data
271,Charity,Second Chance Community Trust (Southampton),2 Sample Street,Southampton,N7 7PM,50.9890451,-1.4075269,https://www.example-charity.org,contact.271@example-charity.org,08105 764259,,,,,,0,,,,Reuse,synthetic_sample_data
272,Charity,Lighthouse Outreach (Coventry),89 Sample Street,Coventry,A1 4HW,52.3687304,-1.6654769,https://www.example-charity.org,contact.272@example-charity.org,09700 299834,,,,,,0,,,,Reuse,synthetic_sample_data
273,Charity,Second Chance Outreach (Liverpool),87 Sample Street,Liverpool,J8 9TQ,53.4094009,-3.0497655,https://www.example-charity.org,contact.273@example-charity.org,01749 412687,,,,,,0,,,,Reuse,synthetic_sample_data
274,Charity,Bridge Community Trust (Sheffield),6 Sample Street,Sheffield,H4 3GX,53.5299417,-1.4730464,https://www.example-charity.org,contact.274@example-charity.org,07609 120053,,,,,,0,,,,Reuse,synthetic_sample_data
275,Charity,Hope Support Network (Manchester),168 Sample Street,Manchester,R1 1VD,53.4407774,-2.1974379,https://www.example-charity.org,contact.275@example-charity.org,05190 908713,,,,4.8,,0,,,,Reuse,synthetic_sample_data
276,Charity,Compass Support Network (Liverpool),26 Sample Street,Liverpool,W1 5NV,53.3916943,-3.1045215,https://www.example-charity.org,contact.276@example-charity.org,03508 315477,,,,27.0,,0,,,,Reuse,synthetic_sample_data
277,Charity,Steppingstone Furniture Project (Liverpool),52 Sample Street,Liverpool,Z2 8GT,53.5075958,-3.1101257,https://www.example-charity.org,contact.277@example-charity.org,05631 219550,,,,83.1,,0,,,,Reuse,synthetic_sample_data
278,Charity,Hope Foundation (Sheffield),4 Sample Street,Sheffield,W8 6HA,53.442131,-1.5314946,https://www.example-charity.org,contact.278@example-charity.org,09132 317782,,,,90.7,,1,,,,Reuse,synthetic_sample_data
279,Charity,Second Chance Charity Shop (Birmingham),119 Sample Street,Birmingham,U4 8JI,52.6210338,-1.8065421,https://www.example-charity.org,contact.279@example-charity.org,02659 368322,,,,,,0,,,,Reuse,synthetic_sample_data
280,Charity,Lighthouse Support Network (London),166 Sample Street,London,Y1 1EV,51.6130746,-0.1697356,https://www.example-charity.org,contact.280@example-charity.org,02898 199613,,,,,,1,,,,Reuse,synthetic_sample_data
281,Charity,Second Chance Reuse Store (Newcastle),99 Sample Street,Newcastle,D7 7OI,55.1148267,-1.6873072,https://www.example-charity.org,contact.281@example-charity.org,06615 291752,,,,47.8,,1,,,,Reuse,synthetic_sample_data
282,Charity,New Leaf Charity Shop (Reading),146 Sample Street,Reading,F2 7SP,51.5701372,-1.0780664,https://www.example-charity.org,contact.282@example-charity.org,01960 985364,,,,18.1,,1,,,,Reuse,synthetic_sample_data
283,Charity,New Leaf Support Network (Sheffield),168 Sample Street,Sheffield,N8 1CI,53.4145075,-1.3613273,https://www.example-charity.org,contact.283@example-charity.org,08997 218423,,,,,,0,,,,Reuse,synthetic_sample_data
284,Charity,Steppingstone Furniture Project (Reading),174 Sample Street,Reading,X4 8LV,51.5662431,-0.9723701,https://www.example-charity.org,contact.284@example-charity.org,08091 793856,,,,14.9,,0,,,,Reuse,synthetic_sample_data
285,Charity,Forward Outreach (London),72 Sample Street,London,C8 6HK,51.5504196,-0.2307218,https://www.example-charity.org,contact.285@example-charity.org,09123 273438,,,,,,0,,,,Reuse,synthetic_sample_data
286,Charity,Bridge Furniture Project (Nottingham),81 Sample Street,Nottingham,Z8 2PO,52.9977952,-1.1871169,https://www.example-charity.org,contact.286@example-charity.org,08521 565765,,,,,,1,,,,Reuse,synthetic_sample_data
287,Charity,Haven Furniture Project (Coventry),168 Sample Street,Coventry,C5 9RG,52.4528119,-1.638907,https://www.example-charity.org,contact.287@example-charity.org,09996 100177,,,,95.0,,1,,,,Reuse,synthetic_sample_data
288,Charity,Lighthouse Foundation (London),195 Sample Street,London,V6 8DD,51.6023766,-0.0245048,https://www.example-charity.org,contact.288@example-charity.org,08751 851470,,,,0.2,,1,,,,Reuse,synthetic_sample_data
289,Charity,Together Reuse Store (Reading),185 Sample Street,Reading,F8 3WX,51.5936301,-1.0405049,https://www.example-charity.org,contact.289@example-charity.org,02741 148001,,,,,,1,,,,Reuse,synthetic_sample_data
290,Charity,Haven Community Trust (Southampton),107 Sample Street,Southampton,Z4 6DY,50.8184764,-1.5181763,https://www.example-charity.org,contact.290@example-charity.org,08488 964607,,,,,,0,,,,Reuse,synthetic_sample_data
291,Charity,Together Community Trust (Newcastle),124 Sample Street,Newcastle,Q1 9NS,54.9655164,-1.5910052,https://www.example-charity.org,contact.291@example-charity.org,09172 104548,,,,78.1,,0,,,,Reuse,synthetic_sample_data
292,Charity,New Leaf Furniture Project (Coventry),156 Sample Street,Coventry,T6 9MN,52.4303663,-1.4505516,https://www.example-charity.org,contact.292@example-charity.org,07347 789461,,,,76.2,,1,,,,Reuse,synthetic_sample_data
293,Charity,Forward Outreach (Liverpool),81 Sample Street,Liverpool,N9 5WR,53.5474781,-2.8504525,https://www.example-charity.org,contact.293@example-charity.org,03185 244892,,,,93.6,,0,,,,Reuse,synthetic_sample_data
294,Charity,Lighthouse Charity Shop (Leeds),164 Sample Street,Leeds,U3 9RW,53.7137138,-1.4847846,https://www.example-charity.org,contact.294@example-charity.org,03173 844904,,,,,,0,,,,Reuse,synthetic_sample_data
295,Charity,Haven Charity Shop (Sheffield),98 Sample Street,Sheffield,N1 9DA,53.3997841,-1.4452581,https://www.example-charity.org,contact.295@example-charity.org,09747 399817,,,,,,0,,,,Reuse,synthetic_sample_data
296,Charity,Compass Charity Shop (Leeds),9 Sample Street,Leeds,B5 4YR,53.7308935,-1.4634403,https://www.example-charity.org,contact.296@example-charity.org,05105 253541,,,,,,1,,,,Reuse,synthetic_sample_data
297,Charity,Together Outreach (Manchester),179 Sample Street,Manchester,U9 7HQ,53.5156327,-2.1899422,https://www.example-charity.org,contact.297@example-charity.org,04675 878476,,,,,,0,,,,Reuse,synthetic_sample_data
298,Charity,Lighthouse Foundation (Liverpool),114 Sample Street,Liverpool,X5 4TY,53.3746664,-2.8545894,https://www.example-charity.org,contact.298@example-charity.org,01881 113595,,,,91.1,,1,,,,Reuse,synthetic_sample_data
299,Charity,Bridge Reuse Store (Southampton),132 Sample Street,Southampton,V2 3FX,50.9236845,-1.3733839,https://www.example-charity.org,contact.299@example-charity.org,08353 286044,,,,,,0,,,,Reuse,synthetic_sample_data
300,Charity,New Leaf Foundation (Liverpool),83 Sample Street,Liverpool,K8 3BE,53.3421337,-3.0623281,https://www.example-charity.org,contact.300@example-charity.org,05178 105919,,,,,,1,,,,Reuse,synthetic_sample_data
301,Charity,Second Chance Outreach (Newcastle),130 Sample Street,Newcastle,H3 9CZ,55.0652725,-1.6027519,https://www.example-charity.org,contact.301@example-charity.org,06207 650916,,,,,,1,,,,Reuse,synthetic_sample_data
302,Charity,Lighthouse Reuse Store (Manchester),167 Sample Street,Manchester,G9 8RY,53.4356209,-2.127581,https://www.example-charity.org,contact.302@example-charity.org,06911 407835,,,,,,1,,,,Reuse,synthetic_sample_data
303,Charity,Steppingstone Community Trust (Newcastle),139 Sample Street,Newcastle,K7 2MI,54.9004044,-1.5751207,https://www.example-charity.org,contact.303@example-charity.org,01653 815706,,,,2.5,,1,,,,Reuse,synthetic_sample_data
304,Charity,Hope Reuse Store (Nottingham),138 Sample Street,Nottingham,Q2 2FY,53.045645,-1.1744329,https://www.example-charity.org,contact.304@example-charity.org,04154 435872,,,,,,0,,,,Reuse,synthetic_sample_data
305,Charity,Haven Outreach (Leeds),40 Sample Street,Leeds,R7 2XV,53.8519005,-1.4670253,https://www.example-charity.org,contact.305@example-charity.org,02702 315565,,,,,,1,,,,Reuse,synthetic_sample_data
306,Charity,Compass Foundation (London),162 Sample Street,London,H5 7MO,51.3836563,-0.2615196,https://www.example-charity.org,contact.306@example-charity.org,02154 702891,,,,,,1,,,,Reuse,synthetic_sample_data
307,Charity,Hope Charity Shop (London),28 Sample Street,London,X1 2LQ,51.4742506,-0.2423083,https://www.example-charity.org,contact.307@example-charity.org,02036 892682,,,,,,1,,,,Reuse,synthetic_sample_data
308,Charity,Forward Support Network (Southampton),57 Sample Street,Southampton,V1 8FR,50.7856516,-1.3248177,https://www.example-charity.org,contact.308@example-charity.org,07473 962057,,,,,,1,,,,Reuse,synthetic_sample_data
309,Charity,Compass Charity Shop (Nottingham),2 Sample Street,Nottingham,R9 3DB,52.8932935,-1.1178863,https://www.example-charity.org,contact.309@example-charity.org,07113 111691,,,,,,1,,,,Reuse,synthetic_sample_data
310,Charity,Bridge Charity Shop (Nottingham),57 Sample Street,Nottingham,N9 3FF,52.9690576,-1.2825619,https://www.example-charity.org,contact.310@example-charity.org,06633 322022,,,,25.3,,0,,,,Reuse,synthetic_sample_data
311,Charity,Hope Outreach (Birmingham),18 Sample Street,Birmingham,U9 2JV,52.5374934,-1.8702122,https://www.example-charity.org,contact.311@example-charity.org,09992 583671,,,,,,0,,,,Reuse,synthetic_sample_data
312,Charity,Lighthouse Community Trust (Coventry),116 Sample Street,Coventry,J2 4KP,52.4309787,-1.384238,https://www.example-charity.org,contact.312@example-charity.org,04842 204904,,,,,,1,,,,Reuse,synthetic_sample_data
313,Charity,Lighthouse Outreach (Coventry),57 Sample Street,Coventry,F1 6HZ,52.432051,-1.5000344,https://www.example-charity.org,contact.313@example-charity.org,06182 549112,,,,64.1,,1,,,,Reuse,synthetic_sample_data
314,Charity,Forward Support Network (Sheffield),45 Sample Street,Sheffield,Y5 8RD,53.2713917,-1.4002082,https://www.example-charity.org,contact.314@example-charity.org,08296 476167,,,,8.2,,1,,,,Reuse,synthetic_sample_data
315,Charity,Second Chance Charity Shop (Birmingham),55 Sample Street,Birmingham,Q1 7YS,52.6035891,-1.9814704,https://www.example-charity.org,contact.315@example-charity.org,02235 119535,,,,55.2,,1,,,,Reuse,synthetic_sample_data
316,Charity,Bridge Outreach (Reading),94 Sample Street,Reading,O9 9CM,51.5368592,-1.0183544,https://www.example-charity.org,contact.316@example-charity.org,05767 240384,,,,,,0,,,,Reuse,synthetic_sample_data
317,Charity,New Leaf Support Network (Southampton),57 Sample Street,Southampton,S3 8LB,50.9649485,-1.3272382,https://www.example-charity.org,contact.317@example-charity.org,03608 287847,,,,23.2,,1,,,,Reuse,synthetic_sample_data
318,Charity,Together Outreach (Sheffield),83 Sample Street,Sheffield,P8 1BU,53.3013056,-1.4195243,https://www.example-charity.org,contact.318@example-charity.org,06918 506945,,,,,,1,,,,Reuse,synthetic_sample_data
319,Charity,New Leaf Support Network (Coventry),58 Sample Street,Coventry,S2 9IM,52.3357948,-1.506395,https://www.example-charity.org,contact.319@example-charity.org,07201 483041,,,,,,1,,,,Reuse,synthetic_sample_data
320,Charity,Steppingstone Furniture Project (Sheffield),165 Sample Street,Sheffield,O3 4CQ,53.3771585,-1.475467,https://www.example-charity.org,contact.320@example-charity.org,09222 245718,,,,,,0,,,,Reuse,synthetic_sample_data
321,Charity,Second Chance Charity Shop (Birmingham),123 Sample Street,Birmingham,Z6 2PV,52.3834072,-1.8597939,https://www.example-charity.org,contact.321@example-charity.org,04773 534753,,,,,,0,,,,Reuse,synthetic_sample_data
322,Charity,Hope Community Trust (Reading),15 Sample Street,Reading,U9 1SE,51.5543095,-1.1213662,https://www.example-charity.org,contact.322@example-charity.org,03639 241268,,,,,,0,,,,Reuse,synthetic_sample_data
323,Charity,Steppingstone Charity Shop (Nottingham),156 Sample Street,Nottingham,X5 2GO,53.0922715,-1.1282927,https://www.example-charity.org,contact.323@example-charity.org,01305 854500,,,,86.7,,0,,,,Reuse,synthetic_sample_data
324,Charity,Steppingstone Outreach (Leeds),176 Sample Street,Leeds,V9 5FX,53.8999091,-1.5188484,https://www.example-charity.org,contact.324@example-charity.org,03979 753484,,,,,,1,,,,Reuse,synthetic_sample_data
325,Charity,Haven Community Trust (Southampton),39 Sample Street,Southampton,G9 9VN,50.9368788,-1.4854559,https://www.example-charity.org,contact.325@example-charity.org,02778 117367,,,,17.7,,0,,,,Reuse,synthetic_sample_data
326,Charity,Forward Charity Shop (Nottingham),95 Sample Street,Nottingham,R1 7QN,52.9557988,-1.2728451,https://www.example-charity.org,contact.326@example-charity.org,03135 732789,,,,69.8,,1,,,,Reuse,synthetic_sample_data
327,Charity,Haven Reuse Store (Leeds),22 Sample Street,Leeds,E5 8YH,53.9323265,-1.554463,https://www.example-charity.org,contact.327@example-charity.org,02600 546157,,,,,,1,,,,Reuse,synthetic_sample_data
328,Charity,Hope Foundation (Bristol),177 Sample Street,Bristol,Q1 7UG,51.3612063,-2.5251553,https://www.example-charity.org,contact.328@example-charity.org,09561 223552,,,,40.9,,0,,,,Reuse,synthetic_sample_data
329,Charity,Compass Outreach (Birmingham),194 Sample Street,Birmingham,S6 5VM,52.4640215,-1.8647889,https://www.example-charity.org,contact.329@example-charity.org,09783 544136,,,,,,1,,,,Reuse,synthetic_sample_data
330,Charity,Compass Reuse Store (Birmingham),192 Sample Street,Birmingham,W7 3VD,52.4472639,-1.8739266,https://www.example-charity.org,contact.330@example-charity.org,06641 911801,,,,,,0,,,,Reuse,synthetic_sample_data
331,Charity,Lighthouse Outreach (Manchester),154 Sample Street,Manchester,M1 2EP,53.3951374,-2.2724317,https://www.example-charity.org,contact.331@example-charity.org,01852 268546,,,,,,0,,,,Reuse,synthetic_sample_data
332,Charity,Hope Charity Shop (Bristol),15 Sample Street,Bristol,T9 5WT,51.3710311,-2.7138881,https://www.example-charity.org,contact.332@example-charity.org,07296 520106,,,,82.0,,1,,,,Reuse,synthetic_sample_data
333,Charity,Together Reuse Store (Newcastle),158 Sample Street,Newcastle,Z9 9WH,54.8315131,-1.5126297,https://www.example-charity.org,contact.333@example-charity.org,04190 135241,,,,,,0,,,,Reuse,synthetic_sample_data
334,Charity,New Leaf Furniture Project (Sheffield),52 Sample Street,Sheffield,M6 7MS,53.302877,-1.6200138,https://www.example-charity.org,contact.334@example-charity.org,05520 917546,,,,,,0,,,,Reuse,synthetic_sample_data
335,Charity,Together Foundation (Manchester),148 Sample Street,Manchester,I4 4OM,53.4956778,-2.1747584,https://www.example-charity.org,contact.335@example-charity.org,06703 464354,,,,,,0,,,,Reuse,synthetic_sample_data
336,Charity,Together Reuse Store (Liverpool),148 Sample Street,Liverpool,Z9 5RZ,53.4102714,-2.9740108,https://www.example-charity.org,contact.336@example-charity.org,06570 222692,,,,,,1,,,,Reuse,synthetic_sample_data
337,Charity,Lighthouse Outreach (Liverpool),18 Sample Street,Liverpool,O1 8DI,53.4273506,-2.9106098,https://www.example-charity.org,contact.337@example-charity.org,08517 814703,,,,,,0,,,,Reuse,synthetic_sample_data
338,Charity,Haven Reuse Store (Reading),103 Sample Street,Reading,A5 4JC,51.5146528,-0.8880516,https://www.example-charity.org,contact.338@example-charity.org,09462 661671,,,,82.1,,0,,,,Reuse,synthetic_sample_data
339,Charity,Lighthouse Community Trust (Nottingham),61 Sample Street,Nottingham,X4 8XG,53.0842189,-1.1651334,https://www.example-charity.org,contact.339@example-charity.org,05408 291663,,,,87.3,,0,,,,Reuse,synthetic_sample_data
340,Charity,Steppingstone Reuse Store (Leeds),127 Sample Street,Leeds,D2 2VV,53.71163,-1.6241914,https://www.example-charity.org,contact.340@example-charity.org,03555 916776,,,,76.4,,0,,,,Reuse,synthetic_sample_data
341,Charity,Steppingstone Outreach (Newcastle),193 Sample Street,Newcastle,F9 5MH,54.939659,-1.6731749,https://www.example-charity.org,contact.341@example-charity.org,05501 614646,,,,,,0,,,,Reuse,synthetic_sample_data
342,Charity,Together Furniture Project (Nottingham),133 Sample Street,Nottingham,M3 8DW,53.044581,-1.164604,https://www.example-charity.org,contact.342@example-charity.org,09232 464158,,,,,,0,,,,Reuse,synthetic_sample_data
343,Charity,Second Chance Reuse Store (London),69 Sample Street,London,I3 9IH,51.5596309,-0.1639716,https://www.example-charity.org,contact.343@example-charity.org,06924 742544,,,,,,1,,,,Reuse,synthetic_sample_data
344,Charity,Haven Charity Shop (Sheffield),34 Sample Street,Sheffield,M5 8FS,53.2862741,-1.4929171,https://www.example-charity.org,contact.344@example-charity.org,07099 482812,,,,68.6,,0,,,,Reuse,synthetic_sample_data
345,Charity,Haven Outreach (Coventry),46 Sample Street,Coventry,E3 8ZA,52.3377847,-1.5989584,https://www.example-charity.org,contact.345@example-charity.org,07240 305587,,,,,,0,,,,Reuse,synthetic_sample_data
346,Charity,Forward Reuse Store (Reading),42 Sample Street,Reading,S1 7DW,51.4594021,-0.9119319,https://www.example-charity.org,contact.346@example-charity.org,05111 689444,,,,,,1,,,,Reuse,synthetic_sample_data
347,Charity,Lighthouse Reuse Store (Newcastle),106 Sample Street,Newcastle,R9 5LA,55.0799915,-1.7389094,https://www.example-charity.org,contact.347@example-charity.org,06914 477808,,,,,,0,,,,Reuse,synthetic_sample_data
348,Charity,New Leaf Outreach (Southampton),115 Sample Street,Southampton,K9 8YX,50.9324683,-1.3596607,https://www.example-charity.org,contact.348@example-charity.org,05663 472358,,,,38.1,,1,,,,Reuse,synthetic_sample_data
349,Charity,New Leaf Charity Shop (Newcastle),88 Sample Street,Newcastle,U7 2CF,55.0178137,-1.7243455,https://www.example-charity.org,contact.349@example-charity.org,06527 542306,,,,,,1,,,,Reuse,synthetic_sample_data
350,Charity,Haven Reuse Store (Reading),48 Sample Street,Reading,L9 8NF,51.3917069,-1.0478583,https://www.example-charity.org,contact.350@example-charity.org,08289 918910,,,,12.5,,0,,,,Reuse,synthetic_sample_data
351,Charity,Second Chance Community Trust (Reading),14 Sample Street,Reading,D2 2PR,51.3797941,-0.9049374,https://www.example-charity.org,contact.351@example-charity.org,03734 516332,,,,,,1,,,,Reuse,synthetic_sample_data
352,Charity,Compass Foundation (Nottingham),189 Sample Street,Nottingham,U7 5HH,53.0342989,-1.2831246,https://www.example-charity.org,contact.352@example-charity.org,03544 188406,,,,,,0,,,,Reuse,synthetic_sample_data
353,Charity,Hope Charity Shop (Birmingham),114 Sample Street,Birmingham,P8 9IR,52.4942227,-1.9892176,https://www.example-charity.org,contact.353@example-charity.org,06846 440998,,,,,,0,,,,Reuse,synthetic_sample_data
354,Charity,Steppingstone Support Network (Southampton),139 Sample Street,Southampton,U9 5LP,50.9389753,-1.3650857,https://www.example-charity.org,contact.354@example-charity.org,09576 770864,,,,,,0,,,,Reuse,synthetic_sample_data
355,Charity,New Leaf Reuse Store (Newcastle),137 Sample Street,Newcastle,Q3 6JP,54.9206605,-1.6441389,https://www.example-charity.org,contact.355@example-charity.org,01172 100096,,,,,,1,,,,Reuse,synthetic_sample_data
356,Charity,Compass Foundation (Newcastle),144 Sample Street,Newcastle,A9 6GN,54.9181832,-1.5380392,https://www.example-charity.org,contact.356@example-charity.org,04788 935471,,,,,,0,,,,Reuse,synthetic_sample_data
357,Charity,Haven Community Trust (Birmingham),157 Sample Street,Birmingham,N4 9YZ,52.5506814,-1.8466028,https://www.example-charity.org,contact.357@example-charity.org,05308 183057,,,,68.5,,1,,,,Reuse,synthetic_sample_data
358,Charity,Haven Community Trust (Reading),159 Sample Street,Reading,E5 2UO,51.5271781,-0.8854574,https://www.example-charity.org,contact.358@example-charity.org,02121 291267,,,,,,1,,,,Reuse,synthetic_sample_data
359,Charity,Together Furniture Project (Leeds),187 Sample Street,Leeds,J5 3WO,53.7469931,-1.6534552,https://www.example-charity.org,contact.359@example-charity.org,04046 207241,,,,,,0,,,,Reuse,synthetic_sample_data
360,Charity,Haven Reuse Store (Birmingham),38 Sample Street,Birmingham,O1 6CY,52.3406175,-1.9752436,https://www.example-charity.org,contact.360@example-charity.org,09165 489438,,,,,,1,,,,Reuse,synthetic_sample_data
361,Charity,Compass Outreach (Manchester),114 Sample Street,Manchester,A2 4MY,53.4937576,-2.3381189,https://www.example-charity.org,contact.361@example-charity.org,07251 968485,,,,,,0,,,,Reuse,synthetic_sample_data
362,Charity,Together Charity Shop (Leeds),187 Sample Street,Leeds,M5 6FU,53.7890504,-1.4678012,https://www.example-charity.org,contact.362@example-charity.org,04415 595793,,,,,,0,,,,Reuse,synthetic_sample_data
363,Charity,Lighthouse Furniture Project (Bristol),71 Sample Street,Bristol,H7 6AF,51.4488689,-2.6482561,https://www.example-charity.org,contact.363@example-charity.org,04568 218414,,,,,,1,,,,Reuse,synthetic_sample_data
364,Charity,Forward Charity Shop (Leeds),24 Sample Street,Leeds,Y2 4FP,53.653479,-1.686502,https://www.example-charity.org,contact.364@example-charity.org,03539 489439,,,,33.8,,0,,,,Reuse,synthetic_sample_data
365,Charity,Together Outreach (London),166 Sample Street,London,P4 6RZ,51.4640553,-0.2316245,https://www.example-charity.org,contact.365@example-charity.org,02759 231939,,,,80.6,,1,,,,Reuse,synthetic_sample_data
366,Charity,Lighthouse Charity Shop (Coventry),139 Sample Street,Coventry,B8 8RJ,52.3146896,-1.462925,https://www.example-charity.org,contact.366@example-charity.org,03207 362874,,,,19.0,,0,,,,Reuse,synthetic_sample_data
367,Charity,Compass Outreach (Nottingham),139 Sample Street,Nottingham,Q3 8JI,52.9090994,-1.0883793,https://www.example-charity.org,contact.367@example-charity.org,03627 172222,,,,,,0,,,,Reuse,synthetic_sample_data
368,Charity,Hope Foundation (Reading),169 Sample Street,Reading,T4 6XC,51.4560873,-0.9080027,https://www.example-charity.org,contact.368@example-charity.org,06965 913712,,,,81.9,,0,,,,Reuse,synthetic_sample_data
369,Charity,New Leaf Foundation (Nottingham),169 Sample Street,Nottingham,N6 2DQ,53.0097673,-1.0783798,https://www.example-charity.org,contact.369@example-charity.org,05638 438270,,,,,,0,,,,Reuse,synthetic_sample_data
370,Charity,Forward Community Trust (Birmingham),180 Sample Street,Birmingham,S7 8QT,52.5982478,-1.9797763,https://www.example-charity.org,contact.370@example-charity.org,02617 133362,,,,,,0,,,,Reuse,synthetic_sample_data
371,Charity,Hope Community Trust (Sheffield),191 Sample Street,Sheffield,C8 1LR,53.2973168,-1.4047464,https://www.example-charity.org,contact.371@example-charity.org,09051 972496,,,,41.6,,1,,,,Reuse,synthetic_sample_data
372,Charity,Together Furniture Project (Coventry),26 Sample Street,Coventry,J2 4QD,52.27429,-1.48462,https://www.example-charity.org,contact.372@example-charity.org,02153 974991,,,,53.2,,0,,,,Reuse,synthetic_sample_data
373,Charity,New Leaf Foundation (Leeds),110 Sample Street,Leeds,D6 8WV,53.8086576,-1.6244711,https://www.example-charity.org,contact.373@example-charity.org,07802 882351,,,,16.7,,0,,,,Reuse,synthetic_sample_data
374,Charity,New Leaf Foundation (Nottingham),196 Sample Street,Nottingham,K9 6LN,52.9252672,-1.2068461,https://www.example-charity.org,contact.374@example-charity.org,08258 469438,,,,82.6,,1,,,,Reuse,synthetic_sample_data
375,Charity,Haven Outreach (Southampton),9 Sample Street,Southampton,O8 7AX,50.8319168,-1.3907121,https://www.example-charity.org,contact.375@example-charity.org,05162 477496,,,,59.6,,0,,,,Reuse,synthetic_sample_data
376,Charity,Bridge Outreach (Bristol),147 Sample Street,Bristol,Y5 9QR,51.3064706,-2.4425817,https://www.example-charity.org,contact.376@example-charity.org,06159 122755,,,,15.5,,0,,,,Reuse,synthetic_sample_data
377,Charity,Lighthouse Foundation (Newcastle),146 Sample Street,Newcastle,I5 2SM,54.9349967,-1.7262775,https://www.example-charity.org,contact.377@example-charity.org,05093 344312,,,,73.4,,1,,,,Reuse,synthetic_sample_data
378,Charity,Steppingstone Outreach (Newcastle),148 Sample Street,Newcastle,U5 1XZ,54.8801707,-1.5200884,https://www.example-charity.org,contact.378@example-charity.org,02562 724145,,,,,,0,,,,Reuse,synthetic_sample_data
379,Charity,Haven Outreach (Sheffield),135 Sample Street,Sheffield,H1 7BJ,53.3354791,-1.3749575,https://www.example-charity.org,contact.379@example-charity.org,02974 907812,,,,,,0,,,,Reuse,synthetic_sample_data
380,Charity,Hope Charity Shop (Sheffield),75 Sample Street,Sheffield,Y9 2HN,53.3818205,-1.5538608,https://www.example-charity.org,contact.380@example-charity.org,07436 567262,,,,14.8,,1,,,,Reuse,synthetic_sample_data
381,Charity,Together Support Network (Manchester),34 Sample Street,Manchester,M9 7YW,53.4735564,-2.1690055,https://www.example-charity.org,contact.381@example-charity.org,05301 189211,,,,48.1,,0,,,,Reuse,synthetic_sample_data
382,Charity,Together Foundation (Newcastle),83 Sample Street,Newcastle,H2 5YN,54.9468956,-1.5964008,https://www.example-charity.org,contact.382@example-charity.org,09589 358207,,,,57.6,,0,,,,Reuse,synthetic_sample_data
383,Charity,Bridge Reuse Store (Reading),158 Sample Street,Reading,U1 5FL,51.4283746,-1.0185197,https://www.example-charity.org,contact.383@example-charity.org,06644 722725,,,,80.3,,0,,,,Reuse,synthetic_sample_data
384,Charity,Bridge Charity Shop (Newcastle),63 Sample Street,Newcastle,Y2 2XB,54.8417633,-1.5223484,https://www.example-charity.org,contact.384@example-charity.org,07124 263568,,,,92.7,,1,,,,Reuse,synthetic_sample_data
385,Charity,Compass Support Network (London),140 Sample Street,London,K4 9GG,51.4603814,-0.0365158,https://www.example-charity.org,contact.385@example-charity.org,08719 123853,,,,,,1,,,,Reuse,synthetic_sample_data
386,Charity,New Leaf Charity Shop (Nottingham),16 Sample Street,Nottingham,S9 1IF,52.9497079,-1.0891229,https://www.example-charity.org,contact.386@example-charity.org,01301 494900,,,,,,1,,,,Reuse,synthetic_sample_data
387,Charity,Second Chance Support Network (London),167 Sample Street,London,V6 2AJ,51.4968882,0.0057529,https://www.example-charity.org,contact.387@example-charity.org,05445 795186,,,,,,1,,,,Reuse,synthetic_sample_data
388,Charity,Lighthouse Support Network (Nottingham),183 Sample Street,Nottingham,F4 9OR,53.0977836,-1.2782189,https://www.example-charity.org,contact.388@example-charity.org,09709 192296,,,,,,0,,,,Reuse,synthetic_sample_data
389,Charity,New Leaf Furniture Project (Nottingham),71 Sample Street,Nottingham,L6 5HQ,52.8962783,-1.1611201,https://www.example-charity.org,contact.389@example-charity.org,06681 817552,,,,62.6,,1,,,,Reuse,synthetic_sample_data
390,Charity,Bridge Community Trust (London),134 Sample Street,London,V3 2XM,51.640641,0.0069349,https://www.example-charity.org,contact.390@example-charity.org,06599 511929,,,,61.2,,0,,,,Reuse,synthetic_sample_data
391,Charity,Compass Foundation (Liverpool),149 Sample Street,Liverpool,R3 4UE,53.3305082,-3.0957753,https://www.example-charity.org,contact.391@example-charity.org,06395 570988,,,,,,0,,,,Reuse,synthetic_sample_data
392,Charity,Together Community Trust (Birmingham),137 Sample Street,Birmingham,E3 6CR,52.4288995,-1.8288591,https://www.example-charity.org,contact.392@example-charity.org,08046 907455,,,,11.8,,1,,,,Reuse,synthetic_sample_data
393,Charity,Haven Support Network (Birmingham),28 Sample Street,Birmingham,X5 3YG,52.5543239,-1.8107695,https://www.example-charity.org,contact.393@example-charity.org,05970 564523,,,,,,0,,,,Reuse,synthetic_sample_data
394,Charity,Steppingstone Community Trust (Southampton),200 Sample Street,Southampton,V1 6CW,50.944784,-1.3727186,https://www.example-charity.org,contact.394@example-charity.org,04804 342129,,,,,,1,,,,Reuse,synthetic_sample_data
395,Charity,Haven Support Network (Coventry),196 Sample Street,Coventry,F4 4BN,52.4516706,-1.6145071,https://www.example-charity.org,contact.395@example-charity.org,08763 244192,,,,92.5,,1,,,,Reuse,synthetic_sample_data
396,Charity,Bridge Furniture Project (Leeds),110 Sample Street,Leeds,T8 6OH,53.87351,-1.402627,https://www.example-charity.org,contact.396@example-charity.org,03901 560623,,,,,,0,,,,Reuse,synthetic_sample_data
397,Charity,Lighthouse Support Network (Southampton),117 Sample Street,Southampton,U1 9DO,50.9802995,-1.4402877,https://www.example-charity.org,contact.397@example-charity.org,09784 650744,,,,4.2,,0,,,,Reuse,synthetic_sample_data
398,Charity,Hope Foundation (Nottingham),102 Sample Street,Nottingham,Y1 4JO,52.9661607,-1.0129508,https://www.example-charity.org,contact.398@example-charity.org,07347 641198,,,,77.4,,1,,,,Reuse,synthetic_sample_data
399,Charity,Hope Charity Shop (Newcastle),29 Sample Street,Newcastle,O8 2XQ,54.878246,-1.6794741,https://www.example-charity.org,contact.399@example-charity.org,09470 249149,,,,,,0,,,,Reuse,synthetic_sample_data
400,Charity,New Leaf Support Network (Liverpool),183 Sample Street,Liverpool,C5 6WU,53.3824678,-3.0063342,https://www.example-charity.org,contact.400@example-charity.org,04308 576769,,,,71.8,,0,,,,Reuse,synthetic_sample_data
401,Charity,Lighthouse Furniture Project (Manchester),98 Sample Street,Manchester,M9 3MR,53.3650495,-2.2577805,https://www.example-charity.org,contact.401@example-charity.org,09582 841635,,,,,,0,,,,Reuse,synthetic_sample_data
402,Charity,New Leaf Community Trust (Sheffield),187 Sample Street,Sheffield,Y1 7JJ,53.4007475,-1.4222409,https://www.example-charity.org,contact.402@example-charity.org,03369 287555,,,,44.6,,0,,,,Reuse,synthetic_sample_data
403,Charity,Hope Foundation (Manchester),2 Sample Street,Manchester,O8 8RZ,53.6003626,-2.1044698,https://www.example-charity.org,contact.403@example-charity.org,05146 112800,,,,49.3,,0,,,,Reuse,synthetic_sample_data
404,Charity,Forward Furniture Project (Southampton),48 Sample Street,Southampton,R5 9GB,50.9575412,-1.4182785,https://www.example-charity.org,contact.404@example-charity.org,01107 356600,,,,,,1,,,,Reuse,synthetic_sample_data
405,Charity,Steppingstone Outreach (London),42 Sample Street,London,C1 2NF,51.4010123,-0.2680704,https://www.example-charity.org,contact.405@example-charity.org,05889 447195,,,,61.1,,0,,,,Reuse,synthetic_sample_data
406,Charity,Hope Furniture Project (Newcastle),141 Sample Street,Newcastle,L7 2YN,55.0531004,-1.6597434,https://www.example-charity.org,contact.406@example-charity.org,05903 438503,,,,,,1,,,,Reuse,synthetic_sample_data
407,Charity,Lighthouse Foundation (Birmingham),187 Sample Street,Birmingham,G4 1DS,52.372807,-1.7825776,https://www.example-charity.org,contact.407@example-charity.org,07779 650131,,,,52.9,,0,,,,Reuse,synthetic_sample_data
408,Charity,Compass Support Network (Newcastle),128 Sample Street,Newcastle,Q6 3TS,55.0455222,-1.5863666,https://www.example-charity.org,contact.408@example-charity.org,06185 372273,,,,,,1,,,,Reuse,synthetic_sample_data
409,Charity,Bridge Charity Shop (Newcastle),31 Sample Street,Newcastle,A2 1OU,55.0706941,-1.5027009,https://www.example-charity.org,contact.409@example-charity.org,05759 302957,,,,20.7,,1,,,,Reuse,synthetic_sample_data
410,Charity,Bridge Furniture Project (Liverpool),130 Sample Street,Liverpool,J5 2JJ,53.2720477,-3.036705,https://www.example-charity.org,contact.410@example-charity.org,04296 823535,,,,,,0,,,,Reuse,synthetic_sample_data
411,Charity,Steppingstone Foundation (Manchester),123 Sample Street,Manchester,F4 6KV,53.5365507,-2.2901915,https://www.example-charity.org,contact.411@example-charity.org,01477 972460,,,,79.7,,0,,,,Reuse,synthetic_sample_data
412,Charity,Together Reuse Store (Newcastle),186 Sample Street,Newcastle,N1 9JS,54.8749159,-1.6296146,https://www.example-charity.org,contact.412@example-charity.org,08577 922072,,,,55.5,,0,,,,Reuse,synthetic_sample_data
413,Charity,Lighthouse Furniture Project (Leeds),43 Sample Street,Leeds,A6 7UR,53.8240193,-1.5995842,https://www.example-charity.org,contact.413@example-charity.org,03446 394083,,,,,,1,,,,Reuse,synthetic_sample_data
414,Charity,Compass Charity Shop (Birmingham),61 Sample Street,Birmingham,B5 7CP,52.5147576,-1.7810219,https://www.example-charity.org,contact.414@example-charity.org,06152 844321,,,,,,1,,,,Reuse,synthetic_sample_data
415,Charity,Lighthouse Outreach (Leeds),124 Sample Street,Leeds,G2 8QA,53.8083301,-1.6465962,https://www.example-charity.org,contact.415@example-charity.org,01612 915572,,,,15.4,,1,,,,Reuse,synthetic_sample_data
416,Charity,Lighthouse Community Trust (Newcastle),118 Sample Street,Newcastle,Q3 4XB,55.0480323,-1.6107116,https://www.example-charity.org,contact.416@example-charity.org,02609 962074,,,,,,0,,,,Reuse,synthetic_sample_data
417,Charity,Steppingstone Outreach (London),169 Sample Street,London,O1 2QY,51.4506944,-0.264591,https://www.example-charity.org,contact.417@example-charity.org,02426 449479,,,,2.2,,1,,,,Reuse,synthetic_sample_data
418,Charity,Bridge Reuse Store (Reading),41 Sample Street,Reading,K8 2IE,51.5719407,-1.0318359,https://www.example-charity.org,contact.418@example-charity.org,05532 658131,,,,,,0,,,,Reuse,synthetic_sample_data
419,Charity,Together Reuse Store (Southampton),80 Sample Street,Southampton,E5 4FC,50.9275877,-1.5236874,https://www.example-charity.org,contact.419@example-charity.org,06218 384218,,,,33.9,,1,,,,Reuse,synthetic_sample_data
420,Charity,Hope Furniture Project (London),153 Sample Street,London,C7 7FW,51.3964222,-0.1365793,https://www.example-charity.org,contact.420@example-charity.org,07284 156413,,,,62.9,,1,,,,Reuse,synthetic_sample_data
421,Charity,Bridge Charity Shop (Southampton),179 Sample Street,Southampton,Y8 3CZ,50.8663873,-1.4547004,https://www.example-charity.org,contact.421@example-charity.org,09740 182361,,,,,,1,,,,Reuse,synthetic_sample_data
422,Charity,Forward Support Network (Bristol),180 Sample Street,Bristol,E5 6MF,51.5098434,-2.5248352,https://www.example-charity.org,contact.422@example-charity.org,04796 334665,,,,33.0,,1,,,,Reuse,synthetic_sample_data
423,Charity,Second Chance Reuse Store (Newcastle),33 Sample Street,Newcastle,F5 6TS,54.974552,-1.7481904,https://www.example-charity.org,contact.423@example-charity.org,08842 583646,,,,,,1,,,,Reuse,synthetic_sample_data
424,Charity,Second Chance Outreach (Coventry),63 Sample Street,Coventry,O7 7HT,52.4958273,-1.5719391,https://www.example-charity.org,contact.424@example-charity.org,05949 658624,,,,,,1,,,,Reuse,synthetic_sample_data
425,Charity,Steppingstone Support Network (Liverpool),45 Sample Street,Liverpool,Z6 9WH,53.278218,-3.0791286,https://www.example-charity.org,contact.425@example-charity.org,08132 694764,,,,7.8,,1,,,,Reuse,synthetic_sample_data
426,Charity,Together Furniture Project (Manchester),176 Sample Street,Manchester,J7 2TD,53.5084489,-2.2537275,https://www.example-charity.org,contact.426@example-charity.org,08294 284731,,,,77.1,,1,,,,Reuse,synthetic_sample_data
427,Charity,Second Chance Community Trust (Sheffield),116 Sample Street,Sheffield,Y1 3VE,53.3793885,-1.4220506,https://www.example-charity.org,contact.427@example-charity.org,03276 708979,,,,,,1,,,,Reuse,synthetic_sample_data
428,Charity,Lighthouse Reuse Store (Southampton),157 Sample Street,Southampton,W6 2SA,50.9330794,-1.4957,https://www.example-charity.org,contact.428@example-charity.org,05989 555844,,,,40.4,,0,,,,Reuse,synthetic_sample_data
429,Charity,Hope Furniture Project (Bristol),152 Sample Street,Bristol,J1 4NW,51.3232232,-2.4675773,https://www.example-charity.org,contact.429@example-charity.org,06885 215027,,,,,,1,,,,Reuse,synthetic_sample_data
430,Charity,Together Community Trust (Coventry),107 Sample Street,Coventry,E4 9ML,52.3716369,-1.5552305,https://www.example-charity.org,contact.430@example-charity.org,03841 597938,,,,,,0,,,,Reuse,synthetic_sample_data
431,Charity,New Leaf Charity Shop (Birmingham),107 Sample Street,Birmingham,N3 2EU,52.3396808,-1.8458832,https://www.example-charity.org,contact.431@example-charity.org,08974 789886,,,,89.4,,1,,,,Reuse,synthetic_sample_data
432,Charity,Together Outreach (Southampton),2 Sample Street,Southampton,L4 3NT,50.8136392,-1.4015755,https://www.example-charity.org,contact.432@example-charity.org,08373 503402,,,,,,0,,,,Reuse,synthetic_sample_data
433,Charity,Together Foundation (Coventry),124 Sample Street,Coventry,B8 6DS,52.4073186,-1.5464487,https://www.example-charity.org,contact.433@example-charity.org,07012 135087,,,,8.0,,1,,,,Reuse,synthetic_sample_data
434,Charity,Steppingstone Furniture Project (Newcastle),80 Sample Street,Newcastle,U2 9ZS,54.9833849,-1.610793,https://www.example-charity.org,contact.434@example-charity.org,05017 595401,,,,90.4,,0,,,,Reuse,synthetic_sample_data
435,Charity,Steppingstone Charity Shop (Newcastle),178 Sample Street,Newcastle,L5 5FB,54.9645104,-1.4959835,https://www.example-charity.org,contact.435@example-charity.org,06431 541467,,,,74.9,,1,,,,Reuse,synthetic_sample_data
436,Charity,Steppingstone Furniture Project (London),33 Sample Street,London,X1 5PC,51.54619,-0.1043577,https://www.example-charity.org,contact.436@example-charity.org,05780 948188,,,,,,1,,,,Reuse,synthetic_sample_data
437,Charity,Compass Furniture Project (Bristol),45 Sample Street,Bristol,F3 8LZ,51.3442616,-2.6536084,https://www.example-charity.org,contact.437@example-charity.org,02827 733152,,,,,,0,,,,Reuse,synthetic_sample_data
438,Charity,Hope Reuse Store (Newcastle),198 Sample Street,Newcastle,T3 8YN,54.8825428,-1.6095833,https://www.example-charity.org,contact.438@example-charity.org,02382 252117,,,,,,1,,,,Reuse,synthetic_sample_data
439,Charity,Lighthouse Furniture Project (Coventry),122 Sample Street,Coventry,D1 3OM,52.4480724,-1.606443,https://www.example-charity.org,contact.439@example-charity.org,05331 892182,,,,,,0,,,,Reuse,synthetic_sample_data
440,Charity,Compass Community Trust (Liverpool),81 Sample Street,Liverpool,A5 8MV,53.463453,-3.0245789,https://www.example-charity.org,contact.440@example-charity.org,09690 555851,,,,68.3,,0,,,,Reuse,synthetic_sample_data
441,Charity,Haven Foundation (Manchester),150 Sample Street,Manchester,I5 2IU,53.6061136,-2.2013728,https://www.example-charity.org,contact.441@example-charity.org,05466 451238,,,,,,0,,,,Reuse,synthetic_sample_data
442,Charity,Together Reuse Store (Coventry),106 Sample Street,Coventry,R1 1CA,52.458367,-1.4385508,https://www.example-charity.org,contact.442@example-charity.org,03947 428487,,,,,,0,,,,Reuse,synthetic_sample_data
443,Charity,Compass Reuse Store (Reading),56 Sample Street,Reading,A2 1TV,51.4380827,-1.0622751,https://www.example-charity.org,contact.443@example-charity.org,04163 135695,,,,63.8,,0,,,,Reuse,synthetic_sample_data
444,Charity,Steppingstone Outreach (Manchester),170 Sample Street,Manchester,W3 5JO,53.5877322,-2.3536278,https://www.example-charity.org,contact.444@example-charity.org,04027 216229,,,,63.9,,1,,,,Reuse,synthetic_sample_data
445,Charity,Lighthouse Reuse Store (Liverpool),86 Sample Street,Liverpool,C5 1MM,53.4660664,-2.9413262,https://www.example-charity.org,contact.445@example-charity.org,03653 918656,,,,25.8,,1,,,,Reuse,synthetic_sample_data
446,Charity,Bridge Foundation (Birmingham),197 Sample Street,Birmingham,U8 2ER,52.4683724,-1.8928835,https://www.example-charity.org,contact.446@example-charity.org,07432 287110,,,,,,0,,,,Reuse,synthetic_sample_data
447,Charity,Second Chance Furniture Project (Newcastle),164 Sample Street,Newcastle,O1 8EU,55.0429201,-1.7368139,https://www.example-charity.org,contact.447@example-charity.org,05105 914992,,,,,,0,,,,Reuse,synthetic_sample_data
448,Charity,Lighthouse Support Network (Reading),187 Sample Street,Reading,W8 8NM,51.4214451,-1.0826178,https://www.example-charity.org,contact.448@example-charity.org,01060 640418,,,,78.5,,0,,,,Reuse,synthetic_sample_data
449,Charity,Forward Furniture Project (London),166 Sample Street,London,K5 7BU,51.4727272,-0.0710216,https://www.example-charity.org,contact.449@example-charity.org,09770 476353,,,,,,1,,,,Reuse,synthetic_sample_data
450,Charity,Compass Charity Shop (Manchester),77 Sample Street,Manchester,R1 7VG,53.5831545,-2.1644641,https://www.example-charity.org,contact.450@example-charity.org,04327 285197,,,,89.6,,1,,,,Reuse,synthetic_sample_data
451,Charity,Bridge Community Trust (Newcastle),139 Sample Street,Newcastle,A4 8MC,54.8537587,-1.5779626,https://www.example-charity.org,contact.451@example-charity.org,01584 302472,,,,50.0,,1,,,,Reuse,synthetic_sample_data
452,Charity,Hope Support Network (London),39 Sample Street,London,Z9 8VR,51.3685128,-0.2609837,https://www.example-charity.org,contact.452@example-charity.org,02936 321960,,,,23.3,,0,,,,Reuse,synthetic_sample_data
453,Charity,Hope Support Network (London),13 Sample Street,London,W3 1FU,51.5780379,-0.1311316,https://www.example-charity.org,contact.453@example-charity.org,01750 354471,,,,82.1,,0,,,,Reuse,synthetic_sample_data
454,Charity,Second Chance Outreach (Newcastle),110 Sample Street,Newcastle,P4 2ZG,55.0116678,-1.5171944,https://www.example-charity.org,contact.454@example-charity.org,02742 219726,,,,,,1,,,,Reuse,synthetic_sample_data
455,Charity,Together Community Trust (Sheffield),86 Sample Street,Sheffield,Z4 1SF,53.2673407,-1.4148735,https://www.example-charity.org,contact.455@example-charity.org,06268 977057,,,,,,1,,,,Reuse,synthetic_sample_data
456,Charity,Lighthouse Foundation (Birmingham),162 Sample Street,Birmingham,H1 3DZ,52.563465,-1.9899847,https://www.example-charity.org,contact.456@example-charity.org,03703 559969,,,,77.8,,0,,,,Reuse,synthetic_sample_data
457,Charity,Second Chance Charity Shop (Newcastle),164 Sample Street,Newcastle,W8 3GE,54.8525168,-1.7656328,https://www.example-charity.org,contact.457@example-charity.org,05648 536440,,,,,,1,,,,Reuse,synthetic_sample_data
458,Charity,Hope Foundation (Liverpool),2 Sample Street,Liverpool,P2 5LN,53.3301761,-3.0892353,https://www.example-charity.org,contact.458@example-charity.org,03949 852037,,,,,,0,,,,Reuse,synthetic_sample_data
459,Charity,Steppingstone Reuse Store (Manchester),50 Sample Street,Manchester,H8 4IB,53.6267811,-2.0995626,https://www.example-charity.org,contact.459@example-charity.org,09842 632195,,,,,,0,,,,Reuse,synthetic_sample_data
460,Charity,Forward Community Trust (Reading),112 Sample Street,Reading,B1 6JG,51.5574345,-0.8546547,https://www.example-charity.org,contact.460@example-charity.org,03617 802695,,,,,,1,,,,Reuse,synthetic_sample_data
461,Charity,Together Community Trust (London),61 Sample Street,London,A8 9DC,51.3887263,-0.262063,https://www.example-charity.org,contact.461@example-charity.org,03589 923648,,,,59.3,,1,,,,Reuse,synthetic_sample_data
462,Charity,Lighthouse Community Trust (Liverpool),52 Sample Street,Liverpool,H2 4XN,53.3180254,-2.9385442,https://www.example-charity.org,contact.462@example-charity.org,02804 441974,,,,,,0,,,,Reuse,synthetic_sample_data
463,Charity,Haven Community Trust (Manchester),118 Sample Street,Manchester,O3 7LE,53.4720971,-2.2472777,https://www.example-charity.org,contact.463@example-charity.org,04541 739037,,,,63.2,,1,,,,Reuse,synthetic_sample_data
464,Charity,Steppingstone Furniture Project (Leeds),195 Sample Street,Leeds,D8 8NF,53.7515674,-1.6894716,https://www.example-charity.org,contact.464@example-charity.org,05597 243132,,,,,,1,,,,Reuse,synthetic_sample_data
465,Charity,Steppingstone Community Trust (Southampton),122 Sample Street,Southampton,N9 8GS,50.8067364,-1.3160304,https://www.example-charity.org,contact.465@example-charity.org,04763 190674,,,,27.9,,1,,,,Reuse,synthetic_sample_data
466,Charity,Haven Foundation (Coventry),121 Sample Street,Coventry,E1 7BB,52.5185795,-1.5953506,https://www.example-charity.org,contact.466@example-charity.org,04643 720517,,,,50.4,,1,,,,Reuse,synthetic_sample_data
467,Charity,Second Chance Support Network (Nottingham),105 Sample Street,Nottingham,C9 1WX,52.923096,-1.065185,https://www.example-charity.org,contact.467@example-charity.org,09114 352194,,,,13.3,,1,,,,Reuse,synthetic_sample_data
468,Charity,Forward Charity Shop (Leeds),198 Sample Street,Leeds,W8 1OO,53.8450921,-1.6718811,https://www.example-charity.org,contact.468@example-charity.org,05994 269662,,,,,,1,,,,Reuse,synthetic_sample_data
469,Charity,Forward Charity Shop (Birmingham),76 Sample Street,Birmingham,C7 6QB,52.5731576,-1.9292739,https://www.example-charity.org,contact.469@example-charity.org,01022 757776,,,,,,1,,,,Reuse,synthetic_sample_data
470,Charity,Bridge Outreach (Coventry),14 Sample Street,Coventry,K1 9VL,52.5406286,-1.5069695,https://www.example-charity.org,contact.470@example-charity.org,02326 750594,,,,,,1,,,,Reuse,synthetic_sample_data
471,Charity,New Leaf Charity Shop (Newcastle),139 Sample Street,Newcastle,W4 3KH,55.01404,-1.6581287,https://www.example-charity.org,contact.471@example-charity.org,02097 687997,,,,,,1,,,,Reuse,synthetic_sample_data
472,Charity,Bridge Outreach (Coventry),71 Sample Street,Coventry,L5 9VN,52.5385444,-1.4956642,https://www.example-charity.org,contact.472@example-charity.org,04693 436030,,,,,,1,,,,Reuse,synthetic_sample_data
473,Charity,Second Chance Support Network (Sheffield),173 Sample Street,Sheffield,R5 8TL,53.3668232,-1.469665,https://www.example-charity.org,contact.473@example-charity.org,09714 811257,,,,80.9,,0,,,,Reuse,synthetic_sample_data
474,Charity,Second Chance Support Network (Leeds),179 Sample Street,Leeds,C2 3ID,53.918371,-1.5617378,https://www.example-charity.org,contact.474@example-charity.org,03929 402380,,,,,,0,,,,Reuse,synthetic_sample_data
475,Charity,Compass Support Network (Leeds),166 Sample Street,Leeds,P6 7OX,53.8070063,-1.5109171,https://www.example-charity.org,contact.475@example-charity.org,09870 238440,,,,,,0,,,,Reuse,synthetic_sample_data
476,Charity,Together Charity Shop (Manchester),171 Sample Street,Manchester,S6 6PS,53.337411,-2.1520033,https://www.example-charity.org,contact.476@example-charity.org,06503 531690,,,,84.2,,1,,,,Reuse,synthetic_sample_data
477,Charity,Compass Community Trust (Newcastle),38 Sample Street,Newcastle,P6 5YB,54.9195247,-1.7282137,https://www.example-charity.org,contact.477@example-charity.org,05259 337798,,,,,,1,,,,Reuse,synthetic_sample_data
478,Charity,Together Reuse Store (Birmingham),11 Sample Street,Birmingham,W3 3HD,52.5217891,-1.992163,https://www.example-charity.org,contact.478@example-charity.org,03986 283877,,,,57.5,,1,,,,Reuse,synthetic_sample_data
479,Charity,Hope Charity Shop (Bristol),137 Sample Street,Bristol,E6 8RF,51.4154016,-2.6763534,https://www.example-charity.org,contact.479@example-charity.org,06192 460549,,,,,,0,,,,Reuse,synthetic_sample_data
480,Charity,Forward Reuse Store (Liverpool),181 Sample Street,Liverpool,X9 9KU,53.5377207,-2.9110446,https://www.example-charity.org,contact.480@example-charity.org,03556 104502,,,,,,1,,,,Reuse,synthetic_sample_data
481,Charity,Forward Reuse Store (Southampton),30 Sample Street,Southampton,P1 3VR,50.9597663,-1.3145271,https://www.example-charity.org,contact.481@example-charity.org,02840 867180,,,,,,1,,,,Reuse,synthetic_sample_data
482,Charity,Second Chance Reuse Store (Southampton),197 Sample Street,Southampton,U4 9HZ,51.0119631,-1.4206082,https://www.example-charity.org,contact.482@example-charity.org,01901 737692,,,,,,0,,,,Reuse,synthetic_sample_data
483,Charity,Second Chance Foundation (Manchester),93 Sample Street,Manchester,P6 9BV,53.4923237,-2.2589626,https://www.example-charity.org,contact.483@example-charity.org,07462 303895,,,,,,1,,,,Reuse,synthetic_sample_data
484,Charity,Lighthouse Reuse Store (Sheffield),190 Sample Street,Sheffield,R2 4XO,53.3469338,-1.6164428,https://www.example-charity.org,contact.484@example-charity.org,06047 567220,,,,80.4,,1,,,,Reuse,synthetic_sample_data
485,Charity,Haven Charity Shop (Birmingham),122 Sample Street,Birmingham,S2 3GJ,52.5779018,-1.7492918,https://www.example-charity.org,contact.485@example-charity.org,07786 246347,,,,52.5,,1,,,,Reuse,synthetic_sample_data
486,Charity,Haven Furniture Project (Manchester),119 Sample Street,Manchester,U5 7FR,53.6107459,-2.2153963,https://www.example-charity.org,contact.486@example-charity.org,01108 529350,,,,75.5,,0,,,,Reuse,synthetic_sample_data
487,Charity,Together Support Network (Leeds),119 Sample Street,Leeds,J5 8RX,53.7066019,-1.5845691,https://www.example-charity.org,contact.487@example-charity.org,01691 962767,,,,,,0,,,,Reuse,synthetic_sample_data
488,Charity,Forward Furniture Project (Birmingham),196 Sample Street,Birmingham,F8 4AD,52.4150031,-1.753592,https://www.example-charity.org,contact.488@example-charity.org,05713 537420,,,,,,0,,,,Reuse,synthetic_sample_data
489,Charity,Steppingstone Support Network (Southampton),188 Sample Street,Southampton,V8 2LQ,50.9833697,-1.3800803,https://www.example-charity.org,contact.489@example-charity.org,05225 758501,,,,,,1,,,,Reuse,synthetic_sample_data
490,Charity,Forward Charity Shop (Birmingham),163 Sample Street,Birmingham,F1 5LN,52.5106963,-1.9965589,https://www.example-charity.org,contact.490@example-charity.org,03219 474745,,,,35.6,,1,,,,Reuse,synthetic_sample_data
491,Charity,Together Community Trust (Bristol),176 Sample Street,Bristol,D3 9KK,51.4633837,-2.4570049,https://www.example-charity.org,contact.491@example-charity.org,04002 901834,,,,27.1,,1,,,,Reuse,synthetic_sample_data
492,Charity,New Leaf Furniture Project (Manchester),42 Sample Street,Manchester,J6 8NK,53.4911261,-2.2871112,https://www.example-charity.org,contact.492@example-charity.org,03243 643341,,,,,,0,,,,Reuse,synthetic_sample_data
493,Charity,Together Foundation (Nottingham),20 Sample Street,Nottingham,R9 2NO,52.8711341,-1.251575,https://www.example-charity.org,contact.493@example-charity.org,09612 987168,,,,,,0,,,,Reuse,synthetic_sample_data
494,Charity,Lighthouse Community Trust (London),8 Sample Street,London,Q6 3WJ,51.5012555,-0.184328,https://www.example-charity.org,contact.494@example-charity.org,08240 726680,,,,11.9,,0,,,,Reuse,synthetic_sample_data
495,Charity,New Leaf Community Trust (Coventry),124 Sample Street,Coventry,N2 2AY,52.2995078,-1.6017277,https://www.example-charity.org,contact.495@example-charity.org,03133 182423,,,,4.3,,0,,,,Reuse,synthetic_sample_data
496,Charity,Hope Support Network (London),194 Sample Street,London,B2 5VA,51.5953166,-0.1237562,https://www.example-charity.org,contact.496@example-charity.org,02948 365302,,,,,,0,,,,Reuse,synthetic_sample_data
497,Charity,New Leaf Charity Shop (Southampton),91 Sample Street,Southampton,C3 5SL,50.8213204,-1.2840475,https://www.example-charity.org,contact.497@example-charity.org,06759 130680,,,,,,0,,,,Reuse,synthetic_sample_data
498,Charity,Steppingstone Outreach (Nottingham),138 Sample Street,Nottingham,G4 5FY,52.9758706,-1.2783683,https://www.example-charity.org,contact.498@example-charity.org,01229 654527,,,,,,0,,,,Reuse,synthetic_sample_data
499,Charity,Forward Reuse Store (Leeds),109 Sample Street,Leeds,V2 3LM,53.9269432,-1.443711,https://www.example-charity.org,contact.499@example-charity.org,04033 561023,,,,,,0,,,,Reuse,synthetic_sample_data
500,Charity,Second Chance Support Network (Liverpool),143 Sample Street,Liverpool,E8 6WJ,53.2922536,-2.8462162,https://www.example-charity.org,contact.500@example-charity.org,02807 644973,,,,8.2,,1,,,,Reuse,synthetic_sample_data
501,Charity,Compass Charity Shop (Manchester),18 Sample Street,Manchester,R7 5NG,53.4462343,-2.2555163,https://www.example-charity.org,contact.501@example-charity.org,08273 336845,,,,80.2,,1,,,,Reuse,synthetic_sample_data
502,Charity,Second Chance Support Network (Birmingham),103 Sample Street,Birmingham,V2 2EM,52.3400358,-1.8381523,https://www.example-charity.org,contact.502@example-charity.org,08177 648051,,,,97.8,,0,,,,Reuse,synthetic_sample_data
503,Charity,Bridge Foundation (Manchester),183 Sample Street,Manchester,H7 8IY,53.439913,-2.3328741,https://www.example-charity.org,contact.503@example-charity.org,07623 228725,,,,59.4,,1,,,,Reuse,synthetic_sample_data
504,Charity,Haven Support Network (Sheffield),126 Sample Street,Sheffield,E8 2DI,53.3738479,-1.4391504,https://www.example-charity.org,contact.504@example-charity.org,09379 392438,,,,,,0,,,,Reuse,synthetic_sample_data
505,Charity,Second Chance Support Network (London),160 Sample Street,London,M6 3JT,51.387281,-0.2619443,https://www.example-charity.org,contact.505@example-charity.org,01438 287795,,,,,,0,,,,Reuse,synthetic_sample_data
506,Charity,Forward Community Trust (Reading),88 Sample Street,Reading,P8 9IR,51.5297829,-0.8978284,https://www.example-charity.org,contact.506@example-charity.org,05809 794255,,,,54.1,,0,,,,Reuse,synthetic_sample_data
507,Charity,Second Chance Support Network (London),46 Sample Street,London,M8 8BB,51.6546135,-0.0137623,https://www.example-charity.org,contact.507@example-charity.org,08374 429839,,,,,,1,,,,Reuse,synthetic_sample_data
508,Charity,Compass Charity Shop (Coventry),176 Sample Street,Coventry,Y2 8VR,52.3060433,-1.5404957,https://www.example-charity.org,contact.508@example-charity.org,07374 611133,,,,,,1,,,,Reuse,synthetic_sample_data
509,Charity,Hope Support Network (Newcastle),83 Sample Street,Newcastle,S7 6YJ,54.9969766,-1.7209067,https://www.example-charity.org,contact.509@example-charity.org,05315 618721,,,,,,0,,,,Reuse,synthetic_sample_data
510,Charity,Steppingstone Furniture Project (Birmingham),90 Sample Street,Birmingham,D7 6LN,52.5872802,-1.935737,https://www.example-charity.org,contact.510@example-charity.org,06591 499060,,,,,,0,,,,Reuse,synthetic_sample_data
511,Charity,Second Chance Charity Shop (Leeds),84 Sample Street,Leeds,D6 3AR,53.7211866,-1.6054701,https://www.example-charity.org,contact.511@example-charity.org,02073 419723,,,,,,1,,,,Reuse,synthetic_sample_data
512,Charity,Hope Charity Shop (Southampton),83 Sample Street,Southampton,A6 7SM,50.9141279,-1.4280482,https://www.example-charity.org,contact.512@example-charity.org,08695 716551,,,,,,1,,,,Reuse,synthetic_sample_data
513,Charity,Forward Foundation (Manchester),128 Sample Street,Manchester,T5 6NG,53.5380592,-2.3308275,https://www.example-charity.org,contact.513@example-charity.org,06563 274721,,,,97.4,,0,,,,Reuse,synthetic_sample_data
514,Charity,Compass Foundation (Nottingham),70 Sample Street,Nottingham,H2 2SK,52.869024,-1.2285535,https://www.example-charity.org,contact.514@example-charity.org,07586 943687,,,,,,1,,,,Reuse,synthetic_sample_data
515,Charity,Compass Foundation (Liverpool),103 Sample Street,Liverpool,V9 6GN,53.3213217,-2.9029045,https://www.example-charity.org,contact.515@example-charity.org,05913 553939,,,,,,1,,,,Reuse,synthetic_sample_data
516,Charity,Hope Charity Shop (Reading),120 Sample Street,Reading,S8 4VX,51.5333327,-1.0739197,https://www.example-charity.org,contact.516@example-charity.org,09457 295600,,,,,,1,,,,Reuse,synthetic_sample_data
517,Charity,Bridge Reuse Store (Southampton),82 Sample Street,Southampton,H3 5NN,50.9776845,-1.5364355,https://www.example-charity.org,contact.517@example-charity.org,08577 254920,,,,91.1,,0,,,,Reuse,synthetic_sample_data
518,Charity,New Leaf Reuse Store (Liverpool),63 Sample Street,Liverpool,H2 3GA,53.3384804,-3.0554866,https://www.example-charity.org,contact.518@example-charity.org,04868 525581,,,,31.1,,1,,,,Reuse,synthetic_sample_data
519,Charity,Hope Community Trust (Nottingham),72 Sample Street,Nottingham,E1 5ZZ,53.1021879,-1.1814943,https://www.example-charity.org,contact.519@example-charity.org,03610 385959,,,,17.6,,0,,,,Reuse,synthetic_sample_data
520,Charity,Second Chance Reuse Store (Coventry),36 Sample Street,Coventry,N6 2MX,52.4025526,-1.6637274,https://www.example-charity.org,contact.520@example-charity.org,05882 166670,,,,,,0,,,,Reuse,synthetic_sample_data
521,Charity,Together Reuse Store (Nottingham),189 Sample Street,Nottingham,H2 6KS,53.0040651,-1.1339741,https://www.example-charity.org,contact.521@example-charity.org,09133 194632,,,,,,0,,,,Reuse,synthetic_sample_data
522,Charity,Bridge Reuse Store (Liverpool),180 Sample Street,Liverpool,I1 8RL,53.3238025,-3.1095558,https://www.example-charity.org,contact.522@example-charity.org,08200 528212,,,,31.6,,1,,,,Reuse,synthetic_sample_data
523,Charity,New Leaf Reuse Store (Newcastle),9 Sample Street,Newcastle,L5 1UT,55.0331215,-1.4788054,https://www.example-charity.org,contact.523@example-charity.org,08786 850435,,,,66.2,,0,,,,Reuse,synthetic_sample_data
524,Charity,Compass Foundation (Coventry),114 Sample Street,Coventry,U6 2RH,52.5320372,-1.4682204,https://www.example-charity.org,contact.524@example-charity.org,07302 424291,,,,,,1,,,,Reuse,synthetic_sample_data
525,Charity,Bridge Reuse Store (Bristol),71 Sample Street,Bristol,O6 7ZB,51.3947664,-2.4570033,https://www.example-charity.org,contact.525@example-charity.org,04446 268010,,,,82.3,,1,,,,Reuse,synthetic_sample_data
526,Charity,Lighthouse Charity Shop (Newcastle),91 Sample Street,Newcastle,D3 5QC,55.0493826,-1.4898508,https://www.example-charity.org,contact.526@example-charity.org,07920 960085,,,,,,1,,,,Reuse,synthetic_sample_data
527,Charity,New Leaf Charity Shop (Newcastle),161 Sample Street,Newcastle,U3 1MG,55.036863,-1.5392074,https://www.example-charity.org,contact.527@example-charity.org,08264 929443,,,,,,0,,,,Reuse,synthetic_sample_data
528,Charity,New Leaf Outreach (Manchester),67 Sample Street,Manchester,K8 8XE,53.3781467,-2.2376902,https://www.example-charity.org,contact.528@example-charity.org,07722 931145,,,,,,1,,,,Reuse,synthetic_sample_data
529,Charity,New Leaf Support Network (Bristol),166 Sample Street,Bristol,S4 1AR,51.3640991,-2.6135511,https://www.example-charity.org,contact.529@example-charity.org,07182 975224,,,,22.9,,0,,,,Reuse,synthetic_sample_data
530,Charity,New Leaf Furniture Project (Newcastle),44 Sample Street,Newcastle,N5 3CL,54.8877799,-1.5574217,https://www.example-charity.org,contact.530@example-charity.org,07570 748024,,,,11.7,,1,,,,Reuse,synthetic_sample_data
531,Charity,Bridge Charity Shop (Newcastle),98 Sample Street,Newcastle,Z5 5XP,55.0764772,-1.6195553,https://www.example-charity.org,contact.531@example-charity.org,04328 299800,,,,,,0,,,,Reuse,synthetic_sample_data
532,Charity,Bridge Support Network (Southampton),61 Sample Street,Southampton,Z3 1JI,50.82437,-1.3071733,https://www.example-charity.org,contact.532@example-charity.org,03955 528368,,,,90.7,,1,,,,Reuse,synthetic_sample_data
533,Charity,Hope Support Network (Southampton),182 Sample Street,Southampton,W7 4WM,50.9649801,-1.4169508,https://www.example-charity.org,contact.533@example-charity.org,03182 438947,,,,,,1,,,,Reuse,synthetic_sample_data
534,Charity,Lighthouse Community Trust (Manchester),159 Sample Street,Manchester,T1 1IQ,53.3593838,-2.3749743,https://www.example-charity.org,contact.534@example-charity.org,08715 471512,,,,,,1,,,,Reuse,synthetic_sample_data
535,Charity,Together Furniture Project (Reading),34 Sample Street,Reading,F9 8KO,51.4155704,-0.8376827,https://www.example-charity.org,contact.535@example-charity.org,03938 372935,,,,,,1,,,,Reuse,synthetic_sample_data
536,Charity,New Leaf Support Network (Birmingham),195 Sample Street,Birmingham,L7 5IT,52.4143218,-1.9464191,https://www.example-charity.org,contact.536@example-charity.org,05603 884149,,,,51.7,,1,,,,Reuse,synthetic_sample_data
537,Charity,New Leaf Foundation (Birmingham),10 Sample Street,Birmingham,G3 1HF,52.4308629,-1.7420305,https://www.example-charity.org,contact.537@example-charity.org,08208 155807,,,,,,0,,,,Reuse,synthetic_sample_data
538,Charity,Forward Furniture Project (Coventry),29 Sample Street,Coventry,W9 8OP,52.3969399,-1.6348928,https://www.example-charity.org,contact.538@example-charity.org,08233 473838,,,,86.7,,0,,,,Reuse,synthetic_sample_data
539,Charity,New Leaf Outreach (Sheffield),135 Sample Street,Sheffield,Q5 4SA,53.2591734,-1.3596481,https://www.example-charity.org,contact.539@example-charity.org,03757 886365,,,,18.1,,0,,,,Reuse,synthetic_sample_data
540,Charity,Lighthouse Furniture Project (Leeds),28 Sample Street,Leeds,V2 7LS,53.881276,-1.4960274,https://www.example-charity.org,contact.540@example-charity.org,05657 814407,,,,15.4,,0,,,,Reuse,synthetic_sample_data
541,Charity,Forward Charity Shop (Newcastle),160 Sample Street,Newcastle,V1 6BU,55.0775098,-1.5699382,https://www.example-charity.org,contact.541@example-charity.org,05412 723068,,,,32.5,,0,,,,Reuse,synthetic_sample_data
542,Charity,Compass Reuse Store (Leeds),66 Sample Street,Leeds,C9 7CM,53.9097837,-1.4586326,https://www.example-charity.org,contact.542@example-charity.org,01909 879930,,,,,,1,,,,Reuse,synthetic_sample_data
543,Charity,Haven Outreach (Manchester),111 Sample Street,Manchester,U3 2JP,53.3369536,-2.3301332,https://www.example-charity.org,contact.543@example-charity.org,07592 398776,,,,92.2,,0,,,,Reuse,synthetic_sample_data
544,Charity,Together Community Trust (Sheffield),109 Sample Street,Sheffield,M8 5ST,53.4307561,-1.3704841,https://www.example-charity.org,contact.544@example-charity.org,09021 567080,,,,,,1,,,,Reuse,synthetic_sample_data
545,Charity,Haven Furniture Project (Sheffield),183 Sample Street,Sheffield,K8 4UV,53.4152603,-1.4898682,https://www.example-charity.org,contact.545@example-charity.org,01662 638277,,,,,,1,,,,Reuse,synthetic_sample_data
546,Charity,Compass Support Network (Nottingham),176 Sample Street,Nottingham,Z8 5EE,52.9936679,-1.1506967,https://www.example-charity.org,contact.546@example-charity.org,08165 183029,,,,84.2,,1,,,,Reuse,synthetic_sample_data
547,Charity,Hope Foundation (Bristol),185 Sample Street,Bristol,N7 2OV,51.4750607,-2.5726017,https://www.example-charity.org,contact.547@example-charity.org,02763 635456,,,,,,1,,,,Reuse,synthetic_sample_data
548,Charity,Together Furniture Project (Sheffield),101 Sample Street,Sheffield,V8 3ZF,53.3075581,-1.5955691,https://www.example-charity.org,contact.548@example-charity.org,02866 876487,,,,,,1,,,,Reuse,synthetic_sample_data
549,Charity,Forward Outreach (Coventry),55 Sample Street,Coventry,Z5 6ZF,52.3460943,-1.4935375,https://www.example-charity.org,contact.549@example-charity.org,08371 754112,,,,,,1,,,,Reuse,synthetic_sample_data
550,Charity,Hope Support Network (Reading),169 Sample Street,Reading,F8 8WM,51.3361992,-0.9677872,https://www.example-charity.org,contact.550@example-charity.org,02911 113950,,,,60.2,,1,,,,Reuse,synthetic_sample_data
551,Charity,Lighthouse Charity Shop (Bristol),49 Sample Street,Bristol,J2 3EA,51.4900498,-2.4457234,https://www.example-charity.org,contact.551@example-charity.org,07471 943726,,,,,,0,,,,Reuse,synthetic_sample_data
552,Charity,Bridge Support Network (Coventry),78 Sample Street,Coventry,H7 9GC,52.5479561,-1.4119964,https://www.example-charity.org,contact.552@example-charity.org,03378 781301,,,,14.8,,1,,,,Reuse,synthetic_sample_data
553,Charity,Forward Support Network (London),101 Sample Street,London,O4 4JS,51.3923376,-0.0070754,https://www.example-charity.org,contact.553@example-charity.org,08724 120581,,,,,,0,,,,Reuse,synthetic_sample_data
554,Charity,Haven Outreach (Manchester),103 Sample Street,Manchester,S9 5BP,53.519923,-2.1786722,https://www.example-charity.org,contact.554@example-charity.org,09121 872882,,,,,,1,,,,Reuse,synthetic_sample_data
555,Charity,Haven Foundation (Leeds),127 Sample Street,Leeds,C5 7PD,53.8650871,-1.5406074,https://www.example-charity.org,contact.555@example-charity.org,06174 680130,,,,64.6,,1,,,,Reuse,synthetic_sample_data
556,Charity,Bridge Support Network (Coventry),87 Sample Street,Coventry,H9 4SV,52.387669,-1.6213,https://www.example-charity.org,contact.556@example-charity.org,06633 559392,,,,85.3,,1,,,,Reuse,synthetic_sample_data
557,Charity,Haven Support Network (Birmingham),192 Sample Street,Birmingham,P3 4JW,52.601152,-1.8235015,https://www.example-charity.org,contact.557@example-charity.org,06902 934637,,,,,,1,,,,Reuse,synthetic_sample_data
558,Charity,Forward Furniture Project (Birmingham),5 Sample Street,Birmingham,J4 4RB,52.3881873,-1.9935058,https://www.example-charity.org,contact.558@example-charity.org,07815 617708,,,,,,1,,,,Reuse,synthetic_sample_data
559,Charity,Together Furniture Project (Sheffield),58 Sample Street,Sheffield,N2 4DR,53.4341784,-1.5676856,https://www.example-charity.org,contact.559@example-charity.org,02043 454140,,,,,,1,,,,Reuse,synthetic_sample_data
560,Charity,Together Reuse Store (Sheffield),113 Sample Street,Sheffield,W9 2WB,53.4619122,-1.3890715,https://www.example-charity.org,contact.560@example-charity.org,03476 994863,,,,96.3,,0,,,,Reuse,synthetic_sample_data
561,Charity,Second Chance Outreach (Manchester),41 Sample Street,Manchester,D3 2GL,53.5652957,-2.2097032,https://www.example-charity.org,contact.561@example-charity.org,01687 631948,,,,70.8,,1,,,,Reuse,synthetic_sample_data
562,Charity,Lighthouse Reuse Store (Coventry),2 Sample Street,Coventry,G8 7YY,52.5179478,-1.6234113,https://www.example-charity.org,contact.562@example-charity.org,03257 228957,,,,,,1,,,,Reuse,synthetic_sample_data
563,Charity,Compass Reuse Store (Sheffield),136 Sample Street,Sheffield,U4 3YY,53.3171275,-1.5687215,https://www.example-charity.org,contact.563@example-charity.org,07799 478162,,,,,,0,,,,Reuse,synthetic_sample_data
564,Charity,Haven Support Network (Birmingham),198 Sample Street,Birmingham,V6 1OE,52.5767306,-1.9163772,https://www.example-charity.org,contact.564@example-charity.org,09456 933206,,,,,,0,,,,Reuse,synthetic_sample_data
565,Charity,New Leaf Support Network (Manchester),162 Sample Street,Manchester,Y1 3SB,53.4322911,-2.2721047,https://www.example-charity.org,contact.565@example-charity.org,02007 512369,,,,79.9,,1,,,,Reuse,synthetic_sample_data
566,Charity,Together Outreach (Liverpool),136 Sample Street,Liverpool,X6 6AI,53.3790008,-2.9373388,https://www.example-charity.org,contact.566@example-charity.org,05986 856601,,,,14.7,,1,,,,Reuse,synthetic_sample_data
567,Charity,Steppingstone Outreach (Newcastle),10 Sample Street,Newcastle,L7 4JC,55.0214638,-1.5015261,https://www.example-charity.org,contact.567@example-charity.org,08244 831351,,,,,,1,,,,Reuse,synthetic_sample_data
568,Charity,Together Foundation (Coventry),88 Sample Street,Coventry,C9 9JQ,52.4724642,-1.4057373,https://www.example-charity.org,contact.568@example-charity.org,05651 324116,,,,16.0,,0,,,,Reuse,synthetic_sample_data
569,Charity,Compass Charity Shop (Nottingham),130 Sample Street,Nottingham,D1 6IU,52.9825511,-1.2356981,https://www.example-charity.org,contact.569@example-charity.org,07926 629818,,,,,,0,,,,Reuse,synthetic_sample_data
570,Charity,Steppingstone Charity Shop (Reading),90 Sample Street,Reading,K4 9TH,51.5867029,-0.9934789,https://www.example-charity.org,contact.570@example-charity.org,01085 575159,,,,,,0,,,,Reuse,synthetic_sample_data
571,Charity,Second Chance Reuse Store (Coventry),183 Sample Street,Coventry,G6 8DE,52.3700997,-1.4484463,https://www.example-charity.org,contact.571@example-charity.org,09461 710658,,,,,,1,,,,Reuse,synthetic_sample_data
572,Charity,New Leaf Support Network (Manchester),144 Sample Street,Manchester,C6 9MS,53.3584746,-2.265134,https://www.example-charity.org,contact.572@example-charity.org,04519 567836,,,,,,1,,,,Reuse,synthetic_sample_data
573,Charity,Forward Charity Shop (Bristol),125 Sample Street,Bristol,N3 3QE,51.4797911,-2.5469617,https://www.example-charity.org,contact.573@example-charity.org,09020 867260,,,,12.9,,0,,,,Reuse,synthetic_sample_data
574,Charity,New Leaf Foundation (Coventry),147 Sample Street,Coventry,T7 2DL,52.3205928,-1.5276933,https://www.example-charity.org,contact.574@example-charity.org,07051 224535,,,,,,0,,,,Reuse,synthetic_sample_data
575,Charity,Compass Reuse Store (Manchester),108 Sample Street,Manchester,Z3 3ZS,53.4422402,-2.095294,https://www.example-charity.org,contact.575@example-charity.org,08961 129336,,,,,,1,,,,Reuse,synthetic_sample_data
576,Charity,Forward Furniture Project (Bristol),147 Sample Street,Bristol,L2 1NP,51.3691744,-2.4921625,https://www.example-charity.org,contact.576@example-charity.org,03004 674134,,,,,,1,,,,Reuse,synthetic_sample_data
577,Charity,Steppingstone Community Trust (Sheffield),39 Sample Street,Sheffield,U8 8VO,53.4655048,-1.4775317,https://www.example-charity.org,contact.577@example-charity.org,03269 629283,,,,32.5,,1,,,,Reuse,synthetic_sample_data
578,Charity,Together Furniture Project (Liverpool),147 Sample Street,Liverpool,I2 3WA,53.3282467,-3.0229809,https://www.example-charity.org,contact.578@example-charity.org,08259 871660,,,,77.2,,1,,,,Reuse,synthetic_sample_data
579,Charity,Second Chance Community Trust (Nottingham),122 Sample Street,Nottingham,Y1 9GY,52.9983479,-1.1149257,https://www.example-charity.org,contact.579@example-charity.org,09877 704876,,,,,,0,,,,Reuse,synthetic_sample_data
580,Charity,Hope Reuse Store (Manchester),156 Sample Street,Manchester,W8 2ZR,53.5282763,-2.2330422,https://www.example-charity.org,contact.580@example-charity.org,04371 357201,,,,,,0,,,,Reuse,synthetic_sample_data
581,Charity,Haven Community Trust (Newcastle),30 Sample Street,Newcastle,Q6 7IC,55.0868923,-1.760821,https://www.example-charity.org,contact.581@example-charity.org,07798 125225,,,,54.2,,1,,,,Reuse,synthetic_sample_data
582,Charity,New Leaf Reuse Store (Birmingham),183 Sample Street,Birmingham,F1 6FA,52.3910007,-1.8099086,https://www.example-charity.org,contact.582@example-charity.org,07672 811572,,,,,,1,,,,Reuse,synthetic_sample_data
583,Charity,Lighthouse Reuse Store (Manchester),153 Sample Street,Manchester,D1 4HY,53.4268124,-2.2687532,https://www.example-charity.org,contact.583@example-charity.org,07152 967949,,,,,,1,,,,Reuse,synthetic_sample_data
584,Charity,Second Chance Reuse Store (Nottingham),8 Sample Street,Nottingham,O9 7CP,53.030517,-1.1925854,https://www.example-charity.org,contact.584@example-charity.org,01993 433799,,,,,,0,,,,Reuse,synthetic_sample_data
585,Charity,Second Chance Community Trust (London),129 Sample Street,London,S7 8CU,51.4381479,0.0112424,https://www.example-charity.org,contact.585@example-charity.org,03057 419409,,,,,,0,,,,Reuse,synthetic_sample_data
586,Charity,Bridge Foundation (Sheffield),75 Sample Street,Sheffield,O1 1OT,53.3932319,-1.5696435,https://www.example-charity.org,contact.586@example-charity.org,07942 682119,,,,16.7,,0,,,,Reuse,synthetic_sample_data
587,Charity,Haven Reuse Store (Newcastle),137 Sample Street,Newcastle,Q5 1FX,54.9102909,-1.6925333,https://www.example-charity.org,contact.587@example-charity.org,04485 713583,,,,,,1,,,,Reuse,synthetic_sample_data
588,Charity,New Leaf Charity Shop (Manchester),163 Sample Street,Manchester,G9 6VK,53.4493915,-2.3557069,https://www.example-charity.org,contact.588@example-charity.org,05578 552945,,,,,,1,,,,Reuse,synthetic_sample_data
589,Charity,Lighthouse Community Trust (Bristol),156 Sample Street,Bristol,K1 3UA,51.3782785,-2.4429934,https://www.example-charity.org,contact.589@example-charity.org,08533 728635,,,,,,0,,,,Reuse,synthetic_sample_data
590,Charity,Forward Outreach (Reading),114 Sample Street,Reading,C2 9AV,51.3563608,-0.9613628,https://www.example-charity.org,contact.590@example-charity.org,07435 664271,,,,35.3,,1,,,,Reuse,synthetic_sample_data
591,Charity,Hope Furniture Project (Southampton),6 Sample Street,Southampton,G8 1HX,50.8670897,-1.501244,https://www.example-charity.org,contact.591@example-charity.org,08580 488477,,,,68.1,,1,,,,Reuse,synthetic_sample_data
592,Charity,Compass Outreach (Leeds),181 Sample Street,Leeds,P6 1IP,53.67779,-1.5150672,https://www.example-charity.org,contact.592@example-charity.org,04623 345637,,,,20.9,,0,,,,Reuse,synthetic_sample_data
593,Charity,Steppingstone Foundation (Reading),33 Sample Street,Reading,R4 3CS,51.4231259,-0.8671251,https://www.example-charity.org,contact.593@example-charity.org,09093 278758,,,,12.7,,0,,,,Reuse,synthetic_sample_data
594,Charity,Hope Charity Shop (Nottingham),165 Sample Street,Nottingham,I9 8AN,53.0234697,-1.2258016,https://www.example-charity.org,contact.594@example-charity.org,09731 744304,,,,65.0,,1,,,,Reuse,synthetic_sample_data
595,Charity,Second Chance Charity Shop (Liverpool),185 Sample Street,Liverpool,P6 9YB,53.5117025,-3.0195372,https://www.example-charity.org,contact.595@example-charity.org,09491 589251,,,,,,1,,,,Reuse,synthetic_sample_data
596,Charity,Haven Community Trust (Liverpool),20 Sample Street,Liverpool,S1 4WN,53.4181231,-3.0467274,https://www.example-charity.org,contact.596@example-charity.org,06483 185782,,,,19.7,,1,,,,Reuse,synthetic_sample_data
597,Charity,Hope Support Network (Bristol),122 Sample Street,Bristol,A6 5HD,51.3233532,-2.5503116,https://www.example-charity.org,contact.597@example-charity.org,08077 947311,,,,,,1,,,,Reuse,synthetic_sample_data
598,Charity,Bridge Furniture Project (London),9 Sample Street,London,D8 2CB,51.6038901,-0.1218975,https://www.example-charity.org,contact.598@example-charity.org,08184 901215,,,,,,0,,,,Reuse,synthetic_sample_data
599,Charity,Hope Reuse Store (Birmingham),98 Sample Street,Birmingham,D1 9BJ,52.3548007,-1.7996839,https://www.example-charity.org,contact.599@example-charity.org,08075 168986,,,,,,1,,,,Reuse,synthetic_sample_data
600,Charity,Steppingstone Furniture Project (Leeds),173 Sample Street,Leeds,O7 2KU,53.9101748,-1.4628576,https://www.example-charity.org,contact.600@example-charity.org,08428 502569,,,,45.4,,1,,,,Reuse,synthetic_sample_data
601,Charity,Steppingstone Charity Shop (Southampton),66 Sample Street,Southampton,Z4 3UQ,50.8174444,-1.5235931,https://www.example-charity.org,contact.601@example-charity.org,02106 721686,,,,,,1,,,,Reuse,synthetic_sample_data
602,Charity,New Leaf Outreach (Coventry),194 Sample Street,Coventry,E5 7QU,52.4430553,-1.613923,https://www.example-charity.org,contact.602@example-charity.org,01722 163429,,,,,,0,,,,Reuse,synthetic_sample_data
603,Charity,Compass Reuse Store (Birmingham),144 Sample Street,Birmingham,S3 1HQ,52.4770571,-1.8594012,https://www.example-charity.org,contact.603@example-charity.org,01132 642827,,,,42.2,,0,,,,Reuse,synthetic_sample_data
604,Charity,Second Chance Reuse Store (Leeds),86 Sample Street,Leeds,P8 6SS,53.8429664,-1.6387216,https://www.example-charity.org,contact.604@example-charity.org,04102 800302,,,,41.9,,0,,,,Reuse,synthetic_sample_data
605,Charity,Hope Support Network (Manchester),55 Sample Street,Manchester,U4 4OT,53.4670906,-2.1558426,https://www.example-charity.org,contact.605@example-charity.org,04594 103876,,,,,,1,,,,Reuse,synthetic_sample_data
606,Charity,Hope Reuse Store (Coventry),75 Sample Street,Coventry,L1 9DE,52.3695735,-1.5496062,https://www.example-charity.org,contact.606@example-charity.org,01162 177312,,,,,,1,,,,Reuse,synthetic_sample_data
607,Charity,Compass Community Trust (London),46 Sample Street,London,X3 6RH,51.6499928,-0.2180631,https://www.example-charity.org,contact.607@example-charity.org,04587 374725,,,,,,0,,,,Reuse,synthetic_sample_data
608,Charity,New Leaf Support Network (Bristol),96 Sample Street,Bristol,G5 8HL,51.5776947,-2.7316019,https://www.example-charity.org,contact.608@example-charity.org,02818 454820,,,,94.1,,1,,,,Reuse,synthetic_sample_data
609,Charity,New Leaf Outreach (Coventry),110 Sample Street,Coventry,R7 6KT,52.2764133,-1.6263703,https://www.example-charity.org,contact.609@example-charity.org,04107 300992,,,,24.5,,0,,,,Reuse,synthetic_sample_data
610,Charity,Compass Outreach (Southampton),150 Sample Street,Southampton,H1 5EQ,50.9358978,-1.2980694,https://www.example-charity.org,contact.610@example-charity.org,03434 443598,,,,20.9,,0,,,,Reuse,synthetic_sample_data
611,Charity,New Leaf Foundation (Newcastle),119 Sample Street,Newcastle,U9 6PQ,55.0655992,-1.5833341,https://www.example-charity.org,contact.611@example-charity.org,07358 887803,,,,,,1,,,,Reuse,synthetic_sample_data
612,Charity,Forward Support Network (Nottingham),116 Sample Street,Nottingham,M1 4HG,53.0131529,-1.093405,https://www.example-charity.org,contact.612@example-charity.org,05396 709418,,,,39.6,,1,,,,Reuse,synthetic_sample_data
613,Charity,Lighthouse Reuse Store (Liverpool),91 Sample Street,Liverpool,Y2 5OQ,53.5250127,-2.9701889,https://www.example-charity.org,contact.613@example-charity.org,02388 240855,,,,,,0,,,,Reuse,synthetic_sample_data
614,Charity,Forward Support Network (Newcastle),7 Sample Street,Newcastle,L8 6IM,54.9819786,-1.6668878,https://www.example-charity.org,contact.614@example-charity.org,08086 528818,,,,,,0,,,,Reuse,synthetic_sample_data
615,Charity,Second Chance Reuse Store (Bristol),31 Sample Street,Bristol,R2 5HD,51.4981065,-2.6301721,https://www.example-charity.org,contact.615@example-charity.org,09220 637700,,,,,,0,,,,Reuse,synthetic_sample_data
616,Charity,Lighthouse Reuse Store (Nottingham),36 Sample Street,Nottingham,Y5 4WT,52.864892,-1.2491061,https://www.example-charity.org,contact.616@example-charity.org,05959 881410,,,,75.2,,1,,,,Reuse,synthetic_sample_data
617,Charity,Lighthouse Outreach (London),195 Sample Street,London,S1 8UQ,51.5884228,-0.1932464,https://www.example-charity.org,contact.617@example-charity.org,07616 525468,,,,86.5,,0,,,,Reuse,synthetic_sample_data
618,Charity,Bridge Foundation (Leeds),110 Sample Street,Leeds,O6 2KG,53.8678008,-1.6361375,https://www.example-charity.org,contact.618@example-charity.org,08679 857607,,,,69.8,,0,,,,Reuse,synthetic_sample_data
619,Charity,Lighthouse Community Trust (Newcastle),91 Sample Street,Newcastle,X1 8ZV,54.9632916,-1.600266,https://www.example-charity.org,contact.619@example-charity.org,03102 420415,,,,,,1,,,,Reuse,synthetic_sample_data
620,Charity,Together Reuse Store (Liverpool),146 Sample Street,Liverpool,A1 3EK,53.4641288,-3.0205894,https://www.example-charity.org,contact.620@example-charity.org,06342 715467,,,,60.3,,1,,,,Reuse,synthetic_sample_data
621,Charity,Together Support Network (Liverpool),24 Sample Street,Liverpool,D6 8UJ,53.3196614,-3.0244092,https://www.example-charity.org,contact.621@example-charity.org,04085 597840,,,,,,0,,,,Reuse,synthetic_sample_data
622,Charity,Hope Community Trust (London),169 Sample Street,London,M5 4HJ,51.6053424,-0.0967908,https://www.example-charity.org,contact.622@example-charity.org,04260 172866,,,,,,1,,,,Reuse,synthetic_sample_data
623,Charity,Lighthouse Outreach (London),123 Sample Street,London,F2 3RN,51.4679957,-0.2744859,https://www.example-charity.org,contact.623@example-charity.org,07731 510103,,,,38.9,,0,,,,Reuse,synthetic_sample_data
624,Charity,Forward Community Trust (Birmingham),2 Sample Street,Birmingham,G9 8IG,52.5973347,-1.9474728,https://www.example-charity.org,contact.624@example-charity.org,06084 716029,,,,44.6,,1,,,,Reuse,synthetic_sample_data
625,Charity,Steppingstone Support Network (Southampton),117 Sample Street,Southampton,S1 2JU,51.0019697,-1.396643,https://www.example-charity.org,contact.625@example-charity.org,08539 585171,,,,,,1,,,,Reuse,synthetic_sample_data
626,Charity,New Leaf Support Network (Liverpool),47 Sample Street,Liverpool,T7 8MV,53.4423083,-2.8986046,https://www.example-charity.org,contact.626@example-charity.org,05081 288301,,,,9.6,,0,,,,Reuse,synthetic_sample_data
627,Charity,Together Reuse Store (Leeds),142 Sample Street,Leeds,X4 8NY,53.9164625,-1.6517203,https://www.example-charity.org,contact.627@example-charity.org,02093 831952,,,,,,1,,,,Reuse,synthetic_sample_data
628,Charity,Lighthouse Support Network (Manchester),7 Sample Street,Manchester,I4 9BO,53.5574191,-2.2412815,https://www.example-charity.org,contact.628@example-charity.org,08388 272846,,,,,,1,,,,Reuse,synthetic_sample_data
629,Charity,Bridge Support Network (Liverpool),192 Sample Street,Liverpool,I2 3KV,53.3614973,-3.0217974,https://www.example-charity.org,contact.629@example-charity.org,01618 111258,,,,,,1,,,,Reuse,synthetic_sample_data
630,Charity,Forward Community Trust (Manchester),26 Sample Street,Manchester,I3 3AT,53.3555646,-2.1954932,https://www.example-charity.org,contact.630@example-charity.org,08713 960279,,,,,,0,,,,Reuse,synthetic_sample_data
631,Charity,Hope Charity Shop (Nottingham),9 Sample Street,Nottingham,O6 3GW,53.0272339,-1.257564,https://www.example-charity.org,contact.631@example-charity.org,05476 260952,,,,53.2,,1,,,,Reuse,synthetic_sample_data
632,Charity,Together Charity Shop (Coventry),2 Sample Street,Coventry,W5 8BT,52.2711268,-1.4792629,https://www.example-charity.org,contact.632@example-charity.org,02684 509593,,,,,,1,,,,Reuse,synthetic_sample_data
633,Charity,Bridge Community Trust (Leeds),175 Sample Street,Leeds,N1 1KG,53.9294462,-1.5867066,https://www.example-charity.org,contact.633@example-charity.org,02497 116817,,,,22.1,,0,,,,Reuse,synthetic_sample_data
634,Charity,Haven Foundation (Reading),160 Sample Street,Reading,K6 9UG,51.3546649,-1.0779858,https://www.example-charity.org,contact.634@example-charity.org,02764 955244,,,,,,1,,,,Reuse,synthetic_sample_data
635,Charity,Lighthouse Reuse Store (Liverpool),118 Sample Street,Liverpool,M6 1MG,53.2946412,-3.077466,https://www.example-charity.org,contact.635@example-charity.org,03844 115722,,,,,,1,,,,Reuse,synthetic_sample_data
636,Charity,Bridge Support Network (Reading),146 Sample Street,Reading,T8 2WR,51.4914728,-1.1149183,https://www.example-charity.org,contact.636@example-charity.org,05940 904829,,,,,,0,,,,Reuse,synthetic_sample_data
637,Charity,Haven Charity Shop (Southampton),5 Sample Street,Southampton,F6 8CK,50.8570063,-1.3651378,https://www.example-charity.org,contact.637@example-charity.org,03177 448176,,,,58.5,,1,,,,Reuse,synthetic_sample_data
638,Charity,Steppingstone Charity Shop (Nottingham),110 Sample Street,Nottingham,A2 5HX,52.9969776,-1.2383724,https://www.example-charity.org,contact.638@example-charity.org,01217 343904,,,,62.0,,0,,,,Reuse,synthetic_sample_data
639,Charity,New Leaf Support Network (Birmingham),35 Sample Street,Birmingham,B4 8XK,52.4485571,-1.9514156,https://www.example-charity.org,contact.639@example-charity.org,04348 773226,,,,,,0,,,,Reuse,synthetic_sample_data
640,Charity,Compass Outreach (Nottingham),139 Sample Street,Nottingham,X6 6HG,53.0423339,-1.183632,https://www.example-charity.org,contact.640@example-charity.org,01388 340134,,,,,,0,,,,Reuse,synthetic_sample_data
641,Charity,Haven Foundation (Reading),50 Sample Street,Reading,O1 2PC,51.5131834,-1.0613668,https://www.example-charity.org,contact.641@example-charity.org,06269 292461,,,,,,0,,,,Reuse,synthetic_sample_data
642,Charity,Together Outreach (Leeds),80 Sample Street,Leeds,Q2 7XO,53.6884683,-1.6469973,https://www.example-charity.org,contact.642@example-charity.org,04348 347789,,,,,,0,,,,Reuse,synthetic_sample_data
643,Charity,Compass Reuse Store (Leeds),102 Sample Street,Leeds,G5 8CL,53.778005,-1.5173446,https://www.example-charity.org,contact.643@example-charity.org,08344 766478,,,,,,1,,,,Reuse,synthetic_sample_data
644,Charity,Haven Outreach (Newcastle),110 Sample Street,Newcastle,Z8 1YM,54.9551092,-1.5849817,https://www.example-charity.org,contact.644@example-charity.org,03553 959416,,,,75.9,,1,,,,Reuse,synthetic_sample_data
645,Charity,New Leaf Reuse Store (Southampton),156 Sample Street,Southampton,J8 5MR,50.9208593,-1.3885444,https://www.example-charity.org,contact.645@example-charity.org,07233 586173,,,,,,1,,,,Reuse,synthetic_sample_data
646,Charity,Bridge Furniture Project (Birmingham),102 Sample Street,Birmingham,X6 8MN,52.550659,-1.9816853,https://www.example-charity.org,contact.646@example-charity.org,01210 625021,,,,37.3,,1,,,,Reuse,synthetic_sample_data
647,Charity,Haven Furniture Project (Bristol),66 Sample Street,Bristol,S3 4YN,51.4968146,-2.5614073,https://www.example-charity.org,contact.647@example-charity.org,03039 503519,,,,75.2,,1,,,,Reuse,synthetic_sample_data
648,Charity,Lighthouse Charity Shop (Nottingham),9 Sample Street,Nottingham,M7 4HP,53.0175385,-1.1176061,https://www.example-charity.org,contact.648@example-charity.org,01945 782524,,,,36.1,,0,,,,Reuse,synthetic_sample_data
649,Charity,Steppingstone Support Network (Coventry),24 Sample Street,Coventry,H3 1DY,52.4565027,-1.6253347,https://www.example-charity.org,contact.649@example-charity.org,03414 366640,,,,91.7,,1,,,,Reuse,synthetic_sample_data
650,Charity,Together Community Trust (Coventry),169 Sample Street,Coventry,N5 5QR,52.4326481,-1.3994013,https://www.example-charity.org,contact.650@example-charity.org,07929 273878,,,,58.6,,1,,,,Reuse,synthetic_sample_data
651,Charity,Steppingstone Outreach (Coventry),179 Sample Street,Coventry,E5 4XM,52.5176254,-1.6369178,https://www.example-charity.org,contact.651@example-charity.org,06642 953779,,,,,,0,,,,Reuse,synthetic_sample_data
652,Charity,Haven Foundation (Newcastle),48 Sample Street,Newcastle,J7 3FL,54.8287736,-1.7468476,https://www.example-charity.org,contact.652@example-charity.org,07829 786315,,,,19.8,,0,,,,Reuse,synthetic_sample_data
653,Charity,Bridge Community Trust (Nottingham),113 Sample Street,Nottingham,X3 4IN,53.089345,-1.1729018,https://www.example-charity.org,contact.653@example-charity.org,04292 161847,,,,62.4,,0,,,,Reuse,synthetic_sample_data
654,Charity,Compass Furniture Project (Manchester),195 Sample Street,Manchester,S4 8PV,53.4187377,-2.2792814,https://www.example-charity.org,contact.654@example-charity.org,06605 131107,,,,,,0,,,,Reuse,synthetic_sample_data
655,Charity,Steppingstone Outreach (Bristol),134 Sample Street,Bristol,G9 1MT,51.5300396,-2.735732,https://www.example-charity.org,contact.655@example-charity.org,01685 201546,,,,76.1,,1,,,,Reuse,synthetic_sample_data
656,Charity,Lighthouse Reuse Store (Newcastle),15 Sample Street,Newcastle,H6 7MT,55.0553735,-1.5864885,https://www.example-charity.org,contact.656@example-charity.org,06620 430536,,,,87.3,,0,,,,Reuse,synthetic_sample_data
657,Charity,New Leaf Furniture Project (London),176 Sample Street,London,I4 6OT,51.4944758,-0.0683075,https://www.example-charity.org,contact.657@example-charity.org,03013 656405,,,,47.5,,1,,,,Reuse,synthetic_sample_data
658,Charity,Lighthouse Furniture Project (Reading),125 Sample Street,Reading,Z6 8HT,51.3606805,-0.8322456,https://www.example-charity.org,contact.658@example-charity.org,06901 147976,,,,,,0,,,,Reuse,synthetic_sample_data
659,Charity,Forward Charity Shop (Sheffield),134 Sample Street,Sheffield,M5 4WE,53.3594749,-1.340655,https://www.example-charity.org,contact.659@example-charity.org,02645 869946,,,,78.5,,0,,,,Reuse,synthetic_sample_data
660,Charity,Together Outreach (Birmingham),62 Sample Street,Birmingham,O2 8VR,52.4855775,-2.014273,https://www.example-charity.org,contact.660@example-charity.org,08648 276216,,,,,,0,,,,Reuse,synthetic_sample_data
661,Charity,Hope Community Trust (Reading),171 Sample Street,Reading,Y5 4XI,51.5142727,-1.0964591,https://www.example-charity.org,contact.661@example-charity.org,06349 502118,,,,,,0,,,,Reuse,synthetic_sample_data
662,Charity,Forward Furniture Project (Reading),191 Sample Street,Reading,S2 6MW,51.3450269,-0.967737,https://www.example-charity.org,contact.662@example-charity.org,06452 334677,,,,38.2,,1,,,,Reuse,synthetic_sample_data
663,Charity,Second Chance Furniture Project (Leeds),33 Sample Street,Leeds,X4 2SL,53.7178653,-1.664393,https://www.example-charity.org,contact.663@example-charity.org,02460 456765,,,,95.4,,0,,,,Reuse,synthetic_sample_data
664,Charity,Haven Support Network (Bristol),152 Sample Street,Bristol,L3 9VT,51.3230655,-2.5772191,https://www.example-charity.org,contact.664@example-charity.org,06237 908746,,,,,,1,,,,Reuse,synthetic_sample_data
665,Charity,New Leaf Outreach (London),73 Sample Street,London,H8 8ET,51.5188879,-0.1396192,https://www.example-charity.org,contact.665@example-charity.org,05863 977885,,,,,,0,,,,Reuse,synthetic_sample_data
666,Charity,Second Chance Reuse Store (Southampton),16 Sample Street,Southampton,G8 5WM,50.8557418,-1.4036866,https://www.example-charity.org,contact.666@example-charity.org,08836 761732,,,,33.3,,0,,,,Reuse,synthetic_sample_data
667,Charity,Hope Outreach (Coventry),6 Sample Street,Coventry,P7 5VF,52.5371299,-1.6021785,https://www.example-charity.org,contact.667@example-charity.org,03933 998397,,,,,,1,,,,Reuse,synthetic_sample_data
668,Charity,Haven Support Network (Liverpool),180 Sample Street,Liverpool,X5 5WG,53.4617696,-2.8445057,https://www.example-charity.org,contact.668@example-charity.org,02176 653485,,,,39.4,,0,,,,Reuse,synthetic_sample_data
669,Charity,Hope Outreach (Sheffield),124 Sample Street,Sheffield,U3 3OW,53.4567799,-1.4459849,https://www.example-charity.org,contact.669@example-charity.org,05981 579757,,,,,,0,,,,Reuse,synthetic_sample_data
670,Charity,Hope Reuse Store (Leeds),44 Sample Street,Leeds,Z3 7NV,53.7162409,-1.4745852,https://www.example-charity.org,contact.670@example-charity.org,02670 811267,,,,9.6,,1,,,,Reuse,synthetic_sample_data
671,Charity,Together Charity Shop (Birmingham),31 Sample Street,Birmingham,N3 7HB,52.619719,-2.0051959,https://www.example-charity.org,contact.671@example-charity.org,06545 722217,,,,,,1,,,,Reuse,synthetic_sample_data
672,Charity,Haven Outreach (Bristol),114 Sample Street,Bristol,O7 5UU,51.5108952,-2.4515334,https://www.example-charity.org,contact.672@example-charity.org,02468 915509,,,,,,0,,,,Reuse,synthetic_sample_data
673,Charity,Together Community Trust (Manchester),25 Sample Street,Manchester,S8 5WX,53.3555911,-2.2458345,https://www.example-charity.org,contact.673@example-charity.org,01377 715357,,,,18.1,,1,,,,Reuse,synthetic_sample_data
674,Charity,New Leaf Furniture Project (Reading),6 Sample Street,Reading,W9 3MW,51.5151211,-1.038591,https://www.example-charity.org,contact.674@example-charity.org,06328 166582,,,,,,1,,,,Reuse,synthetic_sample_data
675,Charity,Second Chance Outreach (Manchester),115 Sample Street,Manchester,D3 3AR,53.4864703,-2.2171835,https://www.example-charity.org,contact.675@example-charity.org,04399 790573,,,,12.3,,0,,,,Reuse,synthetic_sample_data
676,Charity,Together Reuse Store (Southampton),44 Sample Street,Southampton,D9 5LR,50.821569,-1.5060369,https://www.example-charity.org,contact.676@example-charity.org,01573 188720,,,,,,0,,,,Reuse,synthetic_sample_data
677,Charity,Together Outreach (Leeds),178 Sample Street,Leeds,R8 3SP,53.74098,-1.4152356,https://www.example-charity.org,contact.677@example-charity.org,05807 791176,,,,,,1,,,,Reuse,synthetic_sample_data
678,Charity,Second Chance Charity Shop (Southampton),35 Sample Street,Southampton,B4 3JG,50.9211628,-1.4914481,https://www.example-charity.org,contact.678@example-charity.org,01732 348617,,,,21.6,,1,,,,Reuse,synthetic_sample_data
679,Charity,Second Chance Foundation (Bristol),66 Sample Street,Bristol,M3 7OC,51.3430476,-2.5512062,https://www.example-charity.org,contact.679@example-charity.org,05177 373336,,,,94.0,,0,,,,Reuse,synthetic_sample_data
680,Charity,Compass Charity Shop (Nottingham),81 Sample Street,Nottingham,L9 3NE,52.8659289,-1.1192295,https://www.example-charity.org,contact.680@example-charity.org,04156 849149,,,,43.4,,0,,,,Reuse,synthetic_sample_data
681,Charity,Together Furniture Project (Southampton),200 Sample Street,Southampton,C6 2LK,50.8339493,-1.4733624,https://www.example-charity.org,contact.681@example-charity.org,09984 526541,,,,,,0,,,,Reuse,synthetic_sample_data
682,Charity,Bridge Support Network (Bristol),151 Sample Street,Bristol,D3 9XJ,51.307459,-2.6247532,https://www.example-charity.org,contact.682@example-charity.org,02720 920755,,,,49.0,,1,,,,Reuse,synthetic_sample_data
683,Charity,Compass Foundation (Coventry),190 Sample Street,Coventry,F6 7FL,52.4284474,-1.585101,https://www.example-charity.org,contact.683@example-charity.org,02623 150293,,,,78.9,,1,,,,Reuse,synthetic_sample_data
684,Charity,Together Charity Shop (Newcastle),69 Sample Street,Newcastle,E3 7SX,55.005993,-1.6900817,https://www.example-charity.org,contact.684@example-charity.org,03547 789504,,,,,,1,,,,Reuse,synthetic_sample_data
685,Charity,Haven Charity Shop (Coventry),71 Sample Street,Coventry,O6 8QJ,52.4900584,-1.4662354,https://www.example-charity.org,contact.685@example-charity.org,08500 291999,,,,52.1,,0,,,,Reuse,synthetic_sample_data
686,Charity,Compass Support Network (Bristol),24 Sample Street,Bristol,C2 2XH,51.4951906,-2.7118173,https://www.example-charity.org,contact.686@example-charity.org,06123 986304,,,,,,0,,,,Reuse,synthetic_sample_data
687,Charity,Forward Outreach (Manchester),132 Sample Street,Manchester,V9 3PP,53.5538228,-2.2263521,https://www.example-charity.org,contact.687@example-charity.org,01175 544579,,,,67.7,,0,,,,Reuse,synthetic_sample_data
688,Charity,Hope Charity Shop (Liverpool),136 Sample Street,Liverpool,R6 4XV,53.2625701,-3.0845448,https://www.example-charity.org,contact.688@example-charity.org,07962 836720,,,,4.2,,1,,,,Reuse,synthetic_sample_data
689,Charity,Together Community Trust (Birmingham),109 Sample Street,Birmingham,L3 9LB,52.5385567,-1.7758208,https://www.example-charity.org,contact.689@example-charity.org,03864 178771,,,,,,0,,,,Reuse,synthetic_sample_data
690,Charity,Bridge Outreach (Sheffield),76 Sample Street,Sheffield,Y2 5JP,53.5220185,-1.5187124,https://www.example-charity.org,contact.690@example-charity.org,09832 992104,,,,,,0,,,,Reuse,synthetic_sample_data
691,Charity,Compass Charity Shop (Coventry),2 Sample Street,Coventry,B8 8BL,52.4461529,-1.5516136,https://www.example-charity.org,contact.691@example-charity.org,09446 965837,,,,32.9,,1,,,,Reuse,synthetic_sample_data
692,Charity,New Leaf Support Network (Manchester),136 Sample Street,Manchester,D7 8GC,53.3323463,-2.1255411,https://www.example-charity.org,contact.692@example-charity.org,06808 109294,,,,,,0,,,,Reuse,synthetic_sample_data
693,Charity,New Leaf Outreach (Liverpool),110 Sample Street,Liverpool,P7 6JL,53.2955528,-2.9953764,https://www.example-charity.org,contact.693@example-charity.org,05098 337078,,,,53.6,,1,,,,Reuse,synthetic_sample_data
694,Charity,Forward Community Trust (Manchester),51 Sample Street,Manchester,X7 1LW,53.6276108,-2.1957161,https://www.example-charity.org,contact.694@example-charity.org,03291 470920,,,,,,1,,,,Reuse,synthetic_sample_data
695,Charity,Lighthouse Furniture Project (London),126 Sample Street,London,G8 5DN,51.3975041,-0.1514833,https://www.example-charity.org,contact.695@example-charity.org,03626 798566,,,,,,0,,,,Reuse,synthetic_sample_data
696,Charity,Haven Foundation (Sheffield),89 Sample Street,Sheffield,D2 1EE,53.456427,-1.3859988,https://www.example-charity.org,contact.696@example-charity.org,07370 237801,,,,,,0,,,,Reuse,synthetic_sample_data
697,Charity,Steppingstone Charity Shop (London),195 Sample Street,London,P5 5PC,51.5608931,-0.1751577,https://www.example-charity.org,contact.697@example-charity.org,01131 555426,,,,,,0,,,,Reuse,synthetic_sample_data
698,Charity,Second Chance Outreach (Coventry),27 Sample Street,Coventry,H7 4PW,52.410172,-1.59486,https://www.example-charity.org,contact.698@example-charity.org,05317 835005,,,,50.2,,0,,,,Reuse,synthetic_sample_data
699,Charity,New Leaf Community Trust (Leeds),110 Sample Street,Leeds,M1 5GE,53.9485655,-1.5217411,https://www.example-charity.org,contact.699@example-charity.org,02973 238722,,,,,,0,,,,Reuse,synthetic_sample_data
700,Charity,Together Reuse Store (Manchester),110 Sample Street,Manchester,K7 8BQ,53.590105,-2.2784942,https://www.example-charity.org,contact.700@example-charity.org,04791 332548,,,,30.4,,1,,,,Reuse,synthetic_sample_data
701,Charity,Haven Community Trust (Sheffield),191 Sample Street,Sheffield,F1 1BV,53.3152668,-1.5147926,https://www.example-charity.org,contact.701@example-charity.org,06240 149866,,,,,,1,,,,Reuse,synthetic_sample_data
702,Charity,Haven Community Trust (Newcastle),172 Sample Street,Newcastle,L6 5DD,54.9123478,-1.5858435,https://www.example-charity.org,contact.702@example-charity.org,05133 615151,,,,,,0,,,,Reuse,synthetic_sample_data
703,Charity,Steppingstone Foundation (Sheffield),23 Sample Street,Sheffield,U5 4SM,53.3392706,-1.3770894,https://www.example-charity.org,contact.703@example-charity.org,07088 349825,,,,13.0,,0,,,,Reuse,synthetic_sample_data
704,Charity,Bridge Community Trust (London),122 Sample Street,London,C9 6JX,51.5333684,-0.004147,https://www.example-charity.org,contact.704@example-charity.org,08303 203428,,,,20.2,,0,,,,Reuse,synthetic_sample_data
705,Charity,Compass Outreach (London),108 Sample Street,London,O2 7CP,51.3957496,-0.1523362,https://www.example-charity.org,contact.705@example-charity.org,06690 483791,,,,,,0,,,,Reuse,synthetic_sample_data
706,Charity,New Leaf Reuse Store (Birmingham),137 Sample Street,Birmingham,B4 7PV,52.5159461,-1.8313881,https://www.example-charity.org,contact.706@example-charity.org,01744 693677,,,,97.2,,0,,,,Reuse,synthetic_sample_data
707,Charity,Haven Support Network (Newcastle),152 Sample Street,Newcastle,F1 3SG,55.0535183,-1.6525549,https://www.example-charity.org,contact.707@example-charity.org,05448 316976,,,,87.9,,1,,,,Reuse,synthetic_sample_data
708,Charity,Compass Outreach (Nottingham),58 Sample Street,Nottingham,W5 9DF,53.0171262,-1.150578,https://www.example-charity.org,contact.708@example-charity.org,04609 410759,,,,,,0,,,,Reuse,synthetic_sample_data
709,Charity,Compass Community Trust (Bristol),1 Sample Street,Bristol,B4 4RD,51.3162272,-2.6934582,https://www.example-charity.org,contact.709@example-charity.org,05430 929026,,,,63.3,,1,,,,Reuse,synthetic_sample_data
710,Charity,Together Reuse Store (Sheffield),3 Sample Street,Sheffield,T5 6BU,53.2560738,-1.4084615,https://www.example-charity.org,contact.710@example-charity.org,03189 528178,,,,21.9,,1,,,,Reuse,synthetic_sample_data
711,Charity,Steppingstone Furniture Project (Birmingham),84 Sample Street,Birmingham,I9 4OH,52.4129962,-2.0357085,https://www.example-charity.org,contact.711@example-charity.org,07258 785584,,,,,,1,,,,Reuse,synthetic_sample_data
712,Charity,Haven Reuse Store (Birmingham),46 Sample Street,Birmingham,C8 3OF,52.4700168,-1.8214564,https://www.example-charity.org,contact.712@example-charity.org,03430 602275,,,,,,1,,,,Reuse,synthetic_sample_data
713,Charity,Compass Community Trust (Coventry),110 Sample Street,Coventry,M4 2EC,52.310922,-1.5850867,https://www.example-charity.org,contact.713@example-charity.org,03911 957210,,,,,,1,,,,Reuse,synthetic_sample_data
714,Charity,Hope Foundation (Manchester),165 Sample Street,Manchester,M1 2AY,53.5480921,-2.3514126,https://www.example-charity.org,contact.714@example-charity.org,02633 496230,,,,13.2,,0,,,,Reuse,synthetic_sample_data
715,Charity,Hope Outreach (Bristol),52 Sample Street,Bristol,D9 6WC,51.3472907,-2.5496847,https://www.example-charity.org,contact.715@example-charity.org,01153 930116,,,,,,1,,,,Reuse,synthetic_sample_data
716,Charity,Bridge Furniture Project (Birmingham),27 Sample Street,Birmingham,I9 2AB,52.4284155,-1.8967275,https://www.example-charity.org,contact.716@example-charity.org,09905 825657,,,,,,0,,,,Reuse,synthetic_sample_data
717,Charity,Hope Community Trust (Nottingham),74 Sample Street,Nottingham,N7 3LU,53.0707371,-1.1835146,https://www.example-charity.org,contact.717@example-charity.org,01393 337686,,,,,,1,,,,Reuse,synthetic_sample_data
718,Charity,Second Chance Support Network (Reading),158 Sample Street,Reading,H2 5LC,51.5695672,-0.8812645,https://www.example-charity.org,contact.718@example-charity.org,03778 215485,,,,,,1,,,,Reuse,synthetic_sample_data
719,Charity,New Leaf Support Network (Manchester),176 Sample Street,Manchester,T3 7EV,53.5994759,-2.2112481,https://www.example-charity.org,contact.719@example-charity.org,09691 451109,,,,,,1,,,,Reuse,synthetic_sample_data
720,Charity,Forward Charity Shop (Sheffield),168 Sample Street,Sheffield,Z2 1EY,53.4937207,-1.538772,https://www.example-charity.org,contact.720@example-charity.org,07047 378293,,,,,,0,,,,Reuse,synthetic_sample_data
721,Charity,Forward Outreach (Liverpool),83 Sample Street,Liverpool,S7 5EC,53.3924086,-2.9025448,https://www.example-charity.org,contact.721@example-charity.org,02102 218661,,,,18.2,,1,,,,Reuse,synthetic_sample_data
722,Charity,Haven Foundation (Sheffield),128 Sample Street,Sheffield,Z4 7NR,53.3268947,-1.4929504,https://www.example-charity.org,contact.722@example-charity.org,06463 244935,,,,,,1,,,,Reuse,synthetic_sample_data
723,Charity,Second Chance Foundation (Nottingham),1 Sample Street,Nottingham,S4 2HL,52.9656638,-1.2390656,https://www.example-charity.org,contact.723@example-charity.org,07911 652542,,,,,,0,,,,Reuse,synthetic_sample_data
724,Charity,Second Chance Furniture Project (Sheffield),142 Sample Street,Sheffield,Y3 5OE,53.3986123,-1.3328153,https://www.example-charity.org,contact.724@example-charity.org,06723 478387,,,,91.3,,0,,,,Reuse,synthetic_sample_data
725,Charity,New Leaf Furniture Project (Leeds),180 Sample Street,Leeds,X1 7LB,53.8991465,-1.6823403,https://www.example-charity.org,contact.725@example-charity.org,03344 495796,,,,,,0,,,,Reuse,synthetic_sample_data
726,Charity,Hope Community Trust (Newcastle),107 Sample Street,Newcastle,C4 2AS,55.0795312,-1.5066569,https://www.example-charity.org,contact.726@example-charity.org,06984 248140,,,,,,0,,,,Reuse,synthetic_sample_data
727,Charity,Compass Support Network (Newcastle),40 Sample Street,Newcastle,K8 1JD,55.0513674,-1.5433679,https://www.example-charity.org,contact.727@example-charity.org,07742 857656,,,,,,0,,,,Reuse,synthetic_sample_data
728,Charity,Hope Support Network (Southampton),79 Sample Street,Southampton,O9 5SQ,50.9850399,-1.4034114,https://www.example-charity.org,contact.728@example-charity.org,07940 812930,,,,42.4,,0,,,,Reuse,synthetic_sample_data
729,Charity,New Leaf Charity Shop (Bristol),191 Sample Street,Bristol,T1 4MF,51.5964367,-2.5814497,https://www.example-charity.org,contact.729@example-charity.org,04471 519852,,,,60.5,,0,,,,Reuse,synthetic_sample_data
730,Charity,Haven Outreach (Coventry),28 Sample Street,Coventry,B6 7GI,52.3973308,-1.5757431,https://www.example-charity.org,contact.730@example-charity.org,07233 272830,,,,,,1,,,,Reuse,synthetic_sample_data
731,Charity,Bridge Reuse Store (Southampton),194 Sample Street,Southampton,D2 4TA,50.9933392,-1.4537585,https://www.example-charity.org,contact.731@example-charity.org,03666 667875,,,,18.8,,0,,,,Reuse,synthetic_sample_data
732,Charity,Second Chance Foundation (Reading),24 Sample Street,Reading,Z8 1BK,51.5830606,-1.0559995,https://www.example-charity.org,contact.732@example-charity.org,01735 691123,,,,0.8,,1,,,,Reuse,synthetic_sample_data
733,Charity,Lighthouse Outreach (Bristol),190 Sample Street,Bristol,L3 2KN,51.5921217,-2.5878352,https://www.example-charity.org,contact.733@example-charity.org,07400 860939,,,,,,0,,,,Reuse,synthetic_sample_data
734,Charity,Steppingstone Outreach (London),24 Sample Street,London,F3 8CU,51.5335527,-0.1631665,https://www.example-charity.org,contact.734@example-charity.org,01612 404212,,,,23.2,,0,,,,Reuse,synthetic_sample_data
735,Charity,New Leaf Foundation (Reading),34 Sample Street,Reading,T9 6OZ,51.500566,-0.8974523,https://www.example-charity.org,contact.735@example-charity.org,09459 864118,,,,,,1,,,,Reuse,synthetic_sample_data
736,Charity,Haven Community Trust (Southampton),128 Sample Street,Southampton,T2 3SU,51.0164858,-1.4251296,https://www.example-charity.org,contact.736@example-charity.org,04421 740037,,,,,,0,,,,Reuse,synthetic_sample_data
737,Charity,Second Chance Support Network (Birmingham),72 Sample Street,Birmingham,K3 5FC,52.5660952,-1.9475373,https://www.example-charity.org,contact.737@example-charity.org,02541 576900,,,,,,1,,,,Reuse,synthetic_sample_data
738,Charity,Forward Reuse Store (Manchester),125 Sample Street,Manchester,Y8 3DS,53.3521402,-2.1794035,https://www.example-charity.org,contact.738@example-charity.org,08753 368463,,,,,,1,,,,Reuse,synthetic_sample_data
739,Charity,New Leaf Support Network (Liverpool),106 Sample Street,Liverpool,T6 6CV,53.38111,-2.9556949,https://www.example-charity.org,contact.739@example-charity.org,07008 637373,,,,,,1,,,,Reuse,synthetic_sample_data
740,Charity,Hope Charity Shop (Reading),97 Sample Street,Reading,R1 3DJ,51.3171027,-0.8348705,https://www.example-charity.org,contact.740@example-charity.org,05011 833736,,,,,,1,,,,Reuse,synthetic_sample_data
741,Charity,Second Chance Reuse Store (Manchester),47 Sample Street,Manchester,U9 8DC,53.3977154,-2.1303523,https://www.example-charity.org,contact.741@example-charity.org,08632 591246,,,,91.7,,1,,,,Reuse,synthetic_sample_data
742,Charity,Lighthouse Reuse Store (Liverpool),10 Sample Street,Liverpool,W8 2IO,53.3182413,-3.0429838,https://www.example-charity.org,contact.742@example-charity.org,08967 322964,,,,,,1,,,,Reuse,synthetic_sample_data
743,Charity,Hope Foundation (Birmingham),14 Sample Street,Birmingham,Z6 7PG,52.5282649,-1.944344,https://www.example-charity.org,contact.743@example-charity.org,07230 165431,,,,,,0,,,,Reuse,synthetic_sample_data
744,Charity,New Leaf Furniture Project (Reading),116 Sample Street,Reading,I7 2JW,51.4311761,-1.0524786,https://www.example-charity.org,contact.744@example-charity.org,03322 172623,,,,52.5,,1,,,,Reuse,synthetic_sample_data
745,Charity,Haven Reuse Store (Birmingham),138 Sample Street,Birmingham,G6 7PP,52.5853647,-2.0126676,https://www.example-charity.org,contact.745@example-charity.org,05864 272525,,,,16.1,,1,,,,Reuse,synthetic_sample_data
746,Charity,Hope Foundation (Sheffield),191 Sample Street,Sheffield,X3 6VX,53.5048793,-1.4490049,https://www.example-charity.org,contact.746@example-charity.org,04253 181588,,,,73.3,,0,,,,Reuse,synthetic_sample_data
747,Charity,Forward Outreach (Birmingham),1 Sample Street,Birmingham,Z7 5QX,52.6051503,-1.7602542,https://www.example-charity.org,contact.747@example-charity.org,06184 219125,,,,94.3,,0,,,,Reuse,synthetic_sample_data
748,Charity,Second Chance Furniture Project (Reading),154 Sample Street,Reading,G7 9YF,51.4390986,-0.8372627,https://www.example-charity.org,contact.748@example-charity.org,04581 881931,,,,,,1,,,,Reuse,synthetic_sample_data
749,Charity,Steppingstone Furniture Project (Leeds),32 Sample Street,Leeds,L1 5JQ,53.9365131,-1.4075766,https://www.example-charity.org,contact.749@example-charity.org,07066 953309,,,,64.9,,1,,,,Reuse,synthetic_sample_data
750,Charity,Together Support Network (Liverpool),96 Sample Street,Liverpool,K2 3ON,53.381516,-3.0359366,https://www.example-charity.org,contact.750@example-charity.org,09571 902245,,,,,,0,,,,Reuse,synthetic_sample_data
751,Charity,Haven Charity Shop (Nottingham),23 Sample Street,Nottingham,T2 2ZD,52.9355628,-1.2225916,https://www.example-charity.org,contact.751@example-charity.org,05640 836197,,,,61.6,,1,,,,Reuse,synthetic_sample_data
752,Charity,Together Furniture Project (Manchester),58 Sample Street,Manchester,S1 5NG,53.4797215,-2.167082,https://www.example-charity.org,contact.752@example-charity.org,08276 627812,,,,55.2,,0,,,,Reuse,synthetic_sample_data
753,Charity,Lighthouse Outreach (Leeds),58 Sample Street,Leeds,U7 1LZ,53.9077028,-1.4139346,https://www.example-charity.org,contact.753@example-charity.org,08601 532993,,,,,,1,,,,Reuse,synthetic_sample_data
754,Charity,Haven Charity Shop (Reading),96 Sample Street,Reading,N1 1AE,51.3836497,-0.8765547,https://www.example-charity.org,contact.754@example-charity.org,04957 104359,,,,51.9,,1,,,,Reuse,synthetic_sample_data
755,Charity,Haven Community Trust (Sheffield),110 Sample Street,Sheffield,T7 1ZS,53.2822232,-1.4484438,https://www.example-charity.org,contact.755@example-charity.org,07412 302019,,,,,,1,,,,Reuse,synthetic_sample_data
756,Charity,Together Community Trust (Coventry),148 Sample Street,Coventry,D3 9DU,52.3089152,-1.3984486,https://www.example-charity.org,contact.756@example-charity.org,08166 342189,,,,84.3,,1,,,,Reuse,synthetic_sample_data
757,Charity,Second Chance Furniture Project (Nottingham),140 Sample Street,Nottingham,A3 1TW,52.852516,-1.2113786,https://www.example-charity.org,contact.757@example-charity.org,01420 558669,,,,7.9,,1,,,,Reuse,synthetic_sample_data
758,Charity,Forward Charity Shop (London),63 Sample Street,London,H4 5GR,51.5801019,-0.2386356,https://www.example-charity.org,contact.758@example-charity.org,06867 295617,,,,80.7,,1,,,,Reuse,synthetic_sample_data
759,Charity,New Leaf Charity Shop (Bristol),32 Sample Street,Bristol,S2 2OT,51.5022773,-2.6554106,https://www.example-charity.org,contact.759@example-charity.org,01379 769396,,,,,,1,,,,Reuse,synthetic_sample_data
760,Charity,Forward Outreach (Bristol),6 Sample Street,Bristol,G7 2PZ,51.5728814,-2.7100669,https://www.example-charity.org,contact.760@example-charity.org,06921 979037,,,,,,1,,,,Reuse,synthetic_sample_data
761,Charity,Haven Reuse Store (Reading),169 Sample Street,Reading,F3 5AF,51.3271938,-0.9218991,https://www.example-charity.org,contact.761@example-charity.org,08387 947825,,,,,,0,,,,Reuse,synthetic_sample_data
762,Charity,Forward Foundation (Manchester),156 Sample Street,Manchester,F9 5DG,53.6235748,-2.0944781,https://www.example-charity.org,contact.762@example-charity.org,09953 105258,,,,,,0,,,,Reuse,synthetic_sample_data
763,Charity,Lighthouse Furniture Project (Nottingham),178 Sample Street,Nottingham,K3 4CX,52.9583234,-1.2623962,https://www.example-charity.org,contact.763@example-charity.org,04554 130930,,,,26.8,,1,,,,Reuse,synthetic_sample_data
764,Charity,Together Charity Shop (Leeds),50 Sample Street,Leeds,X8 7QM,53.9367688,-1.594534,https://www.example-charity.org,contact.764@example-charity.org,05822 589730,,,,,,0,,,,Reuse,synthetic_sample_data
765,Charity,Haven Furniture Project (Reading),109 Sample Street,Reading,Z4 8NO,51.5581107,-0.9128812,https://www.example-charity.org,contact.765@example-charity.org,06105 273699,,,,,,1,,,,Reuse,synthetic_sample_data
766,Charity,Haven Community Trust (Sheffield),131 Sample Street,Sheffield,U2 8FB,53.4179733,-1.4379113,https://www.example-charity.org,contact.766@example-charity.org,06782 492125,,,,,,1,,,,Reuse,synthetic_sample_data
767,Charity,Together Reuse Store (Bristol),48 Sample Street,Bristol,D3 6NZ,51.4856646,-2.4747244,https://www.example-charity.org,contact.767@example-charity.org,07525 131394,,,,,,0,,,,Reuse,synthetic_sample_data
768,Charity,Lighthouse Furniture Project (Leeds),146 Sample Street,Leeds,W1 6GO,53.8478864,-1.5875107,https://www.example-charity.org,contact.768@example-charity.org,01157 434064,,,,89.9,,0,,,,Reuse,synthetic_sample_data
769,Charity,Bridge Furniture Project (Liverpool),112 Sample Street,Liverpool,T2 7VY,53.3434843,-3.0779475,https://www.example-charity.org,contact.769@example-charity.org,05555 851058,,,,,,1,,,,Reuse,synthetic_sample_data
770,Charity,Forward Furniture Project (Leeds),84 Sample Street,Leeds,D2 8FT,53.709937,-1.4582824,https://www.example-charity.org,contact.770@example-charity.org,05496 541699,,,,,,0,,,,Reuse,synthetic_sample_data
771,Charity,Steppingstone Furniture Project (Southampton),11 Sample Street,Southampton,E7 1RQ,50.7660806,-1.5490491,https://www.example-charity.org,contact.771@example-charity.org,08565 398179,,,,,,0,,,,Reuse,synthetic_sample_data
772,Charity,Haven Charity Shop (Manchester),199 Sample Street,Manchester,K6 7CR,53.471768,-2.1436449,https://www.example-charity.org,contact.772@example-charity.org,05931 388016,,,,,,0,,,,Reuse,synthetic_sample_data
773,Charity,Forward Outreach (Liverpool),3 Sample Street,Liverpool,L2 1HB,53.3479331,-2.8464099,https://www.example-charity.org,contact.773@example-charity.org,02989 984028,,,,,,1,,,,Reuse,synthetic_sample_data
774,Charity,Second Chance Community Trust (Coventry),12 Sample Street,Coventry,R1 1IZ,52.474076,-1.6017976,https://www.example-charity.org,contact.774@example-charity.org,07043 955792,,,,,,1,,,,Reuse,synthetic_sample_data
775,Charity,Haven Reuse Store (Manchester),38 Sample Street,Manchester,S8 2EK,53.4099181,-2.1862235,https://www.example-charity.org,contact.775@example-charity.org,03790 244455,,,,88.8,,1,,,,Reuse,synthetic_sample_data
776,Charity,Together Community Trust (Reading),124 Sample Street,Reading,P5 6YX,51.4383339,-1.091388,https://www.example-charity.org,contact.776@example-charity.org,08830 793390,,,,,,1,,,,Reuse,synthetic_sample_data
777,Charity,Bridge Charity Shop (Bristol),4 Sample Street,Bristol,C2 8BG,51.5179144,-2.6319971,https://www.example-charity.org,contact.777@example-charity.org,04373 828723,,,,46.8,,1,,,,Reuse,synthetic_sample_data
778,Charity,Steppingstone Outreach (Leeds),130 Sample Street,Leeds,K5 8UE,53.7970937,-1.596965,https://www.example-charity.org,contact.778@example-charity.org,09644 638891,,,,,,0,,,,Reuse,synthetic_sample_data
779,Charity,Forward Outreach (Leeds),109 Sample Street,Leeds,Y7 4CI,53.9258092,-1.5834273,https://www.example-charity.org,contact.779@example-charity.org,09412 312882,,,,,,1,,,,Reuse,synthetic_sample_data
780,Charity,Second Chance Charity Shop (Southampton),122 Sample Street,Southampton,A8 3IA,50.9542149,-1.5102131,https://www.example-charity.org,contact.780@example-charity.org,02805 352248,,,,45.3,,1,,,,Reuse,synthetic_sample_data
781,Charity,Haven Community Trust (Manchester),113 Sample Street,Manchester,Q7 9KB,53.6088783,-2.36738,https://www.example-charity.org,contact.781@example-charity.org,03467 516209,,,,,,0,,,,Reuse,synthetic_sample_data
782,Charity,Haven Community Trust (London),127 Sample Street,London,M3 5QT,51.5519865,-0.0581995,https://www.example-charity.org,contact.782@example-charity.org,05816 298652,,,,,,0,,,,Reuse,synthetic_sample_data
783,Charity,Second Chance Community Trust (Reading),26 Sample Street,Reading,B5 4CR,51.3192614,-1.0534167,https://www.example-charity.org,contact.783@example-charity.org,02887 155718,,,,,,1,,,,Reuse,synthetic_sample_data
784,Charity,Compass Support Network (Liverpool),181 Sample Street,Liverpool,Z4 6UJ,53.3762656,-3.0756335,https://www.example-charity.org,contact.784@example-charity.org,04370 279337,,,,,,0,,,,Reuse,synthetic_sample_data
785,Charity,Steppingstone Support Network (Manchester),18 Sample Street,Manchester,W4 3KV,53.3863236,-2.1202653,https://www.example-charity.org,contact.785@example-charity.org,06002 993978,,,,,,1,,,,Reuse,synthetic_sample_data
786,Charity,Forward Support Network (Newcastle),195 Sample Street,Newcastle,F5 2FV,54.8708501,-1.7639796,https://www.example-charity.org,contact.786@example-charity.org,06473 121838,,,,59.4,,1,,,,Reuse,synthetic_sample_data
787,Charity,Forward Furniture Project (Southampton),43 Sample Street,Southampton,A5 4QQ,50.7600019,-1.2924344,https://www.example-charity.org,contact.787@example-charity.org,01740 958706,,,,77.5,,0,,,,Reuse,synthetic_sample_data
788,Charity,Forward Charity Shop (Bristol),4 Sample Street,Bristol,I8 5LO,51.5456678,-2.6371968,https://www.example-charity.org,contact.788@example-charity.org,06747 672223,,,,30.1,,1,,,,Reuse,synthetic_sample_data
789,Charity,Steppingstone Support Network (Nottingham),57 Sample Street,Nottingham,V9 1EN,53.0371579,-1.0510132,https://www.example-charity.org,contact.789@example-charity.org,02847 383049,,,,14.2,,1,,,,Reuse,synthetic_sample_data
790,Charity,Haven Reuse Store (London),71 Sample Street,London,C4 7UD,51.4307103,-0.0554963,https://www.example-charity.org,contact.790@example-charity.org,04380 880523,,,,67.9,,1,,,,Reuse,synthetic_sample_data
791,Charity,Lighthouse Reuse Store (Nottingham),149 Sample Street,Nottingham,N5 5GB,52.8572857,-1.0350018,https://www.example-charity.org,contact.791@example-charity.org,07406 717766,,,,,,1,,,,Reuse,synthetic_sample_data
792,Charity,Steppingstone Outreach (Southampton),120 Sample Street,Southampton,D1 8VE,50.7965884,-1.3158001,https://www.example-charity.org,contact.792@example-charity.org,06685 402418,,,,52.3,,1,,,,Reuse,synthetic_sample_data
793,Charity,Forward Reuse Store (Southampton),73 Sample Street,Southampton,J1 8BG,50.9271423,-1.505618,https://www.example-charity.org,contact.793@example-charity.org,02058 938635,,,,12.3,,1,,,,Reuse,synthetic_sample_data
794,Charity,Hope Furniture Project (Bristol),144 Sample Street,Bristol,L5 9VY,51.3060271,-2.6322233,https://www.example-charity.org,contact.794@example-charity.org,05119 244408,,,,,,0,,,,Reuse,synthetic_sample_data
795,Charity,Bridge Support Network (Coventry),174 Sample Street,Coventry,H1 8LH,52.3380007,-1.3709257,https://www.example-charity.org,contact.795@example-charity.org,02322 404928,,,,42.3,,0,,,,Reuse,synthetic_sample_data
796,Charity,New Leaf Foundation (Bristol),107 Sample Street,Bristol,K3 4IE,51.5805582,-2.5587884,https://www.example-charity.org,contact.796@example-charity.org,08140 811902,,,,,,1,,,,Reuse,synthetic_sample_data
797,Charity,Forward Foundation (Bristol),114 Sample Street,Bristol,Z7 2EQ,51.3301794,-2.5679005,https://www.example-charity.org,contact.797@example-charity.org,04004 494228,,,,50.4,,1,,,,Reuse,synthetic_sample_data
798,Charity,Haven Support Network (Newcastle),158 Sample Street,Newcastle,A7 2YE,54.9345582,-1.6278342,https://www.example-charity.org,contact.798@example-charity.org,01453 686058,,,,78.7,,1,,,,Reuse,synthetic_sample_data
799,Charity,Compass Furniture Project (Birmingham),133 Sample Street,Birmingham,M1 8ZY,52.5224669,-1.7704263,https://www.example-charity.org,contact.799@example-charity.org,07433 232053,,,,,,0,,,,Reuse,synthetic_sample_data
800,Charity,Second Chance Reuse Store (Manchester),190 Sample Street,Manchester,J8 6BD,53.3472078,-2.1436317,https://www.example-charity.org,contact.800@example-charity.org,02595 961866,,,,,,0,,,,Reuse,synthetic_sample_data
801,Charity,Forward Community Trust (Coventry),185 Sample Street,Coventry,U3 5UJ,52.3183193,-1.6264544,https://www.example-charity.org,contact.801@example-charity.org,04662 808502,,,,0.6,,1,,,,Reuse,synthetic_sample_data
802,Charity,Hope Community Trust (Southampton),7 Sample Street,Southampton,D4 4DP,50.9660324,-1.5199873,https://www.example-charity.org,contact.802@example-charity.org,02983 645073,,,,44.4,,0,,,,Reuse,synthetic_sample_data
803,Charity,New Leaf Outreach (Manchester),32 Sample Street,Manchester,R5 8VT,53.4207771,-2.2474841,https://www.example-charity.org,contact.803@example-charity.org,04849 982608,,,,,,0,,,,Reuse,synthetic_sample_data
804,Charity,Bridge Community Trust (Birmingham),75 Sample Street,Birmingham,W9 4PP,52.3787059,-1.8170205,https://www.example-charity.org,contact.804@example-charity.org,09380 877691,,,,,,0,,,,Reuse,synthetic_sample_data
805,Charity,Haven Support Network (Southampton),118 Sample Street,Southampton,N7 3AJ,50.9075892,-1.3540901,https://www.example-charity.org,contact.805@example-charity.org,02758 586501,,,,,,1,,,,Reuse,synthetic_sample_data
806,Charity,Steppingstone Support Network (London),41 Sample Street,London,E8 8IA,51.5315614,-0.2675749,https://www.example-charity.org,contact.806@example-charity.org,01698 471958,,,,,,0,,,,Reuse,synthetic_sample_data
807,Charity,Together Furniture Project (Sheffield),36 Sample Street,Sheffield,E6 6OW,53.5018652,-1.4625833,https://www.example-charity.org,contact.807@example-charity.org,03858 787781,,,,,,1,,,,Reuse,synthetic_sample_data
808,Charity,Forward Support Network (Liverpool),135 Sample Street,Liverpool,V3 9YV,53.278863,-2.8898024,https://www.example-charity.org,contact.808@example-charity.org,08729 735271,,,,,,1,,,,Reuse,synthetic_sample_data
809,Charity,Steppingstone Outreach (Southampton),171 Sample Street,Southampton,B1 3HD,51.0462584,-1.4499714,https://www.example-charity.org,contact.809@example-charity.org,07615 170852,,,,,,1,,,,Reuse,synthetic_sample_data
810,Charity,Bridge Furniture Project (Sheffield),65 Sample Street,Sheffield,M7 2BT,53.4590728,-1.3257015,https://www.example-charity.org,contact.810@example-charity.org,03850 863534,,,,,,0,,,,Reuse,synthetic_sample_data
811,Charity,Hope Community Trust (Newcastle),147 Sample Street,Newcastle,W8 7EU,55.0573056,-1.58584,https://www.example-charity.org,contact.811@example-charity.org,06261 212890,,,,,,0,,,,Reuse,synthetic_sample_data
812,Charity,Bridge Community Trust (Bristol),162 Sample Street,Bristol,Q4 2SA,51.4518309,-2.5342453,https://www.example-charity.org,contact.812@example-charity.org,03655 555148,,,,9.6,,0,,,,Reuse,synthetic_sample_data
813,Charity,Haven Foundation (Birmingham),54 Sample Street,Birmingham,K3 9PG,52.6041873,-1.9325317,https://www.example-charity.org,contact.813@example-charity.org,09955 175460,,,,,,1,,,,Reuse,synthetic_sample_data
814,Charity,Together Outreach (Nottingham),19 Sample Street,Nottingham,C8 7UM,52.9104318,-1.1225563,https://www.example-charity.org,contact.814@example-charity.org,03258 940534,,,,,,0,,,,Reuse,synthetic_sample_data
815,Charity,Bridge Furniture Project (Nottingham),181 Sample Street,Nottingham,A4 5IM,52.8942681,-1.2727218,https://www.example-charity.org,contact.815@example-charity.org,09856 446994,,,,,,0,,,,Reuse,synthetic_sample_data
816,Charity,Together Foundation (Bristol),150 Sample Street,Bristol,M1 9WD,51.3269331,-2.5652932,https://www.example-charity.org,contact.816@example-charity.org,09192 427406,,,,,,1,,,,Reuse,synthetic_sample_data
817,Charity,Compass Community Trust (Reading),85 Sample Street,Reading,B3 4RX,51.3132934,-1.0266864,https://www.example-charity.org,contact.817@example-charity.org,06481 901883,,,,66.3,,0,,,,Reuse,synthetic_sample_data
818,Charity,Steppingstone Foundation (Leeds),34 Sample Street,Leeds,C7 2RP,53.7988665,-1.4574014,https://www.example-charity.org,contact.818@example-charity.org,01579 462645,,,,,,0,,,,Reuse,synthetic_sample_data
819,Charity,Lighthouse Support Network (Manchester),199 Sample Street,Manchester,Z4 1BA,53.34148,-2.2403187,https://www.example-charity.org,contact.819@example-charity.org,08824 418157,,,,19.6,,1,,,,Reuse,synthetic_sample_data
820,Charity,Forward Furniture Project (Reading),141 Sample Street,Reading,M3 7WN,51.5093785,-1.1226715,https://www.example-charity.org,contact.820@example-charity.org,07342 902875,,,,,,1,,,,Reuse,synthetic_sample_data
821,Charity,Lighthouse Reuse Store (Manchester),151 Sample Street,Manchester,N1 4HC,53.599944,-2.0978396,https://www.example-charity.org,contact.821@example-charity.org,04172 459793,,,,,,1,,,,Reuse,synthetic_sample_data
822,Charity,Together Foundation (Coventry),33 Sample Street,Coventry,A4 1CB,52.4825707,-1.4273795,https://www.example-charity.org,contact.822@example-charity.org,01750 940713,,,,,,1,,,,Reuse,synthetic_sample_data
823,Charity,Bridge Reuse Store (London),20 Sample Street,London,M8 2VC,51.4516378,-0.0970752,https://www.example-charity.org,contact.823@example-charity.org,03125 735566,,,,,,0,,,,Reuse,synthetic_sample_data
824,Charity,Bridge Support Network (Newcastle),135 Sample Street,Newcastle,Y9 5UH,55.0398766,-1.5237725,https://www.example-charity.org,contact.824@example-charity.org,05959 484757,,,,31.9,,0,,,,Reuse,synthetic_sample_data
825,Charity,Steppingstone Support Network (London),190 Sample Street,London,G3 9HJ,51.4613906,-0.1545498,https://www.example-charity.org,contact.825@example-charity.org,05583 182256,,,,,,0,,,,Reuse,synthetic_sample_data
826,Charity,Hope Community Trust (Sheffield),9 Sample Street,Sheffield,Y8 2AP,53.4485732,-1.383718,https://www.example-charity.org,contact.826@example-charity.org,08213 781478,,,,,,1,,,,Reuse,synthetic_sample_data
827,Charity,Compass Outreach (Bristol),58 Sample Street,Bristol,A7 7OB,51.5526537,-2.712552,https://www.example-charity.org,contact.827@example-charity.org,07290 619419,,,,,,0,,,,Reuse,synthetic_sample_data
828,Charity,Compass Furniture Project (Reading),193 Sample Street,Reading,L1 6IZ,51.4336255,-1.1124221,https://www.example-charity.org,contact.828@example-charity.org,09872 900059,,,,,,0,,,,Reuse,synthetic_sample_data
829,Charity,Haven Outreach (Sheffield),74 Sample Street,Sheffield,D9 7XV,53.4488359,-1.4336408,https://www.example-charity.org,contact.829@example-charity.org,01935 946616,,,,93.8,,1,,,,Reuse,synthetic_sample_data
830,Charity,Together Reuse Store (Liverpool),175 Sample Street,Liverpool,O4 3AI,53.4301808,-2.9711091,https://www.example-charity.org,contact.830@example-charity.org,03663 499812,,,,8.6,,0,,,,Reuse,synthetic_sample_data
831,Charity,Hope Foundation (Nottingham),146 Sample Street,Nottingham,I5 1DJ,52.8935475,-1.1367752,https://www.example-charity.org,contact.831@example-charity.org,05493 479264,,,,83.6,,0,,,,Reuse,synthetic_sample_data
832,Charity,Forward Furniture Project (Newcastle),149 Sample Street,Newcastle,U9 4NB,54.9671173,-1.6358272,https://www.example-charity.org,contact.832@example-charity.org,06877 603534,,,,27.6,,1,,,,Reuse,synthetic_sample_data
833,Charity,Compass Reuse Store (Manchester),13 Sample Street,Manchester,H3 3TU,53.4629319,-2.3151979,https://www.example-charity.org,contact.833@example-charity.org,09108 233402,,,,,,0,,,,Reuse,synthetic_sample_data
834,Charity,Steppingstone Reuse Store (Birmingham),66 Sample Street,Birmingham,W4 1WI,52.5415324,-1.7822289,https://www.example-charity.org,contact.834@example-charity.org,01687 680290,,,,,,1,,,,Reuse,synthetic_sample_data
835,Charity,Lighthouse Furniture Project (Nottingham),53 Sample Street,Nottingham,O2 9CH,53.0202958,-1.1279263,https://www.example-charity.org,contact.835@example-charity.org,02269 631562,,,,,,1,,,,Reuse,synthetic_sample_data
836,Charity,Compass Community Trust (Reading),96 Sample Street,Reading,T6 6NU,51.4290909,-0.9355339,https://www.example-charity.org,contact.836@example-charity.org,01404 442402,,,,,,1,,,,Reuse,synthetic_sample_data
837,Charity,Compass Community Trust (Southampton),200 Sample Street,Southampton,T4 6QW,50.7690472,-1.4439094,https://www.example-charity.org,contact.837@example-charity.org,01418 211392,,,,78.3,,1,,,,Reuse,synthetic_sample_data
838,Charity,New Leaf Support Network (Leeds),138 Sample Street,Leeds,H9 9XN,53.7644519,-1.5242941,https://www.example-charity.org,contact.838@example-charity.org,02285 181066,,,,84.8,,0,,,,Reuse,synthetic_sample_data
839,Charity,Forward Reuse Store (Southampton),197 Sample Street,Southampton,S5 4KH,50.9013987,-1.3970656,https://www.example-charity.org,contact.839@example-charity.org,05410 304497,,,,23.1,,1,,,,Reuse,synthetic_sample_data
840,Charity,Forward Charity Shop (Coventry),93 Sample Street,Coventry,C6 9QC,52.5485191,-1.4617781,https://www.example-charity.org,contact.840@example-charity.org,07716 479459,,,,60.5,,1,,,,Reuse,synthetic_sample_data
841,Charity,New Leaf Foundation (Liverpool),88 Sample Street,Liverpool,N3 5ZJ,53.327329,-2.8932537,https://www.example-charity.org,contact.841@example-charity.org,05013 914165,,,,,,0,,,,Reuse,synthetic_sample_data
842,Charity,Steppingstone Support Network (Liverpool),68 Sample Street,Liverpool,O1 3DN,53.3847068,-2.8466257,https://www.example-charity.org,contact.842@example-charity.org,04245 288655,,,,71.1,,1,,,,Reuse,synthetic_sample_data
843,Charity,Haven Furniture Project (Coventry),91 Sample Street,Coventry,E9 9MN,52.2870986,-1.4088624,https://www.example-charity.org,contact.843@example-charity.org,03735 176561,,,,,,0,,,,Reuse,synthetic_sample_data
844,Charity,Lighthouse Foundation (Coventry),162 Sample Street,Coventry,B2 6ON,52.3448176,-1.5686575,https://www.example-charity.org,contact.844@example-charity.org,02765 857260,,,,,,1,,,,Reuse,synthetic_sample_data
845,Charity,New Leaf Charity Shop (Bristol),117 Sample Street,Bristol,E1 6VU,51.531798,-2.5278659,https://www.example-charity.org,contact.845@example-charity.org,09345 187859,,,,,,1,,,,Reuse,synthetic_sample_data
846,Charity,Second Chance Community Trust (Birmingham),131 Sample Street,Birmingham,K1 9QS,52.4888002,-1.8639757,https://www.example-charity.org,contact.846@example-charity.org,05871 617255,,,,42.7,,1,,,,Reuse,synthetic_sample_data
847,Charity,New Leaf Furniture Project (Liverpool),73 Sample Street,Liverpool,Q5 6DL,53.3539735,-3.0880753,https://www.example-charity.org,contact.847@example-charity.org,04451 551451,,,,,,1,,,,Reuse,synthetic_sample_data
848,Charity,New Leaf Reuse Store (Bristol),37 Sample Street,Bristol,Y2 4VI,51.4504907,-2.67081,https://www.example-charity.org,contact.848@example-charity.org,05250 735615,,,,,,0,,,,Reuse,synthetic_sample_data
849,Charity,Together Foundation (London),147 Sample Street,London,P1 6GJ,51.5369175,-0.2658765,https://www.example-charity.org,contact.849@example-charity.org,04197 106988,,,,,,1,,,,Reuse,synthetic_sample_data
850,Charity,Second Chance Charity Shop (Nottingham),72 Sample Street,Nottingham,N8 5CE,52.8426536,-1.1719452,https://www.example-charity.org,contact.850@example-charity.org,02965 565992,,,,11.6,,1,,,,Reuse,synthetic_sample_data
851,Charity,Second Chance Reuse Store (Manchester),132 Sample Street,Manchester,K5 8UX,53.5540833,-2.3258675,https://www.example-charity.org,contact.851@example-charity.org,03567 631691,,,,7.4,,1,,,,Reuse,synthetic_sample_data
852,Charity,Together Reuse Store (London),151 Sample Street,London,R1 1HE,51.4874133,0.0019104,https://www.example-charity.org,contact.852@example-charity.org,04119 982304,,,,,,0,,,,Reuse,synthetic_sample_data
853,Charity,Forward Outreach (Reading),23 Sample Street,Reading,P5 3GU,51.3630035,-0.9870654,https://www.example-charity.org,contact.853@example-charity.org,04065 869194,,,,85.7,,0,,,,Reuse,synthetic_sample_data
854,Charity,Steppingstone Community Trust (London),61 Sample Street,London,N5 7US,51.4876956,-0.1305927,https://www.example-charity.org,contact.854@example-charity.org,03918 140698,,,,48.4,,0,,,,Reuse,synthetic_sample_data
855,Charity,Forward Support Network (Bristol),57 Sample Street,Bristol,L9 8JD,51.5567076,-2.4753883,https://www.example-charity.org,contact.855@example-charity.org,07425 726882,,,,,,1,,,,Reuse,synthetic_sample_data
856,Charity,Haven Furniture Project (Liverpool),181 Sample Street,Liverpool,K2 6WM,53.5492086,-3.0439809,https://www.example-charity.org,contact.856@example-charity.org,03886 587310,,,,,,1,,,,Reuse,synthetic_sample_data
857,Charity,Hope Reuse Store (Newcastle),83 Sample Street,Newcastle,G7 1RY,55.0086176,-1.5616334,https://www.example-charity.org,contact.857@example-charity.org,05389 632139,,,,,,1,,,,Reuse,synthetic_sample_data
858,Charity,Haven Reuse Store (Liverpool),79 Sample Street,Liverpool,P4 6UB,53.3758135,-3.0090145,https://www.example-charity.org,contact.858@example-charity.org,01895 381351,,,,,,0,,,,Reuse,synthetic_sample_data
859,Charity,Second Chance Foundation (Southampton),98 Sample Street,Southampton,T9 1XA,51.0223866,-1.3935961,https://www.example-charity.org,contact.859@example-charity.org,06401 235492,,,,,,1,,,,Reuse,synthetic_sample_data
860,Charity,Hope Foundation (Sheffield),184 Sample Street,Sheffield,R4 3RM,53.4611526,-1.4542317,https://www.example-charity.org,contact.860@example-charity.org,04448 479687,,,,,,0,,,,Reuse,synthetic_sample_data
861,Charity,Bridge Furniture Project (Sheffield),125 Sample Street,Sheffield,A9 2QM,53.3305506,-1.5554155,https://www.example-charity.org,contact.861@example-charity.org,01591 986552,,,,,,1,,,,Reuse,synthetic_sample_data
862,Charity,Bridge Furniture Project (Bristol),70 Sample Street,Bristol,D7 7EX,51.3117733,-2.5484333,https://www.example-charity.org,contact.862@example-charity.org,05463 886343,,,,7.7,,1,,,,Reuse,synthetic_sample_data
863,Charity,Steppingstone Community Trust (London),83 Sample Street,London,S7 4TJ,51.3618225,-0.0287245,https://www.example-charity.org,contact.863@example-charity.org,02565 871619,,,,,,0,,,,Reuse,synthetic_sample_data
864,Charity,Compass Charity Shop (Bristol),144 Sample Street,Bristol,J7 2HN,51.3867149,-2.6771,https://www.example-charity.org,contact.864@example-charity.org,08723 494873,,,,,,1,,,,Reuse,synthetic_sample_data
865,Charity,Hope Support Network (Coventry),148 Sample Street,Coventry,Y9 2OH,52.4167612,-1.5963158,https://www.example-charity.org,contact.865@example-charity.org,07449 490843,,,,39.7,,0,,,,Reuse,synthetic_sample_data
866,Charity,Compass Reuse Store (Newcastle),54 Sample Street,Newcastle,U2 2RF,54.9392465,-1.598854,https://www.example-charity.org,contact.866@example-charity.org,03355 949011,,,,49.0,,0,,,,Reuse,synthetic_sample_data
867,Charity,Forward Foundation (Manchester),190 Sample Street,Manchester,Y8 5NJ,53.3731992,-2.2076535,https://www.example-charity.org,contact.867@example-charity.org,04808 161795,,,,,,0,,,,Reuse,synthetic_sample_data
868,Charity,Haven Outreach (London),140 Sample Street,London,W4 9ZP,51.4538329,-0.1082063,https://www.example-charity.org,contact.868@example-charity.org,01091 381170,,,,,,0,,,,Reuse,synthetic_sample_data
869,Charity,Together Outreach (Sheffield),4 Sample Street,Sheffield,N2 7EY,53.3695116,-1.4752011,https://www.example-charity.org,contact.869@example-charity.org,02334 210146,,,,,,0,,,,Reuse,synthetic_sample_data
870,Charity,Second Chance Furniture Project (Birmingham),141 Sample Street,Birmingham,F9 8EX,52.3954103,-1.7794752,https://www.example-charity.org,contact.870@example-charity.org,07949 619238,,,,,,0,,,,Reuse,synthetic_sample_data
871,Charity,Compass Foundation (Bristol),176 Sample Street,Bristol,L3 3JQ,51.339775,-2.4391767,https://www.example-charity.org,contact.871@example-charity.org,06281 744979,,,,,,1,,,,Reuse,synthetic_sample_data
872,Charity,Bridge Reuse Store (Nottingham),46 Sample Street,Nottingham,Q8 1KN,52.9861553,-1.166467,https://www.example-charity.org,contact.872@example-charity.org,03217 272216,,,,,,0,,,,Reuse,synthetic_sample_data
873,Charity,Second Chance Foundation (London),18 Sample Street,London,D1 8TF,51.4509522,-0.2214977,https://www.example-charity.org,contact.873@example-charity.org,08513 447115,,,,,,0,,,,Reuse,synthetic_sample_data
874,Charity,Compass Reuse Store (Sheffield),104 Sample Street,Sheffield,X5 6TY,53.4197465,-1.3417362,https://www.example-charity.org,contact.874@example-charity.org,07982 712859,,,,56.1,,0,,,,Reuse,synthetic_sample_data
875,Charity,Bridge Reuse Store (Manchester),151 Sample Street,Manchester,S2 3ZQ,53.5085917,-2.3617071,https://www.example-charity.org,contact.875@example-charity.org,03921 375710,,,,38.3,,1,,,,Reuse,synthetic_sample_data
876,Charity,Forward Community Trust (Coventry),158 Sample Street,Coventry,Z4 4CZ,52.518201,-1.4691509,https://www.example-charity.org,contact.876@example-charity.org,03754 102800,,,,,,0,,,,Reuse,synthetic_sample_data
877,Charity,Hope Community Trust (Newcastle),129 Sample Street,Newcastle,O7 8KJ,55.0906842,-1.6707986,https://www.example-charity.org,contact.877@example-charity.org,09383 946446,,,,24.1,,1,,,,Reuse,synthetic_sample_data
878,Charity,Lighthouse Reuse Store (Liverpool),72 Sample Street,Liverpool,Q2 4FU,53.4905759,-2.9297266,https://www.example-charity.org,contact.878@example-charity.org,09552 432369,,,,84.0,,1,,,,Reuse,synthetic_sample_data
879,Charity,Second Chance Foundation (Newcastle),198 Sample Street,Newcastle,L3 1LO,55.0368299,-1.6926383,https://www.example-charity.org,contact.879@example-charity.org,08133 783768,,,,72.8,,0,,,,Reuse,synthetic_sample_data
880,Charity,Bridge Support Network (Southampton),135 Sample Street,Southampton,X1 4OL,50.9276382,-1.25503,https://www.example-charity.org,contact.880@example-charity.org,07130 287700,,,,,,1,,,,Reuse,synthetic_sample_data
881,Charity,Compass Foundation (Sheffield),102 Sample Street,Sheffield,I1 5UP,53.2593325,-1.5094398,https://www.example-charity.org,contact.881@example-charity.org,01212 736249,,,,,,1,,,,Reuse,synthetic_sample_data
882,Charity,Hope Outreach (Bristol),192 Sample Street,Bristol,U8 8FP,51.4920811,-2.4465578,https://www.example-charity.org,contact.882@example-charity.org,08713 737058,,,,75.1,,0,,,,Reuse,synthetic_sample_data
883,Charity,New Leaf Charity Shop (London),114 Sample Street,London,E2 7DB,51.4682602,-0.0939239,https://www.example-charity.org,contact.883@example-charity.org,03898 992278,,,,6.2,,0,,,,Reuse,synthetic_sample_data
884,Charity,Steppingstone Charity Shop (Nottingham),94 Sample Street,Nottingham,V6 3SX,52.8880434,-1.0523272,https://www.example-charity.org,contact.884@example-charity.org,01273 448824,,,,,,1,,,,Reuse,synthetic_sample_data
885,Charity,Second Chance Community Trust (Liverpool),12 Sample Street,Liverpool,X5 2FO,53.509715,-2.9407076,https://www.example-charity.org,contact.885@example-charity.org,09216 254679,,,,,,0,,,,Reuse,synthetic_sample_data
886,Charity,Hope Reuse Store (Coventry),179 Sample Street,Coventry,L2 6OS,52.4084397,-1.6178095,https://www.example-charity.org,contact.886@example-charity.org,05485 687789,,,,,,1,,,,Reuse,synthetic_sample_data
887,Charity,Second Chance Community Trust (Manchester),56 Sample Street,Manchester,U1 3ZA,53.3656785,-2.3654315,https://www.example-charity.org,contact.887@example-charity.org,06201 719864,,,,46.0,,0,,,,Reuse,synthetic_sample_data
888,Charity,Bridge Charity Shop (Bristol),36 Sample Street,Bristol,B7 5FI,51.5556925,-2.5452048,https://www.example-charity.org,contact.888@example-charity.org,03174 425569,,,,,,1,,,,Reuse,synthetic_sample_data
889,Charity,Bridge Community Trust (Leeds),91 Sample Street,Leeds,W8 5CP,53.9013826,-1.6172602,https://www.example-charity.org,contact.889@example-charity.org,05832 371952,,,,,,1,,,,Reuse,synthetic_sample_data
890,Charity,New Leaf Furniture Project (Reading),175 Sample Street,Reading,R4 7LU,51.4612128,-0.87925,https://www.example-charity.org,contact.890@example-charity.org,07318 263267,,,,20.7,,1,,,,Reuse,synthetic_sample_data
891,Charity,Bridge Support Network (Manchester),120 Sample Street,Manchester,D9 3PE,53.4847817,-2.3293834,https://www.example-charity.org,contact.891@example-charity.org,05273 132975,,,,,,1,,,,Reuse,synthetic_sample_data
892,Charity,Hope Reuse Store (Southampton),86 Sample Street,Southampton,L1 3NP,50.873073,-1.3778828,https://www.example-charity.org,contact.892@example-charity.org,02713 760049,,,,,,0,,,,Reuse,synthetic_sample_data
893,Charity,Forward Foundation (Birmingham),178 Sample Street,Birmingham,A8 8SS,52.6101446,-1.9485173,https://www.example-charity.org,contact.893@example-charity.org,04050 888576,,,,,,1,,,,Reuse,synthetic_sample_data
894,Charity,Lighthouse Foundation (Newcastle),196 Sample Street,Newcastle,V7 5BH,55.0785289,-1.6920276,https://www.example-charity.org,contact.894@example-charity.org,06535 605998,,,,92.7,,0,,,,Reuse,synthetic_sample_data
895,Charity,Steppingstone Support Network (Liverpool),135 Sample Street,Liverpool,Q3 5TW,53.3861683,-3.0607917,https://www.example-charity.org,contact.895@example-charity.org,01467 271993,,,,,,0,,,,Reuse,synthetic_sample_data
896,Charity,Hope Furniture Project (Birmingham),43 Sample Street,Birmingham,Y3 6OM,52.5352219,-1.8038292,https://www.example-charity.org,contact.896@example-charity.org,06067 931377,,,,,,0,,,,Reuse,synthetic_sample_data
897,Charity,Second Chance Community Trust (Leeds),40 Sample Street,Leeds,G7 2XH,53.9156864,-1.6087153,https://www.example-charity.org,contact.897@example-charity.org,04869 999428,,,,84.6,,1,,,,Reuse,synthetic_sample_data
898,Charity,Forward Foundation (London),63 Sample Street,London,G8 7OW,51.5006032,-0.1743864,https://www.example-charity.org,contact.898@example-charity.org,07456 832723,,,,9.6,,0,,,,Reuse,synthetic_sample_data
899,Charity,Lighthouse Reuse Store (Sheffield),172 Sample Street,Sheffield,M9 2LP,53.4600133,-1.5800421,https://www.example-charity.org,contact.899@example-charity.org,07956 725935,,,,58.6,,0,,,,Reuse,synthetic_sample_data
900,Charity,Lighthouse Reuse Store (Southampton),36 Sample Street,Southampton,A7 2UH,50.813148,-1.4838527,https://www.example-charity.org,contact.900@example-charity.org,09215 963227,,,,,,0,,,,Reuse,synthetic_sample_data
901,Charity,Haven Charity Shop (Leeds),124 Sample Street,Leeds,E5 5MV,53.7413814,-1.6712449,https://www.example-charity.org,contact.901@example-charity.org,03947 546390,,,,,,1,,,,Reuse,synthetic_sample_data
902,Charity,Second Chance Support Network (Birmingham),4 Sample Street,Birmingham,V2 7ZZ,52.3852629,-1.8356981,https://www.example-charity.org,contact.902@example-charity.org,02353 463108,,,,,,0,,,,Reuse,synthetic_sample_data
903,Charity,Hope Support Network (Southampton),190 Sample Street,Southampton,Y1 5NI,50.9117911,-1.3485104,https://www.example-charity.org,contact.903@example-charity.org,07581 542978,,,,60.4,,1,,,,Reuse,synthetic_sample_data
904,Charity,Lighthouse Outreach (Nottingham),99 Sample Street,Nottingham,D3 7RY,52.9166476,-1.1660358,https://www.example-charity.org,contact.904@example-charity.org,09765 482585,,,,8.0,,0,,,,Reuse,synthetic_sample_data
905,Charity,Compass Community Trust (Sheffield),73 Sample Street,Sheffield,T8 7BO,53.5155604,-1.4078306,https://www.example-charity.org,contact.905@example-charity.org,09436 952319,,,,,,1,,,,Reuse,synthetic_sample_data
906,Charity,Lighthouse Reuse Store (Newcastle),46 Sample Street,Newcastle,V5 1RI,54.9384312,-1.5010502,https://www.example-charity.org,contact.906@example-charity.org,07974 453854,,,,,,1,,,,Reuse,synthetic_sample_data
907,Charity,Hope Foundation (London),64 Sample Street,London,X1 9XM,51.491431,-0.188495,https://www.example-charity.org,contact.907@example-charity.org,02829 474597,,,,,,0,,,,Reuse,synthetic_sample_data
908,Charity,Haven Reuse Store (Birmingham),11 Sample Street,Birmingham,W4 9SO,52.5542362,-1.850524,https://www.example-charity.org,contact.908@example-charity.org,06658 580280,,,,,,1,,,,Reuse,synthetic_sample_data
909,Charity,Second Chance Support Network (London),6 Sample Street,London,C6 5NM,51.4014251,0.015253,https://www.example-charity.org,contact.909@example-charity.org,09398 860636,,,,,,1,,,,Reuse,synthetic_sample_data
910,Charity,Haven Furniture Project (Coventry),63 Sample Street,Coventry,I5 9RZ,52.4526686,-1.4048224,https://www.example-charity.org,contact.910@example-charity.org,04139 698626,,,,4.9,,1,,,,Reuse,synthetic_sample_data
911,Charity,New Leaf Reuse Store (Leeds),70 Sample Street,Leeds,B7 3VJ,53.8790157,-1.5680163,https://www.example-charity.org,contact.911@example-charity.org,09217 804055,,,,,,0,,,,Reuse,synthetic_sample_data
912,Charity,Compass Reuse Store (London),5 Sample Street,London,Z6 2HH,51.5920152,-0.0806362,https://www.example-charity.org,contact.912@example-charity.org,08576 728180,,,,22.1,,1,,,,Reuse,synthetic_sample_data
913,Charity,Steppingstone Support Network (Coventry),88 Sample Street,Coventry,M8 9AK,52.4704101,-1.4216075,https://www.example-charity.org,contact.913@example-charity.org,06386 667759,,,,,,1,,,,Reuse,synthetic_sample_data
914,Charity,Bridge Foundation (Birmingham),147 Sample Street,Birmingham,M5 7BV,52.4747843,-1.8176287,https://www.example-charity.org,contact.914@example-charity.org,03785 805676,,,,63.1,,1,,,,Reuse,synthetic_sample_data
915,Charity,Lighthouse Reuse Store (Manchester),160 Sample Street,Manchester,K8 8AE,53.3930654,-2.0971394,https://www.example-charity.org,contact.915@example-charity.org,05781 887331,,,,,,1,,,,Reuse,synthetic_sample_data
916,Charity,Hope Outreach (Southampton),34 Sample Street,Southampton,X8 4MR,50.8891592,-1.2556522,https://www.example-charity.org,contact.916@example-charity.org,05651 683469,,,,,,0,,,,Reuse,synthetic_sample_data
917,Charity,Second Chance Foundation (Manchester),193 Sample Street,Manchester,F7 9NL,53.4495249,-2.3292084,https://www.example-charity.org,contact.917@example-charity.org,05740 287299,,,,,,1,,,,Reuse,synthetic_sample_data
918,Charity,Lighthouse Foundation (Sheffield),119 Sample Street,Sheffield,M4 7PY,53.4622499,-1.4310173,https://www.example-charity.org,contact.918@example-charity.org,09775 658375,,,,,,1,,,,Reuse,synthetic_sample_data
919,Charity,Compass Furniture Project (Birmingham),99 Sample Street,Birmingham,K8 3VD,52.6133732,-1.987112,https://www.example-charity.org,contact.919@example-charity.org,09727 970177,,,,,,1,,,,Reuse,synthetic_sample_data
920,Charity,Steppingstone Community Trust (Liverpool),188 Sample Street,Liverpool,T9 2TS,53.3814881,-2.9506749,https://www.example-charity.org,contact.920@example-charity.org,03270 739323,,,,,,0,,,,Reuse,synthetic_sample_data
921,Charity,Forward Charity Shop (Sheffield),42 Sample Street,Sheffield,A7 9QG,53.4140438,-1.5701623,https://www.example-charity.org,contact.921@example-charity.org,02490 488283,,,,,,0,,,,Reuse,synthetic_sample_data
922,Charity,Bridge Reuse Store (Birmingham),118 Sample Street,Birmingham,C1 4SO,52.4778507,-1.8265622,https://www.example-charity.org,contact.922@example-charity.org,03173 407213,,,,,,1,,,,Reuse,synthetic_sample_data
923,Charity,Together Charity Shop (Leeds),185 Sample Street,Leeds,T6 3HO,53.8898261,-1.4072584,https://www.example-charity.org,contact.923@example-charity.org,02821 942726,,,,0.7,,0,,,,Reuse,synthetic_sample_data
924,Charity,Forward Outreach (Reading),31 Sample Street,Reading,Z7 5WR,51.5073617,-0.8679812,https://www.example-charity.org,contact.924@example-charity.org,07313 173783,,,,60.7,,0,,,,Reuse,synthetic_sample_data
925,Charity,Compass Outreach (Newcastle),131 Sample Street,Newcastle,X1 6MW,54.9725423,-1.5499905,https://www.example-charity.org,contact.925@example-charity.org,07527 968543,,,,44.0,,0,,,,Reuse,synthetic_sample_data
926,Charity,Steppingstone Outreach (Manchester),37 Sample Street,Manchester,F6 7VK,53.3745951,-2.3138503,https://www.example-charity.org,contact.926@example-charity.org,02831 857065,,,,79.6,,0,,,,Reuse,synthetic_sample_data
927,Charity,Second Chance Support Network (Bristol),114 Sample Street,Bristol,H5 6JW,51.3336377,-2.5452893,https://www.example-charity.org,contact.927@example-charity.org,09053 889056,,,,,,1,,,,Reuse,synthetic_sample_data
928,Charity,Hope Outreach (Coventry),145 Sample Street,Coventry,Q5 1HL,52.3341765,-1.5871103,https://www.example-charity.org,contact.928@example-charity.org,03294 255214,,,,,,1,,,,Reuse,synthetic_sample_data
929,Charity,Compass Support Network (Bristol),75 Sample Street,Bristol,J3 3ET,51.5879376,-2.6904093,https://www.example-charity.org,contact.929@example-charity.org,08206 805983,,,,25.7,,0,,,,Reuse,synthetic_sample_data
930,Charity,New Leaf Foundation (London),159 Sample Street,London,L9 9MP,51.6126757,-0.1028309,https://www.example-charity.org,contact.930@example-charity.org,01197 372022,,,,97.2,,0,,,,Reuse,synthetic_sample_data
931,Charity,Lighthouse Support Network (Southampton),98 Sample Street,Southampton,F9 8FP,51.0154831,-1.4601111,https://www.example-charity.org,contact.931@example-charity.org,08950 779872,,,,,,0,,,,Reuse,synthetic_sample_data
932,Charity,New Leaf Reuse Store (Sheffield),164 Sample Street,Sheffield,G6 8OS,53.2985476,-1.5581712,https://www.example-charity.org,contact.932@example-charity.org,02959 781570,,,,84.0,,0,,,,Reuse,synthetic_sample_data
933,Charity,Haven Charity Shop (Coventry),190 Sample Street,Coventry,Q2 5RR,52.317559,-1.4704268,https://www.example-charity.org,contact.933@example-charity.org,02619 445521,,,,,,0,,,,Reuse,synthetic_sample_data
934,Charity,Bridge Reuse Store (London),117 Sample Street,London,U4 4WW,51.4913899,-0.1209154,https://www.example-charity.org,contact.934@example-charity.org,03993 823201,,,,,,1,,,,Reuse,synthetic_sample_data
935,Charity,Second Chance Community Trust (Nottingham),195 Sample Street,Nottingham,B4 4HS,52.888043,-1.0851669,https://www.example-charity.org,contact.935@example-charity.org,09561 417467,,,,,,1,,,,Reuse,synthetic_sample_data
936,Charity,Lighthouse Outreach (Manchester),51 Sample Street,Manchester,P2 8CP,53.4918801,-2.1581762,https://www.example-charity.org,contact.936@example-charity.org,02196 305967,,,,,,0,,,,Reuse,synthetic_sample_data
937,Charity,Steppingstone Support Network (Southampton),194 Sample Street,Southampton,O4 8AI,50.9058692,-1.3836012,https://www.example-charity.org,contact.937@example-charity.org,02827 854955,,,,,,1,,,,Reuse,synthetic_sample_data
938,Charity,Forward Foundation (Newcastle),71 Sample Street,Newcastle,J5 9HK,55.0176385,-1.6692082,https://www.example-charity.org,contact.938@example-charity.org,05649 776624,,,,50.3,,1,,,,Reuse,synthetic_sample_data
939,Charity,Forward Furniture Project (Manchester),195 Sample Street,Manchester,P8 3FC,53.6239687,-2.1088909,https://www.example-charity.org,contact.939@example-charity.org,06229 634299,,,,,,1,,,,Reuse,synthetic_sample_data
940,Charity,Together Outreach (Manchester),129 Sample Street,Manchester,Y2 4GJ,53.6083886,-2.2596405,https://www.example-charity.org,contact.940@example-charity.org,03992 302999,,,,,,1,,,,Reuse,synthetic_sample_data
941,Charity,Bridge Foundation (Manchester),41 Sample Street,Manchester,F4 7ZF,53.5362239,-2.1143346,https://www.example-charity.org,contact.941@example-charity.org,03532 439492,,,,15.7,,1,,,,Reuse,synthetic_sample_data
942,Charity,Compass Community Trust (Reading),187 Sample Street,Reading,J6 3JK,51.4828689,-1.0030273,https://www.example-charity.org,contact.942@example-charity.org,05306 594908,,,,,,1,,,,Reuse,synthetic_sample_data
943,Charity,Haven Furniture Project (Newcastle),71 Sample Street,Newcastle,N6 3OY,54.9207051,-1.5988141,https://www.example-charity.org,contact.943@example-charity.org,07620 157994,,,,,,0,,,,Reuse,synthetic_sample_data
944,Charity,Lighthouse Furniture Project (Leeds),190 Sample Street,Leeds,Z7 6RR,53.8494164,-1.6223212,https://www.example-charity.org,contact.944@example-charity.org,06273 548264,,,,,,0,,,,Reuse,synthetic_sample_data
945,Charity,Second Chance Furniture Project (Southampton),169 Sample Street,Southampton,K8 8BY,50.910583,-1.297479,https://www.example-charity.org,contact.945@example-charity.org,04983 268210,,,,,,1,,,,Reuse,synthetic_sample_data
946,Charity,Haven Furniture Project (Leeds),113 Sample Street,Leeds,U6 5RL,53.7348428,-1.5170885,https://www.example-charity.org,contact.946@example-charity.org,02661 158840,,,,11.1,,0,,,,Reuse,synthetic_sample_data
947,Charity,Haven Outreach (Coventry),113 Sample Street,Coventry,S5 4RC,52.2789966,-1.3765464,https://www.example-charity.org,contact.947@example-charity.org,03486 257726,,,,,,1,,,,Reuse,synthetic_sample_data
948,Charity,Hope Community Trust (Nottingham),192 Sample Street,Nottingham,W6 6YO,52.9641082,-1.2206742,https://www.example-charity.org,contact.948@example-charity.org,02114 924076,,,,18.4,,1,,,,Reuse,synthetic_sample_data
949,Charity,Compass Reuse Store (Leeds),125 Sample Street,Leeds,D7 7MZ,53.7890411,-1.5991964,https://www.example-charity.org,contact.949@example-charity.org,01379 247083,,,,83.2,,0,,,,Reuse,synthetic_sample_data
950,Charity,Hope Foundation (Nottingham),163 Sample Street,Nottingham,R8 5SK,52.9168423,-1.1383856,https://www.example-charity.org,contact.950@example-charity.org,06358 928519,,,,,,0,,,,Reuse,synthetic_sample_data
951,Charity,Second Chance Foundation (Southampton),49 Sample Street,Southampton,Q2 8TU,50.7873431,-1.3869128,https://www.example-charity.org,contact.951@example-charity.org,03592 937383,,,,76.7,,1,,,,Reuse,synthetic_sample_data
952,Charity,New Leaf Charity Shop (Bristol),178 Sample Street,Bristol,F6 8QY,51.4442145,-2.4710933,https://www.example-charity.org,contact.952@example-charity.org,06413 176573,,,,94.9,,0,,,,Reuse,synthetic_sample_data
953,Charity,Haven Furniture Project (Liverpool),150 Sample Street,Liverpool,K7 3IH,53.4308214,-3.1396938,https://www.example-charity.org,contact.953@example-charity.org,01139 336170,,,,32.7,,1,,,,Reuse,synthetic_sample_data
954,Charity,Steppingstone Reuse Store (Reading),26 Sample Street,Reading,Y3 4JF,51.5039206,-0.8971217,https://www.example-charity.org,contact.954@example-charity.org,03500 298020,,,,,,0,,,,Reuse,synthetic_sample_data
955,Charity,Lighthouse Outreach (Birmingham),109 Sample Street,Birmingham,V4 4JF,52.4982229,-1.7540018,https://www.example-charity.org,contact.955@example-charity.org,06166 341281,,,,23.3,,0,,,,Reuse,synthetic_sample_data
956,Charity,Forward Furniture Project (Sheffield),113 Sample Street,Sheffield,O4 7BO,53.2392889,-1.3568087,https://www.example-charity.org,contact.956@example-charity.org,07145 126658,,,,,,0,,,,Reuse,synthetic_sample_data
957,Charity,New Leaf Foundation (Liverpool),155 Sample Street,Liverpool,F4 2PX,53.4354652,-3.1042052,https://www.example-charity.org,contact.957@example-charity.org,09462 227615,,,,,,1,,,,Reuse,synthetic_sample_data
958,Charity,Together Reuse Store (Liverpool),98 Sample Street,Liverpool,Q2 8AA,53.3156943,-2.8460544,https://www.example-charity.org,contact.958@example-charity.org,08831 367685,,,,40.0,,0,,,,Reuse,synthetic_sample_data
959,Charity,Second Chance Support Network (Sheffield),71 Sample Street,Sheffield,W2 7PA,53.3392177,-1.5271055,https://www.example-charity.org,contact.959@example-charity.org,05926 340500,,,,89.7,,0,,,,Reuse,synthetic_sample_data
960,Charity,Hope Community Trust (Birmingham),54 Sample Street,Birmingham,E8 1BT,52.5904244,-1.9871925,https://www.example-charity.org,contact.960@example-charity.org,09497 263324,,,,66.1,,1,,,,Reuse,synthetic_sample_data
961,Charity,New Leaf Community Trust (Southampton),42 Sample Street,Southampton,X3 6DZ,50.8841629,-1.5071552,https://www.example-charity.org,contact.961@example-charity.org,09496 258733,,,,,,0,,,,Reuse,synthetic_sample_data
962,Charity,Compass Foundation (Bristol),9 Sample Street,Bristol,Z1 6AP,51.4255963,-2.6259448,https://www.example-charity.org,contact.962@example-charity.org,06260 129861,,,,14.4,,1,,,,Reuse,synthetic_sample_data
963,Charity,Together Community Trust (London),17 Sample Street,London,A6 4CN,51.5192425,-0.0490493,https://www.example-charity.org,contact.963@example-charity.org,03591 204978,,,,,,1,,,,Reuse,synthetic_sample_data
964,Charity,Together Support Network (Newcastle),66 Sample Street,Newcastle,T1 5PP,55.1233106,-1.5109579,https://www.example-charity.org,contact.964@example-charity.org,03202 998541,,,,,,1,,,,Reuse,synthetic_sample_data
965,Charity,Forward Charity Shop (Southampton),58 Sample Street,Southampton,H9 3ZE,50.9602296,-1.5254805,https://www.example-charity.org,contact.965@example-charity.org,04215 231945,,,,74.3,,1,,,,Reuse,synthetic_sample_data
966,Charity,Bridge Reuse Store (Bristol),172 Sample Street,Bristol,V5 6WO,51.5705754,-2.7063315,https://www.example-charity.org,contact.966@example-charity.org,04024 865492,,,,,,1,,,,Reuse,synthetic_sample_data
967,Charity,New Leaf Foundation (Birmingham),47 Sample Street,Birmingham,Z7 1ZG,52.4345832,-1.9279688,https://www.example-charity.org,contact.967@example-charity.org,01560 884267,,,,,,0,,,,Reuse,synthetic_sample_data
968,Charity,Steppingstone Support Network (Leeds),117 Sample Street,Leeds,L4 7OG,53.6993656,-1.6023403,https://www.example-charity.org,contact.968@example-charity.org,08927 999343,,,,54.6,,0,,,,Reuse,synthetic_sample_data
969,Charity,Lighthouse Reuse Store (Coventry),25 Sample Street,Coventry,K8 9OV,52.3405916,-1.4391467,https://www.example-charity.org,contact.969@example-charity.org,04052 367685,,,,34.2,,1,,,,Reuse,synthetic_sample_data
970,Charity,Hope Foundation (Manchester),183 Sample Street,Manchester,H8 2DR,53.5653863,-2.2646456,https://www.example-charity.org,contact.970@example-charity.org,03068 199178,,,,,,1,,,,Reuse,synthetic_sample_data
971,Charity,Second Chance Outreach (Bristol),57 Sample Street,Bristol,M9 4EV,51.4402694,-2.5719104,https://www.example-charity.org,contact.971@example-charity.org,09269 291482,,,,19.9,,1,,,,Reuse,synthetic_sample_data
972,Charity,Together Foundation (Nottingham),136 Sample Street,Nottingham,R6 9HW,52.9850809,-1.2625686,https://www.example-charity.org,contact.972@example-charity.org,01769 939133,,,,,,0,,,,Reuse,synthetic_sample_data
973,Charity,Steppingstone Community Trust (Manchester),103 Sample Street,Manchester,T7 4IB,53.5349191,-2.2021278,https://www.example-charity.org,contact.973@example-charity.org,03491 667092,,,,,,1,,,,Reuse,synthetic_sample_data
974,Charity,Compass Furniture Project (Newcastle),157 Sample Street,Newcastle,W9 5GX,54.9687012,-1.726964,https://www.example-charity.org,contact.974@example-charity.org,02226 363537,,,,,,0,,,,Reuse,synthetic_sample_data
975,Charity,Forward Outreach (London),166 Sample Street,London,Z4 7ZF,51.5839509,-0.235709,https://www.example-charity.org,contact.975@example-charity.org,03625 901733,,,,,,0,,,,Reuse,synthetic_sample_data
976,Charity,Compass Community Trust (Leeds),173 Sample Street,Leeds,X3 4OE,53.9010987,-1.6779405,https://www.example-charity.org,contact.976@example-charity.org,07577 229469,,,,,,1,,,,Reuse,synthetic_sample_data
977,Charity,Together Furniture Project (London),191 Sample Street,London,V8 5DR,51.548427,-0.1216139,https://www.example-charity.org,contact.977@example-charity.org,08718 343459,,,,15.4,,1,,,,Reuse,synthetic_sample_data
978,Charity,Compass Furniture Project (Bristol),58 Sample Street,Bristol,S3 8YJ,51.5893464,-2.7256085,https://www.example-charity.org,contact.978@example-charity.org,08643 546599,,,,,,0,,,,Reuse,synthetic_sample_data
979,Charity,Lighthouse Community Trust (Coventry),27 Sample Street,Coventry,W7 7BU,52.4377948,-1.4899859,https://www.example-charity.org,contact.979@example-charity.org,09102 977353,,,,28.0,,1,,,,Reuse,synthetic_sample_data
980,Charity,Compass Reuse Store (Bristol),57 Sample Street,Bristol,D8 4SP,51.4965796,-2.6392511,https://www.example-charity.org,contact.980@example-charity.org,02361 113554,,,,,,1,,,,Reuse,synthetic_sample_data
981,Charity,Forward Foundation (Manchester),152 Sample Street,Manchester,Q7 1TD,53.6299908,-2.1447218,https://www.example-charity.org,contact.981@example-charity.org,07157 736095,,,,64.3,,0,,,,Reuse,synthetic_sample_data
982,Charity,Bridge Reuse Store (Southampton),113 Sample Street,Southampton,M1 6UZ,50.7881741,-1.2643811,https://www.example-charity.org,contact.982@example-charity.org,07911 954886,,,,57.3,,0,,,,Reuse,synthetic_sample_data
983,Charity,Haven Charity Shop (Liverpool),26 Sample Street,Liverpool,S3 1UK,53.5023482,-2.9531645,https://www.example-charity.org,contact.983@example-charity.org,01420 326533,,,,,,1,,,,Reuse,synthetic_sample_data
984,Charity,Compass Reuse Store (London),84 Sample Street,London,H5 8ZB,51.5761172,-0.022971,https://www.example-charity.org,contact.984@example-charity.org,06636 469495,,,,,,1,,,,Reuse,synthetic_sample_data
985,Charity,Together Charity Shop (Birmingham),86 Sample Street,Birmingham,M6 3PC,52.3990143,-1.8091573,https://www.example-charity.org,contact.985@example-charity.org,06273 876685,,,,,,0,,,,Reuse,synthetic_sample_data
986,Charity,Second Chance Charity Shop (Sheffield),52 Sample Street,Sheffield,T8 3YM,53.4797049,-1.5897105,https://www.example-charity.org,contact.986@example-charity.org,07652 428124,,,,,,1,,,,Reuse,synthetic_sample_data
987,Charity,Lighthouse Outreach (Sheffield),80 Sample Street,Sheffield,K1 2GS,53.3322004,-1.4887693,https://www.example-charity.org,contact.987@example-charity.org,03608 276730,,,,70.0,,1,,,,Reuse,synthetic_sample_data
988,Charity,Second Chance Community Trust (Nottingham),88 Sample Street,Nottingham,W7 5EW,52.9662763,-1.1887086,https://www.example-charity.org,contact.988@example-charity.org,02529 194940,,,,,,1,,,,Reuse,synthetic_sample_data
989,Charity,Compass Foundation (Birmingham),40 Sample Street,Birmingham,H8 1HR,52.6125775,-2.0093122,https://www.example-charity.org,contact.989@example-charity.org,02346 439566,,,,27.4,,1,,,,Reuse,synthetic_sample_data
990,Charity,Bridge Community Trust (Leeds),63 Sample Street,Leeds,Z4 3AJ,53.9007744,-1.4041213,https://www.example-charity.org,contact.990@example-charity.org,08214 779367,,,,85.8,,1,,,,Reuse,synthetic_sample_data
991,Charity,Steppingstone Community Trust (Newcastle),181 Sample Street,Newcastle,Q7 7XI,54.9526578,-1.6024322,https://www.example-charity.org,contact.991@example-charity.org,07755 295095,,,,36.4,,1,,,,Reuse,synthetic_sample_data
992,Charity,Bridge Reuse Store (Liverpool),138 Sample Street,Liverpool,C3 6WH,53.3694686,-2.8715841,https://www.example-charity.org,contact.992@example-charity.org,09853 474419,,,,,,0,,,,Reuse,synthetic_sample_data
993,Charity,Second Chance Outreach (Nottingham),148 Sample Street,Nottingham,L9 4OI,53.0173062,-1.147492,https://www.example-charity.org,contact.993@example-charity.org,04732 855086,,,,46.0,,1,,,,Reuse,synthetic_sample_data
994,Charity,New Leaf Furniture Project (Newcastle),38 Sample Street,Newcastle,U1 6PW,55.0056189,-1.7484027,https://www.example-charity.org,contact.994@example-charity.org,08347 686149,,,,,,1,,,,Reuse,synthetic_sample_data
995,Charity,Compass Charity Shop (Manchester),35 Sample Street,Manchester,T8 7WY,53.6172203,-2.3097729,https://www.example-charity.org,contact.995@example-charity.org,01451 848276,,,,21.5,,1,,,,Reuse,synthetic_sample_data
996,Charity,Lighthouse Community Trust (Bristol),14 Sample Street,Bristol,E9 6AT,51.4660187,-2.5354997,https://www.example-charity.org,contact.996@example-charity.org,09322 526919,,,,35.8,,0,,,,Reuse,synthetic_sample_data
997,Charity,New Leaf Charity Shop (Manchester),127 Sample Street,Manchester,T3 3AU,53.5149551,-2.2336684,https://www.example-charity.org,contact.997@example-charity.org,04188 360885,,,,33.2,,0,,,,Reuse,synthetic_sample_data
998,Charity,Haven Outreach (Liverpool),25 Sample Street,Liverpool,W8 3KF,53.4306009,-2.856891,https://www.example-charity.org,contact.998@example-charity.org,07677 499812,,,,,,0,,,,Reuse,synthetic_sample_data
999,Charity,Second Chance Community Trust (Coventry),21 Sample Street,Coventry,G4 6UU,52.3859083,-1.5940958,https://www.example-charity.org,contact.999@example-charity.org,05268 520927,,,,,,0,,,,Reuse,synthetic_sample_data
1000,Charity,Hope Foundation (Nottingham),4 Sample Street,Nottingham,L2 3AQ,52.8821303,-1.0443096,https://www.example-charity.org,contact.1000@example-charity.org,01969 815873,,,,,,1,,,,Reuse,synthetic_sample_data
1001,Charity,Steppingstone Reuse Store (Bristol),89 Sample Street,Bristol,G8 3RG,51.3127961,-2.4663565,https://www.example-charity.org,contact.1001@example-charity.org,02136 280767,,,,,,0,,,,Reuse,synthetic_sample_data
1002,Charity,Forward Charity Shop (Southampton),138 Sample Street,Southampton,E8 1TB,50.8719505,-1.5013215,https://www.example-charity.org,contact.1002@example-charity.org,03908 631972,,,,79.4,,0,,,,Reuse,synthetic_sample_data
1003,Charity,New Leaf Foundation (Bristol),157 Sample Street,Bristol,D8 4TE,51.5850098,-2.7055675,https://www.example-charity.org,contact.1003@example-charity.org,09494 275516,,,,93.8,,1,,,,Reuse,synthetic_sample_data
1004,Charity,Second Chance Reuse Store (Newcastle),104 Sample Street,Newcastle,E4 8GZ,55.1115033,-1.5671885,https://www.example-charity.org,contact.1004@example-charity.org,05034 483457,,,,,,0,,,,Reuse,synthetic_sample_data
1005,Charity,Steppingstone Furniture Project (Newcastle),180 Sample Street,Newcastle,V6 9SS,55.0715722,-1.4948996,https://www.example-charity.org,contact.1005@example-charity.org,09517 195371,,,,,,1,,,,Reuse,synthetic_sample_data
1006,Charity,New Leaf Support Network (Nottingham),22 Sample Street,Nottingham,U7 7NM,52.9977596,-1.2233315,https://www.example-charity.org,contact.1006@example-charity.org,04244 407189,,,,,,1,,,,Reuse,synthetic_sample_data
1007,Charity,Haven Reuse Store (Manchester),49 Sample Street,Manchester,Y5 1QB,53.4272543,-2.2473687,https://www.example-charity.org,contact.1007@example-charity.org,09152 924558,,,,30.7,,0,,,,Reuse,synthetic_sample_data
1008,Charity,Hope Furniture Project (Reading),112 Sample Street,Reading,G6 9BV,51.3983961,-1.1137132,https://www.example-charity.org,contact.1008@example-charity.org,05963 503598,,,,52.4,,0,,,,Reuse,synthetic_sample_data
1009,Charity,Bridge Furniture Project (Nottingham),127 Sample Street,Nottingham,H6 2WG,52.9160472,-1.0983451,https://www.example-charity.org,contact.1009@example-charity.org,08491 294726,,,,,,0,,,,Reuse,synthetic_sample_data
1010,Charity,Second Chance Reuse Store (London),96 Sample Street,London,V6 3MH,51.6340259,-0.215991,https://www.example-charity.org,contact.1010@example-charity.org,01077 352064,,,,40.2,,0,,,,Reuse,synthetic_sample_data
1011,Charity,Compass Support Network (Birmingham),107 Sample Street,Birmingham,U5 7WA,52.5158255,-1.8538709,https://www.example-charity.org,contact.1011@example-charity.org,06074 314828,,,,37.7,,0,,,,Reuse,synthetic_sample_data
1012,Charity,Haven Furniture Project (Newcastle),30 Sample Street,Newcastle,V4 2UD,54.9043276,-1.7646711,https://www.example-charity.org,contact.1012@example-charity.org,08358 235149,,,,,,1,,,,Reuse,synthetic_sample_data
1013,Charity,Compass Charity Shop (Manchester),28 Sample Street,Manchester,R5 5SI,53.3858076,-2.2943864,https://www.example-charity.org,contact.1013@example-charity.org,07524 398641,,,,39.5,,0,,,,Reuse,synthetic_sample_data
1014,Charity,New Leaf Foundation (Manchester),100 Sample Street,Manchester,P2 2HB,53.497225,-2.2432098,https://www.example-charity.org,contact.1014@example-charity.org,01584 591737,,,,,,0,,,,Reuse,synthetic_sample_data
1015,Charity,New Leaf Support Network (Leeds),12 Sample Street,Leeds,Q4 4XK,53.7815846,-1.5878294,https://www.example-charity.org,contact.1015@example-charity.org,01672 795076,,,,,,0,,,,Reuse,synthetic_sample_data
1016,Charity,New Leaf Reuse Store (Sheffield),75 Sample Street,Sheffield,U1 7ME,53.4889463,-1.5448594,https://www.example-charity.org,contact.1016@example-charity.org,08569 310396,,,,,,0,,,,Reuse,synthetic_sample_data
1017,Charity,Forward Furniture Project (Birmingham),37 Sample Street,Birmingham,H9 5RF,52.5243641,-1.9396334,https://www.example-charity.org,contact.1017@example-charity.org,08217 172753,,,,,,1,,,,Reuse,synthetic_sample_data
1018,Charity,Together Foundation (London),37 Sample Street,London,X3 6LB,51.3908097,-0.2582606,https://www.example-charity.org,contact.1018@example-charity.org,01286 748634,,,,68.4,,0,,,,Reuse,synthetic_sample_data
1019,Charity,Haven Outreach (Liverpool),167 Sample Street,Liverpool,H1 9CA,53.2594263,-3.1240747,https://www.example-charity.org,contact.1019@example-charity.org,02960 998632,,,,47.6,,1,,,,Reuse,synthetic_sample_data
1020,Charity,Bridge Charity Shop (Bristol),117 Sample Street,Bristol,I6 8PE,51.510183,-2.6218699,https://www.example-charity.org,contact.1020@example-charity.org,09037 742366,,,,,,1,,,,Reuse,synthetic_sample_data
1021,Charity,New Leaf Support Network (Leeds),37 Sample Street,Leeds,L1 7ZJ,53.6941222,-1.507972,https://www.example-charity.org,contact.1021@example-charity.org,05214 268104,,,,,,1,,,,Reuse,synthetic_sample_data
1022,Charity,Haven Community Trust (Coventry),116 Sample Street,Coventry,M7 7OX,52.5207415,-1.4141949,https://www.example-charity.org,contact.1022@example-charity.org,06782 318209,,,,,,1,,,,Reuse,synthetic_sample_data
1023,Charity,Haven Community Trust (Newcastle),187 Sample Street,Newcastle,H4 4SG,54.9373681,-1.6699967,https://www.example-charity.org,contact.1023@example-charity.org,09682 315917,,,,61.9,,1,,,,Reuse,synthetic_sample_data
1024,Charity,Lighthouse Charity Shop (Nottingham),167 Sample Street,Nottingham,M3 8DR,53.0635316,-1.0704765,https://www.example-charity.org,contact.1024@example-charity.org,06028 323885,,,,,,1,,,,Reuse,synthetic_sample_data
1025,Charity,New Leaf Charity Shop (London),53 Sample Street,London,N3 8AW,51.4172229,-0.1764951,https://www.example-charity.org,contact.1025@example-charity.org,07296 642638,,,,,,0,,,,Reuse,synthetic_sample_data
1026,Charity,New Leaf Charity Shop (Bristol),120 Sample Street,Bristol,Z4 3NK,51.5995898,-2.533711,https://www.example-charity.org,contact.1026@example-charity.org,07584 703003,,,,,,0,,,,Reuse,synthetic_sample_data
1027,Charity,Steppingstone Foundation (Newcastle),14 Sample Street,Newcastle,D2 2AA,54.9231644,-1.4878939,https://www.example-charity.org,contact.1027@example-charity.org,01578 809035,,,,,,0,,,,Reuse,synthetic_sample_data
1028,Charity,New Leaf Community Trust (Sheffield),122 Sample Street,Sheffield,C6 6SO,53.5105688,-1.5130911,https://www.example-charity.org,contact.1028@example-charity.org,06039 981515,,,,,,0,,,,Reuse,synthetic_sample_data
1029,Charity,New Leaf Community Trust (Bristol),142 Sample Street,Bristol,D9 7FR,51.3954721,-2.4971992,https://www.example-charity.org,contact.1029@example-charity.org,03674 535353,,,,70.0,,1,,,,Reuse,synthetic_sample_data
1030,Charity,Second Chance Charity Shop (Coventry),98 Sample Street,Coventry,D1 3MP,52.5111984,-1.5948831,https://www.example-charity.org,contact.1030@example-charity.org,03402 566515,,,,,,0,,,,Reuse,synthetic_sample_data
1031,Charity,Forward Foundation (Southampton),95 Sample Street,Southampton,A8 6KC,50.9661364,-1.3090145,https://www.example-charity.org,contact.1031@example-charity.org,03979 569063,,,,,,0,,,,Reuse,synthetic_sample_data
1032,Charity,New Leaf Furniture Project (Southampton),127 Sample Street,Southampton,K5 2LT,50.8497314,-1.4363153,https://www.example-charity.org,contact.1032@example-charity.org,04229 765030,,,,,,1,,,,Reuse,synthetic_sample_data
1033,Charity,Together Reuse Store (Birmingham),62 Sample Street,Birmingham,P6 3BU,52.4457648,-1.9645853,https://www.example-charity.org,contact.1033@example-charity.org,09526 124583,,,,26.3,,1,,,,Reuse,synthetic_sample_data
1034,Charity,Forward Charity Shop (Sheffield),189 Sample Street,Sheffield,R1 3TA,53.2432367,-1.3951007,https://www.example-charity.org,contact.1034@example-charity.org,02314 449090,,,,,,1,,,,Reuse,synthetic_sample_data
1035,Charity,Haven Furniture Project (Liverpool),109 Sample Street,Liverpool,M6 6ZQ,53.3182927,-3.0005637,https://www.example-charity.org,contact.1035@example-charity.org,05428 830706,,,,,,1,,,,Reuse,synthetic_sample_data
1036,Charity,Together Community Trust (Birmingham),171 Sample Street,Birmingham,I2 8VC,52.6190719,-1.8246649,https://www.example-charity.org,contact.1036@example-charity.org,09008 395322,,,,86.1,,0,,,,Reuse,synthetic_sample_data
1037,Charity,Second Chance Community Trust (London),61 Sample Street,London,L2 3SZ,51.6006265,-0.035932,https://www.example-charity.org,contact.1037@example-charity.org,02219 285710,,,,86.4,,0,,,,Reuse,synthetic_sample_data
1038,Charity,Steppingstone Furniture Project (Coventry),28 Sample Street,Coventry,U8 6ZV,52.2608342,-1.4276041,https://www.example-charity.org,contact.1038@example-charity.org,03559 711062,,,,5.6,,0,,,,Reuse,synthetic_sample_data
1039,Charity,New Leaf Furniture Project (Leeds),21 Sample Street,Leeds,N4 4BW,53.9262007,-1.4211314,https://www.example-charity.org,contact.1039@example-charity.org,02500 104027,,,,,,0,,,,Reuse,synthetic_sample_data
1040,Charity,Forward Foundation (Newcastle),2 Sample Street,Newcastle,J1 8FQ,55.0735653,-1.5553287,https://www.example-charity.org,contact.1040@example-charity.org,04048 592002,,,,,,0,,,,Reuse,synthetic_sample_data
1041,Charity,Bridge Charity Shop (Bristol),194 Sample Street,Bristol,Y2 4FK,51.3476678,-2.5753005,https://www.example-charity.org,contact.1041@example-charity.org,03031 837010,,,,16.2,,1,,,,Reuse,synthetic_sample_data
1042,Charity,Bridge Support Network (Southampton),175 Sample Street,Southampton,L4 9AU,50.8833846,-1.3622215,https://www.example-charity.org,contact.1042@example-charity.org,05111 964517,,,,,,0,,,,Reuse,synthetic_sample_data
1043,Charity,Hope Foundation (Manchester),23 Sample Street,Manchester,V8 1XV,53.3492859,-2.2444231,https://www.example-charity.org,contact.1043@example-charity.org,08046 183835,,,,,,1,,,,Reuse,synthetic_sample_data
1044,Charity,Second Chance Foundation (Coventry),123 Sample Street,Coventry,K8 6XZ,52.4611242,-1.4662413,https://www.example-charity.org,contact.1044@example-charity.org,05299 862470,,,,,,1,,,,Reuse,synthetic_sample_data
1045,Charity,Bridge Community Trust (Newcastle),84 Sample Street,Newcastle,W6 7OO,54.9223424,-1.4680708,https://www.example-charity.org,contact.1045@example-charity.org,03794 144773,,,,84.6,,1,,,,Reuse,synthetic_sample_data
1046,Charity,New Leaf Community Trust (Newcastle),39 Sample Street,Newcastle,A3 6MU,55.0889047,-1.6284822,https://www.example-charity.org,contact.1046@example-charity.org,07317 539979,,,,,,0,,,,Reuse,synthetic_sample_data
1047,Charity,New Leaf Community Trust (Liverpool),70 Sample Street,Liverpool,D1 7PE,53.4958125,-2.9430684,https://www.example-charity.org,contact.1047@example-charity.org,04013 327534,,,,,,0,,,,Reuse,synthetic_sample_data
1048,Charity,Together Reuse Store (Newcastle),125 Sample Street,Newcastle,P8 7NF,54.9459696,-1.6767434,https://www.example-charity.org,contact.1048@example-charity.org,04731 299172,,,,6.0,,0,,,,Reuse,synthetic_sample_data
1049,Charity,Steppingstone Reuse Store (Manchester),4 Sample Street,Manchester,Q8 4NP,53.6166851,-2.1807928,https://www.example-charity.org,contact.1049@example-charity.org,03317 346575,,,,63.2,,1,,,,Reuse,synthetic_sample_data
1050,Charity,Steppingstone Furniture Project (Reading),33 Sample Street,Reading,J6 6ZW,51.3974836,-0.9425559,https://www.example-charity.org,contact.1050@example-charity.org,03120 655364,,,,,,1,,,,Reuse,synthetic_sample_data
1051,Charity,Bridge Community Trust (Manchester),143 Sample Street,Manchester,H6 8ZI,53.3361129,-2.2815974,https://www.example-charity.org,contact.1051@example-charity.org,06344 821715,,,,,,1,,,,Reuse,synthetic_sample_data
1052,Charity,Lighthouse Outreach (Coventry),121 Sample Street,Coventry,S4 4PS,52.3151133,-1.6315601,https://www.example-charity.org,contact.1052@example-charity.org,04750 842501,,,,31.3,,0,,,,Reuse,synthetic_sample_data
1053,Charity,Second Chance Foundation (Liverpool),200 Sample Street,Liverpool,T5 2OM,53.4834577,-2.9545179,https://www.example-charity.org,contact.1053@example-charity.org,09043 585164,,,,,,1,,,,Reuse,synthetic_sample_data
1054,Charity,Hope Support Network (Coventry),124 Sample Street,Coventry,U1 6LT,52.299725,-1.4153682,https://www.example-charity.org,contact.1054@example-charity.org,05040 334181,,,,,,1,,,,Reuse,synthetic_sample_data
1055,Charity,Together Community Trust (Sheffield),189 Sample Street,Sheffield,T2 5XB,53.3765093,-1.5258495,https://www.example-charity.org,contact.1055@example-charity.org,04083 726615,,,,52.4,,1,,,,Reuse,synthetic_sample_data
1056,Charity,Hope Reuse Store (Leeds),165 Sample Street,Leeds,E5 1AU,53.8880128,-1.5722026,https://www.example-charity.org,contact.1056@example-charity.org,05276 314161,,,,7.9,,1,,,,Reuse,synthetic_sample_data
1057,Charity,New Leaf Foundation (Birmingham),51 Sample Street,Birmingham,K2 5OI,52.4702055,-1.9257942,https://www.example-charity.org,contact.1057@example-charity.org,08276 895304,,,,45.3,,0,,,,Reuse,synthetic_sample_data
1058,Charity,Second Chance Furniture Project (Southampton),97 Sample Street,Southampton,P6 3KX,50.7982607,-1.2675683,https://www.example-charity.org,contact.1058@example-charity.org,06349 679417,,,,,,1,,,,Reuse,synthetic_sample_data
1059,Charity,Steppingstone Outreach (Reading),186 Sample Street,Reading,J6 1QB,51.4014653,-1.0747005,https://www.example-charity.org,contact.1059@example-charity.org,01565 774885,,,,13.2,,0,,,,Reuse,synthetic_sample_data
1060,Charity,New Leaf Charity Shop (Manchester),106 Sample Street,Manchester,Y6 6KC,53.3727734,-2.361924,https://www.example-charity.org,contact.1060@example-charity.org,04850 196321,,,,,,0,,,,Reuse,synthetic_sample_data
1061,Charity,Haven Charity Shop (Newcastle),41 Sample Street,Newcastle,E9 2GO,54.948468,-1.7491549,https://www.example-charity.org,contact.1061@example-charity.org,07487 828326,,,,,,1,,,,Reuse,synthetic_sample_data
1062,Charity,Together Furniture Project (Leeds),57 Sample Street,Leeds,W4 8BB,53.7225796,-1.5056724,https://www.example-charity.org,contact.1062@example-charity.org,01859 774132,,,,95.0,,0,,,,Reuse,synthetic_sample_data
1063,Charity,Haven Furniture Project (Nottingham),179 Sample Street,Nottingham,J8 1VW,52.9006377,-1.1918424,https://www.example-charity.org,contact.1063@example-charity.org,09359 902723,,,,,,0,,,,Reuse,synthetic_sample_data
1064,Charity,Bridge Foundation (London),102 Sample Street,London,L2 6QF,51.4174373,-0.2669983,https://www.example-charity.org,contact.1064@example-charity.org,09052 107499,,,,,,0,,,,Reuse,synthetic_sample_data
1065,Charity,Together Reuse Store (Reading),84 Sample Street,Reading,F4 5KG,51.5275762,-1.0436749,https://www.example-charity.org,contact.1065@example-charity.org,09370 507287,,,,39.3,,1,,,,Reuse,synthetic_sample_data
1066,Charity,Together Outreach (Newcastle),28 Sample Street,Newcastle,F2 1MZ,54.8369452,-1.5867896,https://www.example-charity.org,contact.1066@example-charity.org,07646 314528,,,,87.4,,0,,,,Reuse,synthetic_sample_data
1067,Charity,Bridge Foundation (Southampton),56 Sample Street,Southampton,O1 4SI,50.9804108,-1.4648171,https://www.example-charity.org,contact.1067@example-charity.org,05970 478471,,,,,,1,,,,Reuse,synthetic_sample_data
1068,Charity,Lighthouse Community Trust (London),193 Sample Street,London,M6 8MT,51.4223271,-0.2235243,https://www.example-charity.org,contact.1068@example-charity.org,09185 854914,,,,,,1,,,,Reuse,synthetic_sample_data
1069,Charity,Bridge Furniture Project (Newcastle),78 Sample Street,Newcastle,A1 1IA,54.996549,-1.6821973,https://www.example-charity.org,contact.1069@example-charity.org,02757 100283,,,,,,0,,,,Reuse,synthetic_sample_data
1070,Charity,Bridge Support Network (Manchester),9 Sample Street,Manchester,I7 1JY,53.3468614,-2.3280074,https://www.example-charity.org,contact.1070@example-charity.org,07108 179796,,,,30.2,,1,,,,Reuse,synthetic_sample_data
1071,Charity,Bridge Furniture Project (Newcastle),61 Sample Street,Newcastle,F1 2CX,55.1073377,-1.5015914,https://www.example-charity.org,contact.1071@example-charity.org,01497 599651,,,,,,1,,,,Reuse,synthetic_sample_data
1072,Charity,Second Chance Charity Shop (Bristol),128 Sample Street,Bristol,C7 7AB,51.3112677,-2.5689308,https://www.example-charity.org,contact.1072@example-charity.org,03511 325942,,,,,,1,,,,Reuse,synthetic_sample_data
1073,Charity,Hope Charity Shop (Liverpool),69 Sample Street,Liverpool,I5 8GZ,53.3109069,-3.1376193,https://www.example-charity.org,contact.1073@example-charity.org,02032 906913,,,,,,1,,,,Reuse,synthetic_sample_data
1074,Charity,Hope Charity Shop (Leeds),184 Sample Street,Leeds,N9 8ZH,53.7212456,-1.5647033,https://www.example-charity.org,contact.1074@example-charity.org,01722 690570,,,,4.7,,1,,,,Reuse,synthetic_sample_data
1075,Charity,Forward Foundation (Manchester),83 Sample Street,Manchester,V6 9RE,53.5102147,-2.2557228,https://www.example-charity.org,contact.1075@example-charity.org,03685 491399,,,,34.7,,0,,,,Reuse,synthetic_sample_data
1076,Charity,Lighthouse Outreach (Southampton),111 Sample Street,Southampton,V8 9NL,50.8802338,-1.4141547,https://www.example-charity.org,contact.1076@example-charity.org,05791 254804,,,,,,1,,,,Reuse,synthetic_sample_data
1077,Charity,Forward Support Network (Birmingham),38 Sample Street,Birmingham,F1 6QU,52.4360412,-1.9327994,https://www.example-charity.org,contact.1077@example-charity.org,09834 813385,,,,,,0,,,,Reuse,synthetic_sample_data
1078,Charity,Bridge Outreach (Southampton),134 Sample Street,Southampton,N2 9RB,50.8015564,-1.3095225,https://www.example-charity.org,contact.1078@example-charity.org,07493 185714,,,,,,0,,,,Reuse,synthetic_sample_data
1079,Charity,New Leaf Charity Shop (Bristol),188 Sample Street,Bristol,W6 8DK,51.5848516,-2.5385089,https://www.example-charity.org,contact.1079@example-charity.org,04715 817237,,,,37.3,,1,,,,Reuse,synthetic_sample_data
1080,Charity,Steppingstone Reuse Store (Nottingham),117 Sample Street,Nottingham,Y2 4UU,53.0018676,-1.1902601,https://www.example-charity.org,contact.1080@example-charity.org,07684 821211,,,,,,0,,,,Reuse,synthetic_sample_data
1081,Charity,Together Outreach (Coventry),104 Sample Street,Coventry,E2 5HY,52.2569788,-1.4316218,https://www.example-charity.org,contact.1081@example-charity.org,02766 619257,,,,,,0,,,,Reuse,synthetic_sample_data
1082,Charity,Bridge Furniture Project (Nottingham),175 Sample Street,Nottingham,J2 4FY,52.9962746,-1.0226348,https://www.example-charity.org,contact.1082@example-charity.org,01265 132608,,,,,,1,,,,Reuse,synthetic_sample_data
1083,Charity,Lighthouse Charity Shop (Newcastle),54 Sample Street,Newcastle,W5 6ML,55.1136038,-1.6412247,https://www.example-charity.org,contact.1083@example-charity.org,07602 111081,,,,,,1,,,,Reuse,synthetic_sample_data
1084,Charity,Forward Furniture Project (Reading),99 Sample Street,Reading,L1 5WP,51.488741,-1.1155375,https://www.example-charity.org,contact.1084@example-charity.org,09191 435158,,,,77.0,,1,,,,Reuse,synthetic_sample_data
1085,Charity,Forward Furniture Project (Coventry),24 Sample Street,Coventry,P2 8IR,52.4329374,-1.4055093,https://www.example-charity.org,contact.1085@example-charity.org,07225 140550,,,,,,0,,,,Reuse,synthetic_sample_data
1086,Charity,Steppingstone Support Network (Newcastle),106 Sample Street,Newcastle,J9 8GT,54.9422553,-1.6665852,https://www.example-charity.org,contact.1086@example-charity.org,01562 438556,,,,,,0,,,,Reuse,synthetic_sample_data
1087,Charity,Together Support Network (Southampton),100 Sample Street,Southampton,F8 5WS,51.018515,-1.3201495,https://www.example-charity.org,contact.1087@example-charity.org,02132 626461,,,,53.6,,0,,,,Reuse,synthetic_sample_data
1088,Charity,Forward Community Trust (Bristol),110 Sample Street,Bristol,F1 5TK,51.4801983,-2.528435,https://www.example-charity.org,contact.1088@example-charity.org,08401 407641,,,,,,0,,,,Reuse,synthetic_sample_data
1089,Charity,Hope Support Network (Manchester),88 Sample Street,Manchester,M1 5FH,53.3905369,-2.2467258,https://www.example-charity.org,contact.1089@example-charity.org,03893 909985,,,,58.4,,1,,,,Reuse,synthetic_sample_data
1090,Charity,Second Chance Furniture Project (Leeds),179 Sample Street,Leeds,E1 8PL,53.8649484,-1.4565744,https://www.example-charity.org,contact.1090@example-charity.org,03694 245967,,,,,,1,,,,Reuse,synthetic_sample_data
1091,Charity,Hope Reuse Store (Reading),68 Sample Street,Reading,W7 2CC,51.4673454,-1.0025126,https://www.example-charity.org,contact.1091@example-charity.org,08148 684352,,,,66.5,,1,,,,Reuse,synthetic_sample_data
1092,Charity,New Leaf Furniture Project (Liverpool),140 Sample Street,Liverpool,C3 4OV,53.4105341,-3.0686304,https://www.example-charity.org,contact.1092@example-charity.org,01395 269864,,,,,,1,,,,Reuse,synthetic_sample_data
1093,Charity,New Leaf Foundation (Newcastle),77 Sample Street,Newcastle,R1 4GE,54.8483457,-1.5308006,https://www.example-charity.org,contact.1093@example-charity.org,07770 221477,,,,,,1,,,,Reuse,synthetic_sample_data
1094,Charity,Hope Furniture Project (London),36 Sample Street,London,I9 1JZ,51.4689576,-0.1247412,https://www.example-charity.org,contact.1094@example-charity.org,09594 798258,,,,,,0,,,,Reuse,synthetic_sample_data
1095,Charity,Forward Support Network (Newcastle),161 Sample Street,Newcastle,D3 7RU,55.0686676,-1.7111999,https://www.example-charity.org,contact.1095@example-charity.org,08843 324523,,,,,,0,,,,Reuse,synthetic_sample_data
1096,Charity,New Leaf Outreach (Birmingham),193 Sample Street,Birmingham,Q2 3HU,52.5363247,-1.7830463,https://www.example-charity.org,contact.1096@example-charity.org,02114 600892,,,,,,1,,,,Reuse,synthetic_sample_data
1097,Charity,Haven Furniture Project (Leeds),96 Sample Street,Leeds,M1 4VX,53.8991927,-1.5771826,https://www.example-charity.org,contact.1097@example-charity.org,06250 918551,,,,,,0,,,,Reuse,synthetic_sample_data
1098,Charity,Together Support Network (Coventry),20 Sample Street,Coventry,T9 5PY,52.5290524,-1.5258903,https://www.example-charity.org,contact.1098@example-charity.org,03576 353063,,,,,,0,,,,Reuse,synthetic_sample_data
1099,Charity,New Leaf Outreach (Liverpool),88 Sample Street,Liverpool,I7 5OU,53.2783002,-3.1161472,https://www.example-charity.org,contact.1099@example-charity.org,01654 487470,,,,,,1,,,,Reuse,synthetic_sample_data
1100,Charity,Forward Support Network (Bristol),133 Sample Street,Bristol,K2 8KR,51.5611137,-2.5969264,https://www.example-charity.org,contact.1100@example-charity.org,03248 592126,,,,6.3,,1,,,,Reuse,synthetic_sample_data
1101,Charity,Bridge Reuse Store (Bristol),86 Sample Street,Bristol,S4 6JG,51.5669255,-2.5595699,https://www.example-charity.org,contact.1101@example-charity.org,06311 351044,,,,,,1,,,,Reuse,synthetic_sample_data
1102,Charity,Bridge Outreach (Bristol),93 Sample Street,Bristol,Y5 4VV,51.383673,-2.6107456,https://www.example-charity.org,contact.1102@example-charity.org,03281 941214,,,,55.3,,0,,,,Reuse,synthetic_sample_data
1103,Charity,Compass Charity Shop (Newcastle),128 Sample Street,Newcastle,T6 3UZ,55.0028247,-1.7157753,https://www.example-charity.org,contact.1103@example-charity.org,05047 315727,,,,,,1,,,,Reuse,synthetic_sample_data
1104,Charity,Forward Foundation (Newcastle),141 Sample Street,Newcastle,I2 5DM,55.0434124,-1.4880548,https://www.example-charity.org,contact.1104@example-charity.org,06593 253448,,,,0.3,,0,,,,Reuse,synthetic_sample_data
1105,Charity,Together Foundation (Bristol),110 Sample Street,Bristol,S7 4IB,51.5828417,-2.6014718,https://www.example-charity.org,contact.1105@example-charity.org,05539 635946,,,,49.0,,0,,,,Reuse,synthetic_sample_data
1106,Charity,New Leaf Community Trust (Newcastle),28 Sample Street,Newcastle,Y1 1CI,54.9594517,-1.6738574,https://www.example-charity.org,contact.1106@example-charity.org,03013 478887,,,,,,1,,,,Reuse,synthetic_sample_data
1107,Charity,Haven Community Trust (Birmingham),160 Sample Street,Birmingham,S1 1DK,52.5713612,-1.7626757,https://www.example-charity.org,contact.1107@example-charity.org,01654 792371,,,,28.4,,0,,,,Reuse,synthetic_sample_data
1108,Charity,Compass Foundation (Leeds),82 Sample Street,Leeds,H3 1RS,53.7169313,-1.5180016,https://www.example-charity.org,contact.1108@example-charity.org,06792 981609,,,,17.2,,1,,,,Reuse,synthetic_sample_data
1109,Charity,New Leaf Furniture Project (Leeds),57 Sample Street,Leeds,P2 2HN,53.8133134,-1.6938678,https://www.example-charity.org,contact.1109@example-charity.org,05419 948875,,,,,,0,,,,Reuse,synthetic_sample_data
1110,Charity,Hope Community Trust (Birmingham),26 Sample Street,Birmingham,S7 8GH,52.6114877,-1.9565588,https://www.example-charity.org,contact.1110@example-charity.org,06054 556333,,,,40.9,,1,,,,Reuse,synthetic_sample_data
1111,Charity,Steppingstone Outreach (Newcastle),112 Sample Street,Newcastle,R5 4VP,54.8734157,-1.5013645,https://www.example-charity.org,contact.1111@example-charity.org,07228 124145,,,,52.4,,1,,,,Reuse,synthetic_sample_data
1112,Charity,Forward Foundation (London),104 Sample Street,London,E2 7FZ,51.5071096,-0.0931086,https://www.example-charity.org,contact.1112@example-charity.org,04366 491078,,,,,,1,,,,Reuse,synthetic_sample_data
1113,Charity,Compass Community Trust (Sheffield),17 Sample Street,Sheffield,P1 4UW,53.3526307,-1.5454703,https://www.example-charity.org,contact.1113@example-charity.org,07216 729602,,,,,,0,,,,Reuse,synthetic_sample_data
1114,Charity,Hope Support Network (Liverpool),90 Sample Street,Liverpool,O7 2NI,53.429897,-3.0337438,https://www.example-charity.org,contact.1114@example-charity.org,08148 859356,,,,,,1,,,,Reuse,synthetic_sample_data
1115,Charity,Steppingstone Charity Shop (Bristol),13 Sample Street,Bristol,Q4 1ML,51.4480592,-2.6873375,https://www.example-charity.org,contact.1115@example-charity.org,09473 728207,,,,9.0,,0,,,,Reuse,synthetic_sample_data
1116,Charity,Compass Furniture Project (Manchester),72 Sample Street,Manchester,O3 5EN,53.515435,-2.2267528,https://www.example-charity.org,contact.1116@example-charity.org,09605 367539,,,,18.6,,1,,,,Reuse,synthetic_sample_data
1117,Charity,Second Chance Foundation (Bristol),109 Sample Street,Bristol,U3 5RP,51.3544886,-2.7178663,https://www.example-charity.org,contact.1117@example-charity.org,01854 700424,,,,23.6,,0,,,,Reuse,synthetic_sample_data
1118,Charity,Second Chance Reuse Store (Southampton),186 Sample Street,Southampton,D8 9YL,50.9734587,-1.5341854,https://www.example-charity.org,contact.1118@example-charity.org,03928 659890,,,,,,0,,,,Reuse,synthetic_sample_data
1119,Charity,New Leaf Outreach (Leeds),35 Sample Street,Leeds,A9 9BM,53.8868725,-1.6014566,https://www.example-charity.org,contact.1119@example-charity.org,05461 638177,,,,,,1,,,,Reuse,synthetic_sample_data
1120,Charity,Steppingstone Outreach (Birmingham),45 Sample Street,Birmingham,Z5 8HO,52.5901611,-1.9678223,https://www.example-charity.org,contact.1120@example-charity.org,07016 701740,,,,71.3,,0,,,,Reuse,synthetic_sample_data
1121,Charity,Haven Community Trust (Reading),102 Sample Street,Reading,O9 8VY,51.4861032,-1.1154179,https://www.example-charity.org,contact.1121@example-charity.org,01009 401153,,,,,,1,,,,Reuse,synthetic_sample_data
1122,Charity,Together Reuse Store (Nottingham),128 Sample Street,Nottingham,I9 7FQ,52.9447861,-1.113894,https://www.example-charity.org,contact.1122@example-charity.org,07638 888142,,,,,,0,,,,Reuse,synthetic_sample_data
1123,Charity,Compass Furniture Project (Leeds),125 Sample Street,Leeds,M5 6AK,53.6728251,-1.4006856,https://www.example-charity.org,contact.1123@example-charity.org,07756 501156,,,,,,0,,,,Reuse,synthetic_sample_data
1124,Charity,New Leaf Support Network (Leeds),5 Sample Street,Leeds,Z5 7HE,53.7814613,-1.5075639,https://www.example-charity.org,contact.1124@example-charity.org,03291 780600,,,,90.4,,1,,,,Reuse,synthetic_sample_data
1125,Charity,Lighthouse Community Trust (Newcastle),26 Sample Street,Newcastle,N1 4EU,54.9480718,-1.5539329,https://www.example-charity.org,contact.1125@example-charity.org,08590 236749,,,,,,0,,,,Reuse,synthetic_sample_data
1126,Charity,Haven Furniture Project (Sheffield),18 Sample Street,Sheffield,Q9 8BP,53.3706268,-1.5041329,https://www.example-charity.org,contact.1126@example-charity.org,05816 472007,,,,,,0,,,,Reuse,synthetic_sample_data
1127,Charity,Second Chance Community Trust (Bristol),96 Sample Street,Bristol,A9 4UQ,51.5810956,-2.6881164,https://www.example-charity.org,contact.1127@example-charity.org,05417 162796,,,,,,1,,,,Reuse,synthetic_sample_data
1128,Charity,Steppingstone Reuse Store (Sheffield),125 Sample Street,Sheffield,B9 2OY,53.4706534,-1.4820127,https://www.example-charity.org,contact.1128@example-charity.org,05668 485841,,,,,,0,,,,Reuse,synthetic_sample_data
1129,Charity,Steppingstone Foundation (Reading),163 Sample Street,Reading,M6 8XX,51.5380924,-0.9095007,https://www.example-charity.org,contact.1129@example-charity.org,02102 260778,,,,,,0,,,,Reuse,synthetic_sample_data
1130,Charity,Haven Community Trust (Leeds),146 Sample Street,Leeds,J1 3GN,53.6787569,-1.5839331,https://www.example-charity.org,contact.1130@example-charity.org,01686 146151,,,,,,0,,,,Reuse,synthetic_sample_data
1131,Charity,Bridge Furniture Project (Liverpool),57 Sample Street,Liverpool,B5 8ZC,53.4225168,-3.0650556,https://www.example-charity.org,contact.1131@example-charity.org,02085 271328,,,,,,0,,,,Reuse,synthetic_sample_data
1132,Charity,Forward Outreach (Reading),143 Sample Street,Reading,X6 8IS,51.4523447,-1.1041091,https://www.example-charity.org,contact.1132@example-charity.org,06615 746759,,,,,,1,,,,Reuse,synthetic_sample_data
1133,Charity,Steppingstone Foundation (Reading),124 Sample Street,Reading,T4 4AN,51.5037824,-0.9700873,https://www.example-charity.org,contact.1133@example-charity.org,05570 945350,,,,,,1,,,,Reuse,synthetic_sample_data
1134,Charity,Hope Foundation (Newcastle),57 Sample Street,Newcastle,I2 3RH,55.1201283,-1.4704061,https://www.example-charity.org,contact.1134@example-charity.org,05920 940615,,,,24.9,,0,,,,Reuse,synthetic_sample_data
1135,Charity,Haven Charity Shop (Manchester),42 Sample Street,Manchester,S6 5CH,53.5400145,-2.2408469,https://www.example-charity.org,contact.1135@example-charity.org,07551 539659,,,,94.8,,0,,,,Reuse,synthetic_sample_data
1136,Charity,Haven Outreach (Sheffield),31 Sample Street,Sheffield,N8 1KL,53.5089374,-1.6030291,https://www.example-charity.org,contact.1136@example-charity.org,08080 261528,,,,,,1,,,,Reuse,synthetic_sample_data
1137,Direct Recycling,Capital Salvage 70,43 Sample Street,Newcastle,H5 4TZ,55.1066507,-1.6488966,https://www.example-supplier.co.uk,contact.1137@example-supplier.co.uk,08046 990712,,,,,,1,,,,,synthetic_sample_data
1138,Direct Recycling,Northern Reclaim 71,179 Sample Street,Southampton,R7 8CZ,50.8727543,-1.5295365,https://www.example-supplier.co.uk,contact.1138@example-supplier.co.uk,01139 257334,,,,99.2,,0,,,,,synthetic_sample_data
1139,Direct Recycling,Vale Environmental 72,85 Sample Street,Newcastle,S2 1FJ,54.8815719,-1.727755,https://www.example-supplier.co.uk,contact.1139@example-supplier.co.uk,06853 798412,,,,,,0,,,,,synthetic_sample_data
1140,Direct Recycling,Capital Materials 73,158 Sample Street,London,P2 5SJ,51.541709,-0.0313711,https://www.example-supplier.co.uk,contact.1140@example-supplier.co.uk,07403 964226,,,,7.2,,1,,,,,synthetic_sample_data
1141,Direct Recycling,Riverside Materials 74,87 Sample Street,Birmingham,P4 5BM,52.3556828,-1.8585497,https://www.example-supplier.co.uk,contact.1141@example-supplier.co.uk,09435 200789,,,,69.5,,1,,,,,synthetic_sample_data
1142,Direct Recycling,Civic Salvage 75,119 Sample Street,Sheffield,H5 6GH,53.5166114,-1.5281804,https://www.example-supplier.co.uk,contact.1142@example-supplier.co.uk,07848 946165,,,,,,0,,,,,synthetic_sample_data
1143,Direct Recycling,Northern Materials 76,86 Sample Street,London,E3 2JY,51.3812359,-0.1014951,https://www.example-supplier.co.uk,contact.1143@example-supplier.co.uk,02764 570726,,,,57.9,,1,,,,,synthetic_sample_data
1144,Direct Recycling,Civic Circular 77,101 Sample Street,Liverpool,G8 1LF,53.3813642,-2.862638,https://www.example-supplier.co.uk,contact.1144@example-supplier.co.uk,05956 843556,,,,,,0,,,,,synthetic_sample_data
1145,Direct Recycling,Riverside Salvage 78,83 Sample Street,London,P8 7ZW,51.3668139,-0.0218797,https://www.example-supplier.co.uk,contact.1145@example-supplier.co.uk,04056 951987,,,,,,1,,,,,synthetic_sample_data
1146,Direct Recycling,Summit Logistics 79,125 Sample Street,Coventry,Z3 5NC,52.5468091,-1.5429955,https://www.example-supplier.co.uk,contact.1146@example-supplier.co.uk,04014 107800,,,,33.5,,0,,,,,synthetic_sample_data
1147,Direct Recycling,Riverside Resource 80,158 Sample Street,Birmingham,B1 6WK,52.408207,-1.8592234,https://www.example-supplier.co.uk,contact.1147@example-supplier.co.uk,03957 538168,,,,,,0,,,,,synthetic_sample_data
1148,Direct Recycling,Union Resource 81,136 Sample Street,Manchester,K9 5QM,53.4756395,-2.1453028,https://www.example-supplier.co.uk,contact.1148@example-supplier.co.uk,04458 254985,,,,61.2,,0,,,,,synthetic_sample_data
1149,Direct Recycling,Green Reuse 82,5 Sample Street,Liverpool,R8 1JK,53.4893136,-2.9222187,https://www.example-supplier.co.uk,contact.1149@example-supplier.co.uk,09964 404289,,,,,,0,,,,,synthetic_sample_data
1150,Direct Recycling,Bright Logistics 83,167 Sample Street,Newcastle,S4 8IJ,55.0771658,-1.6426265,https://www.example-supplier.co.uk,contact.1150@example-supplier.co.uk,04783 430489,,,,81.7,,1,,,,,synthetic_sample_data
1151,Direct Recycling,Green Resource 84,71 Sample Street,Liverpool,M1 7BC,53.3380098,-2.9823772,https://www.example-supplier.co.uk,contact.1151@example-supplier.co.uk,08360 350588,,,,,,1,,,,,synthetic_sample_data
1152,Direct Recycling,Meadow Waste Solutions 85,74 Sample Street,London,S4 9VR,51.5079256,0.0079792,https://www.example-supplier.co.uk,contact.1152@example-supplier.co.uk,01838 620760,,,,85.5,,1,,,,,synthetic_sample_data
1153,Direct Recycling,Civic Resource 86,123 Sample Street,Nottingham,N2 6UH,53.0225164,-1.254929,https://www.example-supplier.co.uk,contact.1153@example-supplier.co.uk,01232 818362,,,,,,0,,,,,synthetic_sample_data
1154,Direct Recycling,Riverside Waste Solutions 87,196 Sample Street,Coventry,N4 3LD,52.476105,-1.6189932,https://www.example-supplier.co.uk,contact.1154@example-supplier.co.uk,07808 269724,,,,30.9,,0,,,,,synthetic_sample_data
1155,Direct Recycling,Vale Recycling 88,116 Sample Street,Manchester,Y5 3DY,53.6256441,-2.1306337,https://www.example-supplier.co.uk,contact.1155@example-supplier.co.uk,04924 169187,,,,,,1,,,,,synthetic_sample_data
1156,Direct Recycling,Riverside Reclaim 89,49 Sample Street,Nottingham,C6 3MZ,52.8414293,-1.1077005,https://www.example-supplier.co.uk,contact.1156@example-supplier.co.uk,06836 927326,,,,,,1,,,,,synthetic_sample_data
1157,Direct Recycling,Meadow Reclaim 90,137 Sample Street,Coventry,E6 3QW,52.2622683,-1.395536,https://www.example-supplier.co.uk,contact.1157@example-supplier.co.uk,02039 270175,,,,,,1,,,,,synthetic_sample_data
1158,Direct Recycling,Meadow Salvage 91,159 Sample Street,London,Q7 4FG,51.4594542,-0.1610165,https://www.example-supplier.co.uk,contact.1158@example-supplier.co.uk,02696 946489,,,,77.3,,0,,,,,synthetic_sample_data
1159,Direct Recycling,Crest Reuse 92,116 Sample Street,Coventry,K6 4BB,52.3248254,-1.4725923,https://www.example-supplier.co.uk,contact.1159@example-supplier.co.uk,08501 506087,,,,,,1,,,,,synthetic_sample_data
1160,Direct Recycling,Civic Environmental 93,25 Sample Street,London,A6 8CE,51.6536987,0.002376,https://www.example-supplier.co.uk,contact.1160@example-supplier.co.uk,07808 886151,,,,,,0,,,,,synthetic_sample_data
1161,Direct Recycling,Union Environmental 94,138 Sample Street,Southampton,Z1 6HJ,50.8004311,-1.4060964,https://www.example-supplier.co.uk,contact.1161@example-supplier.co.uk,02962 755303,,,,29.3,,0,,,,,synthetic_sample_data
1162,Direct Recycling,Metro Waste Solutions 95,94 Sample Street,London,I6 7CQ,51.6391146,-0.0783529,https://www.example-supplier.co.uk,contact.1162@example-supplier.co.uk,07219 260470,,,,,,1,,,,,synthetic_sample_data
1163,Direct Recycling,Riverside Environmental 96,26 Sample Street,Coventry,C3 9TT,52.346746,-1.6628803,https://www.example-supplier.co.uk,contact.1163@example-supplier.co.uk,04027 846376,,,,,,0,,,,,synthetic_sample_data
1164,Direct Recycling,Northern Materials 0,80 Sample Street,Bristol,Z2 4BI,51.5348996,-2.6424065,https://www.example-supplier.co.uk,contact.1164@example-supplier.co.uk,04478 710510,,,,55.0,,0,,,,,synthetic_sample_data
1165,Direct Recycling,Harbour Circular 1,11 Sample Street,Coventry,V5 2MY,52.421481,-1.4964914,https://www.example-supplier.co.uk,contact.1165@example-supplier.co.uk,05869 679198,,,,,,1,,,,,synthetic_sample_data
1166,Direct Recycling,Green Materials 2,121 Sample Street,Manchester,S1 2PB,53.5281693,-2.3118855,https://www.example-supplier.co.uk,contact.1166@example-supplier.co.uk,02126 198896,,,,40.6,,0,,,,,synthetic_sample_data
1167,Direct Recycling,Crest Resource 3,5 Sample Street,Bristol,F3 2UZ,51.3521421,-2.4560028,https://www.example-supplier.co.uk,contact.1167@example-supplier.co.uk,02343 450290,,,,,,0,,,,,synthetic_sample_data
1168,Direct Recycling,Civic Circular 4,187 Sample Street,Birmingham,A9 5SZ,52.5575585,-1.7937473,https://www.example-supplier.co.uk,contact.1168@example-supplier.co.uk,04909 527725,,,,18.8,,0,,,,,synthetic_sample_data
1169,Direct Recycling,Oak Resource 5,149 Sample Street,London,L3 7SN,51.4863169,-0.0938226,https://www.example-supplier.co.uk,contact.1169@example-supplier.co.uk,09647 406924,,,,,,0,,,,,synthetic_sample_data
1170,Direct Recycling,Oak Waste Solutions 6,177 Sample Street,Southampton,D7 4XI,51.016542,-1.5170054,https://www.example-supplier.co.uk,contact.1170@example-supplier.co.uk,09153 101523,,,,,,0,,,,,synthetic_sample_data
1171,Direct Recycling,Capital Materials 7,35 Sample Street,Reading,H1 2VM,51.4783612,-0.8379477,https://www.example-supplier.co.uk,contact.1171@example-supplier.co.uk,01658 342069,,,,27.7,,0,,,,,synthetic_sample_data
1172,Direct Recycling,Northern Recycling 8,186 Sample Street,Southampton,K4 8EE,50.7605453,-1.4913385,https://www.example-supplier.co.uk,contact.1172@example-supplier.co.uk,07772 212149,,,,12.3,,1,,,,,synthetic_sample_data
1173,Direct Recycling,Union Waste Solutions 9,49 Sample Street,Sheffield,G3 4ML,53.524275,-1.5064826,https://www.example-supplier.co.uk,contact.1173@example-supplier.co.uk,08264 795331,,,,85.8,,0,,,,,synthetic_sample_data
1174,Direct Recycling,Green Waste Solutions 10,192 Sample Street,Newcastle,O3 1ZB,54.9749741,-1.6856308,https://www.example-supplier.co.uk,contact.1174@example-supplier.co.uk,01050 554341,,,,,,1,,,,,synthetic_sample_data
1175,Direct Recycling,Metro Waste Solutions 11,136 Sample Street,Leeds,N1 8ZY,53.7748213,-1.434708,https://www.example-supplier.co.uk,contact.1175@example-supplier.co.uk,05576 285660,,,,,,1,,,,,synthetic_sample_data
1176,Direct Recycling,Capital Waste Solutions 12,35 Sample Street,Sheffield,I3 8HO,53.3220587,-1.5528053,https://www.example-supplier.co.uk,contact.1176@example-supplier.co.uk,08812 509568,,,,,,0,,,,,synthetic_sample_data
1177,Direct Recycling,Union Circular 13,26 Sample Street,Reading,I6 9IW,51.4500708,-1.0624381,https://www.example-supplier.co.uk,contact.1177@example-supplier.co.uk,03370 215159,,,,,,1,,,,,synthetic_sample_data
1178,Direct Recycling,Crest Reclaim 14,136 Sample Street,Coventry,I4 9TS,52.3779144,-1.6508097,https://www.example-supplier.co.uk,contact.1178@example-supplier.co.uk,04952 396551,,,,62.8,,0,,,,,synthetic_sample_data
1179,Direct Recycling,Harbour Circular 15,28 Sample Street,Birmingham,K1 8GF,52.6237865,-1.942187,https://www.example-supplier.co.uk,contact.1179@example-supplier.co.uk,07876 695539,,,,72.1,,1,,,,,synthetic_sample_data
1180,Direct Recycling,Capital Salvage 16,12 Sample Street,Bristol,M8 4HK,51.5133081,-2.6563175,https://www.example-supplier.co.uk,contact.1180@example-supplier.co.uk,06847 200757,,,,35.7,,0,,,,,synthetic_sample_data
1181,Direct Recycling,Union Recycling 17,53 Sample Street,Nottingham,S3 4NB,52.9048288,-1.2398267,https://www.example-supplier.co.uk,contact.1181@example-supplier.co.uk,02249 208205,,,,,,0,,,,,synthetic_sample_data
1182,Direct Recycling,Bright Materials 18,66 Sample Street,Manchester,G4 6DB,53.5350882,-2.0998218,https://www.example-supplier.co.uk,contact.1182@example-supplier.co.uk,04616 873874,,,,,,1,,,,,synthetic_sample_data
1183,Direct Recycling,Crest Reuse 19,65 Sample Street,Manchester,K4 2CZ,53.6281947,-2.1996942,https://www.example-supplier.co.uk,contact.1183@example-supplier.co.uk,04425 198023,,,,53.7,,0,,,,,synthetic_sample_data
1184,Direct Recycling,Metro Recycling 20,129 Sample Street,London,G7 6DC,51.5002037,-0.1946755,https://www.example-supplier.co.uk,contact.1184@example-supplier.co.uk,09020 956755,,,,,,1,,,,,synthetic_sample_data
1185,Direct Recycling,Summit Reuse 21,50 Sample Street,London,X2 1VI,51.4855317,-0.1731124,https://www.example-supplier.co.uk,contact.1185@example-supplier.co.uk,03691 128206,,,,,,0,,,,,synthetic_sample_data
1186,Direct Recycling,Capital Resource 22,58 Sample Street,Leeds,J8 1VO,53.8720425,-1.4793679,https://www.example-supplier.co.uk,contact.1186@example-supplier.co.uk,04238 239070,,,,3.1,,0,,,,,synthetic_sample_data
1187,Direct Recycling,Riverside Salvage 23,44 Sample Street,Sheffield,C3 8MA,53.4192392,-1.3560501,https://www.example-supplier.co.uk,contact.1187@example-supplier.co.uk,03521 821333,,,,,,0,,,,,synthetic_sample_data
1188,Direct Recycling,Northern Materials 24,180 Sample Street,Reading,E7 2NH,51.5571723,-1.001993,https://www.example-supplier.co.uk,contact.1188@example-supplier.co.uk,04469 176769,,,,26.6,,1,,,,,synthetic_sample_data
1189,Direct Recycling,Union Logistics 25,67 Sample Street,Newcastle,N3 8IK,54.8755191,-1.4686347,https://www.example-supplier.co.uk,contact.1189@example-supplier.co.uk,04532 570872,,,,92.6,,0,,,,,synthetic_sample_data
1190,Direct Recycling,Union Reuse 26,180 Sample Street,Leeds,D3 1HX,53.7725448,-1.5864422,https://www.example-supplier.co.uk,contact.1190@example-supplier.co.uk,02491 709644,,,,,,0,,,,,synthetic_sample_data
1191,Direct Recycling,Prime Materials 27,62 Sample Street,Nottingham,F9 4ZE,52.9485965,-1.0353001,https://www.example-supplier.co.uk,contact.1191@example-supplier.co.uk,01865 643114,,,,50.8,,0,,,,,synthetic_sample_data
1192,Direct Recycling,Union Circular 28,12 Sample Street,Leeds,I6 9EF,53.8125009,-1.6740296,https://www.example-supplier.co.uk,contact.1192@example-supplier.co.uk,02532 372271,,,,,,0,,,,,synthetic_sample_data
1193,Direct Recycling,Civic Reclaim 29,163 Sample Street,Birmingham,T8 2NX,52.577061,-1.9742477,https://www.example-supplier.co.uk,contact.1193@example-supplier.co.uk,09486 255002,,,,,,1,,,,,synthetic_sample_data
1194,Direct Recycling,Vale Environmental 30,177 Sample Street,Newcastle,Y1 1YV,54.8776904,-1.6849066,https://www.example-supplier.co.uk,contact.1194@example-supplier.co.uk,01490 134714,,,,,,0,,,,,synthetic_sample_data
1195,Direct Recycling,Meadow Logistics 31,113 Sample Street,Manchester,W4 8ZD,53.427549,-2.1653324,https://www.example-supplier.co.uk,contact.1195@example-supplier.co.uk,02328 186646,,,,53.9,,1,,,,,synthetic_sample_data
1196,Direct Recycling,Prime Recycling 32,166 Sample Street,London,K7 2ZQ,51.5936397,-0.0532585,https://www.example-supplier.co.uk,contact.1196@example-supplier.co.uk,03453 470500,,,,,,1,,,,,synthetic_sample_data
1197,Direct Recycling,Metro Logistics 33,39 Sample Street,Bristol,J8 9YC,51.3522823,-2.5741674,https://www.example-supplier.co.uk,contact.1197@example-supplier.co.uk,09847 599938,,,,,,1,,,,,synthetic_sample_data
1198,Direct Recycling,Oak Reuse 34,13 Sample Street,Nottingham,N8 1BT,52.9912965,-1.2953621,https://www.example-supplier.co.uk,contact.1198@example-supplier.co.uk,01661 631778,,,,,,1,,,,,synthetic_sample_data
1199,Direct Recycling,Northern Environmental 35,32 Sample Street,Leeds,Q3 7MS,53.7641687,-1.5080996,https://www.example-supplier.co.uk,contact.1199@example-supplier.co.uk,09452 388441,,,,,,0,,,,,synthetic_sample_data
1200,Direct Recycling,Summit Recycling 36,11 Sample Street,Bristol,F7 1RW,51.4580048,-2.4406997,https://www.example-supplier.co.uk,contact.1200@example-supplier.co.uk,06999 425191,,,,5.3,,0,,,,,synthetic_sample_data
1201,Direct Recycling,Union Reuse 37,16 Sample Street,Leeds,A9 3EC,53.773855,-1.4422923,https://www.example-supplier.co.uk,contact.1201@example-supplier.co.uk,06817 924729,,,,,,0,,,,,synthetic_sample_data
1202,Direct Recycling,Union Reclaim 38,141 Sample Street,Manchester,A5 5UF,53.5903754,-2.3167555,https://www.example-supplier.co.uk,contact.1202@example-supplier.co.uk,09671 874379,,,,49.8,,0,,,,,synthetic_sample_data
1203,Direct Recycling,Capital Circular 39,37 Sample Street,Nottingham,I4 3VC,52.8629569,-1.0926456,https://www.example-supplier.co.uk,contact.1203@example-supplier.co.uk,02051 519124,,,,61.9,,1,,,,,synthetic_sample_data
1204,Direct Recycling,Civic Waste Solutions 40,184 Sample Street,Coventry,F1 4NY,52.3080613,-1.4982739,https://www.example-supplier.co.uk,contact.1204@example-supplier.co.uk,07678 412042,,,,,,1,,,,,synthetic_sample_data
1205,Direct Recycling,Riverside Reclaim 41,193 Sample Street,Leeds,M5 7FL,53.6820279,-1.4108679,https://www.example-supplier.co.uk,contact.1205@example-supplier.co.uk,08568 142759,,,,,,1,,,,,synthetic_sample_data
1206,Direct Recycling,Harbour Environmental 42,6 Sample Street,London,V3 5GX,51.4133767,-0.0412023,https://www.example-supplier.co.uk,contact.1206@example-supplier.co.uk,06569 669868,,,,47.0,,1,,,,,synthetic_sample_data
1207,Direct Recycling,Union Logistics 43,143 Sample Street,Liverpool,A4 2LH,53.4960281,-2.8826747,https://www.example-supplier.co.uk,contact.1207@example-supplier.co.uk,09689 629757,,,,51.9,,1,,,,,synthetic_sample_data
1208,Direct Recycling,Prime Recycling 44,56 Sample Street,Sheffield,J1 5HG,53.4487484,-1.5798238,https://www.example-supplier.co.uk,contact.1208@example-supplier.co.uk,06569 139364,,,,,,1,,,,,synthetic_sample_data
1209,Direct Recycling,Summit Reclaim 45,183 Sample Street,Leeds,H3 2CD,53.8993577,-1.6217849,https://www.example-supplier.co.uk,contact.1209@example-supplier.co.uk,07467 863836,,,,,,1,,,,,synthetic_sample_data
1210,Direct Recycling,Green Logistics 46,35 Sample Street,Coventry,S2 4PG,52.520379,-1.6325664,https://www.example-supplier.co.uk,contact.1210@example-supplier.co.uk,04254 352807,,,,,,1,,,,,synthetic_sample_data
1211,Direct Recycling,Green Reclaim 47,100 Sample Street,Leeds,T9 8YK,53.6625633,-1.5771059,https://www.example-supplier.co.uk,contact.1211@example-supplier.co.uk,02374 886476,,,,,,1,,,,,synthetic_sample_data
1212,Direct Recycling,Green Recycling 48,107 Sample Street,Nottingham,A1 2KY,53.0208858,-1.1507578,https://www.example-supplier.co.uk,contact.1212@example-supplier.co.uk,04028 318841,,,,,,0,,,,,synthetic_sample_data
1213,Direct Recycling,Harbour Salvage 49,153 Sample Street,Southampton,U8 5XJ,50.9168609,-1.5504639,https://www.example-supplier.co.uk,contact.1213@example-supplier.co.uk,06469 595214,,,,,,1,,,,,synthetic_sample_data
1214,Direct Recycling,Oak Environmental 50,32 Sample Street,London,B2 5TC,51.6220844,-0.0737638,https://www.example-supplier.co.uk,contact.1214@example-supplier.co.uk,06665 240431,,,,63.9,,1,,,,,synthetic_sample_data
1215,Direct Recycling,Oak Circular 51,186 Sample Street,Manchester,A3 7GF,53.4925688,-2.3248468,https://www.example-supplier.co.uk,contact.1215@example-supplier.co.uk,08820 459609,,,,,,0,,,,,synthetic_sample_data
1216,Direct Recycling,Capital Reuse 52,10 Sample Street,Southampton,K7 2CI,50.9402894,-1.5100353,https://www.example-supplier.co.uk,contact.1216@example-supplier.co.uk,05505 451473,,,,85.7,,1,,,,,synthetic_sample_data
1217,Direct Recycling,Harbour Recycling 53,110 Sample Street,Birmingham,A6 4PM,52.4921041,-1.9182256,https://www.example-supplier.co.uk,contact.1217@example-supplier.co.uk,07010 761104,,,,,,0,,,,,synthetic_sample_data
1218,Direct Recycling,Metro Salvage 54,100 Sample Street,Nottingham,G1 9GL,53.0129059,-1.2731462,https://www.example-supplier.co.uk,contact.1218@example-supplier.co.uk,01294 144206,,,,,,0,,,,,synthetic_sample_data
1219,Direct Recycling,Northern Environmental 55,14 Sample Street,London,F4 5KL,51.4732852,-0.0723276,https://www.example-supplier.co.uk,contact.1219@example-supplier.co.uk,04487 204800,,,,50.9,,0,,,,,synthetic_sample_data
1220,Direct Recycling,Vale Reuse 56,75 Sample Street,Liverpool,R3 4QI,53.4300125,-2.9959842,https://www.example-supplier.co.uk,contact.1220@example-supplier.co.uk,07954 900117,,,,4.0,,0,,,,,synthetic_sample_data
1221,Direct Recycling,Union Reuse 57,189 Sample Street,Bristol,J4 8VR,51.5734081,-2.7364123,https://www.example-supplier.co.uk,contact.1221@example-supplier.co.uk,04179 459251,,,,13.6,,0,,,,,synthetic_sample_data
1222,Direct Recycling,Harbour Reclaim 58,5 Sample Street,Leeds,V6 8WW,53.7209242,-1.5868092,https://www.example-supplier.co.uk,contact.1222@example-supplier.co.uk,01874 207452,,,,4.7,,1,,,,,synthetic_sample_data
1223,Direct Recycling,Riverside Waste Solutions 59,43 Sample Street,Southampton,W8 5SZ,50.9339531,-1.534948,https://www.example-supplier.co.uk,contact.1223@example-supplier.co.uk,03978 116539,,,,,,1,,,,,synthetic_sample_data
1224,Direct Recycling,Meadow Waste Solutions 60,94 Sample Street,Southampton,Q5 3RZ,50.9315146,-1.4416396,https://www.example-supplier.co.uk,contact.1224@example-supplier.co.uk,08474 194009,,,,,,0,,,,,synthetic_sample_data
1225,Direct Recycling,Green Circular 61,48 Sample Street,Birmingham,T4 3GD,52.4353061,-2.0095168,https://www.example-supplier.co.uk,contact.1225@example-supplier.co.uk,06072 697144,,,,80.7,,0,,,,,synthetic_sample_data
1226,Direct Recycling,Oak Salvage 62,102 Sample Street,Bristol,T1 9PE,51.5386584,-2.5050194,https://www.example-supplier.co.uk,contact.1226@example-supplier.co.uk,01897 527629,,,,45.7,,1,,,,,synthetic_sample_data
1227,Direct Recycling,Capital Waste Solutions 63,155 Sample Street,London,T4 6VV,51.5499808,-0.2256256,https://www.example-supplier.co.uk,contact.1227@example-supplier.co.uk,04737 645252,,,,65.0,,0,,,,,synthetic_sample_data
1228,Direct Recycling,Vale Waste Solutions 64,157 Sample Street,Reading,N2 3WS,51.5734197,-0.9009963,https://www.example-supplier.co.uk,contact.1228@example-supplier.co.uk,01050 461426,,,,,,0,,,,,synthetic_sample_data
1229,Direct Recycling,Oak Logistics 65,24 Sample Street,Nottingham,V3 7VI,53.0461756,-1.0728772,https://www.example-supplier.co.uk,contact.1229@example-supplier.co.uk,06877 670950,,,,38.2,,1,,,,,synthetic_sample_data
1230,Direct Recycling,Vale Resource 66,38 Sample Street,Sheffield,P7 2VV,53.3531775,-1.5982588,https://www.example-supplier.co.uk,contact.1230@example-supplier.co.uk,01244 689083,,,,80.7,,1,,,,,synthetic_sample_data
1231,Direct Recycling,Northern Waste Solutions 67,151 Sample Street,Southampton,I7 9EH,50.8607557,-1.2772522,https://www.example-supplier.co.uk,contact.1231@example-supplier.co.uk,04146 914972,,,,31.1,,1,,,,,synthetic_sample_data
1232,Direct Recycling,Vale Materials 68,112 Sample Street,Reading,H1 1VQ,51.5739982,-0.8717089,https://www.example-supplier.co.uk,contact.1232@example-supplier.co.uk,08838 888878,,,,90.7,,1,,,,,synthetic_sample_data
1233,Direct Recycling,Meadow Salvage 69,7 Sample Street,Manchester,C2 4TK,53.630333,-2.3575648,https://www.example-supplier.co.uk,contact.1233@example-supplier.co.uk,09255 311873,,,,,,0,,,,,synthetic_sample_data
1234,Direct Recycling,Riverside Reclaim 70,105 Sample Street,Liverpool,T2 6BO,53.4167437,-2.9579797,https://www.example-supplier.co.uk,contact.1234@example-supplier.co.uk,05801 760458,,,,86.3,,0,,,,,synthetic_sample_data
1235,Direct Recycling,Civic Materials 71,127 Sample Street,Southampton,L4 5IA,51.0445271,-1.361778,https://www.example-supplier.co.uk,contact.1235@example-supplier.co.uk,01824 865435,,,,,,1,,,,,synthetic_sample_data
1236,Direct Recycling,Bright Materials 72,143 Sample Street,Liverpool,N3 3LA,53.3070937,-2.9273054,https://www.example-supplier.co.uk,contact.1236@example-supplier.co.uk,07606 900028,,,,74.6,,1,,,,,synthetic_sample_data
1237,Direct Recycling,Oak Recycling 73,135 Sample Street,Coventry,W2 5AM,52.4444169,-1.5274582,https://www.example-supplier.co.uk,contact.1237@example-supplier.co.uk,03637 692887,,,,26.3,,0,,,,,synthetic_sample_data
1238,Direct Recycling,Crest Materials 74,28 Sample Street,Leeds,W3 4LM,53.7115999,-1.6294661,https://www.example-supplier.co.uk,contact.1238@example-supplier.co.uk,06147 475263,,,,,,0,,,,,synthetic_sample_data
1239,Direct Recycling,Crest Materials 75,57 Sample Street,Newcastle,T3 1MD,54.8314924,-1.5129364,https://www.example-supplier.co.uk,contact.1239@example-supplier.co.uk,02665 182412,,,,23.8,,1,,,,,synthetic_sample_data
1240,Direct Recycling,Summit Salvage 76,76 Sample Street,Birmingham,G8 2VR,52.4765183,-1.8765662,https://www.example-supplier.co.uk,contact.1240@example-supplier.co.uk,02986 299635,,,,,,0,,,,,synthetic_sample_data
1241,Direct Recycling,Summit Recycling 77,71 Sample Street,Coventry,J9 1DN,52.5451714,-1.4103326,https://www.example-supplier.co.uk,contact.1241@example-supplier.co.uk,03307 514804,,,,,,0,,,,,synthetic_sample_data
1242,Direct Recycling,Vale Reclaim 78,128 Sample Street,Leeds,R2 3OX,53.7863216,-1.4944854,https://www.example-supplier.co.uk,contact.1242@example-supplier.co.uk,07526 593248,,,,17.0,,0,,,,,synthetic_sample_data
1243,Direct Recycling,Northern Reuse 79,108 Sample Street,Manchester,F2 4IQ,53.3350041,-2.3441569,https://www.example-supplier.co.uk,contact.1243@example-supplier.co.uk,09785 967510,,,,,,1,,,,,synthetic_sample_data
1244,Direct Recycling,Civic Logistics 80,30 Sample Street,Coventry,Y7 4RH,52.5057242,-1.4343816,https://www.example-supplier.co.uk,contact.1244@example-supplier.co.uk,08175 345224,,,,17.7,,1,,,,,synthetic_sample_data
1245,Direct Recycling,Meadow Reuse 81,31 Sample Street,Liverpool,Z9 7MV,53.2671471,-3.0729275,https://www.example-supplier.co.uk,contact.1245@example-supplier.co.uk,01375 616765,,,,,,0,,,,,synthetic_sample_data
1246,Direct Recycling,Crest Salvage 82,1 Sample Street,Liverpool,Z3 1LY,53.5166712,-2.9926607,https://www.example-supplier.co.uk,contact.1246@example-supplier.co.uk,09491 917769,,,,,,0,,,,,synthetic_sample_data
1247,Direct Recycling,Capital Environmental 83,94 Sample Street,Manchester,F2 7VV,53.5284732,-2.3413179,https://www.example-supplier.co.uk,contact.1247@example-supplier.co.uk,06372 806617,,,,,,1,,,,,synthetic_sample_data
1248,Direct Recycling,Civic Waste Solutions 84,45 Sample Street,Nottingham,E2 9UY,53.101462,-1.0269824,https://www.example-supplier.co.uk,contact.1248@example-supplier.co.uk,07634 697092,,,,,,0,,,,,synthetic_sample_data
1249,Direct Recycling,Meadow Logistics 85,160 Sample Street,Sheffield,S9 5HN,53.4014601,-1.329425,https://www.example-supplier.co.uk,contact.1249@example-supplier.co.uk,01646 684608,,,,28.9,,0,,,,,synthetic_sample_data
1250,Direct Recycling,Vale Environmental 86,154 Sample Street,Birmingham,W4 9NX,52.3742622,-1.7648242,https://www.example-supplier.co.uk,contact.1250@example-supplier.co.uk,01555 734563,,,,25.1,,1,,,,,synthetic_sample_data
1251,Direct Recycling,Summit Logistics 87,116 Sample Street,Reading,U2 2JL,51.3432965,-0.8633526,https://www.example-supplier.co.uk,contact.1251@example-supplier.co.uk,09391 680429,,,,50.8,,0,,,,,synthetic_sample_data
1252,Direct Recycling,Crest Materials 88,139 Sample Street,Coventry,M8 7PG,52.4532499,-1.6422003,https://www.example-supplier.co.uk,contact.1252@example-supplier.co.uk,04854 670392,,,,65.7,,0,,,,,synthetic_sample_data
1253,Direct Recycling,Northern Logistics 89,127 Sample Street,Southampton,U8 8TR,50.8953019,-1.4402655,https://www.example-supplier.co.uk,contact.1253@example-supplier.co.uk,02040 854354,,,,,,0,,,,,synthetic_sample_data
1254,Direct Recycling,Bright Materials 90,165 Sample Street,Southampton,Q4 8XB,50.9320779,-1.4234606,https://www.example-supplier.co.uk,contact.1254@example-supplier.co.uk,03121 435666,,,,,,0,,,,,synthetic_sample_data
1255,Direct Recycling,Meadow Resource 91,194 Sample Street,Liverpool,W5 1VL,53.4514648,-2.9368984,https://www.example-supplier.co.uk,contact.1255@example-supplier.co.uk,07040 154391,,,,38.1,,1,,,,,synthetic_sample_data
1256,Direct Recycling,Civic Reclaim 92,65 Sample Street,Reading,R3 6LI,51.4412906,-1.1166053,https://www.example-supplier.co.uk,contact.1256@example-supplier.co.uk,03751 393178,,,,,,1,,,,,synthetic_sample_data
1257,Direct Recycling,Summit Logistics 93,190 Sample Street,Newcastle,U4 3VR,55.0063785,-1.7089678,https://www.example-supplier.co.uk,contact.1257@example-supplier.co.uk,05819 294708,,,,,,1,,,,,synthetic_sample_data
1258,Direct Recycling,Capital Circular 94,175 Sample Street,Liverpool,M3 5CV,53.5074925,-3.0749409,https://www.example-supplier.co.uk,contact.1258@example-supplier.co.uk,02689 456710,,,,18.7,,1,,,,,synthetic_sample_data
1259,Direct Recycling,Crest Environmental 95,178 Sample Street,Coventry,S3 7SH,52.5536143,-1.5247091,https://www.example-supplier.co.uk,contact.1259@example-supplier.co.uk,07374 275824,,,,,,1,,,,,synthetic_sample_data
1260,Direct Recycling,Union Reclaim 96,99 Sample Street,Manchester,L1 8QI,53.3978661,-2.0951712,https://www.example-supplier.co.uk,contact.1260@example-supplier.co.uk,07409 487167,,,,55.9,,0,,,,,synthetic_sample_data
1261,Direct Recycling,Civic Waste Solutions 0,31 Sample Street,Southampton,A4 5UT,50.8558324,-1.4080695,https://www.example-supplier.co.uk,contact.1261@example-supplier.co.uk,05287 335097,,,,89.4,,0,,,,,synthetic_sample_data
1262,Direct Recycling,Metro Recycling 1,10 Sample Street,Manchester,W6 4IZ,53.6049641,-2.2128997,https://www.example-supplier.co.uk,contact.1262@example-supplier.co.uk,04262 646877,,,,,,1,,,,,synthetic_sample_data
1263,Direct Recycling,Riverside Reuse 2,45 Sample Street,Leeds,K4 2GX,53.7691592,-1.6726378,https://www.example-supplier.co.uk,contact.1263@example-supplier.co.uk,02761 442640,,,,,,0,,,,,synthetic_sample_data
1264,Direct Recycling,Union Reclaim 3,159 Sample Street,Liverpool,N8 6BA,53.4011567,-2.8878374,https://www.example-supplier.co.uk,contact.1264@example-supplier.co.uk,04901 937606,,,,,,0,,,,,synthetic_sample_data
1265,Direct Recycling,Riverside Reclaim 4,136 Sample Street,Coventry,L3 8MT,52.5160776,-1.4289852,https://www.example-supplier.co.uk,contact.1265@example-supplier.co.uk,01576 914044,,,,12.2,,1,,,,,synthetic_sample_data
1266,Direct Recycling,Metro Reuse 5,143 Sample Street,Nottingham,L3 4QQ,52.8228427,-1.0883495,https://www.example-supplier.co.uk,contact.1266@example-supplier.co.uk,01110 384879,,,,34.8,,0,,,,,synthetic_sample_data
1267,Direct Recycling,Crest Salvage 6,116 Sample Street,Birmingham,K9 7ZY,52.6167522,-1.873178,https://www.example-supplier.co.uk,contact.1267@example-supplier.co.uk,07817 161204,,,,,,1,,,,,synthetic_sample_data
1268,Direct Recycling,Harbour Environmental 7,188 Sample Street,Bristol,X5 9UK,51.5632778,-2.6964343,https://www.example-supplier.co.uk,contact.1268@example-supplier.co.uk,09359 453669,,,,,,1,,,,,synthetic_sample_data
1269,Direct Recycling,Riverside Materials 8,110 Sample Street,Sheffield,J2 2ZW,53.4673823,-1.3676271,https://www.example-supplier.co.uk,contact.1269@example-supplier.co.uk,09225 235158,,,,2.5,,0,,,,,synthetic_sample_data
1270,Direct Recycling,Summit Resource 9,82 Sample Street,London,H3 2ZK,51.3702625,-0.0373136,https://www.example-supplier.co.uk,contact.1270@example-supplier.co.uk,04802 176281,,,,,,0,,,,,synthetic_sample_data
1271,Direct Recycling,Capital Salvage 10,135 Sample Street,Sheffield,D5 5JQ,53.3330789,-1.6099632,https://www.example-supplier.co.uk,contact.1271@example-supplier.co.uk,03984 815123,,,,38.6,,1,,,,,synthetic_sample_data
1272,Direct Recycling,Crest Resource 11,39 Sample Street,Birmingham,U8 5UN,52.4860753,-1.7852974,https://www.example-supplier.co.uk,contact.1272@example-supplier.co.uk,07931 570815,,,,13.0,,0,,,,,synthetic_sample_data
1273,Direct Recycling,Northern Circular 12,49 Sample Street,Sheffield,F9 2XE,53.317474,-1.3351891,https://www.example-supplier.co.uk,contact.1273@example-supplier.co.uk,04578 944507,,,,12.6,,0,,,,,synthetic_sample_data
1274,Direct Recycling,Northern Recycling 13,68 Sample Street,Reading,A2 9HN,51.3064253,-1.0366392,https://www.example-supplier.co.uk,contact.1274@example-supplier.co.uk,07179 874159,,,,,,0,,,,,synthetic_sample_data
1275,Direct Recycling,Union Materials 14,47 Sample Street,Coventry,Q2 8FZ,52.4226238,-1.5661979,https://www.example-supplier.co.uk,contact.1275@example-supplier.co.uk,08727 523651,,,,48.0,,1,,,,,synthetic_sample_data
1276,Direct Recycling,Civic Waste Solutions 15,159 Sample Street,Bristol,M3 1KE,51.528548,-2.6289438,https://www.example-supplier.co.uk,contact.1276@example-supplier.co.uk,08927 242256,,,,,,1,,,,,synthetic_sample_data
1277,Direct Recycling,Harbour Reclaim 16,121 Sample Street,Liverpool,R3 8DU,53.5282954,-2.9754601,https://www.example-supplier.co.uk,contact.1277@example-supplier.co.uk,07430 155675,,,,,,1,,,,,synthetic_sample_data
1278,Direct Recycling,Harbour Resource 17,148 Sample Street,Reading,A6 3FE,51.3688206,-0.9952305,https://www.example-supplier.co.uk,contact.1278@example-supplier.co.uk,04049 978560,,,,91.0,,0,,,,,synthetic_sample_data
1279,Direct Recycling,Northern Salvage 18,141 Sample Street,Coventry,S2 5HR,52.3803821,-1.6183422,https://www.example-supplier.co.uk,contact.1279@example-supplier.co.uk,06356 789173,,,,,,0,,,,,synthetic_sample_data
1280,Direct Recycling,Capital Logistics 19,32 Sample Street,Sheffield,K9 5IN,53.4270959,-1.4093589,https://www.example-supplier.co.uk,contact.1280@example-supplier.co.uk,09850 313056,,,,,,1,,,,,synthetic_sample_data
1281,Direct Recycling,Metro Salvage 20,199 Sample Street,Coventry,A6 5IS,52.479898,-1.5217695,https://www.example-supplier.co.uk,contact.1281@example-supplier.co.uk,05748 359140,,,,,,0,,,,,synthetic_sample_data
1282,Direct Recycling,Vale Logistics 21,15 Sample Street,Birmingham,F3 8CF,52.6041816,-1.8593178,https://www.example-supplier.co.uk,contact.1282@example-supplier.co.uk,08189 102818,,,,,,1,,,,,synthetic_sample_data
1283,Direct Recycling,Capital Reuse 22,39 Sample Street,Nottingham,S9 9HE,53.077999,-1.0924706,https://www.example-supplier.co.uk,contact.1283@example-supplier.co.uk,06355 244992,,,,,,0,,,,,synthetic_sample_data
1284,Direct Recycling,Meadow Recycling 23,142 Sample Street,Birmingham,F1 1IY,52.5741701,-1.9212605,https://www.example-supplier.co.uk,contact.1284@example-supplier.co.uk,09978 297594,,,,,,1,,,,,synthetic_sample_data
1285,Direct Recycling,Bright Environmental 24,61 Sample Street,Nottingham,X6 9LF,52.9558382,-1.0490131,https://www.example-supplier.co.uk,contact.1285@example-supplier.co.uk,04450 826998,,,,39.4,,0,,,,,synthetic_sample_data
1286,Direct Recycling,Riverside Resource 25,89 Sample Street,London,C6 2OC,51.4179986,-0.1943609,https://www.example-supplier.co.uk,contact.1286@example-supplier.co.uk,07354 776758,,,,16.3,,0,,,,,synthetic_sample_data
1287,Direct Recycling,Northern Recycling 26,24 Sample Street,Coventry,S3 6VA,52.4279548,-1.3911388,https://www.example-supplier.co.uk,contact.1287@example-supplier.co.uk,03444 774141,,,,,,1,,,,,synthetic_sample_data
1288,Direct Recycling,Capital Recycling 27,176 Sample Street,Bristol,S7 8CG,51.5006264,-2.5174234,https://www.example-supplier.co.uk,contact.1288@example-supplier.co.uk,04216 105151,,,,,,0,,,,,synthetic_sample_data
1289,Direct Recycling,Green Materials 28,118 Sample Street,Southampton,G3 2VW,51.0499244,-1.5108448,https://www.example-supplier.co.uk,contact.1289@example-supplier.co.uk,03486 221173,,,,,,0,,,,,synthetic_sample_data
1290,Direct Recycling,Civic Reclaim 29,11 Sample Street,London,M7 2EF,51.3919498,-0.0463869,https://www.example-supplier.co.uk,contact.1290@example-supplier.co.uk,02899 218184,,,,,,0,,,,,synthetic_sample_data
1291,Direct Recycling,Harbour Circular 30,50 Sample Street,Newcastle,G4 1JS,54.869096,-1.6649183,https://www.example-supplier.co.uk,contact.1291@example-supplier.co.uk,08170 360753,,,,,,1,,,,,synthetic_sample_data
1292,Direct Recycling,Bright Waste Solutions 31,73 Sample Street,Leeds,E5 3DC,53.8116445,-1.5009988,https://www.example-supplier.co.uk,contact.1292@example-supplier.co.uk,09535 208663,,,,,,1,,,,,synthetic_sample_data
1293,Direct Recycling,Vale Recycling 32,152 Sample Street,Reading,E5 7EA,51.4617449,-0.8515213,https://www.example-supplier.co.uk,contact.1293@example-supplier.co.uk,06351 241174,,,,,,1,,,,,synthetic_sample_data
1294,Direct Recycling,Northern Recycling 33,150 Sample Street,Sheffield,V6 3YW,53.4475723,-1.3682062,https://www.example-supplier.co.uk,contact.1294@example-supplier.co.uk,04516 850437,,,,,,0,,,,,synthetic_sample_data
1295,Direct Recycling,Metro Waste Solutions 34,100 Sample Street,Manchester,L9 6RL,53.399459,-2.2564797,https://www.example-supplier.co.uk,contact.1295@example-supplier.co.uk,04125 544451,,,,,,0,,,,,synthetic_sample_data
1296,Direct Recycling,Northern Materials 35,158 Sample Street,Leeds,P1 7DL,53.9047026,-1.6212928,https://www.example-supplier.co.uk,contact.1296@example-supplier.co.uk,01420 247687,,,,,,0,,,,,synthetic_sample_data
1297,Direct Recycling,Prime Logistics 36,6 Sample Street,Nottingham,X2 7NS,52.9532571,-1.2900073,https://www.example-supplier.co.uk,contact.1297@example-supplier.co.uk,02007 564639,,,,,,0,,,,,synthetic_sample_data
1298,Direct Recycling,Crest Reclaim 37,182 Sample Street,Birmingham,I3 1HW,52.5942033,-1.8810858,https://www.example-supplier.co.uk,contact.1298@example-supplier.co.uk,06609 434952,,,,3.2,,0,,,,,synthetic_sample_data
1299,Direct Recycling,Crest Salvage 38,79 Sample Street,Manchester,Y8 6NZ,53.335858,-2.283644,https://www.example-supplier.co.uk,contact.1299@example-supplier.co.uk,09132 691845,,,,37.1,,1,,,,,synthetic_sample_data
1300,Direct Recycling,Capital Waste Solutions 39,1 Sample Street,Sheffield,D3 5ON,53.3166131,-1.3670484,https://www.example-supplier.co.uk,contact.1300@example-supplier.co.uk,08857 982459,,,,,,0,,,,,synthetic_sample_data
1301,Direct Recycling,Green Resource 40,116 Sample Street,Manchester,X7 9HD,53.5699777,-2.2383451,https://www.example-supplier.co.uk,contact.1301@example-supplier.co.uk,01436 945253,,,,,,0,,,,,synthetic_sample_data
1302,Direct Recycling,Union Recycling 41,152 Sample Street,Newcastle,Z6 8DE,54.8768623,-1.612916,https://www.example-supplier.co.uk,contact.1302@example-supplier.co.uk,09468 202161,,,,,,0,,,,,synthetic_sample_data
1303,Direct Recycling,Capital Circular 42,183 Sample Street,Sheffield,O2 4BO,53.4423911,-1.4810634,https://www.example-supplier.co.uk,contact.1303@example-supplier.co.uk,01695 528434,,,,,,0,,,,,synthetic_sample_data
1304,Direct Recycling,Union Waste Solutions 43,51 Sample Street,London,G7 3DW,51.6012991,-0.1914824,https://www.example-supplier.co.uk,contact.1304@example-supplier.co.uk,09061 414820,,,,,,1,,,,,synthetic_sample_data
1305,Direct Recycling,Civic Environmental 44,53 Sample Street,Birmingham,W7 5PA,52.4408801,-1.7825786,https://www.example-supplier.co.uk,contact.1305@example-supplier.co.uk,08320 546597,,,,,,0,,,,,synthetic_sample_data
1306,Direct Recycling,Vale Resource 45,112 Sample Street,Sheffield,Z8 5NM,53.2907894,-1.4187848,https://www.example-supplier.co.uk,contact.1306@example-supplier.co.uk,07595 264190,,,,7.9,,0,,,,,synthetic_sample_data
1307,Direct Recycling,Vale Reuse 46,26 Sample Street,Nottingham,B5 7NN,52.8769644,-1.2666334,https://www.example-supplier.co.uk,contact.1307@example-supplier.co.uk,01310 133643,,,,,,1,,,,,synthetic_sample_data
1308,Direct Recycling,Meadow Reclaim 47,10 Sample Street,Reading,S8 8DI,51.4810943,-0.9015712,https://www.example-supplier.co.uk,contact.1308@example-supplier.co.uk,01828 568641,,,,,,1,,,,,synthetic_sample_data
1309,Direct Recycling,Union Reclaim 48,17 Sample Street,Southampton,A6 4VW,50.8304856,-1.3239182,https://www.example-supplier.co.uk,contact.1309@example-supplier.co.uk,05416 702059,,,,,,0,,,,,synthetic_sample_data
1310,Direct Recycling,Green Logistics 49,136 Sample Street,London,T8 7ZT,51.4340565,-0.0951452,https://www.example-supplier.co.uk,contact.1310@example-supplier.co.uk,05876 777992,,,,63.9,,0,,,,,synthetic_sample_data
1311,Direct Recycling,Northern Salvage 50,26 Sample Street,Leeds,R5 2NM,53.7897743,-1.5673948,https://www.example-supplier.co.uk,contact.1311@example-supplier.co.uk,07262 732277,,,,,,1,,,,,synthetic_sample_data
1312,Direct Recycling,Prime Waste Solutions 51,189 Sample Street,Bristol,F6 7FG,51.5902639,-2.5923936,https://www.example-supplier.co.uk,contact.1312@example-supplier.co.uk,05067 344631,,,,51.5,,1,,,,,synthetic_sample_data
1313,Direct Recycling,Prime Reuse 52,36 Sample Street,Southampton,W5 3NV,50.9302388,-1.5202185,https://www.example-supplier.co.uk,contact.1313@example-supplier.co.uk,01240 170249,,,,,,1,,,,,synthetic_sample_data
1314,Direct Recycling,Union Materials 53,169 Sample Street,London,N1 3VV,51.5120714,-0.0318559,https://www.example-supplier.co.uk,contact.1314@example-supplier.co.uk,02731 193347,,,,,,1,,,,,synthetic_sample_data
1315,Direct Recycling,Union Reclaim 54,115 Sample Street,Manchester,V9 9YS,53.5856858,-2.1220191,https://www.example-supplier.co.uk,contact.1315@example-supplier.co.uk,04853 487319,,,,89.7,,0,,,,,synthetic_sample_data
1316,Direct Recycling,Union Circular 55,67 Sample Street,Newcastle,Q1 2RM,55.1170558,-1.548513,https://www.example-supplier.co.uk,contact.1316@example-supplier.co.uk,05747 793618,,,,,,0,,,,,synthetic_sample_data
1317,Direct Recycling,Crest Environmental 56,113 Sample Street,Birmingham,X4 8QL,52.5635498,-1.9050126,https://www.example-supplier.co.uk,contact.1317@example-supplier.co.uk,09551 638071,,,,53.9,,0,,,,,synthetic_sample_data
1318,Direct Recycling,Bright Environmental 57,22 Sample Street,London,C3 4MS,51.4352502,-0.2637533,https://www.example-supplier.co.uk,contact.1318@example-supplier.co.uk,08754 798964,,,,,,1,,,,,synthetic_sample_data
1319,Direct Recycling,Crest Materials 58,109 Sample Street,Manchester,V5 3TV,53.5601829,-2.1922049,https://www.example-supplier.co.uk,contact.1319@example-supplier.co.uk,09370 623957,,,,,,0,,,,,synthetic_sample_data
1320,Direct Recycling,Civic Reuse 59,67 Sample Street,Newcastle,B6 4WD,55.0461616,-1.6501686,https://www.example-supplier.co.uk,contact.1320@example-supplier.co.uk,01819 380110,,,,8.8,,1,,,,,synthetic_sample_data
1321,Direct Recycling,Crest Circular 60,86 Sample Street,Manchester,P5 9RH,53.437183,-2.3793936,https://www.example-supplier.co.uk,contact.1321@example-supplier.co.uk,05065 285628,,,,35.4,,1,,,,,synthetic_sample_data
1322,Direct Recycling,Civic Salvage 61,73 Sample Street,Southampton,U1 7WU,50.9990593,-1.3129565,https://www.example-supplier.co.uk,contact.1322@example-supplier.co.uk,03977 407075,,,,37.6,,0,,,,,synthetic_sample_data
1323,Direct Recycling,Green Waste Solutions 62,40 Sample Street,Coventry,J3 2OA,52.3362494,-1.4861588,https://www.example-supplier.co.uk,contact.1323@example-supplier.co.uk,08422 636556,,,,,,0,,,,,synthetic_sample_data
1324,Direct Recycling,Summit Logistics 63,33 Sample Street,Liverpool,U7 5RR,53.3011019,-2.8472321,https://www.example-supplier.co.uk,contact.1324@example-supplier.co.uk,04983 965620,,,,,,0,,,,,synthetic_sample_data
1325,Direct Recycling,Union Resource 64,193 Sample Street,Bristol,E5 7PE,51.4648866,-2.578089,https://www.example-supplier.co.uk,contact.1325@example-supplier.co.uk,01673 557082,,,,,,0,,,,,synthetic_sample_data
1326,Direct Recycling,Northern Waste Solutions 65,154 Sample Street,Liverpool,D4 6VY,53.2650165,-2.8916938,https://www.example-supplier.co.uk,contact.1326@example-supplier.co.uk,02210 324869,,,,16.3,,0,,,,,synthetic_sample_data
1327,Direct Recycling,Bright Salvage 66,143 Sample Street,Coventry,F4 1IK,52.3790138,-1.5999053,https://www.example-supplier.co.uk,contact.1327@example-supplier.co.uk,01006 458328,,,,,,1,,,,,synthetic_sample_data
1328,Direct Recycling,Crest Materials 67,32 Sample Street,Sheffield,Y5 8EI,53.4650277,-1.4100005,https://www.example-supplier.co.uk,contact.1328@example-supplier.co.uk,06903 391941,,,,42.9,,0,,,,,synthetic_sample_data
1329,Direct Recycling,Meadow Logistics 68,198 Sample Street,Leeds,C8 8XC,53.8599044,-1.61702,https://www.example-supplier.co.uk,contact.1329@example-supplier.co.uk,07822 521595,,,,,,1,,,,,synthetic_sample_data
1330,Direct Recycling,Civic Recycling 69,38 Sample Street,Southampton,X1 7OR,50.921172,-1.3284976,https://www.example-supplier.co.uk,contact.1330@example-supplier.co.uk,09957 667323,,,,,,0,,,,,synthetic_sample_data
1331,Direct Recycling,Northern Resource 70,109 Sample Street,Newcastle,F7 7IR,54.909561,-1.6127085,https://www.example-supplier.co.uk,contact.1331@example-supplier.co.uk,06348 752788,,,,53.8,,0,,,,,synthetic_sample_data
1332,Direct Recycling,Prime Circular 71,84 Sample Street,Coventry,Q7 5WC,52.5493767,-1.5509517,https://www.example-supplier.co.uk,contact.1332@example-supplier.co.uk,08214 426752,,,,,,1,,,,,synthetic_sample_data
1333,Direct Recycling,Northern Logistics 72,123 Sample Street,Sheffield,T3 1VY,53.4721738,-1.6053098,https://www.example-supplier.co.uk,contact.1333@example-supplier.co.uk,03208 857471,,,,24.6,,1,,,,,synthetic_sample_data
1334,Direct Recycling,Bright Reclaim 73,193 Sample Street,Coventry,X1 4TR,52.2701465,-1.6356834,https://www.example-supplier.co.uk,contact.1334@example-supplier.co.uk,07921 815932,,,,80.8,,0,,,,,synthetic_sample_data
1335,Direct Recycling,Harbour Materials 74,15 Sample Street,Liverpool,S5 6LT,53.3527164,-3.0183631,https://www.example-supplier.co.uk,contact.1335@example-supplier.co.uk,02638 639668,,,,,,0,,,,,synthetic_sample_data
1336,Direct Recycling,Prime Waste Solutions 75,97 Sample Street,London,Q5 3BJ,51.364832,-0.0809808,https://www.example-supplier.co.uk,contact.1336@example-supplier.co.uk,03226 413223,,,,68.2,,1,,,,,synthetic_sample_data
1337,Direct Recycling,Oak Reuse 76,80 Sample Street,Coventry,K7 5FA,52.5152693,-1.4856829,https://www.example-supplier.co.uk,contact.1337@example-supplier.co.uk,07724 152431,,,,,,1,,,,,synthetic_sample_data
1338,Direct Recycling,Crest Recycling 77,130 Sample Street,Newcastle,J6 4GZ,55.0551799,-1.665825,https://www.example-supplier.co.uk,contact.1338@example-supplier.co.uk,08382 920528,,,,2.9,,0,,,,,synthetic_sample_data
1339,Direct Recycling,Meadow Salvage 78,75 Sample Street,Leeds,E3 7KW,53.9079112,-1.5882411,https://www.example-supplier.co.uk,contact.1339@example-supplier.co.uk,07246 921327,,,,,,1,,,,,synthetic_sample_data
1340,Direct Recycling,Capital Recycling 79,45 Sample Street,Reading,V7 3FD,51.4045006,-0.945628,https://www.example-supplier.co.uk,contact.1340@example-supplier.co.uk,01150 828542,,,,,,0,,,,,synthetic_sample_data
1341,Direct Recycling,Harbour Reuse 80,27 Sample Street,Newcastle,E6 2MA,54.9567546,-1.5033937,https://www.example-supplier.co.uk,contact.1341@example-supplier.co.uk,06089 520726,,,,,,1,,,,,synthetic_sample_data
1342,Direct Recycling,Crest Circular 81,195 Sample Street,Coventry,Z9 7BA,52.5518482,-1.64201,https://www.example-supplier.co.uk,contact.1342@example-supplier.co.uk,05115 659319,,,,53.7,,0,,,,,synthetic_sample_data
1343,Direct Recycling,Bright Reuse 82,4 Sample Street,Newcastle,C3 6OZ,55.004943,-1.4732064,https://www.example-supplier.co.uk,contact.1343@example-supplier.co.uk,03094 305399,,,,27.3,,0,,,,,synthetic_sample_data
1344,Direct Recycling,Metro Salvage 83,136 Sample Street,Coventry,X2 3BG,52.3793646,-1.5907633,https://www.example-supplier.co.uk,contact.1344@example-supplier.co.uk,02247 254428,,,,,,1,,,,,synthetic_sample_data
1345,Direct Recycling,Prime Salvage 84,95 Sample Street,Sheffield,O9 6UF,53.2994928,-1.5163842,https://www.example-supplier.co.uk,contact.1345@example-supplier.co.uk,09721 150429,,,,94.8,,0,,,,,synthetic_sample_data
1346,Direct Recycling,Harbour Resource 85,174 Sample Street,Bristol,I6 5BB,51.342875,-2.5363753,https://www.example-supplier.co.uk,contact.1346@example-supplier.co.uk,09248 440052,,,,25.4,,1,,,,,synthetic_sample_data
1347,Direct Recycling,Metro Resource 86,74 Sample Street,Bristol,E4 3WO,51.5001621,-2.6363382,https://www.example-supplier.co.uk,contact.1347@example-supplier.co.uk,02256 216815,,,,61.5,,1,,,,,synthetic_sample_data
1348,Direct Recycling,Northern Reuse 87,166 Sample Street,Reading,M4 4VJ,51.5863255,-0.9080681,https://www.example-supplier.co.uk,contact.1348@example-supplier.co.uk,08182 911129,,,,74.2,,1,,,,,synthetic_sample_data
1349,Direct Recycling,Union Circular 88,4 Sample Street,Birmingham,F2 8LW,52.3454115,-1.780117,https://www.example-supplier.co.uk,contact.1349@example-supplier.co.uk,07217 818361,,,,6.1,,0,,,,,synthetic_sample_data
1350,Direct Recycling,Vale Recycling 89,59 Sample Street,Southampton,W4 1MT,50.9949114,-1.2657051,https://www.example-supplier.co.uk,contact.1350@example-supplier.co.uk,05176 444930,,,,,,0,,,,,synthetic_sample_data
1351,Direct Recycling,Vale Resource 90,102 Sample Street,Bristol,B2 9CW,51.4917387,-2.6690688,https://www.example-supplier.co.uk,contact.1351@example-supplier.co.uk,06006 112389,,,,,,1,,,,,synthetic_sample_data
1352,Direct Recycling,Summit Materials 91,14 Sample Street,Nottingham,I6 5IN,53.0763009,-1.0553319,https://www.example-supplier.co.uk,contact.1352@example-supplier.co.uk,05568 366445,,,,21.0,,1,,,,,synthetic_sample_data
1353,Direct Recycling,Capital Reuse 92,32 Sample Street,Coventry,U6 4UT,52.2765872,-1.4888698,https://www.example-supplier.co.uk,contact.1353@example-supplier.co.uk,02755 116325,,,,,,1,,,,,synthetic_sample_data
1354,Direct Recycling,Union Salvage 93,154 Sample Street,Nottingham,Q9 3YW,52.9585477,-1.231463,https://www.example-supplier.co.uk,contact.1354@example-supplier.co.uk,07972 714807,,,,,,1,,,,,synthetic_sample_data
1355,Direct Recycling,Bright Reclaim 94,10 Sample Street,Newcastle,O3 5MH,55.0019326,-1.7279465,https://www.example-supplier.co.uk,contact.1355@example-supplier.co.uk,05493 980537,,,,86.2,,1,,,,,synthetic_sample_data
1356,Direct Recycling,Crest Resource 95,146 Sample Street,Coventry,O3 9HH,52.33259,-1.5893601,https://www.example-supplier.co.uk,contact.1356@example-supplier.co.uk,04709 721168,,,,15.1,,0,,,,,synthetic_sample_data
1357,Direct Recycling,Oak Materials 96,143 Sample Street,Reading,Q9 1WS,51.5021593,-0.9781092,https://www.example-supplier.co.uk,contact.1357@example-supplier.co.uk,04442 280777,,,,16.8,,0,,,,,synthetic_sample_data
1358,Direct Recycling,Capital Materials 0,98 Sample Street,London,C9 7ON,51.6022643,-0.2733292,https://www.example-supplier.co.uk,contact.1358@example-supplier.co.uk,01034 117068,,,,,,0,,,,,synthetic_sample_data
1359,Direct Recycling,Vale Circular 1,76 Sample Street,Nottingham,M2 1RC,53.0571825,-1.12904,https://www.example-supplier.co.uk,contact.1359@example-supplier.co.uk,08878 849591,,,,,,1,,,,,synthetic_sample_data
1360,Direct Recycling,Capital Circular 2,194 Sample Street,Manchester,U4 2SQ,53.4174292,-2.1174192,https://www.example-supplier.co.uk,contact.1360@example-supplier.co.uk,05740 434836,,,,,,1,,,,,synthetic_sample_data
1361,Direct Recycling,Vale Circular 3,174 Sample Street,Bristol,K5 7SK,51.430842,-2.5125775,https://www.example-supplier.co.uk,contact.1361@example-supplier.co.uk,03265 304459,,,,3.5,,0,,,,,synthetic_sample_data
1362,Direct Recycling,Vale Salvage 4,98 Sample Street,Coventry,L5 6XS,52.4887284,-1.6646295,https://www.example-supplier.co.uk,contact.1362@example-supplier.co.uk,03988 103678,,,,,,0,,,,,synthetic_sample_data
1363,Direct Recycling,Oak Salvage 5,101 Sample Street,Sheffield,I2 2AU,53.2369635,-1.4133905,https://www.example-supplier.co.uk,contact.1363@example-supplier.co.uk,07388 542584,,,,29.9,,0,,,,,synthetic_sample_data
1364,Direct Recycling,Capital Waste Solutions 6,158 Sample Street,Coventry,O9 6DM,52.2838889,-1.417483,https://www.example-supplier.co.uk,contact.1364@example-supplier.co.uk,01025 947000,,,,91.6,,1,,,,,synthetic_sample_data
1365,Direct Recycling,Green Environmental 7,37 Sample Street,Southampton,N9 4JR,50.9005301,-1.3975622,https://www.example-supplier.co.uk,contact.1365@example-supplier.co.uk,04189 550779,,,,,,1,,,,,synthetic_sample_data
1366,Direct Recycling,Green Circular 8,145 Sample Street,Birmingham,N9 9QU,52.4527243,-1.902666,https://www.example-supplier.co.uk,contact.1366@example-supplier.co.uk,04835 666163,,,,,,1,,,,,synthetic_sample_data
1367,Direct Recycling,Meadow Logistics 9,97 Sample Street,Southampton,L8 2SO,50.7814944,-1.5452095,https://www.example-supplier.co.uk,contact.1367@example-supplier.co.uk,08024 289383,,,,,,0,,,,,synthetic_sample_data
1368,Direct Recycling,Oak Environmental 10,4 Sample Street,Birmingham,U9 9FM,52.3428831,-2.0143074,https://www.example-supplier.co.uk,contact.1368@example-supplier.co.uk,08447 990524,,,,,,0,,,,,synthetic_sample_data
1369,Direct Recycling,Crest Logistics 11,81 Sample Street,Nottingham,C8 6KQ,53.0612342,-1.0797843,https://www.example-supplier.co.uk,contact.1369@example-supplier.co.uk,07038 245961,,,,11.8,,1,,,,,synthetic_sample_data
1370,Direct Recycling,Harbour Materials 12,173 Sample Street,Newcastle,M3 2DR,54.9155362,-1.7407363,https://www.example-supplier.co.uk,contact.1370@example-supplier.co.uk,08999 411215,,,,64.5,,0,,,,,synthetic_sample_data
1371,Direct Recycling,Oak Materials 13,86 Sample Street,Bristol,F3 3TP,51.3320706,-2.524069,https://www.example-supplier.co.uk,contact.1371@example-supplier.co.uk,08139 379205,,,,,,0,,,,,synthetic_sample_data
1372,Direct Recycling,Crest Waste Solutions 14,76 Sample Street,Newcastle,E2 9LV,54.8443184,-1.5556601,https://www.example-supplier.co.uk,contact.1372@example-supplier.co.uk,07003 379341,,,,,,0,,,,,synthetic_sample_data
1373,Direct Recycling,Green Logistics 15,5 Sample Street,Sheffield,L8 1WS,53.3616353,-1.4683607,https://www.example-supplier.co.uk,contact.1373@example-supplier.co.uk,03318 232465,,,,5.0,,1,,,,,synthetic_sample_data
1374,Direct Recycling,Oak Waste Solutions 16,46 Sample Street,Leeds,F4 3IP,53.9284022,-1.4295571,https://www.example-supplier.co.uk,contact.1374@example-supplier.co.uk,01865 581671,,,,,,1,,,,,synthetic_sample_data
1375,Direct Recycling,Green Reclaim 17,68 Sample Street,Coventry,U9 3FW,52.5224436,-1.5857004,https://www.example-supplier.co.uk,contact.1375@example-supplier.co.uk,08954 645438,,,,24.0,,0,,,,,synthetic_sample_data
1376,Direct Recycling,Union Environmental 18,179 Sample Street,Liverpool,C1 6RU,53.2801464,-2.8591207,https://www.example-supplier.co.uk,contact.1376@example-supplier.co.uk,01102 604858,,,,5.9,,0,,,,,synthetic_sample_data
1377,Direct Recycling,Metro Reuse 19,21 Sample Street,Southampton,V2 6FN,50.8712405,-1.5540923,https://www.example-supplier.co.uk,contact.1377@example-supplier.co.uk,02789 955933,,,,4.4,,1,,,,,synthetic_sample_data
1378,Direct Recycling,Bright Recycling 20,111 Sample Street,Leeds,B1 8CZ,53.9349013,-1.4404416,https://www.example-supplier.co.uk,contact.1378@example-supplier.co.uk,03230 309305,,,,,,0,,,,,synthetic_sample_data
1379,Direct Recycling,Harbour Reclaim 21,179 Sample Street,London,Z5 9WK,51.6444943,-0.2008723,https://www.example-supplier.co.uk,contact.1379@example-supplier.co.uk,09260 701885,,,,,,0,,,,,synthetic_sample_data
1380,Direct Recycling,Union Logistics 22,72 Sample Street,Southampton,N6 3TI,50.9162709,-1.4304387,https://www.example-supplier.co.uk,contact.1380@example-supplier.co.uk,04495 999115,,,,76.6,,1,,,,,synthetic_sample_data
1381,Direct Recycling,Harbour Circular 23,198 Sample Street,Coventry,G5 9CG,52.2832272,-1.4823784,https://www.example-supplier.co.uk,contact.1381@example-supplier.co.uk,03314 597166,,,,7.1,,1,,,,,synthetic_sample_data
1382,Direct Recycling,Union Logistics 24,55 Sample Street,Sheffield,V3 2OJ,53.2447212,-1.5145615,https://www.example-supplier.co.uk,contact.1382@example-supplier.co.uk,07607 332552,,,,78.4,,1,,,,,synthetic_sample_data
1383,Direct Recycling,Vale Resource 25,140 Sample Street,Newcastle,N9 1MI,54.9051101,-1.5386177,https://www.example-supplier.co.uk,contact.1383@example-supplier.co.uk,06527 258737,,,,,,1,,,,,synthetic_sample_data
1384,Direct Recycling,Harbour Waste Solutions 26,82 Sample Street,Newcastle,Q4 9JF,54.8864268,-1.6034139,https://www.example-supplier.co.uk,contact.1384@example-supplier.co.uk,05908 668267,,,,38.3,,1,,,,,synthetic_sample_data
1385,Direct Recycling,Summit Environmental 27,115 Sample Street,Liverpool,O5 1ML,53.5329014,-2.9795424,https://www.example-supplier.co.uk,contact.1385@example-supplier.co.uk,01869 567157,,,,35.2,,1,,,,,synthetic_sample_data
1386,Direct Recycling,Harbour Recycling 28,162 Sample Street,Liverpool,K6 2BP,53.3062367,-2.9722287,https://www.example-supplier.co.uk,contact.1386@example-supplier.co.uk,01557 667114,,,,73.1,,0,,,,,synthetic_sample_data
1387,Direct Recycling,Northern Reuse 29,76 Sample Street,Leeds,D1 3KZ,53.680719,-1.6740996,https://www.example-supplier.co.uk,contact.1387@example-supplier.co.uk,09315 506742,,,,44.5,,1,,,,,synthetic_sample_data
1388,Direct Recycling,Civic Recycling 30,179 Sample Street,London,T6 4KI,51.5634213,-0.2246557,https://www.example-supplier.co.uk,contact.1388@example-supplier.co.uk,07653 851919,,,,68.3,,0,,,,,synthetic_sample_data
1389,Direct Recycling,Crest Environmental 31,180 Sample Street,Manchester,A3 7YZ,53.5308584,-2.3379277,https://www.example-supplier.co.uk,contact.1389@example-supplier.co.uk,06854 162412,,,,7.9,,0,,,,,synthetic_sample_data
1390,Direct Recycling,Metro Environmental 32,12 Sample Street,Sheffield,U6 1OJ,53.2954796,-1.4042577,https://www.example-supplier.co.uk,contact.1390@example-supplier.co.uk,05253 561535,,,,49.2,,1,,,,,synthetic_sample_data
1391,Direct Recycling,Prime Circular 33,193 Sample Street,Coventry,W6 1HV,52.3141788,-1.6309595,https://www.example-supplier.co.uk,contact.1391@example-supplier.co.uk,01811 471054,,,,4.8,,1,,,,,synthetic_sample_data
1392,Direct Recycling,Riverside Recycling 34,33 Sample Street,Bristol,S2 1IL,51.5917178,-2.5512878,https://www.example-supplier.co.uk,contact.1392@example-supplier.co.uk,04330 823548,,,,87.8,,1,,,,,synthetic_sample_data
1393,Direct Recycling,Meadow Waste Solutions 35,87 Sample Street,London,R5 2HU,51.5093447,-0.0681811,https://www.example-supplier.co.uk,contact.1393@example-supplier.co.uk,02055 175506,,,,61.7,,0,,,,,synthetic_sample_data
1394,Direct Recycling,Capital Environmental 36,16 Sample Street,Nottingham,B6 7CB,52.9125523,-1.0801104,https://www.example-supplier.co.uk,contact.1394@example-supplier.co.uk,06578 253624,,,,,,1,,,,,synthetic_sample_data
1395,Direct Recycling,Green Salvage 37,184 Sample Street,Southampton,R1 2RM,51.0418711,-1.5504855,https://www.example-supplier.co.uk,contact.1395@example-supplier.co.uk,08020 964286,,,,,,1,,,,,synthetic_sample_data
1396,Direct Recycling,Bright Circular 38,146 Sample Street,London,V3 4VG,51.5908882,-0.0091684,https://www.example-supplier.co.uk,contact.1396@example-supplier.co.uk,05375 828118,,,,30.7,,1,,,,,synthetic_sample_data
1397,Direct Recycling,Bright Salvage 39,90 Sample Street,Leeds,K1 4FU,53.6569534,-1.5813108,https://www.example-supplier.co.uk,contact.1397@example-supplier.co.uk,03575 450407,,,,7.3,,0,,,,,synthetic_sample_data
1398,Direct Recycling,Oak Materials 40,16 Sample Street,Liverpool,O9 5FS,53.3523311,-3.1025976,https://www.example-supplier.co.uk,contact.1398@example-supplier.co.uk,05683 210905,,,,66.1,,0,,,,,synthetic_sample_data
1399,Direct Recycling,Vale Reclaim 41,174 Sample Street,Leeds,X1 1UN,53.887583,-1.6067854,https://www.example-supplier.co.uk,contact.1399@example-supplier.co.uk,02142 115973,,,,,,0,,,,,synthetic_sample_data
1400,Direct Recycling,Union Salvage 42,99 Sample Street,London,H1 3DC,51.548562,0.0099226,https://www.example-supplier.co.uk,contact.1400@example-supplier.co.uk,09362 365580,,,,,,0,,,,,synthetic_sample_data
1401,Direct Recycling,Crest Environmental 43,145 Sample Street,Birmingham,Y9 9OK,52.5210799,-2.0384514,https://www.example-supplier.co.uk,contact.1401@example-supplier.co.uk,08479 450311,,,,8.8,,1,,,,,synthetic_sample_data
1402,Direct Recycling,Vale Resource 44,118 Sample Street,Bristol,Z3 1WE,51.3547461,-2.7239721,https://www.example-supplier.co.uk,contact.1402@example-supplier.co.uk,07866 803632,,,,,,0,,,,,synthetic_sample_data
1403,Direct Recycling,Crest Recycling 45,42 Sample Street,Manchester,O2 2ZL,53.4075504,-2.097609,https://www.example-supplier.co.uk,contact.1403@example-supplier.co.uk,03065 101150,,,,,,0,,,,,synthetic_sample_data
1404,Direct Recycling,Metro Reclaim 46,126 Sample Street,Birmingham,L9 2QS,52.3929135,-1.8302728,https://www.example-supplier.co.uk,contact.1404@example-supplier.co.uk,03800 170805,,,,68.6,,0,,,,,synthetic_sample_data
1405,Direct Recycling,Oak Resource 47,151 Sample Street,Liverpool,K9 9CX,53.2903248,-3.1079806,https://www.example-supplier.co.uk,contact.1405@example-supplier.co.uk,09774 489470,,,,56.9,,1,,,,,synthetic_sample_data
1406,Direct Recycling,Harbour Reclaim 48,87 Sample Street,Coventry,Q1 1YY,52.5486436,-1.6194562,https://www.example-supplier.co.uk,contact.1406@example-supplier.co.uk,07254 683021,,,,47.9,,0,,,,,synthetic_sample_data
1407,Direct Recycling,Metro Circular 49,14 Sample Street,Manchester,Z9 5KJ,53.4950467,-2.2799687,https://www.example-supplier.co.uk,contact.1407@example-supplier.co.uk,08857 280751,,,,99.5,,0,,,,,synthetic_sample_data
1408,Direct Recycling,Green Recycling 50,59 Sample Street,Birmingham,G5 9EU,52.5529147,-1.8973684,https://www.example-supplier.co.uk,contact.1408@example-supplier.co.uk,03910 677974,,,,,,0,,,,,synthetic_sample_data
1409,Direct Recycling,Bright Waste Solutions 51,93 Sample Street,London,E9 2CN,51.4329886,-0.1945727,https://www.example-supplier.co.uk,contact.1409@example-supplier.co.uk,04463 866658,,,,,,0,,,,,synthetic_sample_data
1410,Direct Recycling,Civic Recycling 52,179 Sample Street,Coventry,U4 1IW,52.2598624,-1.6317401,https://www.example-supplier.co.uk,contact.1410@example-supplier.co.uk,03090 137870,,,,,,0,,,,,synthetic_sample_data
1411,Direct Recycling,Vale Materials 53,34 Sample Street,Birmingham,L4 1YY,52.5512819,-1.8909919,https://www.example-supplier.co.uk,contact.1411@example-supplier.co.uk,02691 355537,,,,,,1,,,,,synthetic_sample_data
1412,Direct Recycling,Oak Resource 54,118 Sample Street,Sheffield,B6 4OO,53.4970008,-1.4979526,https://www.example-supplier.co.uk,contact.1412@example-supplier.co.uk,01047 815319,,,,,,0,,,,,synthetic_sample_data
1413,Direct Recycling,Northern Recycling 55,97 Sample Street,Southampton,C7 2PJ,50.9208807,-1.5147942,https://www.example-supplier.co.uk,contact.1413@example-supplier.co.uk,03652 727273,,,,4.1,,0,,,,,synthetic_sample_data
1414,Direct Recycling,Northern Recycling 56,100 Sample Street,Southampton,X9 5CT,50.9844223,-1.3951342,https://www.example-supplier.co.uk,contact.1414@example-supplier.co.uk,05319 359985,,,,,,0,,,,,synthetic_sample_data
1415,Direct Recycling,Northern Salvage 57,95 Sample Street,Southampton,Q1 6MR,50.784048,-1.2938097,https://www.example-supplier.co.uk,contact.1415@example-supplier.co.uk,08976 114671,,,,41.8,,1,,,,,synthetic_sample_data
1416,Direct Recycling,Green Salvage 58,101 Sample Street,Newcastle,M3 2SQ,55.114514,-1.5046961,https://www.example-supplier.co.uk,contact.1416@example-supplier.co.uk,04831 834450,,,,,,0,,,,,synthetic_sample_data
1417,Direct Recycling,Meadow Waste Solutions 59,176 Sample Street,Bristol,B8 7MG,51.4788641,-2.5042591,https://www.example-supplier.co.uk,contact.1417@example-supplier.co.uk,05923 787894,,,,,,0,,,,,synthetic_sample_data
1418,Direct Recycling,Green Waste Solutions 60,35 Sample Street,Coventry,O4 3FM,52.3242159,-1.5446503,https://www.example-supplier.co.uk,contact.1418@example-supplier.co.uk,07175 275400,,,,,,0,,,,,synthetic_sample_data
1419,Direct Recycling,Capital Salvage 61,69 Sample Street,Manchester,X6 9WK,53.4194553,-2.3485426,https://www.example-supplier.co.uk,contact.1419@example-supplier.co.uk,03251 969005,,,,10.1,,0,,,,,synthetic_sample_data
1420,Direct Recycling,Prime Logistics 62,186 Sample Street,Nottingham,T7 3UH,53.0252857,-1.0233569,https://www.example-supplier.co.uk,contact.1420@example-supplier.co.uk,02607 875846,,,,,,0,,,,,synthetic_sample_data
1421,Direct Recycling,Riverside Resource 63,118 Sample Street,Reading,K4 3XJ,51.4845355,-0.9232905,https://www.example-supplier.co.uk,contact.1421@example-supplier.co.uk,04293 686893,,,,18.7,,1,,,,,synthetic_sample_data
1422,Direct Recycling,Capital Resource 64,94 Sample Street,Reading,B4 2CW,51.321581,-0.9686114,https://www.example-supplier.co.uk,contact.1422@example-supplier.co.uk,05271 312134,,,,52.9,,1,,,,,synthetic_sample_data
1423,Direct Recycling,Summit Reuse 65,117 Sample Street,London,S5 8KZ,51.4695586,-0.0621696,https://www.example-supplier.co.uk,contact.1423@example-supplier.co.uk,07396 823338,,,,,,1,,,,,synthetic_sample_data
1424,Direct Recycling,Civic Environmental 66,70 Sample Street,Coventry,H7 6SP,52.4884266,-1.3992537,https://www.example-supplier.co.uk,contact.1424@example-supplier.co.uk,04266 478003,,,,,,1,,,,,synthetic_sample_data
1425,Direct Recycling,Metro Reclaim 67,3 Sample Street,Manchester,J6 1RW,53.4600724,-2.1208166,https://www.example-supplier.co.uk,contact.1425@example-supplier.co.uk,03901 459931,,,,,,1,,,,,synthetic_sample_data
1426,Direct Recycling,Meadow Salvage 68,115 Sample Street,Nottingham,Z6 7MJ,52.8310615,-1.2055929,https://www.example-supplier.co.uk,contact.1426@example-supplier.co.uk,03336 438791,,,,,,0,,,,,synthetic_sample_data
1427,Direct Recycling,Metro Resource 69,32 Sample Street,London,W2 5FM,51.4933601,0.0164512,https://www.example-supplier.co.uk,contact.1427@example-supplier.co.uk,07028 914659,,,,28.6,,1,,,,,synthetic_sample_data
1428,Direct Recycling,Meadow Materials 70,184 Sample Street,Reading,D5 6JG,51.4676385,-1.069476,https://www.example-supplier.co.uk,contact.1428@example-supplier.co.uk,07806 956244,,,,45.3,,1,,,,,synthetic_sample_data
1429,Direct Recycling,Northern Recycling 71,43 Sample Street,Leeds,U2 8QL,53.8481356,-1.5617307,https://www.example-supplier.co.uk,contact.1429@example-supplier.co.uk,01491 660105,,,,,,0,,,,,synthetic_sample_data
1430,Direct Recycling,Northern Circular 72,190 Sample Street,Manchester,F4 6VI,53.4413081,-2.2279052,https://www.example-supplier.co.uk,contact.1430@example-supplier.co.uk,05601 433799,,,,43.3,,1,,,,,synthetic_sample_data
1431,Direct Recycling,Crest Reuse 73,7 Sample Street,Bristol,P4 3UV,51.3846178,-2.5338171,https://www.example-supplier.co.uk,contact.1431@example-supplier.co.uk,01796 217889,,,,41.1,,1,,,,,synthetic_sample_data
1432,Direct Recycling,Bright Reuse 74,105 Sample Street,Coventry,S7 7VK,52.5029067,-1.6029307,https://www.example-supplier.co.uk,contact.1432@example-supplier.co.uk,08421 238471,,,,,,1,,,,,synthetic_sample_data
1433,Direct Recycling,Civic Recycling 75,95 Sample Street,London,E8 9CA,51.3908425,-0.004492,https://www.example-supplier.co.uk,contact.1433@example-supplier.co.uk,06850 954894,,,,,,0,,,,,synthetic_sample_data
1434,Direct Recycling,Vale Materials 76,50 Sample Street,London,J3 6OV,51.3649952,-0.2322051,https://www.example-supplier.co.uk,contact.1434@example-supplier.co.uk,03097 168904,,,,,,0,,,,,synthetic_sample_data
1435,Direct Recycling,Harbour Reclaim 77,9 Sample Street,Southampton,M9 2PF,50.8500372,-1.2641021,https://www.example-supplier.co.uk,contact.1435@example-supplier.co.uk,04565 900130,,,,,,0,,,,,synthetic_sample_data
1436,Direct Recycling,Metro Circular 78,162 Sample Street,Liverpool,X1 3SX,53.4451303,-3.0362807,https://www.example-supplier.co.uk,contact.1436@example-supplier.co.uk,07402 284560,,,,78.4,,1,,,,,synthetic_sample_data
1437,Direct Recycling,Summit Resource 79,158 Sample Street,Birmingham,F3 8HW,52.5519409,-1.7504919,https://www.example-supplier.co.uk,contact.1437@example-supplier.co.uk,04844 255565,,,,,,0,,,,,synthetic_sample_data
1438,Direct Recycling,Harbour Resource 80,130 Sample Street,London,E4 7NC,51.4435988,-0.0219408,https://www.example-supplier.co.uk,contact.1438@example-supplier.co.uk,06800 336455,,,,,,0,,,,,synthetic_sample_data
1439,Direct Recycling,Union Reuse 81,196 Sample Street,Newcastle,F7 8ZD,54.9474288,-1.4955806,https://www.example-supplier.co.uk,contact.1439@example-supplier.co.uk,01746 636294,,,,,,0,,,,,synthetic_sample_data
1440,Direct Recycling,Bright Reclaim 82,174 Sample Street,Leeds,D6 9HR,53.7651399,-1.6694989,https://www.example-supplier.co.uk,contact.1440@example-supplier.co.uk,03555 515682,,,,,,0,,,,,synthetic_sample_data
1441,Direct Recycling,Civic Salvage 83,114 Sample Street,Coventry,I7 8GK,52.2836922,-1.411991,https://www.example-supplier.co.uk,contact.1441@example-supplier.co.uk,05294 660078,,,,13.1,,0,,,,,synthetic_sample_data
1442,Direct Recycling,Metro Materials 84,89 Sample Street,Leeds,U2 5IE,53.9454457,-1.4043585,https://www.example-supplier.co.uk,contact.1442@example-supplier.co.uk,09328 117707,,,,,,0,,,,,synthetic_sample_data
1443,Direct Recycling,Civic Materials 85,159 Sample Street,Coventry,L7 1MF,52.501506,-1.3724563,https://www.example-supplier.co.uk,contact.1443@example-supplier.co.uk,03926 869919,,,,33.8,,1,,,,,synthetic_sample_data
1444,Direct Recycling,Vale Reuse 86,102 Sample Street,Reading,U2 9BI,51.3190927,-1.0112166,https://www.example-supplier.co.uk,contact.1444@example-supplier.co.uk,05008 169907,,,,49.2,,0,,,,,synthetic_sample_data
1445,Direct Recycling,Capital Circular 87,169 Sample Street,Leeds,D9 6EA,53.6526939,-1.4983993,https://www.example-supplier.co.uk,contact.1445@example-supplier.co.uk,05995 909679,,,,,,1,,,,,synthetic_sample_data
1446,Direct Recycling,Meadow Waste Solutions 88,81 Sample Street,Birmingham,S8 6MC,52.4565878,-2.0232004,https://www.example-supplier.co.uk,contact.1446@example-supplier.co.uk,07542 340374,,,,79.1,,0,,,,,synthetic_sample_data
1447,Direct Recycling,Meadow Materials 89,145 Sample Street,Sheffield,C7 5CC,53.3266261,-1.4494969,https://www.example-supplier.co.uk,contact.1447@example-supplier.co.uk,02102 486177,,,,67.3,,1,,,,,synthetic_sample_data
1448,Direct Recycling,Civic Reclaim 90,92 Sample Street,Liverpool,G6 8RP,53.3398858,-2.9707274,https://www.example-supplier.co.uk,contact.1448@example-supplier.co.uk,07159 721202,,,,6.0,,0,,,,,synthetic_sample_data
1449,Direct Recycling,Metro Recycling 91,170 Sample Street,Birmingham,U8 2EX,52.341648,-1.9897818,https://www.example-supplier.co.uk,contact.1449@example-supplier.co.uk,02165 753000,,,,,,1,,,,,synthetic_sample_data
1450,Direct Recycling,Meadow Salvage 92,134 Sample Street,Manchester,R8 7BS,53.6130402,-2.2211279,https://www.example-supplier.co.uk,contact.1450@example-supplier.co.uk,07611 585236,,,,,,0,,,,,synthetic_sample_data
1451,Direct Recycling,Capital Reclaim 93,179 Sample Street,Birmingham,O7 1OK,52.4641087,-1.7724411,https://www.example-supplier.co.uk,contact.1451@example-supplier.co.uk,04037 238256,,,,,,1,,,,,synthetic_sample_data
1452,Direct Recycling,Vale Resource 94,49 Sample Street,Reading,D2 7KJ,51.467709,-1.0223749,https://www.example-supplier.co.uk,contact.1452@example-supplier.co.uk,06058 312876,,,,,,1,,,,,synthetic_sample_data
1453,Direct Recycling,Metro Reclaim 95,70 Sample Street,Birmingham,A6 8ZM,52.4061525,-1.9969805,https://www.example-supplier.co.uk,contact.1453@example-supplier.co.uk,02134 469070,,,,56.3,,1,,,,,synthetic_sample_data
1454,Direct Recycling,Green Materials 96,171 Sample Street,Bristol,O7 5JR,51.4484814,-2.5246101,https://www.example-supplier.co.uk,contact.1454@example-supplier.co.uk,07895 688526,,,,49.6,,1,,,,,synthetic_sample_data
1455,Direct Recycling,Riverside Reclaim 0,9 Sample Street,Southampton,G7 6NW,50.8940478,-1.4193583,https://www.example-supplier.co.uk,contact.1455@example-supplier.co.uk,07877 955864,,,,,,1,,,,,synthetic_sample_data
1456,Direct Recycling,Summit Resource 1,158 Sample Street,London,B7 5SN,51.3643161,-0.2045208,https://www.example-supplier.co.uk,contact.1456@example-supplier.co.uk,08704 308855,,,,,,1,,,,,synthetic_sample_data
1457,Direct Recycling,Prime Environmental 2,13 Sample Street,Newcastle,W7 4KG,54.8520235,-1.5029804,https://www.example-supplier.co.uk,contact.1457@example-supplier.co.uk,03250 696964,,,,59.4,,0,,,,,synthetic_sample_data
1458,Direct Recycling,Union Materials 3,21 Sample Street,Birmingham,V4 7JH,52.4466021,-2.0073634,https://www.example-supplier.co.uk,contact.1458@example-supplier.co.uk,08580 533612,,,,61.4,,1,,,,,synthetic_sample_data
1459,Direct Recycling,Oak Salvage 4,79 Sample Street,Southampton,K5 5XH,50.8777413,-1.277619,https://www.example-supplier.co.uk,contact.1459@example-supplier.co.uk,05063 413038,,,,78.6,,1,,,,,synthetic_sample_data
1460,Direct Recycling,Prime Logistics 5,116 Sample Street,Southampton,T4 5IS,50.7960937,-1.3835844,https://www.example-supplier.co.uk,contact.1460@example-supplier.co.uk,05007 889558,,,,,,1,,,,,synthetic_sample_data
1461,Direct Recycling,Civic Circular 6,33 Sample Street,Liverpool,H1 6QN,53.3375383,-2.9838526,https://www.example-supplier.co.uk,contact.1461@example-supplier.co.uk,03807 253201,,,,47.7,,0,,,,,synthetic_sample_data
1462,Direct Recycling,Meadow Circular 7,147 Sample Street,Southampton,H3 2AY,50.9604024,-1.3944464,https://www.example-supplier.co.uk,contact.1462@example-supplier.co.uk,05417 204604,,,,,,0,,,,,synthetic_sample_data
1463,Direct Recycling,Meadow Recycling 8,162 Sample Street,Coventry,J9 6GJ,52.3088011,-1.4115736,https://www.example-supplier.co.uk,contact.1463@example-supplier.co.uk,08846 442699,,,,41.3,,1,,,,,synthetic_sample_data
1464,Direct Recycling,Meadow Materials 9,111 Sample Street,Newcastle,A1 5IS,55.0684059,-1.7282265,https://www.example-supplier.co.uk,contact.1464@example-supplier.co.uk,01610 356307,,,,38.2,,0,,,,,synthetic_sample_data
1465,Direct Recycling,Green Recycling 10,53 Sample Street,Birmingham,L2 3YD,52.5532603,-1.9733662,https://www.example-supplier.co.uk,contact.1465@example-supplier.co.uk,03317 873111,,,,46.1,,1,,,,,synthetic_sample_data
1466,Direct Recycling,Capital Environmental 11,21 Sample Street,Sheffield,V8 1RN,53.3897295,-1.4416283,https://www.example-supplier.co.uk,contact.1466@example-supplier.co.uk,06527 758510,,,,60.9,,0,,,,,synthetic_sample_data
1467,Direct Recycling,Capital Waste Solutions 12,139 Sample Street,Bristol,M4 2CH,51.5162449,-2.5721349,https://www.example-supplier.co.uk,contact.1467@example-supplier.co.uk,06361 515811,,,,,,0,,,,,synthetic_sample_data
1468,Direct Recycling,Vale Salvage 13,80 Sample Street,Leeds,X3 1HG,53.739787,-1.6440298,https://www.example-supplier.co.uk,contact.1468@example-supplier.co.uk,03581 803330,,,,,,0,,,,,synthetic_sample_data
1469,Direct Recycling,Green Waste Solutions 14,173 Sample Street,Bristol,O7 9XW,51.4264732,-2.541093,https://www.example-supplier.co.uk,contact.1469@example-supplier.co.uk,04800 795505,,,,39.6,,0,,,,,synthetic_sample_data
1470,Direct Recycling,Civic Environmental 15,168 Sample Street,London,I7 1EZ,51.5230507,-0.007318,https://www.example-supplier.co.uk,contact.1470@example-supplier.co.uk,03307 696724,,,,,,1,,,,,synthetic_sample_data
1471,Direct Recycling,Riverside Resource 16,138 Sample Street,Newcastle,G6 1EH,55.0950806,-1.7484766,https://www.example-supplier.co.uk,contact.1471@example-supplier.co.uk,01615 416772,,,,83.5,,0,,,,,synthetic_sample_data
1472,Direct Recycling,Riverside Salvage 17,195 Sample Street,Birmingham,F8 6XY,52.3847961,-1.8726746,https://www.example-supplier.co.uk,contact.1472@example-supplier.co.uk,07403 454775,,,,,,0,,,,,synthetic_sample_data
1473,Direct Recycling,Meadow Resource 18,28 Sample Street,Birmingham,A3 6MS,52.4922942,-1.9944046,https://www.example-supplier.co.uk,contact.1473@example-supplier.co.uk,01152 242912,,,,,,0,,,,,synthetic_sample_data
1474,Direct Recycling,Oak Reuse 19,94 Sample Street,Leeds,X2 7ZO,53.65739,-1.6399194,https://www.example-supplier.co.uk,contact.1474@example-supplier.co.uk,08224 171010,,,,1.1,,1,,,,,synthetic_sample_data
1475,Direct Recycling,Summit Environmental 20,54 Sample Street,Birmingham,B3 5UL,52.5689717,-1.8574982,https://www.example-supplier.co.uk,contact.1475@example-supplier.co.uk,05081 884746,,,,,,0,,,,,synthetic_sample_data
1476,Direct Recycling,Riverside Reuse 21,34 Sample Street,Leeds,A4 5WZ,53.8712148,-1.5322614,https://www.example-supplier.co.uk,contact.1476@example-supplier.co.uk,03795 346402,,,,,,1,,,,,synthetic_sample_data
1477,Direct Recycling,Prime Recycling 22,34 Sample Street,Newcastle,W3 3VZ,54.8487304,-1.4761384,https://www.example-supplier.co.uk,contact.1477@example-supplier.co.uk,02488 576283,,,,,,1,,,,,synthetic_sample_data
1478,Direct Recycling,Oak Waste Solutions 23,177 Sample Street,London,X2 8UU,51.489204,-0.0141978,https://www.example-supplier.co.uk,contact.1478@example-supplier.co.uk,09953 585039,,,,,,1,,,,,synthetic_sample_data
1479,Direct Recycling,Prime Materials 24,113 Sample Street,Liverpool,M6 9HR,53.2901613,-2.9056021,https://www.example-supplier.co.uk,contact.1479@example-supplier.co.uk,05320 152477,,,,,,1,,,,,synthetic_sample_data
1480,Direct Recycling,Crest Reclaim 25,195 Sample Street,Reading,K1 6MM,51.3488014,-0.9763632,https://www.example-supplier.co.uk,contact.1480@example-supplier.co.uk,03947 263107,,,,,,1,,,,,synthetic_sample_data
1481,Direct Recycling,Capital Reuse 26,26 Sample Street,Nottingham,G8 2ZF,53.0222121,-1.2638701,https://www.example-supplier.co.uk,contact.1481@example-supplier.co.uk,05081 757667,,,,,,0,,,,,synthetic_sample_data
1482,Direct Recycling,Union Recycling 27,158 Sample Street,London,L9 7ZX,51.3931677,-0.1404331,https://www.example-supplier.co.uk,contact.1482@example-supplier.co.uk,04861 830741,,,,,,0,,,,,synthetic_sample_data
1483,Direct Recycling,Bright Waste Solutions 28,151 Sample Street,Newcastle,U4 3LD,55.0848173,-1.5089138,https://www.example-supplier.co.uk,contact.1483@example-supplier.co.uk,01590 936698,,,,61.7,,1,,,,,synthetic_sample_data
1484,Direct Recycling,Crest Reclaim 29,192 Sample Street,Birmingham,F3 3PM,52.5156533,-1.8198344,https://www.example-supplier.co.uk,contact.1484@example-supplier.co.uk,09093 206979,,,,,,0,,,,,synthetic_sample_data
1485,Direct Recycling,Summit Waste Solutions 30,83 Sample Street,Nottingham,D7 3MV,52.9411211,-1.2590351,https://www.example-supplier.co.uk,contact.1485@example-supplier.co.uk,03451 251353,,,,26.1,,1,,,,,synthetic_sample_data
1486,Direct Recycling,Green Circular 31,79 Sample Street,Leeds,J5 5OA,53.9234315,-1.4770886,https://www.example-supplier.co.uk,contact.1486@example-supplier.co.uk,04203 312186,,,,,,1,,,,,synthetic_sample_data
1487,Direct Recycling,Green Waste Solutions 32,175 Sample Street,Nottingham,Z3 1LT,52.9845661,-1.0313654,https://www.example-supplier.co.uk,contact.1487@example-supplier.co.uk,08612 121820,,,,,,1,,,,,synthetic_sample_data
1488,Direct Recycling,Capital Reuse 33,169 Sample Street,Manchester,T3 7NU,53.5144232,-2.1301132,https://www.example-supplier.co.uk,contact.1488@example-supplier.co.uk,09140 369881,,,,,,1,,,,,synthetic_sample_data
1489,Direct Recycling,Crest Reuse 34,40 Sample Street,Liverpool,Z3 3LS,53.3283514,-3.086104,https://www.example-supplier.co.uk,contact.1489@example-supplier.co.uk,08768 434397,,,,,,0,,,,,synthetic_sample_data
1490,Direct Recycling,Meadow Logistics 35,74 Sample Street,Liverpool,U6 3ES,53.3631869,-3.1164855,https://www.example-supplier.co.uk,contact.1490@example-supplier.co.uk,03192 129126,,,,,,1,,,,,synthetic_sample_data
1491,Direct Recycling,Summit Environmental 36,40 Sample Street,Liverpool,N4 8VX,53.3239099,-3.0961096,https://www.example-supplier.co.uk,contact.1491@example-supplier.co.uk,07590 343889,,,,17.2,,1,,,,,synthetic_sample_data
1492,Direct Recycling,Oak Salvage 37,172 Sample Street,Reading,V5 9AU,51.5334837,-1.0741344,https://www.example-supplier.co.uk,contact.1492@example-supplier.co.uk,02245 451508,,,,,,0,,,,,synthetic_sample_data
1493,Direct Recycling,Civic Circular 38,17 Sample Street,Leeds,I9 4WF,53.7122288,-1.6670093,https://www.example-supplier.co.uk,contact.1493@example-supplier.co.uk,01662 145727,,,,8.4,,0,,,,,synthetic_sample_data
1494,Direct Recycling,Northern Environmental 39,112 Sample Street,Manchester,V2 6RE,53.615727,-2.3407313,https://www.example-supplier.co.uk,contact.1494@example-supplier.co.uk,05850 636201,,,,,,1,,,,,synthetic_sample_data
1495,Direct Recycling,Meadow Logistics 40,100 Sample Street,Liverpool,K5 9RB,53.3477863,-3.1390692,https://www.example-supplier.co.uk,contact.1495@example-supplier.co.uk,02797 656624,,,,,,1,,,,,synthetic_sample_data
1496,Direct Recycling,Green Salvage 41,123 Sample Street,Birmingham,Q8 8UQ,52.5873515,-1.8382842,https://www.example-supplier.co.uk,contact.1496@example-supplier.co.uk,03910 697706,,,,,,1,,,,,synthetic_sample_data
1497,Direct Recycling,Oak Salvage 42,186 Sample Street,Nottingham,X5 2TN,52.9029877,-1.0870753,https://www.example-supplier.co.uk,contact.1497@example-supplier.co.uk,05616 518691,,,,,,1,,,,,synthetic_sample_data
1498,Direct Recycling,Harbour Salvage 43,177 Sample Street,Reading,C4 3AJ,51.3583878,-0.9449455,https://www.example-supplier.co.uk,contact.1498@example-supplier.co.uk,03372 287743,,,,,,1,,,,,synthetic_sample_data
1499,Direct Recycling,Meadow Reclaim 44,158 Sample Street,Birmingham,P9 2CP,52.5197203,-1.8808307,https://www.example-supplier.co.uk,contact.1499@example-supplier.co.uk,05610 868332,,,,,,1,,,,,synthetic_sample_data
1500,Direct Recycling,Riverside Logistics 45,29 Sample Street,Southampton,U3 9WG,50.9425231,-1.2613707,https://www.example-supplier.co.uk,contact.1500@example-supplier.co.uk,09631 201224,,,,2.0,,0,,,,,synthetic_sample_data
1501,Direct Recycling,Harbour Materials 46,139 Sample Street,Liverpool,A6 4XF,53.3850745,-3.135319,https://www.example-supplier.co.uk,contact.1501@example-supplier.co.uk,01034 165418,,,,,,1,,,,,synthetic_sample_data
1502,Direct Recycling,Civic Recycling 47,141 Sample Street,Leeds,F5 4QH,53.9126905,-1.6979453,https://www.example-supplier.co.uk,contact.1502@example-supplier.co.uk,06351 948940,,,,93.5,,0,,,,,synthetic_sample_data
1503,Direct Recycling,Civic Logistics 48,42 Sample Street,Liverpool,O7 9WN,53.5111354,-2.9568167,https://www.example-supplier.co.uk,contact.1503@example-supplier.co.uk,02023 162538,,,,75.6,,0,,,,,synthetic_sample_data
1504,Direct Recycling,Crest Resource 49,192 Sample Street,Leeds,M4 4PN,53.7039931,-1.532357,https://www.example-supplier.co.uk,contact.1504@example-supplier.co.uk,09218 739016,,,,,,1,,,,,synthetic_sample_data
1505,Direct Recycling,Union Salvage 50,79 Sample Street,Reading,O2 4NR,51.3385134,-0.9387682,https://www.example-supplier.co.uk,contact.1505@example-supplier.co.uk,03900 516965,,,,10.9,,0,,,,,synthetic_sample_data
1506,Direct Recycling,Metro Resource 51,131 Sample Street,Leeds,T3 2VR,53.6973158,-1.5473476,https://www.example-supplier.co.uk,contact.1506@example-supplier.co.uk,04696 851720,,,,22.4,,0,,,,,synthetic_sample_data
1507,Direct Recycling,Northern Circular 52,99 Sample Street,Newcastle,W1 7PP,55.0494519,-1.5493031,https://www.example-supplier.co.uk,contact.1507@example-supplier.co.uk,08813 441171,,,,,,0,,,,,synthetic_sample_data
1508,Direct Recycling,Vale Logistics 53,69 Sample Street,Liverpool,U9 9DU,53.4850553,-2.9245945,https://www.example-supplier.co.uk,contact.1508@example-supplier.co.uk,03736 106578,,,,,,0,,,,,synthetic_sample_data
1509,Direct Recycling,Oak Reclaim 54,149 Sample Street,Southampton,W2 6SN,50.7979307,-1.3723904,https://www.example-supplier.co.uk,contact.1509@example-supplier.co.uk,08547 627609,,,,64.3,,1,,,,,synthetic_sample_data
1510,Direct Recycling,Civic Recycling 55,137 Sample Street,Sheffield,M7 6WM,53.4293223,-1.5666415,https://www.example-supplier.co.uk,contact.1510@example-supplier.co.uk,03468 835571,,,,,,0,,,,,synthetic_sample_data
1511,Direct Recycling,Northern Materials 56,42 Sample Street,Southampton,G5 9SS,51.0206633,-1.3819762,https://www.example-supplier.co.uk,contact.1511@example-supplier.co.uk,06303 569989,,,,,,0,,,,,synthetic_sample_data
1512,Direct Recycling,Civic Recycling 57,161 Sample Street,Southampton,J3 1OI,50.8415486,-1.4238534,https://www.example-supplier.co.uk,contact.1512@example-supplier.co.uk,08280 874031,,,,,,1,,,,,synthetic_sample_data
1513,Direct Recycling,Northern Reuse 58,153 Sample Street,Liverpool,A9 1RZ,53.4354797,-2.8424952,https://www.example-supplier.co.uk,contact.1513@example-supplier.co.uk,07493 607962,,,,,,1,,,,,synthetic_sample_data
1514,Direct Recycling,Vale Logistics 59,156 Sample Street,Bristol,I2 9GZ,51.472245,-2.5322248,https://www.example-supplier.co.uk,contact.1514@example-supplier.co.uk,05656 525331,,,,84.7,,0,,,,,synthetic_sample_data
1515,Direct Recycling,Bright Circular 60,75 Sample Street,Liverpool,M9 9DM,53.397013,-3.0549074,https://www.example-supplier.co.uk,contact.1515@example-supplier.co.uk,06625 316277,,,,53.4,,1,,,,,synthetic_sample_data
1516,Direct Recycling,Metro Circular 61,103 Sample Street,Bristol,K3 2BF,51.3993111,-2.5001994,https://www.example-supplier.co.uk,contact.1516@example-supplier.co.uk,07463 110394,,,,,,1,,,,,synthetic_sample_data
1517,Direct Recycling,Prime Recycling 62,92 Sample Street,London,R3 5RI,51.4764123,-0.1908366,https://www.example-supplier.co.uk,contact.1517@example-supplier.co.uk,01296 980664,,,,,,0,,,,,synthetic_sample_data
1518,Direct Recycling,Union Resource 63,159 Sample Street,London,P5 9RH,51.5242846,-0.1159128,https://www.example-supplier.co.uk,contact.1518@example-supplier.co.uk,01674 445904,,,,,,1,,,,,synthetic_sample_data
1519,Direct Recycling,Northern Circular 64,95 Sample Street,Bristol,H1 3OZ,51.5545223,-2.5148462,https://www.example-supplier.co.uk,contact.1519@example-supplier.co.uk,06695 536201,,,,4.7,,0,,,,,synthetic_sample_data
1520,Direct Recycling,Meadow Salvage 65,100 Sample Street,London,Y6 4AL,51.5612971,-0.0617388,https://www.example-supplier.co.uk,contact.1520@example-supplier.co.uk,02668 720939,,,,,,1,,,,,synthetic_sample_data
1521,Direct Recycling,Union Waste Solutions 66,185 Sample Street,Southampton,S1 9YP,50.8171746,-1.4229175,https://www.example-supplier.co.uk,contact.1521@example-supplier.co.uk,08077 570627,,,,65.4,,1,,,,,synthetic_sample_data
1522,Direct Recycling,Green Recycling 67,32 Sample Street,Birmingham,Y4 7LW,52.4605336,-1.8475783,https://www.example-supplier.co.uk,contact.1522@example-supplier.co.uk,02851 761675,,,,,,1,,,,,synthetic_sample_data
1523,Direct Recycling,Metro Logistics 68,103 Sample Street,Bristol,P5 6NR,51.3954048,-2.4472213,https://www.example-supplier.co.uk,contact.1523@example-supplier.co.uk,01708 512504,,,,37.4,,1,,,,,synthetic_sample_data
1524,Direct Recycling,Metro Reclaim 69,109 Sample Street,London,T7 8EK,51.4707489,-0.0415808,https://www.example-supplier.co.uk,contact.1524@example-supplier.co.uk,06301 460912,,,,18.4,,0,,,,,synthetic_sample_data
1525,Direct Recycling,Capital Waste Solutions 70,100 Sample Street,Manchester,A5 8JP,53.5134965,-2.2930644,https://www.example-supplier.co.uk,contact.1525@example-supplier.co.uk,08202 931655,,,,,,1,,,,,synthetic_sample_data
1526,Direct Recycling,Capital Logistics 71,81 Sample Street,Reading,F2 4RH,51.5399402,-1.0163904,https://www.example-supplier.co.uk,contact.1526@example-supplier.co.uk,08161 442105,,,,,,0,,,,,synthetic_sample_data
1527,Direct Recycling,Capital Reclaim 72,101 Sample Street,Birmingham,T1 1XH,52.422441,-1.8218038,https://www.example-supplier.co.uk,contact.1527@example-supplier.co.uk,03723 835593,,,,,,0,,,,,synthetic_sample_data
1528,Direct Recycling,Harbour Reuse 73,109 Sample Street,Manchester,U3 8PF,53.6099555,-2.3722032,https://www.example-supplier.co.uk,contact.1528@example-supplier.co.uk,04880 916631,,,,53.6,,0,,,,,synthetic_sample_data
1529,Direct Recycling,Civic Environmental 74,36 Sample Street,Southampton,F5 3VL,50.8636515,-1.4581045,https://www.example-supplier.co.uk,contact.1529@example-supplier.co.uk,06320 279274,,,,31.3,,1,,,,,synthetic_sample_data
1530,Direct Recycling,Summit Logistics 75,164 Sample Street,Manchester,C1 6BQ,53.6240495,-2.2942925,https://www.example-supplier.co.uk,contact.1530@example-supplier.co.uk,02376 570419,,,,,,1,,,,,synthetic_sample_data
1531,Direct Recycling,Riverside Waste Solutions 76,37 Sample Street,Southampton,Y6 4LY,50.7875238,-1.4199289,https://www.example-supplier.co.uk,contact.1531@example-supplier.co.uk,08726 341509,,,,,,1,,,,,synthetic_sample_data
1532,Direct Recycling,Northern Environmental 77,155 Sample Street,Manchester,Z8 4IJ,53.58078,-2.1393687,https://www.example-supplier.co.uk,contact.1532@example-supplier.co.uk,05919 836444,,,,,,1,,,,,synthetic_sample_data
1533,Direct Recycling,Capital Resource 78,177 Sample Street,Leeds,G7 2ZC,53.7972991,-1.5388053,https://www.example-supplier.co.uk,contact.1533@example-supplier.co.uk,03044 655589,,,,,,0,,,,,synthetic_sample_data
1534,Direct Recycling,Union Circular 79,123 Sample Street,Liverpool,R2 6ZF,53.5393017,-2.987706,https://www.example-supplier.co.uk,contact.1534@example-supplier.co.uk,03868 951532,,,,,,0,,,,,synthetic_sample_data
1535,Direct Recycling,Metro Environmental 80,105 Sample Street,London,F2 8WJ,51.4429723,-0.1113444,https://www.example-supplier.co.uk,contact.1535@example-supplier.co.uk,02025 428687,,,,,,0,,,,,synthetic_sample_data
1536,Direct Recycling,Meadow Circular 81,123 Sample Street,Sheffield,Q2 6NV,53.4497816,-1.4753107,https://www.example-supplier.co.uk,contact.1536@example-supplier.co.uk,01819 206458,,,,,,1,,,,,synthetic_sample_data
1537,Direct Recycling,Bright Salvage 82,54 Sample Street,Liverpool,Z7 2JH,53.4073692,-2.9210338,https://www.example-supplier.co.uk,contact.1537@example-supplier.co.uk,03663 721270,,,,13.7,,1,,,,,synthetic_sample_data
1538,Direct Recycling,Crest Environmental 83,137 Sample Street,Liverpool,S1 1DB,53.4471315,-3.0125965,https://www.example-supplier.co.uk,contact.1538@example-supplier.co.uk,01862 739202,,,,,,1,,,,,synthetic_sample_data
1539,Direct Recycling,Crest Resource 84,170 Sample Street,Newcastle,D2 9TN,54.8966625,-1.7627114,https://www.example-supplier.co.uk,contact.1539@example-supplier.co.uk,06576 271678,,,,,,1,,,,,synthetic_sample_data
1540,Direct Recycling,Harbour Circular 85,144 Sample Street,Birmingham,T8 6OF,52.5313653,-1.9234413,https://www.example-supplier.co.uk,contact.1540@example-supplier.co.uk,09465 411994,,,,37.1,,1,,,,,synthetic_sample_data
1541,Direct Recycling,Meadow Circular 86,19 Sample Street,Sheffield,X2 1FE,53.4216328,-1.4487956,https://www.example-supplier.co.uk,contact.1541@example-supplier.co.uk,03071 643490,,,,,,1,,,,,synthetic_sample_data
1542,Direct Recycling,Civic Reclaim 87,116 Sample Street,Coventry,Q9 4UT,52.4184439,-1.4716001,https://www.example-supplier.co.uk,contact.1542@example-supplier.co.uk,03255 413775,,,,46.2,,1,,,,,synthetic_sample_data
1543,Direct Recycling,Riverside Environmental 88,41 Sample Street,Southampton,I4 7PY,50.9184363,-1.2796288,https://www.example-supplier.co.uk,contact.1543@example-supplier.co.uk,02620 928278,,,,,,1,,,,,synthetic_sample_data
1544,Direct Recycling,Capital Recycling 89,199 Sample Street,Nottingham,Q6 7RD,52.8362433,-1.2534324,https://www.example-supplier.co.uk,contact.1544@example-supplier.co.uk,04439 653819,,,,,,0,,,,,synthetic_sample_data
1545,Direct Recycling,Union Reclaim 90,159 Sample Street,Southampton,S1 1XZ,51.0555214,-1.4068948,https://www.example-supplier.co.uk,contact.1545@example-supplier.co.uk,05507 452908,,,,86.6,,0,,,,,synthetic_sample_data
1546,Direct Recycling,Summit Environmental 91,96 Sample Street,Manchester,N7 4HZ,53.4643885,-2.2194723,https://www.example-supplier.co.uk,contact.1546@example-supplier.co.uk,03421 687489,,,,,,1,,,,,synthetic_sample_data
1547,Direct Recycling,Meadow Reuse 92,102 Sample Street,Coventry,V6 4EV,52.4081778,-1.4444426,https://www.example-supplier.co.uk,contact.1547@example-supplier.co.uk,01194 906147,,,,,,0,,,,,synthetic_sample_data
1548,Direct Recycling,Northern Recycling 93,166 Sample Street,Manchester,R3 8JE,53.503502,-2.1564206,https://www.example-supplier.co.uk,contact.1548@example-supplier.co.uk,05073 999310,,,,35.0,,0,,,,,synthetic_sample_data
1549,Direct Recycling,Harbour Circular 94,11 Sample Street,Coventry,R2 9WD,52.3847776,-1.4975097,https://www.example-supplier.co.uk,contact.1549@example-supplier.co.uk,06375 966492,,,,,,0,,,,,synthetic_sample_data
1550,Direct Recycling,Capital Salvage 95,194 Sample Street,Birmingham,W9 8GM,52.4260011,-1.8260099,https://www.example-supplier.co.uk,contact.1550@example-supplier.co.uk,02141 459924,,,,,,1,,,,,synthetic_sample_data
1551,Direct Recycling,Harbour Logistics 96,159 Sample Street,Manchester,H4 6HZ,53.3959099,-2.2879963,https://www.example-supplier.co.uk,contact.1551@example-supplier.co.uk,07569 695958,,,,,,0,,,,,synthetic_sample_data
1552,Direct Recycling,Vale Salvage 0,23 Sample Street,Reading,U5 8VH,51.404459,-1.0315729,https://www.example-supplier.co.uk,contact.1552@example-supplier.co.uk,02480 484531,,,,86.1,,1,,,,,synthetic_sample_data
1553,Direct Recycling,Summit Environmental 1,158 Sample Street,Leeds,M5 4MV,53.826235,-1.5286701,https://www.example-supplier.co.uk,contact.1553@example-supplier.co.uk,02895 206180,,,,,,0,,,,,synthetic_sample_data
1554,Direct Recycling,Metro Reuse 2,97 Sample Street,Nottingham,F9 7YU,53.0781041,-1.166639,https://www.example-supplier.co.uk,contact.1554@example-supplier.co.uk,01461 996805,,,,,,1,,,,,synthetic_sample_data
1555,Direct Recycling,Oak Waste Solutions 3,160 Sample Street,Leeds,W7 2BD,53.7392956,-1.542728,https://www.example-supplier.co.uk,contact.1555@example-supplier.co.uk,05201 172024,,,,46.2,,1,,,,,synthetic_sample_data
1556,Direct Recycling,Vale Waste Solutions 4,49 Sample Street,Reading,I1 6DB,51.5717931,-1.0276714,https://www.example-supplier.co.uk,contact.1556@example-supplier.co.uk,07710 968467,,,,54.7,,0,,,,,synthetic_sample_data
1557,Direct Recycling,Metro Reuse 5,163 Sample Street,Newcastle,N3 9DI,55.1223388,-1.7653182,https://www.example-supplier.co.uk,contact.1557@example-supplier.co.uk,07876 318660,,,,,,1,,,,,synthetic_sample_data
1558,Direct Recycling,Capital Logistics 6,12 Sample Street,Newcastle,G1 7SZ,54.8631178,-1.5413067,https://www.example-supplier.co.uk,contact.1558@example-supplier.co.uk,06193 932828,,,,,,1,,,,,synthetic_sample_data
1559,Direct Recycling,Civic Logistics 7,72 Sample Street,Bristol,F3 9RY,51.5130518,-2.4797309,https://www.example-supplier.co.uk,contact.1559@example-supplier.co.uk,01058 697339,,,,50.9,,1,,,,,synthetic_sample_data
1560,Direct Recycling,Vale Resource 8,117 Sample Street,Sheffield,X8 3PD,53.4574196,-1.5149185,https://www.example-supplier.co.uk,contact.1560@example-supplier.co.uk,06384 663753,,,,,,0,,,,,synthetic_sample_data
1561,Direct Recycling,Union Circular 9,197 Sample Street,London,D7 5YX,51.549941,-0.1503545,https://www.example-supplier.co.uk,contact.1561@example-supplier.co.uk,02963 927154,,,,20.3,,0,,,,,synthetic_sample_data
1562,Direct Recycling,Northern Circular 10,92 Sample Street,Southampton,R8 8UX,50.910863,-1.3975848,https://www.example-supplier.co.uk,contact.1562@example-supplier.co.uk,09084 315531,,,,22.2,,0,,,,,synthetic_sample_data
1563,Direct Recycling,Bright Recycling 11,90 Sample Street,Leeds,H1 1TD,53.7722109,-1.4708057,https://www.example-supplier.co.uk,contact.1563@example-supplier.co.uk,05113 198873,,,,,,1,,,,,synthetic_sample_data
1564,Direct Recycling,Metro Environmental 12,44 Sample Street,London,F1 5CU,51.4132869,-0.2394851,https://www.example-supplier.co.uk,contact.1564@example-supplier.co.uk,05333 925779,,,,23.3,,0,,,,,synthetic_sample_data
1565,Direct Recycling,Bright Reuse 13,182 Sample Street,Southampton,I5 2AB,50.7701551,-1.3586881,https://www.example-supplier.co.uk,contact.1565@example-supplier.co.uk,03194 107678,,,,68.9,,1,,,,,synthetic_sample_data
1566,Direct Recycling,Summit Resource 14,37 Sample Street,Manchester,T8 5DU,53.5003078,-2.3447317,https://www.example-supplier.co.uk,contact.1566@example-supplier.co.uk,02233 162387,,,,,,1,,,,,synthetic_sample_data
1567,Direct Recycling,Harbour Circular 15,53 Sample Street,Nottingham,X7 5SN,53.0904354,-1.2996516,https://www.example-supplier.co.uk,contact.1567@example-supplier.co.uk,08776 258359,,,,,,1,,,,,synthetic_sample_data
1568,Direct Recycling,Meadow Materials 16,26 Sample Street,Manchester,A5 4FN,53.6283567,-2.1400054,https://www.example-supplier.co.uk,contact.1568@example-supplier.co.uk,04039 403680,,,,,,0,,,,,synthetic_sample_data
1569,Direct Recycling,Oak Reclaim 17,103 Sample Street,London,B8 1ER,51.4151257,-0.1630284,https://www.example-supplier.co.uk,contact.1569@example-supplier.co.uk,07250 325561,,,,,,0,,,,,synthetic_sample_data
1570,Direct Recycling,Green Recycling 18,185 Sample Street,London,Z4 7ZN,51.637675,-0.2323661,https://www.example-supplier.co.uk,contact.1570@example-supplier.co.uk,06492 917294,,,,,,1,,,,,synthetic_sample_data
1571,Direct Recycling,Green Recycling 19,127 Sample Street,Leeds,P6 1BD,53.773581,-1.5359896,https://www.example-supplier.co.uk,contact.1571@example-supplier.co.uk,06553 587426,,,,,,1,,,,,synthetic_sample_data
1572,Direct Recycling,Bright Resource 20,24 Sample Street,Southampton,G1 8FF,51.0494091,-1.5466009,https://www.example-supplier.co.uk,contact.1572@example-supplier.co.uk,08560 193821,,,,,,1,,,,,synthetic_sample_data
1573,Direct Recycling,Crest Reclaim 21,65 Sample Street,Southampton,E3 2AZ,50.7720769,-1.4016052,https://www.example-supplier.co.uk,contact.1573@example-supplier.co.uk,07387 619689,,,,,,1,,,,,synthetic_sample_data
1574,Direct Recycling,Bright Reclaim 22,66 Sample Street,Coventry,Z2 8AO,52.3790538,-1.6361376,https://www.example-supplier.co.uk,contact.1574@example-supplier.co.uk,03739 673736,,,,,,1,,,,,synthetic_sample_data
1575,Direct Recycling,Capital Waste Solutions 23,24 Sample Street,London,Z3 3LE,51.6523751,-0.2343901,https://www.example-supplier.co.uk,contact.1575@example-supplier.co.uk,05802 998449,,,,1.5,,1,,,,,synthetic_sample_data
1576,Landfill,Meadow Reclaim 24,115 Sample Street,Birmingham,V1 5JX,52.4006021,-1.8640861,https://www.example-supplier.co.uk,contact.1576@example-supplier.co.uk,03325 868153,,,,47.4,,0,,,,,synthetic_sample_data
1577,Landfill,Metro Salvage 25,21 Sample Street,Liverpool,D4 3PN,53.4435072,-3.0791268,https://www.example-supplier.co.uk,contact.1577@example-supplier.co.uk,06785 431146,,,,60.3,,1,,,,,synthetic_sample_data
1578,Landfill,Civic Materials 26,98 Sample Street,Coventry,W6 9LD,52.4239574,-1.3785466,https://www.example-supplier.co.uk,contact.1578@example-supplier.co.uk,05429 461702,,,,,,0,,,,,synthetic_sample_data
1579,Landfill,Crest Circular 27,180 Sample Street,Manchester,Z7 9MY,53.5032917,-2.359468,https://www.example-supplier.co.uk,contact.1579@example-supplier.co.uk,02489 279022,,,,,,1,,,,,synthetic_sample_data
1580,Landfill,Crest Circular 28,129 Sample Street,Bristol,G8 7BA,51.4481908,-2.609512,https://www.example-supplier.co.uk,contact.1580@example-supplier.co.uk,07902 233066,,,,,,1,,,,,synthetic_sample_data
1581,Landfill,Capital Reuse 29,146 Sample Street,Newcastle,D1 8JT,54.9059454,-1.6144484,https://www.example-supplier.co.uk,contact.1581@example-supplier.co.uk,02451 691978,,,,,,1,,,,,synthetic_sample_data
1582,Landfill,Harbour Circular 30,59 Sample Street,Bristol,T3 4ZK,51.3175836,-2.6168008,https://www.example-supplier.co.uk,contact.1582@example-supplier.co.uk,04303 512130,,,,,,1,,,,,synthetic_sample_data
1583,Landfill,Green Circular 31,111 Sample Street,Nottingham,H9 7KI,52.9359139,-1.1733858,https://www.example-supplier.co.uk,contact.1583@example-supplier.co.uk,03584 222964,,,,,,0,,,,,synthetic_sample_data
1584,Landfill,Harbour Reuse 32,56 Sample Street,Birmingham,L6 1GY,52.3559754,-1.9904501,https://www.example-supplier.co.uk,contact.1584@example-supplier.co.uk,03431 115251,,,,,,0,,,,,synthetic_sample_data
1585,Landfill,Meadow Waste Solutions 33,134 Sample Street,London,H2 1AQ,51.5219631,-0.164729,https://www.example-supplier.co.uk,contact.1585@example-supplier.co.uk,07607 575463,,,,,,0,,,,,synthetic_sample_data
1586,Landfill,Green Recycling 34,127 Sample Street,Manchester,S3 4EV,53.4064368,-2.2707419,https://www.example-supplier.co.uk,contact.1586@example-supplier.co.uk,02512 503159,,,,,,1,,,,,synthetic_sample_data
1587,Landfill,Meadow Logistics 35,188 Sample Street,Coventry,W1 7AR,52.5063008,-1.4677238,https://www.example-supplier.co.uk,contact.1587@example-supplier.co.uk,08533 875959,,,,,,0,,,,,synthetic_sample_data
1588,Landfill,Oak Resource 36,64 Sample Street,Nottingham,A9 5VH,52.9323772,-1.0081075,https://www.example-supplier.co.uk,contact.1588@example-supplier.co.uk,01665 153123,,,,,,0,,,,,synthetic_sample_data
1589,Landfill,Northern Reclaim 37,178 Sample Street,Coventry,K2 9UL,52.5073098,-1.3837723,https://www.example-supplier.co.uk,contact.1589@example-supplier.co.uk,09575 189299,,,,,,0,,,,,synthetic_sample_data
1590,Landfill,Green Resource 38,83 Sample Street,Southampton,V1 2LG,51.0485558,-1.4616862,https://www.example-supplier.co.uk,contact.1590@example-supplier.co.uk,05256 944019,,,,27.8,,1,,,,,synthetic_sample_data
1591,Landfill,Prime Logistics 39,38 Sample Street,London,S5 7NO,51.4913433,-0.1652815,https://www.example-supplier.co.uk,contact.1591@example-supplier.co.uk,05102 397149,,,,9.5,,0,,,,,synthetic_sample_data
1592,Landfill,Meadow Materials 40,57 Sample Street,Bristol,W9 3EU,51.5688704,-2.5215947,https://www.example-supplier.co.uk,contact.1592@example-supplier.co.uk,09832 196051,,,,,,1,,,,,synthetic_sample_data
1593,Landfill,Metro Recycling 41,84 Sample Street,London,Q2 8IW,51.4021875,-0.0105951,https://www.example-supplier.co.uk,contact.1593@example-supplier.co.uk,09697 463489,,,,46.8,,1,,,,,synthetic_sample_data
1594,Landfill,Metro Resource 42,159 Sample Street,Reading,A1 5CF,51.5955817,-1.0046243,https://www.example-supplier.co.uk,contact.1594@example-supplier.co.uk,06643 576508,,,,,,0,,,,,synthetic_sample_data
1595,Landfill,Northern Salvage 43,74 Sample Street,Nottingham,F6 6SA,53.0151659,-1.2759451,https://www.example-supplier.co.uk,contact.1595@example-supplier.co.uk,02137 758864,,,,89.2,,0,,,,,synthetic_sample_data
1596,Landfill,Capital Recycling 44,144 Sample Street,London,N1 1CE,51.3756497,-0.0973155,https://www.example-supplier.co.uk,contact.1596@example-supplier.co.uk,05333 547186,,,,,,0,,,,,synthetic_sample_data
1597,Landfill,Crest Materials 45,33 Sample Street,Newcastle,S7 2LC,54.8542998,-1.7408807,https://www.example-supplier.co.uk,contact.1597@example-supplier.co.uk,04285 233328,,,,,,1,,,,,synthetic_sample_data
1598,Landfill,Harbour Salvage 46,186 Sample Street,Nottingham,K4 5JM,53.019399,-1.3046415,https://www.example-supplier.co.uk,contact.1598@example-supplier.co.uk,08130 887931,,,,,,1,,,,,synthetic_sample_data
1599,Landfill,Bright Salvage 47,160 Sample Street,Reading,U5 7AD,51.3576113,-1.084802,https://www.example-supplier.co.uk,contact.1599@example-supplier.co.uk,04584 993523,,,,,,0,,,,,synthetic_sample_data
1600,Landfill,Meadow Resource 48,108 Sample Street,London,E5 4LR,51.4671853,-0.0620465,https://www.example-supplier.co.uk,contact.1600@example-supplier.co.uk,06064 615708,,,,,,1,,,,,synthetic_sample_data
1601,Landfill,Meadow Reclaim 49,131 Sample Street,Nottingham,O3 7OA,52.8555231,-1.0260396,https://www.example-supplier.co.uk,contact.1601@example-supplier.co.uk,03067 966176,,,,,,1,,,,,synthetic_sample_data
1602,Landfill,Crest Salvage 50,105 Sample Street,Coventry,E5 2TO,52.4995719,-1.3892158,https://www.example-supplier.co.uk,contact.1602@example-supplier.co.uk,03500 997503,,,,44.2,,1,,,,,synthetic_sample_data
1603,Landfill,Northern Materials 51,28 Sample Street,Southampton,G6 1BN,50.8477355,-1.4142755,https://www.example-supplier.co.uk,contact.1603@example-supplier.co.uk,01984 770157,,,,30.3,,1,,,,,synthetic_sample_data
1604,Landfill,Summit Waste Solutions 52,97 Sample Street,Bristol,B5 7XY,51.5965663,-2.7002338,https://www.example-supplier.co.uk,contact.1604@example-supplier.co.uk,04432 422541,,,,,,0,,,,,synthetic_sample_data
1605,Landfill,Oak Waste Solutions 53,169 Sample Street,Birmingham,L5 3AM,52.3622642,-1.803211,https://www.example-supplier.co.uk,contact.1605@example-supplier.co.uk,06837 271575,,,,80.1,,0,,,,,synthetic_sample_data
1606,Landfill,Bright Resource 54,1 Sample Street,Manchester,C9 3OH,53.3611226,-2.1795228,https://www.example-supplier.co.uk,contact.1606@example-supplier.co.uk,09957 677168,,,,42.9,,1,,,,,synthetic_sample_data
1607,Landfill,Riverside Circular 55,151 Sample Street,Leeds,F2 9QI,53.752009,-1.5230722,https://www.example-supplier.co.uk,contact.1607@example-supplier.co.uk,09236 945457,,,,53.7,,1,,,,,synthetic_sample_data
1608,Landfill,Summit Reclaim 56,51 Sample Street,Liverpool,F2 3LJ,53.3363011,-2.9093606,https://www.example-supplier.co.uk,contact.1608@example-supplier.co.uk,02650 145867,,,,27.9,,0,,,,,synthetic_sample_data
1609,Landfill,Oak Recycling 57,128 Sample Street,Leeds,X9 7AH,53.909757,-1.6635608,https://www.example-supplier.co.uk,contact.1609@example-supplier.co.uk,06094 740995,,,,,,1,,,,,synthetic_sample_data
1610,Landfill,Green Resource 58,71 Sample Street,London,O9 1CC,51.6536363,-0.2170093,https://www.example-supplier.co.uk,contact.1610@example-supplier.co.uk,02720 723561,,,,,,0,,,,,synthetic_sample_data
1611,Landfill,Vale Reclaim 59,196 Sample Street,Leeds,Y8 2SO,53.7401442,-1.418064,https://www.example-supplier.co.uk,contact.1611@example-supplier.co.uk,04943 212132,,,,41.5,,0,,,,,synthetic_sample_data
1612,Landfill,Metro Environmental 60,73 Sample Street,Reading,Q5 2SU,51.5316011,-0.8628682,https://www.example-supplier.co.uk,contact.1612@example-supplier.co.uk,01834 856818,,,,63.6,,1,,,,,synthetic_sample_data
1613,Landfill,Northern Resource 61,31 Sample Street,Sheffield,H6 9FW,53.5074793,-1.4314941,https://www.example-supplier.co.uk,contact.1613@example-supplier.co.uk,08168 457277,,,,,,0,,,,,synthetic_sample_data
1614,Landfill,Bright Circular 62,120 Sample Street,Nottingham,E8 1WH,52.9633454,-1.0479315,https://www.example-supplier.co.uk,contact.1614@example-supplier.co.uk,01056 594585,,,,,,1,,,,,synthetic_sample_data
1615,Landfill,Union Reclaim 63,195 Sample Street,Manchester,E3 4VT,53.4588256,-2.2268426,https://www.example-supplier.co.uk,contact.1615@example-supplier.co.uk,08700 975340,,,,,,1,,,,,synthetic_sample_data
1616,Landfill,Union Resource 64,28 Sample Street,Bristol,H1 8NR,51.4488365,-2.5054318,https://www.example-supplier.co.uk,contact.1616@example-supplier.co.uk,08948 455307,,,,0.7,,1,,,,,synthetic_sample_data
1617,Landfill,Union Environmental 65,66 Sample Street,Nottingham,Q1 1FU,52.8092773,-1.0912616,https://www.example-supplier.co.uk,contact.1617@example-supplier.co.uk,06765 588135,,,,29.3,,0,,,,,synthetic_sample_data
1618,Landfill,Metro Reclaim 66,117 Sample Street,Leeds,B7 7RL,53.9137017,-1.4098974,https://www.example-supplier.co.uk,contact.1618@example-supplier.co.uk,07401 713501,,,,,,1,,,,,synthetic_sample_data
1619,Landfill,Civic Environmental 67,179 Sample Street,London,T2 4SL,51.4740801,-0.1450548,https://www.example-supplier.co.uk,contact.1619@example-supplier.co.uk,02086 558155,,,,87.7,,0,,,,,synthetic_sample_data
1620,Landfill,Vale Salvage 68,3 Sample Street,Manchester,E7 2AP,53.4273562,-2.17186,https://www.example-supplier.co.uk,contact.1620@example-supplier.co.uk,05885 963451,,,,,,1,,,,,synthetic_sample_data
1621,Landfill,Civic Circular 69,178 Sample Street,London,F5 4WX,51.6511675,0.0086974,https://www.example-supplier.co.uk,contact.1621@example-supplier.co.uk,05227 919745,,,,,,0,,,,,synthetic_sample_data
1622,Landfill,Riverside Circular 70,109 Sample Street,Southampton,A1 5DX,50.8007861,-1.3918512,https://www.example-supplier.co.uk,contact.1622@example-supplier.co.uk,02080 331096,,,,80.9,,0,,,,,synthetic_sample_data
1623,Landfill,Northern Environmental 71,75 Sample Street,Sheffield,P6 9MW,53.4885455,-1.6060448,https://www.example-supplier.co.uk,contact.1623@example-supplier.co.uk,02167 495372,,,,,,0,,,,,synthetic_sample_data
1624,Landfill,Vale Environmental 72,5 Sample Street,Leeds,R2 2AK,53.851124,-1.4183846,https://www.example-supplier.co.uk,contact.1624@example-supplier.co.uk,04812 424909,,,,88.0,,1,,,,,synthetic_sample_data
1625,Landfill,Metro Reuse 73,64 Sample Street,Newcastle,Z7 2KP,54.9544833,-1.5371878,https://www.example-supplier.co.uk,contact.1625@example-supplier.co.uk,09283 960107,,,,,,1,,,,,synthetic_sample_data
1626,Landfill,Metro Circular 74,152 Sample Street,Coventry,P6 2EH,52.4862755,-1.4104318,https://www.example-supplier.co.uk,contact.1626@example-supplier.co.uk,02251 570852,,,,,,1,,,,,synthetic_sample_data
1627,Landfill,Metro Salvage 75,99 Sample Street,Nottingham,V8 3HX,52.8343387,-1.1994158,https://www.example-supplier.co.uk,contact.1627@example-supplier.co.uk,01747 899462,,,,,,1,,,,,synthetic_sample_data
1628,Landfill,Summit Waste Solutions 76,17 Sample Street,Bristol,O8 3BL,51.4350395,-2.5164563,https://www.example-supplier.co.uk,contact.1628@example-supplier.co.uk,07927 910721,,,,,,0,,,,,synthetic_sample_data
1629,Landfill,Bright Reclaim 77,193 Sample Street,Newcastle,Z5 8RU,54.8893723,-1.519727,https://www.example-supplier.co.uk,contact.1629@example-supplier.co.uk,06925 502940,,,,,,0,,,,,synthetic_sample_data
1630,Landfill,Capital Circular 78,129 Sample Street,Leeds,F8 5CJ,53.6801108,-1.6036849,https://www.example-supplier.co.uk,contact.1630@example-supplier.co.uk,01261 914027,,,,70.6,,0,,,,,synthetic_sample_data
1631,Landfill,Summit Waste Solutions 79,143 Sample Street,Liverpool,Q7 3OF,53.2733432,-2.9728133,https://www.example-supplier.co.uk,contact.1631@example-supplier.co.uk,07462 818537,,,,,,1,,,,,synthetic_sample_data
1632,Landfill,Metro Recycling 80,181 Sample Street,London,M4 3PC,51.4920085,-0.1492168,https://www.example-supplier.co.uk,contact.1632@example-supplier.co.uk,08296 784408,,,,,,1,,,,,synthetic_sample_data
1633,Landfill,Oak Reuse 81,111 Sample Street,Leeds,E6 3GQ,53.8687887,-1.4090315,https://www.example-supplier.co.uk,contact.1633@example-supplier.co.uk,07841 825225,,,,83.6,,0,,,,,synthetic_sample_data
1634,Landfill,Meadow Waste Solutions 82,86 Sample Street,Liverpool,M4 3BW,53.5271763,-2.9333752,https://www.example-supplier.co.uk,contact.1634@example-supplier.co.uk,09470 648736,,,,77.7,,1,,,,,synthetic_sample_data
1635,Landfill,Union Logistics 83,116 Sample Street,London,G7 2KT,51.4614559,-0.2701802,https://www.example-supplier.co.uk,contact.1635@example-supplier.co.uk,03372 597303,,,,,,1,,,,,synthetic_sample_data
1636,Landfill,Harbour Environmental 84,128 Sample Street,London,B8 9TO,51.4516812,-0.0732566,https://www.example-supplier.co.uk,contact.1636@example-supplier.co.uk,07741 572102,,,,34.4,,0,,,,,synthetic_sample_data
1637,Landfill,Vale Recycling 85,123 Sample Street,Liverpool,Z9 5EF,53.5135615,-2.965591,https://www.example-supplier.co.uk,contact.1637@example-supplier.co.uk,04952 971548,,,,,,1,,,,,synthetic_sample_data
1638,Landfill,Capital Materials 86,28 Sample Street,Coventry,F3 3PD,52.507988,-1.5330675,https://www.example-supplier.co.uk,contact.1638@example-supplier.co.uk,01977 840469,,,,83.6,,1,,,,,synthetic_sample_data
1639,Landfill,Northern Reuse 87,140 Sample Street,Reading,F1 5FT,51.5704022,-1.0003221,https://www.example-supplier.co.uk,contact.1639@example-supplier.co.uk,02746 543478,,,,,,1,,,,,synthetic_sample_data
1640,Landfill,Union Resource 88,54 Sample Street,Bristol,F2 7SA,51.5556449,-2.6166555,https://www.example-supplier.co.uk,contact.1640@example-supplier.co.uk,01530 493003,,,,,,0,,,,,synthetic_sample_data
1641,Landfill,Oak Logistics 89,20 Sample Street,Birmingham,I3 7IP,52.3450764,-1.9863451,https://www.example-supplier.co.uk,contact.1641@example-supplier.co.uk,01227 200301,,,,,,0,,,,,synthetic_sample_data
1642,Landfill,Meadow Recycling 90,11 Sample Street,Manchester,C7 4OY,53.4659731,-2.1275386,https://www.example-supplier.co.uk,contact.1642@example-supplier.co.uk,04539 945386,,,,68.5,,0,,,,,synthetic_sample_data
1643,Landfill,Oak Reuse 91,113 Sample Street,Bristol,I7 4DZ,51.4794908,-2.6752964,https://www.example-supplier.co.uk,contact.1643@example-supplier.co.uk,04007 366134,,,,,,1,,,,,synthetic_sample_data
1644,Landfill,Union Recycling 92,67 Sample Street,Newcastle,S1 7YK,54.9582694,-1.6953002,https://www.example-supplier.co.uk,contact.1644@example-supplier.co.uk,09846 333090,,,,,,1,,,,,synthetic_sample_data
1645,Landfill,Union Environmental 93,180 Sample Street,Southampton,T4 4EO,50.9782583,-1.3091129,https://www.example-supplier.co.uk,contact.1645@example-supplier.co.uk,02781 832829,,,,,,1,,,,,synthetic_sample_data
1646,Landfill,Crest Logistics 94,77 Sample Street,Birmingham,M4 6UB,52.4984754,-2.014298,https://www.example-supplier.co.uk,contact.1646@example-supplier.co.uk,02931 962187,,,,56.3,,1,,,,,synthetic_sample_data
1647,Landfill,Oak Reuse 95,165 Sample Street,London,K3 8FR,51.3950316,-0.1486659,https://www.example-supplier.co.uk,contact.1647@example-supplier.co.uk,07473 777256,,,,,,0,,,,,synthetic_sample_data
1648,Landfill,Civic Logistics 96,78 Sample Street,Southampton,O1 9RN,50.9064756,-1.3673714,https://www.example-supplier.co.uk,contact.1648@example-supplier.co.uk,07121 124531,,,,41.9,,1,,,,,synthetic_sample_data
1649,Landfill,Green Materials 0,43 Sample Street,Sheffield,A2 3TB,53.4571612,-1.3661537,https://www.example-supplier.co.uk,contact.1649@example-supplier.co.uk,01730 672145,,,,,,0,,,,,synthetic_sample_data
1650,Landfill,Crest Resource 1,45 Sample Street,Sheffield,I9 1SH,53.4640889,-1.3367511,https://www.example-supplier.co.uk,contact.1650@example-supplier.co.uk,01533 393069,,,,34.8,,0,,,,,synthetic_sample_data
1651,Landfill,Metro Resource 2,85 Sample Street,Leeds,B3 6UZ,53.712687,-1.6971318,https://www.example-supplier.co.uk,contact.1651@example-supplier.co.uk,06857 170501,,,,,,0,,,,,synthetic_sample_data
1652,Landfill,Summit Waste Solutions 3,130 Sample Street,Manchester,W1 4MS,53.5162575,-2.1737844,https://www.example-supplier.co.uk,contact.1652@example-supplier.co.uk,06383 934891,,,,80.9,,1,,,,,synthetic_sample_data
1653,Landfill,Meadow Resource 4,110 Sample Street,Coventry,J4 7FS,52.4918103,-1.4825655,https://www.example-supplier.co.uk,contact.1653@example-supplier.co.uk,04157 270080,,,,,,0,,,,,synthetic_sample_data
1654,Landfill,Civic Resource 5,149 Sample Street,Sheffield,Z5 5CF,53.4003992,-1.3979743,https://www.example-supplier.co.uk,contact.1654@example-supplier.co.uk,03006 232461,,,,,,1,,,,,synthetic_sample_data
1655,Landfill,Prime Logistics 6,51 Sample Street,Southampton,D3 4PM,50.8775465,-1.2820979,https://www.example-supplier.co.uk,contact.1655@example-supplier.co.uk,03193 159183,,,,,,1,,,,,synthetic_sample_data
1656,Landfill,Northern Recycling 7,115 Sample Street,Bristol,T5 2SG,51.4808994,-2.6545434,https://www.example-supplier.co.uk,contact.1656@example-supplier.co.uk,07290 291105,,,,,,0,,,,,synthetic_sample_data
1657,Landfill,Northern Resource 8,71 Sample Street,Southampton,L4 7EN,50.7994317,-1.435743,https://www.example-supplier.co.uk,contact.1657@example-supplier.co.uk,02636 605012,,,,,,0,,,,,synthetic_sample_data
1658,Landfill,Oak Waste Solutions 9,197 Sample Street,Reading,E1 7DO,51.5602141,-0.9392334,https://www.example-supplier.co.uk,contact.1658@example-supplier.co.uk,07276 207883,,,,,,0,,,,,synthetic_sample_data
1659,Landfill,Crest Circular 10,181 Sample Street,Southampton,E5 1GF,50.9376274,-1.3564466,https://www.example-supplier.co.uk,contact.1659@example-supplier.co.uk,05400 430726,,,,,,1,,,,,synthetic_sample_data
1660,Landfill,Green Environmental 11,27 Sample Street,Coventry,G3 2SU,52.3258815,-1.5701405,https://www.example-supplier.co.uk,contact.1660@example-supplier.co.uk,02541 384065,,,,,,0,,,,,synthetic_sample_data
1661,Landfill,Prime Reuse 12,65 Sample Street,Nottingham,O3 6WX,53.0602057,-1.1625657,https://www.example-supplier.co.uk,contact.1661@example-supplier.co.uk,03288 373603,,,,15.3,,0,,,,,synthetic_sample_data
1662,Landfill,Riverside Environmental 13,139 Sample Street,Nottingham,D3 1JY,52.9683769,-1.0956412,https://www.example-supplier.co.uk,contact.1662@example-supplier.co.uk,09842 929651,,,,,,0,,,,,synthetic_sample_data
1663,Landfill,Prime Resource 14,25 Sample Street,Liverpool,Y3 9NL,53.4062128,-3.0269389,https://www.example-supplier.co.uk,contact.1663@example-supplier.co.uk,04423 345868,,,,,,0,,,,,synthetic_sample_data
1664,Landfill,Civic Waste Solutions 15,92 Sample Street,Birmingham,B9 6UQ,52.438288,-1.8254765,https://www.example-supplier.co.uk,contact.1664@example-supplier.co.uk,08099 388292,,,,53.0,,0,,,,,synthetic_sample_data
1665,Landfill,Bright Materials 16,124 Sample Street,Sheffield,F1 9IM,53.4409412,-1.4069196,https://www.example-supplier.co.uk,contact.1665@example-supplier.co.uk,07627 926840,,,,,,0,,,,,synthetic_sample_data
1666,Landfill,Meadow Environmental 17,45 Sample Street,Sheffield,Z7 3RF,53.3226431,-1.5550881,https://www.example-supplier.co.uk,contact.1666@example-supplier.co.uk,07115 184046,,,,,,1,,,,,synthetic_sample_data
1667,Landfill,Summit Salvage 18,49 Sample Street,London,J8 3RN,51.5838946,-0.1178149,https://www.example-supplier.co.uk,contact.1667@example-supplier.co.uk,03752 893701,,,,,,1,,,,,synthetic_sample_data
1668,Landfill,Metro Materials 19,4 Sample Street,Birmingham,C5 3TA,52.5300357,-2.0132081,https://www.example-supplier.co.uk,contact.1668@example-supplier.co.uk,05025 386813,,,,65.5,,1,,,,,synthetic_sample_data
1669,Landfill,Metro Salvage 20,111 Sample Street,Birmingham,I6 1SL,52.5856426,-1.9073848,https://www.example-supplier.co.uk,contact.1669@example-supplier.co.uk,07529 100258,,,,,,0,,,,,synthetic_sample_data
1670,Landfill,Green Resource 21,196 Sample Street,Newcastle,X2 4HL,55.0790862,-1.5736952,https://www.example-supplier.co.uk,contact.1670@example-supplier.co.uk,02226 152326,,,,,,0,,,,,synthetic_sample_data
1671,Landfill,Northern Reclaim 22,37 Sample Street,Birmingham,A1 7AQ,52.3842966,-1.7894938,https://www.example-supplier.co.uk,contact.1671@example-supplier.co.uk,04640 500893,,,,,,0,,,,,synthetic_sample_data
1672,Landfill,Crest Salvage 23,182 Sample Street,Sheffield,N3 7JG,53.3510923,-1.50003,https://www.example-supplier.co.uk,contact.1672@example-supplier.co.uk,01899 597026,,,,,,1,,,,,synthetic_sample_data
1673,Landfill,Bright Materials 24,38 Sample Street,London,N2 8NV,51.3618176,-0.1801307,https://www.example-supplier.co.uk,contact.1673@example-supplier.co.uk,04274 384559,,,,67.3,,0,,,,,synthetic_sample_data
1674,Landfill,Civic Logistics 25,52 Sample Street,Leeds,W2 7JE,53.8867502,-1.6647001,https://www.example-supplier.co.uk,contact.1674@example-supplier.co.uk,05243 396866,,,,38.9,,1,,,,,synthetic_sample_data
1675,Landfill,Bright Materials 26,108 Sample Street,Bristol,V7 9LP,51.3393913,-2.5132403,https://www.example-supplier.co.uk,contact.1675@example-supplier.co.uk,08600 592692,,,,75.2,,1,,,,,synthetic_sample_data
1676,Landfill,Riverside Materials 27,88 Sample Street,Coventry,I7 2PK,52.3193285,-1.5943976,https://www.example-supplier.co.uk,contact.1676@example-supplier.co.uk,01737 958562,,,,,,1,,,,,synthetic_sample_data
1677,Landfill,Bright Logistics 28,144 Sample Street,London,J3 1FJ,51.6568016,-0.027032,https://www.example-supplier.co.uk,contact.1677@example-supplier.co.uk,04093 280811,,,,,,1,,,,,synthetic_sample_data
1678,Landfill,Bright Materials 29,129 Sample Street,Bristol,L7 6ZG,51.5359487,-2.7145692,https://www.example-supplier.co.uk,contact.1678@example-supplier.co.uk,04588 381719,,,,57.3,,1,,,,,synthetic_sample_data
1679,Landfill,Summit Waste Solutions 30,108 Sample Street,Southampton,X4 7YE,50.9879566,-1.5511659,https://www.example-supplier.co.uk,contact.1679@example-supplier.co.uk,09782 487682,,,,,,0,,,,,synthetic_sample_data
1680,Landfill,Union Salvage 31,59 Sample Street,Bristol,U1 1TK,51.5109643,-2.686013,https://www.example-supplier.co.uk,contact.1680@example-supplier.co.uk,05361 166290,,,,,,1,,,,,synthetic_sample_data
1681,Landfill,Riverside Materials 32,152 Sample Street,Reading,X5 4KY,51.5699909,-0.9835874,https://www.example-supplier.co.uk,contact.1681@example-supplier.co.uk,02497 509799,,,,83.5,,0,,,,,synthetic_sample_data
1682,Landfill,Northern Waste Solutions 33,76 Sample Street,Southampton,J8 7XD,50.9940038,-1.4113133,https://www.example-supplier.co.uk,contact.1682@example-supplier.co.uk,08001 152335,,,,,,1,,,,,synthetic_sample_data
1683,Landfill,Harbour Salvage 34,107 Sample Street,Bristol,Y8 6NI,51.3681836,-2.7225312,https://www.example-supplier.co.uk,contact.1683@example-supplier.co.uk,02349 668571,,,,13.1,,1,,,,,synthetic_sample_data
1684,Landfill,Crest Reclaim 35,192 Sample Street,Leeds,J2 9LQ,53.7720396,-1.4217151,https://www.example-supplier.co.uk,contact.1684@example-supplier.co.uk,07025 791139,,,,3.4,,0,,,,,synthetic_sample_data
1685,Landfill,Metro Logistics 36,179 Sample Street,Birmingham,Y9 5KB,52.4720434,-1.7630492,https://www.example-supplier.co.uk,contact.1685@example-supplier.co.uk,02802 111631,,,,,,1,,,,,synthetic_sample_data
1686,Landfill,Oak Salvage 37,109 Sample Street,London,B4 4OI,51.4444168,-0.2069436,https://www.example-supplier.co.uk,contact.1686@example-supplier.co.uk,01545 453853,,,,,,0,,,,,synthetic_sample_data
1687,Landfill,Bright Resource 38,47 Sample Street,Leeds,M8 2RE,53.6589149,-1.5541859,https://www.example-supplier.co.uk,contact.1687@example-supplier.co.uk,01364 957130,,,,42.1,,1,,,,,synthetic_sample_data
1688,Landfill,Prime Recycling 39,129 Sample Street,Southampton,Q9 7KG,50.9524119,-1.3215695,https://www.example-supplier.co.uk,contact.1688@example-supplier.co.uk,09386 574084,,,,67.6,,0,,,,,synthetic_sample_data
1689,Landfill,Oak Resource 40,103 Sample Street,Liverpool,F9 9YP,53.3996185,-3.0800261,https://www.example-supplier.co.uk,contact.1689@example-supplier.co.uk,05991 812756,,,,,,1,,,,,synthetic_sample_data
1690,Reprocessor,Civic Waste Solutions 41,144 Sample Street,Reading,D8 1IU,51.4010959,-1.1215278,https://www.example-supplier.co.uk,contact.1690@example-supplier.co.uk,03261 245750,,,,,,0,,,,,synthetic_sample_data
1691,Reprocessor,Bright Recycling 42,103 Sample Street,Nottingham,G3 1YC,53.0640956,-1.1032618,https://www.example-supplier.co.uk,contact.1691@example-supplier.co.uk,07670 509735,,,,57.8,,0,,,,,synthetic_sample_data
1692,Reprocessor,Prime Materials 43,31 Sample Street,Newcastle,T2 9FP,54.8857974,-1.5249246,https://www.example-supplier.co.uk,contact.1692@example-supplier.co.uk,09338 980075,,,,,,1,,,,,synthetic_sample_data
1693,Reprocessor,Capital Resource 44,157 Sample Street,Coventry,O1 9NJ,52.3536574,-1.4046292,https://www.example-supplier.co.uk,contact.1693@example-supplier.co.uk,08596 194830,,,,,,1,,,,,synthetic_sample_data
1694,Reprocessor,Harbour Logistics 45,61 Sample Street,Southampton,V4 2VY,50.847281,-1.5453379,https://www.example-supplier.co.uk,contact.1694@example-supplier.co.uk,09774 820333,,,,30.2,,0,,,,,synthetic_sample_data
1695,Reprocessor,Prime Salvage 46,138 Sample Street,Manchester,M3 2TK,53.4154831,-2.1600738,https://www.example-supplier.co.uk,contact.1695@example-supplier.co.uk,08366 128085,,,,,,0,,,,,synthetic_sample_data
1696,Reprocessor,Metro Waste Solutions 47,179 Sample Street,Sheffield,Q5 4ZB,53.3086391,-1.4379225,https://www.example-supplier.co.uk,contact.1696@example-supplier.co.uk,04801 688682,,,,,,0,,,,,synthetic_sample_data
1697,Reprocessor,Bright Circular 48,174 Sample Street,Newcastle,U7 5VH,55.0457038,-1.7343062,https://www.example-supplier.co.uk,contact.1697@example-supplier.co.uk,01091 505132,,,,,,0,,,,,synthetic_sample_data
1698,Reprocessor,Crest Logistics 49,52 Sample Street,Manchester,U9 2KA,53.4446841,-2.1373258,https://www.example-supplier.co.uk,contact.1698@example-supplier.co.uk,03325 991207,,,,77.5,,0,,,,,synthetic_sample_data
1699,Reprocessor,Metro Salvage 50,162 Sample Street,Newcastle,O1 4AQ,54.8446198,-1.5880769,https://www.example-supplier.co.uk,contact.1699@example-supplier.co.uk,05888 144597,,,,,,0,,,,,synthetic_sample_data
1700,Reprocessor,Metro Logistics 51,193 Sample Street,Newcastle,F5 5QK,54.8761002,-1.7227332,https://www.example-supplier.co.uk,contact.1700@example-supplier.co.uk,07793 676997,,,,66.1,,0,,,,,synthetic_sample_data
1701,Reprocessor,Prime Environmental 52,108 Sample Street,Newcastle,U8 5CC,54.8724915,-1.6155073,https://www.example-supplier.co.uk,contact.1701@example-supplier.co.uk,04012 772751,,,,,,1,,,,,synthetic_sample_data
1702,Reprocessor,Crest Salvage 53,4 Sample Street,Southampton,Z8 7ME,50.9653269,-1.3386303,https://www.example-supplier.co.uk,contact.1702@example-supplier.co.uk,02805 279820,,,,,,0,,,,,synthetic_sample_data
1703,Reprocessor,Green Materials 54,84 Sample Street,London,V5 5IG,51.4294323,-0.2417859,https://www.example-supplier.co.uk,contact.1703@example-supplier.co.uk,07902 304072,,,,38.1,,0,,,,,synthetic_sample_data
1704,Reprocessor,Civic Reuse 55,169 Sample Street,Reading,F1 5ZV,51.3802245,-0.8286041,https://www.example-supplier.co.uk,contact.1704@example-supplier.co.uk,01096 185168,,,,,,0,,,,,synthetic_sample_data
1705,Reprocessor,Prime Recycling 56,47 Sample Street,Reading,H8 6HA,51.5673716,-1.0636151,https://www.example-supplier.co.uk,contact.1705@example-supplier.co.uk,02474 263798,,,,,,1,,,,,synthetic_sample_data
1706,Reprocessor,Crest Recycling 57,76 Sample Street,Southampton,M8 1EY,50.8951048,-1.3075246,https://www.example-supplier.co.uk,contact.1706@example-supplier.co.uk,05094 739678,,,,,,1,,,,,synthetic_sample_data
1707,Reprocessor,Riverside Recycling 58,21 Sample Street,Birmingham,H7 5QY,52.5895385,-1.7729808,https://www.example-supplier.co.uk,contact.1707@example-supplier.co.uk,06766 472097,,,,81.5,,1,,,,,synthetic_sample_data
1708,Reprocessor,Vale Salvage 59,184 Sample Street,Bristol,Q9 3DL,51.5084009,-2.4466308,https://www.example-supplier.co.uk,contact.1708@example-supplier.co.uk,05456 981223,,,,,,1,,,,,synthetic_sample_data
1709,Reprocessor,Harbour Salvage 60,98 Sample Street,Leeds,G3 4NB,53.8061312,-1.6161664,https://www.example-supplier.co.uk,contact.1709@example-supplier.co.uk,07735 259666,,,,,,1,,,,,synthetic_sample_data
1710,Reprocessor,Oak Waste Solutions 61,35 Sample Street,Southampton,L5 8VF,50.9923388,-1.2633532,https://www.example-supplier.co.uk,contact.1710@example-supplier.co.uk,02207 235630,,,,95.1,,0,,,,,synthetic_sample_data
1711,Reprocessor,Oak Logistics 62,146 Sample Street,Southampton,M7 7CO,50.9170305,-1.4990443,https://www.example-supplier.co.uk,contact.1711@example-supplier.co.uk,03110 111617,,,,,,0,,,,,synthetic_sample_data
1712,Reprocessor,Prime Logistics 63,193 Sample Street,Leeds,X9 4GK,53.9185621,-1.5860134,https://www.example-supplier.co.uk,contact.1712@example-supplier.co.uk,03528 716549,,,,,,1,,,,,synthetic_sample_data
1713,Reprocessor,Bright Reuse 64,64 Sample Street,Liverpool,Y7 1JD,53.4251934,-3.0024026,https://www.example-supplier.co.uk,contact.1713@example-supplier.co.uk,04068 490247,,,,,,0,,,,,synthetic_sample_data
1714,Reprocessor,Riverside Logistics 65,196 Sample Street,London,K4 9XG,51.5143772,-0.0177199,https://www.example-supplier.co.uk,contact.1714@example-supplier.co.uk,05047 200291,,,,,,0,,,,,synthetic_sample_data
1715,Reprocessor,Crest Reclaim 66,186 Sample Street,Birmingham,B8 7ET,52.4569353,-2.0316007,https://www.example-supplier.co.uk,contact.1715@example-supplier.co.uk,05744 411941,,,,6.7,,1,,,,,synthetic_sample_data
1716,Reprocessor,Green Waste Solutions 67,148 Sample Street,Coventry,J2 1GQ,52.452419,-1.6016513,https://www.example-supplier.co.uk,contact.1716@example-supplier.co.uk,02158 328303,,,,,,0,,,,,synthetic_sample_data
1717,Reprocessor,Green Logistics 68,191 Sample Street,Reading,U6 7JF,51.5573849,-0.9870768,https://www.example-supplier.co.uk,contact.1717@example-supplier.co.uk,09849 555898,,,,94.0,,0,,,,,synthetic_sample_data
1718,Reprocessor,Harbour Materials 69,146 Sample Street,Bristol,F4 6HA,51.5770772,-2.639048,https://www.example-supplier.co.uk,contact.1718@example-supplier.co.uk,01911 643781,,,,99.3,,1,,,,,synthetic_sample_data
1719,Reprocessor,Riverside Circular 70,103 Sample Street,Southampton,S9 1UL,51.0424228,-1.5237085,https://www.example-supplier.co.uk,contact.1719@example-supplier.co.uk,07564 231179,,,,,,0,,,,,synthetic_sample_data
1720,Reprocessor,Civic Recycling 71,147 Sample Street,Manchester,N7 2QN,53.4729574,-2.2832514,https://www.example-supplier.co.uk,contact.1720@example-supplier.co.uk,08349 745594,,,,,,1,,,,,synthetic_sample_data
1721,Reprocessor,Harbour Waste Solutions 72,182 Sample Street,Birmingham,H5 8ID,52.5635087,-1.8449088,https://www.example-supplier.co.uk,contact.1721@example-supplier.co.uk,01110 424660,,,,,,0,,,,,synthetic_sample_data
1722,Reprocessor,Prime Environmental 73,51 Sample Street,Manchester,A1 8PP,53.5277945,-2.2479514,https://www.example-supplier.co.uk,contact.1722@example-supplier.co.uk,07630 201641,,,,7.3,,1,,,,,synthetic_sample_data
1723,Reprocessor,Prime Materials 74,133 Sample Street,London,W6 2SG,51.4251267,-0.2519517,https://www.example-supplier.co.uk,contact.1723@example-supplier.co.uk,01737 253734,,,,,,0,,,,,synthetic_sample_data
1724,Reprocessor,Metro Waste Solutions 75,200 Sample Street,Newcastle,O5 9TA,54.8403944,-1.678319,https://www.example-supplier.co.uk,contact.1724@example-supplier.co.uk,06087 388423,,,,,,1,,,,,synthetic_sample_data
1725,Reprocessor,Oak Materials 76,20 Sample Street,London,C1 8NK,51.4905794,0.0098307,https://www.example-supplier.co.uk,contact.1725@example-supplier.co.uk,04694 430525,,,,60.8,,1,,,,,synthetic_sample_data
1726,Reprocessor,Union Environmental 77,89 Sample Street,Reading,W4 3RS,51.3145348,-0.8524246,https://www.example-supplier.co.uk,contact.1726@example-supplier.co.uk,02471 606799,,,,,,1,,,,,synthetic_sample_data
1727,Reprocessor,Prime Reclaim 78,21 Sample Street,Liverpool,A6 6RX,53.3161757,-3.064862,https://www.example-supplier.co.uk,contact.1727@example-supplier.co.uk,06800 633603,,,,80.8,,1,,,,,synthetic_sample_data
1728,Reprocessor,Prime Salvage 79,126 Sample Street,Newcastle,T2 7BU,54.9064716,-1.552306,https://www.example-supplier.co.uk,contact.1728@example-supplier.co.uk,06992 360965,,,,0.3,,1,,,,,synthetic_sample_data
1729,Reprocessor,Meadow Recycling 80,195 Sample Street,London,J2 9IA,51.5337497,-0.0101218,https://www.example-supplier.co.uk,contact.1729@example-supplier.co.uk,06103 434425,,,,,,0,,,,,synthetic_sample_data
1730,Reprocessor,Civic Resource 81,96 Sample Street,Birmingham,Y3 1HQ,52.3606305,-1.8785117,https://www.example-supplier.co.uk,contact.1730@example-supplier.co.uk,07268 512778,,,,54.4,,1,,,,,synthetic_sample_data
1731,Reprocessor,Harbour Recycling 82,41 Sample Street,Reading,R1 3MK,51.5888559,-0.9395974,https://www.example-supplier.co.uk,contact.1731@example-supplier.co.uk,08287 660126,,,,33.8,,1,,,,,synthetic_sample_data
1732,Reprocessor,Capital Resource 83,49 Sample Street,Bristol,X7 3GB,51.5121148,-2.5251118,https://www.example-supplier.co.uk,contact.1732@example-supplier.co.uk,04878 459185,,,,46.8,,1,,,,,synthetic_sample_data
1733,Reprocessor,Green Salvage 84,44 Sample Street,London,Q9 8BT,51.5083413,-0.1256314,https://www.example-supplier.co.uk,contact.1733@example-supplier.co.uk,08985 144639,,,,,,0,,,,,synthetic_sample_data
1734,Reprocessor,Vale Waste Solutions 85,97 Sample Street,Southampton,C4 3ZM,50.9694875,-1.5266031,https://www.example-supplier.co.uk,contact.1734@example-supplier.co.uk,04643 182691,,,,,,1,,,,,synthetic_sample_data
1735,Reprocessor,Green Environmental 86,29 Sample Street,Nottingham,M4 3VD,52.8875031,-1.206549,https://www.example-supplier.co.uk,contact.1735@example-supplier.co.uk,03670 939219,,,,,,1,,,,,synthetic_sample_data
1736,Reprocessor,Civic Materials 87,122 Sample Street,London,K4 8VA,51.4459806,-0.1413534,https://www.example-supplier.co.uk,contact.1736@example-supplier.co.uk,03404 118968,,,,,,1,,,,,synthetic_sample_data
1737,Reprocessor,Harbour Recycling 88,193 Sample Street,Sheffield,V3 4CO,53.4444504,-1.5312202,https://www.example-supplier.co.uk,contact.1737@example-supplier.co.uk,09713 811874,,,,,,1,,,,,synthetic_sample_data
1738,Reprocessor,Summit Resource 89,105 Sample Street,Coventry,Z8 7NE,52.2788286,-1.484424,https://www.example-supplier.co.uk,contact.1738@example-supplier.co.uk,05461 541685,,,,,,1,,,,,synthetic_sample_data
1739,Reprocessor,Green Environmental 90,78 Sample Street,Coventry,E7 2XR,52.4844832,-1.5569219,https://www.example-supplier.co.uk,contact.1739@example-supplier.co.uk,04802 114270,,,,,,1,,,,,synthetic_sample_data
1740,Reprocessor,Green Resource 91,61 Sample Street,Newcastle,M1 6BM,55.0721864,-1.4956352,https://www.example-supplier.co.uk,contact.1740@example-supplier.co.uk,07361 642047,,,,,,1,,,,,synthetic_sample_data
1741,Reprocessor,Green Materials 92,140 Sample Street,Leeds,C7 5AT,53.7809918,-1.6965909,https://www.example-supplier.co.uk,contact.1741@example-supplier.co.uk,09698 772211,,,,,,0,,,,,synthetic_sample_data
1742,Reprocessor,Metro Recycling 93,156 Sample Street,Leeds,A3 6EA,53.8267925,-1.5213904,https://www.example-supplier.co.uk,contact.1742@example-supplier.co.uk,04887 770139,,,,,,0,,,,,synthetic_sample_data
1743,Reprocessor,Meadow Environmental 94,167 Sample Street,Coventry,T6 4DS,52.3168093,-1.3868727,https://www.example-supplier.co.uk,contact.1743@example-supplier.co.uk,08659 829928,,,,96.9,,0,,,,,synthetic_sample_data
1744,Reprocessor,Green Materials 95,70 Sample Street,London,P5 6IZ,51.5443843,-0.1177662,https://www.example-supplier.co.uk,contact.1744@example-supplier.co.uk,08593 465761,,,,59.1,,0,,,,,synthetic_sample_data
1745,Reprocessor,Prime Waste Solutions 96,5 Sample Street,London,H9 2DR,51.4531068,-0.05365,https://www.example-supplier.co.uk,contact.1745@example-supplier.co.uk,05674 445377,,,,12.1,,1,,,,,synthetic_sample_data
1746,Reprocessor,Riverside Waste Solutions 0,176 Sample Street,Sheffield,M3 3TZ,53.4198751,-1.4612822,https://www.example-supplier.co.uk,contact.1746@example-supplier.co.uk,06409 517476,,,,,,0,,,,,synthetic_sample_data
1747,Reprocessor,Harbour Salvage 1,36 Sample Street,Newcastle,H7 2ZN,55.0132593,-1.7521001,https://www.example-supplier.co.uk,contact.1747@example-supplier.co.uk,07224 112658,,,,,,1,,,,,synthetic_sample_data
1748,Reprocessor,Vale Materials 2,17 Sample Street,London,A3 4LZ,51.4916935,-0.1889002,https://www.example-supplier.co.uk,contact.1748@example-supplier.co.uk,07907 525831,,,,,,1,,,,,synthetic_sample_data
1749,Reprocessor,Civic Recycling 3,25 Sample Street,London,H2 7PZ,51.3787019,0.0086678,https://www.example-supplier.co.uk,contact.1749@example-supplier.co.uk,02111 562651,,,,,,0,,,,,synthetic_sample_data
1750,Reprocessor,Summit Materials 4,84 Sample Street,Sheffield,J2 4HS,53.3890678,-1.4484755,https://www.example-supplier.co.uk,contact.1750@example-supplier.co.uk,03936 368079,,,,,,1,,,,,synthetic_sample_data
1751,Reprocessor,Harbour Environmental 5,82 Sample Street,London,V6 8SB,51.5702966,0.0127888,https://www.example-supplier.co.uk,contact.1751@example-supplier.co.uk,04502 201789,,,,12.3,,0,,,,,synthetic_sample_data
1752,Reprocessor,Union Salvage 6,100 Sample Street,Reading,J7 4NK,51.5840218,-0.9369325,https://www.example-supplier.co.uk,contact.1752@example-supplier.co.uk,08122 879715,,,,55.4,,0,,,,,synthetic_sample_data
1753,Reprocessor,Civic Circular 7,13 Sample Street,Sheffield,R1 6VO,53.4451449,-1.4716312,https://www.example-supplier.co.uk,contact.1753@example-supplier.co.uk,08536 515223,,,,97.1,,1,,,,,synthetic_sample_data
1754,Reprocessor,Riverside Resource 8,155 Sample Street,Newcastle,U2 3FA,55.0686867,-1.7411893,https://www.example-supplier.co.uk,contact.1754@example-supplier.co.uk,01097 944848,,,,,,1,,,,,synthetic_sample_data
1755,Reprocessor,Metro Logistics 9,75 Sample Street,Leeds,Z3 4SM,53.7159042,-1.4440073,https://www.example-supplier.co.uk,contact.1755@example-supplier.co.uk,08848 323033,,,,,,0,,,,,synthetic_sample_data
1756,Reprocessor,Meadow Materials 10,113 Sample Street,Nottingham,O7 3IF,53.0812678,-1.211452,https://www.example-supplier.co.uk,contact.1756@example-supplier.co.uk,07468 942944,,,,,,0,,,,,synthetic_sample_data
1757,Reprocessor,Harbour Circular 11,47 Sample Street,Southampton,E1 3HV,51.0396156,-1.5065639,https://www.example-supplier.co.uk,contact.1757@example-supplier.co.uk,06540 783362,,,,,,0,,,,,synthetic_sample_data
1758,Reprocessor,Oak Logistics 12,36 Sample Street,Bristol,Y3 9IJ,51.511122,-2.7378601,https://www.example-supplier.co.uk,contact.1758@example-supplier.co.uk,04094 339026,,,,,,1,,,,,synthetic_sample_data
1759,Reprocessor,Union Materials 13,85 Sample Street,Newcastle,V8 6KC,55.0262529,-1.586405,https://www.example-supplier.co.uk,contact.1759@example-supplier.co.uk,01148 938541,,,,69.0,,0,,,,,synthetic_sample_data
1760,Reprocessor,Summit Salvage 14,184 Sample Street,Liverpool,R4 2AA,53.2756737,-2.8638057,https://www.example-supplier.co.uk,contact.1760@example-supplier.co.uk,02137 311539,,,,78.9,,0,,,,,synthetic_sample_data
1761,Reprocessor,Meadow Salvage 15,53 Sample Street,Leeds,P8 8OG,53.8528304,-1.6438085,https://www.example-supplier.co.uk,contact.1761@example-supplier.co.uk,03466 234512,,,,41.4,,0,,,,,synthetic_sample_data
1762,Reprocessor,Bright Recycling 16,97 Sample Street,Liverpool,G9 6BH,53.3789427,-3.0519787,https://www.example-supplier.co.uk,contact.1762@example-supplier.co.uk,08257 103616,,,,33.5,,1,,,,,synthetic_sample_data
1763,Reprocessor,Metro Waste Solutions 17,34 Sample Street,Birmingham,B8 5XB,52.5233715,-1.8015553,https://www.example-supplier.co.uk,contact.1763@example-supplier.co.uk,02389 863285,,,,27.0,,1,,,,,synthetic_sample_data
1764,Reprocessor,Metro Salvage 18,4 Sample Street,Newcastle,E6 1NF,55.0627504,-1.6577528,https://www.example-supplier.co.uk,contact.1764@example-supplier.co.uk,08429 540661,,,,24.5,,1,,,,,synthetic_sample_data
1765,Reprocessor,Summit Salvage 19,69 Sample Street,Leeds,X2 5SO,53.8922551,-1.5003921,https://www.example-supplier.co.uk,contact.1765@example-supplier.co.uk,05298 531618,,,,,,1,,,,,synthetic_sample_data
1766,Reprocessor,Crest Resource 20,20 Sample Street,Reading,S9 5TZ,51.4801594,-1.0967538,https://www.example-supplier.co.uk,contact.1766@example-supplier.co.uk,08936 884923,,,,,,1,,,,,synthetic_sample_data
1767,Reprocessor,Summit Environmental 21,112 Sample Street,London,T4 3NY,51.5341832,-0.0917337,https://www.example-supplier.co.uk,contact.1767@example-supplier.co.uk,01232 395798,,,,,,0,,,,,synthetic_sample_data
1768,Reprocessor,Riverside Salvage 22,137 Sample Street,Birmingham,D3 9SW,52.5597905,-1.7477921,https://www.example-supplier.co.uk,contact.1768@example-supplier.co.uk,02661 237114,,,,7.5,,0,,,,,synthetic_sample_data
1769,Reprocessor,Summit Resource 23,112 Sample Street,Sheffield,A2 3VO,53.4158754,-1.4513845,https://www.example-supplier.co.uk,contact.1769@example-supplier.co.uk,05120 117074,,,,98.8,,0,,,,,synthetic_sample_data
1770,Reprocessor,Union Waste Solutions 24,119 Sample Street,Birmingham,F3 6MW,52.6090857,-1.7954139,https://www.example-supplier.co.uk,contact.1770@example-supplier.co.uk,09154 414752,,,,69.6,,0,,,,,synthetic_sample_data
1771,Reprocessor,Crest Materials 25,169 Sample Street,Nottingham,Q9 8BK,53.0371054,-1.1501934,https://www.example-supplier.co.uk,contact.1771@example-supplier.co.uk,04359 572122,,,,,,1,,,,,synthetic_sample_data
1772,Reprocessor,Harbour Reclaim 26,120 Sample Street,Manchester,X5 6MJ,53.4471799,-2.3777572,https://www.example-supplier.co.uk,contact.1772@example-supplier.co.uk,04275 831809,,,,57.5,,1,,,,,synthetic_sample_data
1773,Reprocessor,Union Salvage 27,62 Sample Street,Liverpool,I7 4VR,53.2657504,-2.9377656,https://www.example-supplier.co.uk,contact.1773@example-supplier.co.uk,08271 753820,,,,85.6,,1,,,,,synthetic_sample_data
1774,Reprocessor,Green Circular 28,34 Sample Street,Birmingham,E7 2MM,52.3965992,-1.7992045,https://www.example-supplier.co.uk,contact.1774@example-supplier.co.uk,01972 701809,,,,,,1,,,,,synthetic_sample_data
1775,Reprocessor,Bright Circular 29,84 Sample Street,Sheffield,K8 9MK,53.3379986,-1.5245032,https://www.example-supplier.co.uk,contact.1775@example-supplier.co.uk,07657 391276,,,,35.8,,1,,,,,synthetic_sample_data
1776,Reprocessor,Riverside Reuse 30,115 Sample Street,Sheffield,A1 1MQ,53.2610628,-1.3302812,https://www.example-supplier.co.uk,contact.1776@example-supplier.co.uk,08060 387936,,,,,,1,,,,,synthetic_sample_data
1777,Reprocessor,Green Environmental 31,40 Sample Street,Nottingham,M6 5KD,53.0615508,-1.220749,https://www.example-supplier.co.uk,contact.1777@example-supplier.co.uk,02168 534868,,,,,,1,,,,,synthetic_sample_data
1778,Reprocessor,Prime Logistics 32,105 Sample Street,Bristol,A3 4GQ,51.3825036,-2.5069479,https://www.example-supplier.co.uk,contact.1778@example-supplier.co.uk,08738 410489,,,,99.8,,0,,,,,synthetic_sample_data
1779,Reprocessor,Vale Reuse 33,50 Sample Street,Nottingham,C8 1HN,53.0374595,-1.0571508,https://www.example-supplier.co.uk,contact.1779@example-supplier.co.uk,01686 865659,,,,,,1,,,,,synthetic_sample_data
1780,Reprocessor,Civic Salvage 34,189 Sample Street,Bristol,B6 1RT,51.3506649,-2.6742518,https://www.example-supplier.co.uk,contact.1780@example-supplier.co.uk,01995 281779,,,,,,0,,,,,synthetic_sample_data
1781,Reprocessor,Northern Resource 35,156 Sample Street,Southampton,S1 7UC,50.9927577,-1.4710069,https://www.example-supplier.co.uk,contact.1781@example-supplier.co.uk,05409 800420,,,,,,1,,,,,synthetic_sample_data
1782,Reprocessor,Riverside Environmental 36,157 Sample Street,Southampton,I2 4LM,51.022992,-1.5139212,https://www.example-supplier.co.uk,contact.1782@example-supplier.co.uk,03504 682209,,,,,,0,,,,,synthetic_sample_data
1783,Reprocessor,Capital Environmental 37,147 Sample Street,Bristol,W8 5QA,51.399832,-2.7252288,https://www.example-supplier.co.uk,contact.1783@example-supplier.co.uk,07187 888311,,,,,,0,,,,,synthetic_sample_data
1784,Reprocessor,Summit Logistics 38,158 Sample Street,Southampton,E7 1FW,50.8350644,-1.5487484,https://www.example-supplier.co.uk,contact.1784@example-supplier.co.uk,09986 147350,,,,,,0,,,,,synthetic_sample_data
1785,Reprocessor,Meadow Resource 39,157 Sample Street,Reading,Q3 6QI,51.5658739,-0.871116,https://www.example-supplier.co.uk,contact.1785@example-supplier.co.uk,02474 470959,,,,1.8,,0,,,,,synthetic_sample_data
1786,Reprocessor,Prime Reuse 40,157 Sample Street,Bristol,J9 7OL,51.3505695,-2.6696927,https://www.example-supplier.co.uk,contact.1786@example-supplier.co.uk,08533 594052,,,,,,0,,,,,synthetic_sample_data
1787,MRF,Oak Waste Solutions 41,194 Sample Street,Reading,F4 1QQ,51.3969288,-0.9740544,https://www.example-supplier.co.uk,contact.1787@example-supplier.co.uk,09563 856688,,,,83.9,,1,,,,,synthetic_sample_data
1788,MRF,Union Waste Solutions 42,57 Sample Street,Reading,N3 4UY,51.4602999,-1.0091705,https://www.example-supplier.co.uk,contact.1788@example-supplier.co.uk,02737 698266,,,,,,1,,,,,synthetic_sample_data
1789,MRF,Union Salvage 43,54 Sample Street,London,O7 8JQ,51.5784486,-0.1696216,https://www.example-supplier.co.uk,contact.1789@example-supplier.co.uk,05586 273797,,,,,,1,,,,,synthetic_sample_data
1790,MRF,Metro Logistics 44,136 Sample Street,Leeds,U2 6CZ,53.8607382,-1.5839153,https://www.example-supplier.co.uk,contact.1790@example-supplier.co.uk,04500 789127,,,,79.8,,0,,,,,synthetic_sample_data
1791,MRF,Meadow Materials 45,141 Sample Street,Newcastle,L6 5NT,54.9905647,-1.7229256,https://www.example-supplier.co.uk,contact.1791@example-supplier.co.uk,07250 963322,,,,,,0,,,,,synthetic_sample_data
1792,MRF,Bright Materials 46,149 Sample Street,Liverpool,P2 8TQ,53.5367553,-3.07093,https://www.example-supplier.co.uk,contact.1792@example-supplier.co.uk,04605 785520,,,,,,0,,,,,synthetic_sample_data
1793,MRF,Prime Recycling 47,183 Sample Street,Birmingham,Z7 6IZ,52.4045997,-1.8366071,https://www.example-supplier.co.uk,contact.1793@example-supplier.co.uk,01588 842842,,,,,,1,,,,,synthetic_sample_data
1794,MRF,Meadow Reuse 48,114 Sample Street,London,K5 2UZ,51.5587296,-0.1121432,https://www.example-supplier.co.uk,contact.1794@example-supplier.co.uk,08317 709143,,,,,,1,,,,,synthetic_sample_data
1795,MRF,Vale Circular 49,119 Sample Street,Sheffield,V1 8XG,53.2918575,-1.4626506,https://www.example-supplier.co.uk,contact.1795@example-supplier.co.uk,09860 754641,,,,,,1,,,,,synthetic_sample_data
1796,MRF,Green Circular 50,54 Sample Street,Southampton,Q7 3MR,50.7791406,-1.4061662,https://www.example-supplier.co.uk,contact.1796@example-supplier.co.uk,05956 487547,,,,,,1,,,,,synthetic_sample_data
1797,MRF,Metro Recycling 51,175 Sample Street,Liverpool,C3 4SM,53.3200089,-3.1347438,https://www.example-supplier.co.uk,contact.1797@example-supplier.co.uk,08847 517955,,,,,,0,,,,,synthetic_sample_data
1798,MRF,Civic Environmental 52,166 Sample Street,Reading,Z9 2ES,51.5402054,-0.9473118,https://www.example-supplier.co.uk,contact.1798@example-supplier.co.uk,02445 673761,,,,52.3,,1,,,,,synthetic_sample_data
1799,MRF,Meadow Materials 53,195 Sample Street,Reading,P1 7MW,51.5395414,-1.0986126,https://www.example-supplier.co.uk,contact.1799@example-supplier.co.uk,01435 780374,,,,59.6,,0,,,,,synthetic_sample_data
1800,MRF,Bright Materials 54,131 Sample Street,London,R4 4IW,51.4938045,-0.2382134,https://www.example-supplier.co.uk,contact.1800@example-supplier.co.uk,03358 506451,,,,85.0,,1,,,,,synthetic_sample_data
1801,MRF,Capital Environmental 55,106 Sample Street,Southampton,P6 8QT,51.030336,-1.2780039,https://www.example-supplier.co.uk,contact.1801@example-supplier.co.uk,01724 541160,,,,78.3,,0,,,,,synthetic_sample_data
1802,MRF,Green Reuse 56,56 Sample Street,Leeds,X2 3ZV,53.7522958,-1.4919449,https://www.example-supplier.co.uk,contact.1802@example-supplier.co.uk,08245 347595,,,,,,1,,,,,synthetic_sample_data
1803,MRF,Meadow Environmental 57,135 Sample Street,Sheffield,B6 3UC,53.4207377,-1.4156963,https://www.example-supplier.co.uk,contact.1803@example-supplier.co.uk,08208 808962,,,,,,0,,,,,synthetic_sample_data
1804,MRF,Riverside Recycling 58,80 Sample Street,Nottingham,Q9 4DC,52.8869545,-1.0614496,https://www.example-supplier.co.uk,contact.1804@example-supplier.co.uk,06098 485503,,,,,,1,,,,,synthetic_sample_data
1805,MRF,Meadow Materials 59,138 Sample Street,London,Z6 1GM,51.5528202,-0.0673318,https://www.example-supplier.co.uk,contact.1805@example-supplier.co.uk,04716 779662,,,,11.4,,1,,,,,synthetic_sample_data
1806,MRF,Prime Reuse 60,164 Sample Street,Nottingham,O9 1EH,52.9853221,-1.0850036,https://www.example-supplier.co.uk,contact.1806@example-supplier.co.uk,08378 747925,,,,80.4,,1,,,,,synthetic_sample_data
1807,MRF,Oak Reuse 61,77 Sample Street,Sheffield,Y4 7XN,53.3590055,-1.5325232,https://www.example-supplier.co.uk,contact.1807@example-supplier.co.uk,05807 125941,,,,6.6,,0,,,,,synthetic_sample_data
1808,MRF,Meadow Reuse 62,94 Sample Street,Birmingham,G2 6SP,52.5201468,-1.8964702,https://www.example-supplier.co.uk,contact.1808@example-supplier.co.uk,09290 794057,,,,,,0,,,,,synthetic_sample_data
1809,MRF,Civic Reuse 63,54 Sample Street,Southampton,Q7 9YX,51.0327036,-1.353592,https://www.example-supplier.co.uk,contact.1809@example-supplier.co.uk,04826 209534,,,,13.7,,0,,,,,synthetic_sample_data
1810,MRF,Civic Waste Solutions 64,97 Sample Street,Sheffield,H4 3JC,53.3988632,-1.34357,https://www.example-supplier.co.uk,contact.1810@example-supplier.co.uk,03681 961557,,,,73.6,,0,,,,,synthetic_sample_data
1811,MRF,Union Resource 65,75 Sample Street,Nottingham,M1 8GJ,52.9088878,-1.0864402,https://www.example-supplier.co.uk,contact.1811@example-supplier.co.uk,08091 935816,,,,84.7,,1,,,,,synthetic_sample_data
1812,MRF,Harbour Logistics 66,157 Sample Street,Liverpool,J2 8IX,53.3114058,-3.1049005,https://www.example-supplier.co.uk,contact.1812@example-supplier.co.uk,06844 671232,,,,,,0,,,,,synthetic_sample_data
1813,MRF,Metro Materials 67,19 Sample Street,Newcastle,V2 7SR,54.8291812,-1.7638616,https://www.example-supplier.co.uk,contact.1813@example-supplier.co.uk,02260 638569,,,,94.3,,0,,,,,synthetic_sample_data
1814,MRF,Riverside Reuse 68,125 Sample Street,Leeds,B5 9GW,53.8871207,-1.6091444,https://www.example-supplier.co.uk,contact.1814@example-supplier.co.uk,07334 833007,,,,28.8,,0,,,,,synthetic_sample_data
1815,MRF,Union Salvage 69,39 Sample Street,Southampton,U4 4YA,51.0028095,-1.2965714,https://www.example-supplier.co.uk,contact.1815@example-supplier.co.uk,05728 796713,,,,,,1,,,,,synthetic_sample_data
1816,MRF,Prime Salvage 70,118 Sample Street,Coventry,R4 7MO,52.265671,-1.4518973,https://www.example-supplier.co.uk,contact.1816@example-supplier.co.uk,04066 222237,,,,,,1,,,,,synthetic_sample_data
1817,MRF,Green Materials 71,9 Sample Street,Liverpool,M4 5FZ,53.3825589,-2.855836,https://www.example-supplier.co.uk,contact.1817@example-supplier.co.uk,06135 882872,,,,,,0,,,,,synthetic_sample_data
1818,MRF,Riverside Logistics 72,57 Sample Street,Birmingham,C4 8NR,52.5402148,-1.7467455,https://www.example-supplier.co.uk,contact.1818@example-supplier.co.uk,09916 141542,,,,48.8,,0,,,,,synthetic_sample_data
1819,MRF,Northern Environmental 73,76 Sample Street,Manchester,J5 7DI,53.4731059,-2.2568982,https://www.example-supplier.co.uk,contact.1819@example-supplier.co.uk,03453 766542,,,,,,0,,,,,synthetic_sample_data
1820,MRF,Northern Reuse 74,97 Sample Street,Leeds,M6 7JE,53.724394,-1.441596,https://www.example-supplier.co.uk,contact.1820@example-supplier.co.uk,05981 992827,,,,11.0,,1,,,,,synthetic_sample_data
1821,MRF,Capital Reclaim 75,195 Sample Street,Leeds,U7 6LS,53.7976849,-1.6606278,https://www.example-supplier.co.uk,contact.1821@example-supplier.co.uk,06844 870770,,,,,,0,,,,,synthetic_sample_data
1822,MRF,Crest Waste Solutions 76,141 Sample Street,Newcastle,T1 1GZ,55.0338927,-1.6551113,https://www.example-supplier.co.uk,contact.1822@example-supplier.co.uk,02518 413136,,,,,,0,,,,,synthetic_sample_data
1823,MRF,Harbour Resource 77,37 Sample Street,Coventry,J5 9MP,52.4972745,-1.5667175,https://www.example-supplier.co.uk,contact.1823@example-supplier.co.uk,05441 917351,,,,,,0,,,,,synthetic_sample_data
1824,MRF,Capital Resource 78,179 Sample Street,Southampton,L5 7XX,50.7599381,-1.4137534,https://www.example-supplier.co.uk,contact.1824@example-supplier.co.uk,02083 364965,,,,,,1,,,,,synthetic_sample_data
1825,MRF,Summit Reclaim 79,151 Sample Street,Bristol,W8 9QO,51.4785779,-2.6785081,https://www.example-supplier.co.uk,contact.1825@example-supplier.co.uk,02875 373378,,,,21.4,,0,,,,,synthetic_sample_data
1826,MRF,Summit Waste Solutions 80,50 Sample Street,Coventry,P7 7DQ,52.2592232,-1.6655108,https://www.example-supplier.co.uk,contact.1826@example-supplier.co.uk,04995 562225,,,,,,1,,,,,synthetic_sample_data
1827,MRF,Harbour Circular 81,84 Sample Street,Nottingham,C5 4SC,52.8202795,-1.2781284,https://www.example-supplier.co.uk,contact.1827@example-supplier.co.uk,08871 355022,,,,,,0,,,,,synthetic_sample_data
1828,MRF,Oak Materials 82,117 Sample Street,Bristol,A8 9CR,51.373152,-2.5934857,https://www.example-supplier.co.uk,contact.1828@example-supplier.co.uk,02702 939057,,,,,,1,,,,,synthetic_sample_data
1829,MRF,Metro Environmental 83,37 Sample Street,Reading,B7 9UA,51.4616517,-1.0011266,https://www.example-supplier.co.uk,contact.1829@example-supplier.co.uk,08440 979702,,,,82.2,,0,,,,,synthetic_sample_data
1830,MRF,Summit Waste Solutions 84,14 Sample Street,Leeds,X4 1MB,53.9281493,-1.4826542,https://www.example-supplier.co.uk,contact.1830@example-supplier.co.uk,03936 841058,,,,,,0,,,,,synthetic_sample_data
1831,Other,Summit Environmental 85,25 Sample Street,Birmingham,K3 3JX,52.6238813,-1.9108788,https://www.example-supplier.co.uk,contact.1831@example-supplier.co.uk,01309 808082,,,,,,0,,,,,synthetic_sample_data
1832,Other,Northern Environmental 86,109 Sample Street,London,K3 1DM,51.4785147,-0.1336801,https://www.example-supplier.co.uk,contact.1832@example-supplier.co.uk,02235 368534,,,,20.6,,0,,,,,synthetic_sample_data
1833,Other,Green Recycling 87,13 Sample Street,Birmingham,S3 3VF,52.376905,-1.999411,https://www.example-supplier.co.uk,contact.1833@example-supplier.co.uk,06234 343382,,,,,,0,,,,,synthetic_sample_data
1834,Other,Harbour Logistics 88,79 Sample Street,Reading,C2 4IR,51.3125594,-0.8398359,https://www.example-supplier.co.uk,contact.1834@example-supplier.co.uk,01759 991642,,,,,,0,,,,,synthetic_sample_data
1835,Other,Metro Circular 89,154 Sample Street,Leeds,Z4 3HX,53.7191475,-1.6468072,https://www.example-supplier.co.uk,contact.1835@example-supplier.co.uk,07206 222414,,,,,,1,,,,,synthetic_sample_data
1836,Other,Riverside Materials 90,2 Sample Street,Reading,J5 8NZ,51.3892925,-1.0902279,https://www.example-supplier.co.uk,contact.1836@example-supplier.co.uk,09201 519144,,,,,,1,,,,,synthetic_sample_data
1837,Other,Green Logistics 91,71 Sample Street,Liverpool,N8 8UH,53.316398,-3.0894397,https://www.example-supplier.co.uk,contact.1837@example-supplier.co.uk,06842 359540,,,,55.0,,1,,,,,synthetic_sample_data
1838,Other,Summit Salvage 92,86 Sample Street,Birmingham,W3 7ML,52.5227491,-1.7912868,https://www.example-supplier.co.uk,contact.1838@example-supplier.co.uk,02509 450862,,,,,,0,,,,,synthetic_sample_data
1839,Other,Metro Environmental 93,27 Sample Street,Bristol,Q1 7NJ,51.4508776,-2.4687324,https://www.example-supplier.co.uk,contact.1839@example-supplier.co.uk,05035 770649,,,,,,1,,,,,synthetic_sample_data
1840,Other,Harbour Environmental 94,82 Sample Street,Leeds,O5 7NX,53.7255641,-1.4444012,https://www.example-supplier.co.uk,contact.1840@example-supplier.co.uk,03609 402559,,,,33.8,,1,,,,,synthetic_sample_data
1841,Other,Prime Circular 95,194 Sample Street,Birmingham,H3 5GW,52.5647668,-1.7761912,https://www.example-supplier.co.uk,contact.1841@example-supplier.co.uk,06555 884269,,,,49.4,,0,,,,,synthetic_sample_data
1842,Other,Metro Reuse 96,55 Sample Street,Bristol,X9 4KI,51.3354773,-2.5954537,https://www.example-supplier.co.uk,contact.1842@example-supplier.co.uk,07854 306061,,,,28.7,,1,,,,,synthetic_sample_data
1843,Other,Prime Recycling 0,145 Sample Street,Nottingham,D7 9EJ,53.0295249,-1.2341947,https://www.example-supplier.co.uk,contact.1843@example-supplier.co.uk,07765 922914,,,,,,0,,,,,synthetic_sample_data
1844,Other,Union Reclaim 1,101 Sample Street,Southampton,L4 9CD,50.9422256,-1.2875743,https://www.example-supplier.co.uk,contact.1844@example-supplier.co.uk,07803 200853,,,,51.5,,0,,,,,synthetic_sample_data
1845,Other,Green Reuse 2,43 Sample Street,Coventry,E7 1PW,52.3953714,-1.6609319,https://www.example-supplier.co.uk,contact.1845@example-supplier.co.uk,04411 597008,,,,77.3,,0,,,,,synthetic_sample_data
1846,Other,Bright Circular 3,31 Sample Street,Bristol,E7 5SG,51.4653916,-2.6108163,https://www.example-supplier.co.uk,contact.1846@example-supplier.co.uk,01312 682936,,,,,,0,,,,,synthetic_sample_data
1847,Other,Meadow Waste Solutions 4,149 Sample Street,Bristol,F6 5EX,51.4239696,-2.6789622,https://www.example-supplier.co.uk,contact.1847@example-supplier.co.uk,08242 516138,,,,63.3,,1,,,,,synthetic_sample_data
1848,Other,Capital Resource 5,147 Sample Street,Coventry,E5 1GM,52.3457613,-1.4445042,https://www.example-supplier.co.uk,contact.1848@example-supplier.co.uk,02783 582354,,,,,,0,,,,,synthetic_sample_data
1849,Other,Harbour Salvage 6,7 Sample Street,Reading,O2 7OV,51.3372512,-0.9354907,https://www.example-supplier.co.uk,contact.1849@example-supplier.co.uk,05786 694707,,,,,,0,,,,,synthetic_sample_data
1850,Other,Green Reclaim 7,199 Sample Street,Leeds,F6 1DM,53.749391,-1.5190753,https://www.example-supplier.co.uk,contact.1850@example-supplier.co.uk,07383 212654,,,,56.8,,1,,,,,synthetic_sample_data
1851,Other,Northern Resource 8,108 Sample Street,Coventry,I5 4PV,52.4323304,-1.4412744,https://www.example-supplier.co.uk,contact.1851@example-supplier.co.uk,04709 342875,,,,65.7,,0,,,,,synthetic_sample_data
1852,Other,Riverside Recycling 9,19 Sample Street,Reading,W5 2XB,51.3863896,-0.8897302,https://www.example-supplier.co.uk,contact.1852@example-supplier.co.uk,09937 935864,,,,49.4,,0,,,,,synthetic_sample_data
1853,Other,Union Reclaim 10,13 Sample Street,London,A5 2YA,51.379574,-0.2024864,https://www.example-supplier.co.uk,contact.1853@example-supplier.co.uk,02699 519909,,,,65.6,,0,,,,,synthetic_sample_data
1854,Other,Crest Salvage 11,159 Sample Street,London,M9 1XC,51.4025566,-0.1092536,https://www.example-supplier.co.uk,contact.1854@example-supplier.co.uk,07832 224853,,,,24.6,,0,,,,,synthetic_sample_data
1855,Other,Riverside Circular 12,82 Sample Street,Manchester,R5 3BG,53.6172319,-2.1616875,https://www.example-supplier.co.uk,contact.1855@example-supplier.co.uk,06392 417051,,,,,,1,,,,,synthetic_sample_data
1856,Other,Civic Reclaim 13,16 Sample Street,London,S2 4RM,51.5660077,-0.1081577,https://www.example-supplier.co.uk,contact.1856@example-supplier.co.uk,08957 978007,,,,,,1,,,,,synthetic_sample_data
1857,Other,Meadow Reuse 14,78 Sample Street,Manchester,E2 5AE,53.5873638,-2.1274721,https://www.example-supplier.co.uk,contact.1857@example-supplier.co.uk,02900 313152,,,,66.9,,0,,,,,synthetic_sample_data
1858,EFW,Meadow Reclaim 15,77 Sample Street,Birmingham,D3 9OU,52.6273948,-1.8841736,https://www.example-supplier.co.uk,contact.1858@example-supplier.co.uk,05740 196485,,,,,,1,,,,,synthetic_sample_data
1859,EFW,Capital Salvage 16,110 Sample Street,Coventry,Q6 8MJ,52.2793249,-1.3908692,https://www.example-supplier.co.uk,contact.1859@example-supplier.co.uk,08805 990380,,,,,,0,,,,,synthetic_sample_data
1860,EFW,Green Reuse 17,74 Sample Street,Leeds,D7 2ZS,53.8170323,-1.4099049,https://www.example-supplier.co.uk,contact.1860@example-supplier.co.uk,05942 744524,,,,,,0,,,,,synthetic_sample_data
1861,EFW,Northern Resource 18,170 Sample Street,Manchester,G6 1NT,53.4353053,-2.1295064,https://www.example-supplier.co.uk,contact.1861@example-supplier.co.uk,02350 451813,,,,,,0,,,,,synthetic_sample_data
1862,EFW,Vale Environmental 19,20 Sample Street,Liverpool,K3 8XJ,53.2783288,-2.9772397,https://www.example-supplier.co.uk,contact.1862@example-supplier.co.uk,06523 275343,,,,,,1,,,,,synthetic_sample_data
1863,EFW,Crest Reuse 20,110 Sample Street,Bristol,W5 9QL,51.4504676,-2.4952822,https://www.example-supplier.co.uk,contact.1863@example-supplier.co.uk,09893 726220,,,,,,1,,,,,synthetic_sample_data
1864,EFW,Capital Recycling 21,170 Sample Street,Nottingham,D6 7OL,52.9758639,-1.0232086,https://www.example-supplier.co.uk,contact.1864@example-supplier.co.uk,01501 487180,,,,20.8,,1,,,,,synthetic_sample_data
1865,EFW,Metro Reuse 22,168 Sample Street,Nottingham,E7 7EY,52.8936731,-1.2644066,https://www.example-supplier.co.uk,contact.1865@example-supplier.co.uk,02415 577820,,,,,,1,,,,,synthetic_sample_data
1866,EFW,Bright Recycling 23,97 Sample Street,London,J5 2HA,51.4350972,-0.0156106,https://www.example-supplier.co.uk,contact.1866@example-supplier.co.uk,01701 187035,,,,,,1,,,,,synthetic_sample_data
1867,EFW,Union Reuse 24,16 Sample Street,Birmingham,A7 7RT,52.4144031,-1.804164,https://www.example-supplier.co.uk,contact.1867@example-supplier.co.uk,02681 105398,,,,98.8,,0,,,,,synthetic_sample_data
1868,EFW,Bright Salvage 25,169 Sample Street,Newcastle,Q2 2LZ,54.8689727,-1.7255844,https://www.example-supplier.co.uk,contact.1868@example-supplier.co.uk,03760 301509,,,,,,0,,,,,synthetic_sample_data
1869,EFW,Union Materials 26,135 Sample Street,Birmingham,R5 8KE,52.5018643,-1.9861056,https://www.example-supplier.co.uk,contact.1869@example-supplier.co.uk,05651 113810,,,,,,1,,,,,synthetic_sample_data
1870,Recyling via MRF,Harbour Circular 27,27 Sample Street,London,T2 4LZ,51.3577866,-0.2501192,https://www.example-supplier.co.uk,contact.1870@example-supplier.co.uk,05390 574345,,,,93.6,,1,,,,,synthetic_sample_data
1871,Recyling via MRF,Meadow Environmental 28,165 Sample Street,Reading,Y8 3FY,51.3132104,-0.8722018,https://www.example-supplier.co.uk,contact.1871@example-supplier.co.uk,04182 434164,,,,,,0,,,,,synthetic_sample_data
1872,Recyling via MRF,Northern Environmental 29,33 Sample Street,London,B8 9HA,51.5948637,-0.1467958,https://www.example-supplier.co.uk,contact.1872@example-supplier.co.uk,09017 683558,,,,1.7,,0,,,,,synthetic_sample_data
1873,Recyling via MRF,Riverside Environmental 30,131 Sample Street,London,C6 3ZY,51.6258865,-0.247102,https://www.example-supplier.co.uk,contact.1873@example-supplier.co.uk,04974 415917,,,,9.6,,1,,,,,synthetic_sample_data
1874,Recyling via MRF,Bright Waste Solutions 31,173 Sample Street,Bristol,B3 2UQ,51.4453593,-2.6149029,https://www.example-supplier.co.uk,contact.1874@example-supplier.co.uk,03111 677348,,,,,,0,,,,,synthetic_sample_data
1875,Recyling via MRF,Bright Circular 32,30 Sample Street,London,H8 9SY,51.4730578,-0.0509974,https://www.example-supplier.co.uk,contact.1875@example-supplier.co.uk,01408 806413,,,,9.7,,1,,,,,synthetic_sample_data
1876,Recycling facility,Vale Salvage 33,96 Sample Street,Bristol,K9 6LP,51.5838489,-2.4667421,https://www.example-supplier.co.uk,contact.1876@example-supplier.co.uk,01225 434429,,,,,,1,,,,,synthetic_sample_data
1877,Recycling facility,Riverside Materials 34,92 Sample Street,Coventry,N7 1WJ,52.4872468,-1.5062806,https://www.example-supplier.co.uk,contact.1877@example-supplier.co.uk,01010 974633,,,,52.0,,1,,,,,synthetic_sample_data
1878,Recycling facility,Oak Environmental 35,96 Sample Street,London,H4 8YI,51.4705787,-0.0594337,https://www.example-supplier.co.uk,contact.1878@example-supplier.co.uk,07887 582028,,,,,,0,,,,,synthetic_sample_data
1879,Recycling facility,Oak Reclaim 36,142 Sample Street,Manchester,V9 2JS,53.450522,-2.3494295,https://www.example-supplier.co.uk,contact.1879@example-supplier.co.uk,04648 538571,,,,,,1,,,,,synthetic_sample_data
1880,Recycling facility,Capital Reuse 37,78 Sample Street,Leeds,T3 7JI,53.8413055,-1.5454915,https://www.example-supplier.co.uk,contact.1880@example-supplier.co.uk,07528 745886,,,,,,1,,,,,synthetic_sample_data
1881,Take-Back Scheme,Green Circular 38,55 Sample Street,Birmingham,F4 3IF,52.4331326,-1.7774682,https://www.example-supplier.co.uk,contact.1881@example-supplier.co.uk,05620 808116,,,,,,0,,,,,synthetic_sample_data
1882,Manufacturer,Metro Waste Solutions 39,28 Sample Street,London,K6 4MT,51.439572,-0.1414892,https://www.example-supplier.co.uk,contact.1882@example-supplier.co.uk,02812 855128,,,,,,1,,,,,synthetic_sample_data
