UID_Row,Sup_type,Supplier_type,Supplier_name,Address_Street,City,County,Postcode,Lat,Long,Hierarchy,Category,MIX01,PLA01,HAR01,MET01,PAP01,TIM01,DMR01,CEIL01,HAZ01,GLA01,MUN01,CON01,BRI01,FURN01,FLO01,INS01,GARD01,TIL01,NON01,NHM01,Other
3,Charity,1,2ND chance Furniture (Nuneaton),Abbeygate Shopping Centre,Nuneaton,Warwickshire,CV11 4EL,52.5232935,-1.4676562,Reuse ,A,,,,,,,,,,,,,,,,,,,,,
3,Charity,1,2ND chance Furniture (Nuneaton),Abbeygate Shopping Centre,Nuneaton,Warwickshire,CV11 4EL,52.5232935,-1.4676562,Reuse ,A,,,,,,,,,,,,,,,,,,,,,
3,Charity,1,2ND chance Furniture (Nuneaton),Abbeygate Shopping Centre,Nuneaton,Warwickshire,CV11 4EL,52.5232935,-1.4676562,Reuse ,A,,,,,,,,,,,,,,,,,,,,,
4,Charity,1,610 Youth & Community Centre,610 Kingstanding Road,Old Oscott,West Midlands,B44 9SH,52.5474,-1.88511,Reuse ,A,,,,,,,,,,,,,,,,,,,,,
4,Charity,1,610 Youth & Community Centre,610 Kingstanding Road,Old Oscott,West Midlands,B44 9SH,52.5474,-1.88511,Reuse ,A,,,,,,,,,,,,,,,,,,,,,
4,Charity,1,610 Youth & Community Centre,610 Kingstanding Road,Old Oscott,West Midlands,B44 9SH,52.5474,-1.88511,Reuse ,A,,,,,,,,,,,,,,,,,,,,,
5,Charity,1,9 Lives Furniture,25 Wharf Lane,Watford,Hertfordshire,WD3 1HA,51.6391281,-0.4648515,Reuse ,A,,,,,,,,,,,,,,,,,,,,,
5,Charity,1,9 Lives Furniture,25 Wharf Lane,Watford,Hertfordshire,WD3 1HA,51.6391281,-0.4648515,Reuse ,A,,,,,,,,,,,,,,,,,,,,,
5,Charity,1,9 Lives Furniture,25 Wharf Lane,Watford,Hertfordshire,WD3 1HA,51.6391281,-0.4648515,Reuse ,A,,,,,,,,,,,,,,,,,,,,,
8,Recycling facility,5,A M Waste London,Unit 6 Burdon & Miles Industrial Estate,Cheshunt,Hertfordshire,EN8 9SP,51.706048,-0.0239082,MRF,C,,,,,,,,,,,,,,,,,,,,,
8,Recycling facility,5,A M Waste London,Unit 6 Burdon & Miles Industrial Estate,Cheshunt,Hertfordshire,EN8 9SP,51.706048,-0.0239082,MRF,C,,,,,,,,,,,,,,,,,,,,,
8,Recycling facility,5,A M Waste London,Unit 6 Burdon & Miles Industrial Estate,Cheshunt,Hertfordshire,EN8 9SP,51.706048,-0.0239082,MRF,C,,,,,,,,,,,,,,,,,,,,,
8,Recycling facility,5,A M Waste London,Unit 6 Burdon & Miles Industrial Estate,Cheshunt,Hertfordshire,EN8 9SP,51.706048,-0.0239082,MRF,C,,,,,,,,,,,,,,,,,,,,,
8,Recycling facility,5,A M Waste London,Unit 6 Burdon & Miles Industrial Estate,Cheshunt,Hertfordshire,EN8 9SP,51.706048,-0.0239082,MRF,C,,,,,,,,,,,,,,,,,,,,,
8,Recycling facility,5,A M Waste London,Unit 6 Burdon & Miles Industrial Estate,Cheshunt,Hertfordshire,EN8 9SP,51.706048,-0.0239082,MRF,C,,,,,,,,,,,,,,,,,,,,,
8,Recycling facility,5,A M Waste London,Unit 6 Burdon & Miles Industrial Estate,Cheshunt,Hertfordshire,EN8 9SP,51.706048,-0.0239082,MRF,C,,,,,,,,,,,,,,,,,,,,,
16,Recycling facility,5,Able Waste,43 Imperial way,Croydon,Surrey,CR0 4RR,51.35718,-0.12058,MRF,C,,,,,,,,,,,,,,,,,,,,,
16,Recycling facility,5,Able Waste,43 Imperial way,Croydon,Surrey,CR0 4RR,51.35718,-0.12058,MRF,C,,,,,,,,,,,,,,,,,,,,,
16,Recycling facility,5,Able Waste,43 Imperial way,Croydon,Surrey,CR0 4RR,51.35718,-0.12058,MRF,C,,,,,,,,,,,,,,,,,,,,,
16,Recycling facility,5,Able Waste,43 Imperial way,Croydon,Surrey,CR0 4RR,51.35718,-0.12058,MRF,C,,,,,,,,,,,,,,,,,,,,,
16,Recycling facility,5,Able Waste,43 Imperial way,Croydon,Surrey,CR0 4RR,51.35718,-0.12058,MRF,C,,,,,,,,,,,,,,,,,,,,,
16,Recycling facility,5,Able Waste,43 Imperial way,Croydon,Surrey,CR0 4RR,51.35718,-0.12058,MRF,C,,,,,,,,,,,,,,,,,,,,,
16,Recycling facility,5,Able Waste,43 Imperial way,Croydon,Surrey,CR0 4RR,51.35718,-0.12058,MRF,C,,,,,,,,,,,,,,,,,,,,,
20,Charity,1,Acting for Others,West Suite,Covent Garden,London,WC2E 9AR,51.51138,-0.12596,Reuse ,A,,,,,,,,,,,,,,,,,,,,,
20,Charity,1,Acting for Others,West Suite,Covent Garden,London,WC2E 9AR,51.51138,-0.12596,Reuse ,A,,,,,,,,,,,,,,,,,,,,,
20,Charity,1,Acting for Others,West Suite,Covent Garden,London,WC2E 9AR,51.51138,-0.12596,Reuse ,A,,,,,,,,,,,,,,,,,,,,,
21,Recycling facility,5,AE Burgess & Sons,Ulverscroft Road,Leicester,Leicestershire,LE4 0BY,52.64678,-1.14159,MRF,C,,,,,,,,,,,,,,,,,,,,,
21,Recycling facility,5,AE Burgess & Sons,Ulverscroft Road,Leicester,Leicestershire,LE4 0BY,52.64678,-1.14159,MRF,C,,,,,,,,,,,,,,,,,,,,,
21,Recycling facility,5,AE Burgess & Sons,Ulverscroft Road,Leicester,Leicestershire,LE4 0BY,52.64678,-1.14159,MRF,C,,,,,,,,,,,,,,,,,,,,,
21,Recycling facility,5,AE Burgess & Sons,Ulverscroft Road,Leicester,Leicestershire,LE4 0BY,52.64678,-1.14159,MRF,C,,,,,,,,,,,,,,,,,,,,,
21,Recycling facility,5,AE Burgess & Sons,Ulverscroft Road,Leicester,Leicestershire,LE4 0BY,52.64678,-1.14159,MRF,C,,,,,,,,,,,,,,,,,,,,,
21,Recycling facility,5,AE Burgess & Sons,Ulverscroft Road,Leicester,Leicestershire,LE4 0BY,52.64678,-1.14159,MRF,C,,,,,,,,,,,,,,,,,,,,,
21,Recycling facility,5,AE Burgess & Sons,Ulverscroft Road,Leicester,Leicestershire,LE4 0BY,52.64678,-1.14159,MRF,C,,,,,,,,,,,,,,,,,,,,,
30,Charity,1,Amersham Youth Activities,Amersham Youth Activities,Amersham,Buckinghamshire,HP6 5AH,51.67626,-0.60224,Reuse ,A,,,,,,,,,,,,,,,,,,,,,
30,Charity,1,Amersham Youth Activities,Amersham Youth Activities,Amersham,Buckinghamshire,HP6 5AH,51.67626,-0.60224,Reuse ,A,,,,,,,,,,,,,,,,,,,,,
30,Charity,1,Amersham Youth Activities,Amersham Youth Activities,Amersham,Buckinghamshire,HP6 5AH,51.67626,-0.60224,Reuse ,A,,,,,,,,,,,,,,,,,,,,,
31,Recycling facility,5,Aquaforce Recycling,Sprint Ind Est,Wolverhampton,West Midlands,WV10 7DB,52.67485,-2.12128,MRF,C,,,,,,,,,,,,,,,,,,,,,
31,Recycling facility,5,Aquaforce Recycling,Sprint Ind Est,Wolverhampton,West Midlands,WV10 7DB,52.67485,-2.12128,MRF,C,,,,,,,,,,,,,,,,,,,,,
31,Recycling facility,5,Aquaforce Recycling,Sprint Ind Est,Wolverhampton,West Midlands,WV10 7DB,52.67485,-2.12128,MRF,C,,,,,,,,,,,,,,,,,,,,,
31,Recycling facility,5,Aquaforce Recycling,Sprint Ind Est,Wolverhampton,West Midlands,WV10 7DB,52.67485,-2.12128,MRF,C,,,,,,,,,,,,,,,,,,,,,
31,Recycling facility,5,Aquaforce Recycling,Sprint Ind Est,Wolverhampton,West Midlands,WV10 7DB,52.67485,-2.12128,MRF,C,,,,,,,,,,,,,,,,,,,,,
31,Recycling facility,5,Aquaforce Recycling,Sprint Ind Est,Wolverhampton,West Midlands,WV10 7DB,52.67485,-2.12128,MRF,C,,,,,,,,,,,,,,,,,,,,,
31,Recycling facility,5,Aquaforce Recycling,Sprint Ind Est,Wolverhampton,West Midlands,WV10 7DB,52.67485,-2.12128,MRF,C,,,,,,,,,,,,,,,,,,,,,
32,Charity,1,Arbour Youth Centre,The Arbour Youth Centre,Tower Hamlets,London,E1 4ST,51.52072,-0.04091,Reuse ,A,,,,,,,,,,,,,,,,,,,,,
32,Charity,1,Arbour Youth Centre,The Arbour Youth Centre,Tower Hamlets,London,E1 4ST,51.52072,-0.04091,Reuse ,A,,,,,,,,,,,,,,,,,,,,,
32,Charity,1,Arbour Youth Centre,The Arbour Youth Centre,Tower Hamlets,London,E1 4ST,51.52072,-0.04091,Reuse ,A,,,,,,,,,,,,,,,,,,,,,
35,Reprocessor,8,Aveley No2 Clay Pit,Aveley Landfill,South Ockendon,Thurrock,RM15 4XP,51.503331,0.2373123,Reprocessor,B,,,,,,,,,,,,,,,,,,,,,
35,Reprocessor,8,Aveley No2 Clay Pit,Aveley Landfill,South Ockendon,Thurrock,RM15 4XP,51.503331,0.2373123,Reprocessor,B,,,,,,,,,,,,,,,,,,,,,
35,Reprocessor,8,Aveley No2 Clay Pit,Aveley Landfill,South Ockendon,Thurrock,RM15 4XP,51.503331,0.2373123,Reprocessor,B,,,,,,,,,,,,,,,,,,,,,
35,Reprocessor,8,Aveley No2 Clay Pit,Aveley Landfill,South Ockendon,Thurrock,RM15 4XP,51.503331,0.2373123,Reprocessor,B,,,,,,,,,,,,,,,,,,,,,
35,Reprocessor,8,Aveley No2 Clay Pit,Aveley Landfill,South Ockendon,Thurrock,RM15 4XP,51.503331,0.2373123,Reprocessor,B,,,,,,,,,,,,,,,,,,,,,
35,Reprocessor,8,Aveley No2 Clay Pit,Aveley Landfill,South Ockendon,Thurrock,RM15 4XP,51.503331,0.2373123,Reprocessor,B,,,,,,,,,,,,,,,,,,,,,
36,Reprocessor,8,Aveley No2a Clay Pit,Aveley Landfill,South Ockendon,Thurrock,RM15 4XP,51.503331,0.2373123,Reprocessor,B,,,,,,,,,,,,,,,,,,,,,
36,Reprocessor,8,Aveley No2a Clay Pit,Aveley Landfill,South Ockendon,Thurrock,RM15 4XP,51.503331,0.2373123,Reprocessor,B,,,,,,,,,,,,,,,,,,,,,
36,Reprocessor,8,Aveley No2a Clay Pit,Aveley Landfill,South Ockendon,Thurrock,RM15 4XP,51.503331,0.2373123,Reprocessor,B,,,,,,,,,,,,,,,,,,,,,
36,Reprocessor,8,Aveley No2a Clay Pit,Aveley Landfill,South Ockendon,Thurrock,RM15 4XP,51.503331,0.2373123,Reprocessor,B,,,,,,,,,,,,,,,,,,,,,
36,Reprocessor,8,Aveley No2a Clay Pit,Aveley Landfill,South Ockendon,Thurrock,RM15 4XP,51.503331,0.2373123,Reprocessor,B,,,,,,,,,,,,,,,,,,,,,
36,Reprocessor,8,Aveley No2a Clay Pit,Aveley Landfill,South Ockendon,Thurrock,RM15 4XP,51.503331,0.2373123,Reprocessor,B,,,,,,,,,,,,,,,,,,,,,
37,Reprocessor,8,Aveley No3 Clay Pit,Aveley Landfill,South Ockendon,Thurrock,RM15 4XP,51.503331,0.2373123,Reprocessor,B,,,,,,,,,,,,,,,,,,,,,
37,Reprocessor,8,Aveley No3 Clay Pit,Aveley Landfill,South Ockendon,Thurrock,RM15 4XP,51.503331,0.2373123,Reprocessor,B,,,,,,,,,,,,,,,,,,,,,
37,Reprocessor,8,Aveley No3 Clay Pit,Aveley Landfill,South Ockendon,Thurrock,RM15 4XP,51.503331,0.2373123,Reprocessor,B,,,,,,,,,,,,,,,,,,,,,
37,Reprocessor,8,Aveley No3 Clay Pit,Aveley Landfill,South Ockendon,Thurrock,RM15 4XP,51.503331,0.2373123,Reprocessor,B,,,,,,,,,,,,,,,,,,,,,
37,Reprocessor,8,Aveley No3 Clay Pit,Aveley Landfill,South Ockendon,Thurrock,RM15 4XP,51.503331,0.2373123,Reprocessor,B,,,,,,,,,,,,,,,,,,,,,
37,Reprocessor,8,Aveley No3 Clay Pit,Aveley Landfill,South Ockendon,Thurrock,RM15 4XP,51.503331,0.2373123,Reprocessor,B,,,,,,,,,,,,,,,,,,,,,
43,Recycling facility,5,Bagnall and Morris,16 Dock Road South,Birkenhead,Merseyside,CH62 4SQ,53.347983,-2.9805889,MRF,C,,,,,,,,,,,,,,,,,,,,,
43,Recycling facility,5,Bagnall and Morris,16 Dock Road South,Birkenhead,Merseyside,CH62 4SQ,53.347983,-2.9805889,MRF,C,,,,,,,,,,,,,,,,,,,,,
43,Recycling facility,5,Bagnall and Morris,16 Dock Road South,Birkenhead,Merseyside,CH62 4SQ,53.347983,-2.9805889,MRF,C,,,,,,,,,,,,,,,,,,,,,
43,Recycling facility,5,Bagnall and Morris,16 Dock Road South,Birkenhead,Merseyside,CH62 4SQ,53.347983,-2.9805889,MRF,C,,,,,,,,,,,,,,,,,,,,,
43,Recycling facility,5,Bagnall and Morris,16 Dock Road South,Birkenhead,Merseyside,CH62 4SQ,53.347983,-2.9805889,MRF,C,,,,,,,,,,,,,,,,,,,,,
43,Recycling facility,5,Bagnall and Morris,16 Dock Road South,Birkenhead,Merseyside,CH62 4SQ,53.347983,-2.9805889,MRF,C,,,,,,,,,,,,,,,,,,,,,
43,Recycling facility,5,Bagnall and Morris,16 Dock Road South,Birkenhead,Merseyside,CH62 4SQ,53.347983,-2.9805889,MRF,C,,,,,,,,,,,,,,,,,,,,,
44,Recycling facility,5,Baileys skip,Heritage Way,Corby,Northamptonshire,NN17 5XW,52.5072955,-0.6808023,MRF,C,,,,,,,,,,,,,,,,,,,,,
44,Recycling facility,5,Baileys skip,Heritage Way,Corby,Northamptonshire,NN17 5XW,52.5072955,-0.6808023,MRF,C,,,,,,,,,,,,,,,,,,,,,
44,Recycling facility,5,Baileys skip,Heritage Way,Corby,Northamptonshire,NN17 5XW,52.5072955,-0.6808023,MRF,C,,,,,,,,,,,,,,,,,,,,,
44,Recycling facility,5,Baileys skip,Heritage Way,Corby,Northamptonshire,NN17 5XW,52.5072955,-0.6808023,MRF,C,,,,,,,,,,,,,,,,,,,,,
44,Recycling facility,5,Baileys skip,Heritage Way,Corby,Northamptonshire,NN17 5XW,52.5072955,-0.6808023,MRF,C,,,,,,,,,,,,,,,,,,,,,
44,Recycling facility,5,Baileys skip,Heritage Way,Corby,Northamptonshire,NN17 5XW,52.5072955,-0.6808023,MRF,C,,,,,,,,,,,,,,,,,,,,,
44,Recycling facility,5,Baileys skip,Heritage Way,Corby,Northamptonshire,NN17 5XW,52.5072955,-0.6808023,MRF,C,,,,,,,,,,,,,,,,,,,,,
45,Recycling facility,5,Bakers Waste,Granite Close,Leceister,Leicestershire,LE19 4AE,52.5936543,-1.2161531,MRF,C,,,,,,,,,,,,,,,,,,,,,
45,Recycling facility,5,Bakers Waste,Granite Close,Leceister,Leicestershire,LE19 4AE,52.5936543,-1.2161531,MRF,C,,,,,,,,,,,,,,,,,,,,,
45,Recycling facility,5,Bakers Waste,Granite Close,Leceister,Leicestershire,LE19 4AE,52.5936543,-1.2161531,MRF,C,,,,,,,,,,,,,,,,,,,,,
45,Recycling facility,5,Bakers Waste,Granite Close,Leceister,Leicestershire,LE19 4AE,52.5936543,-1.2161531,MRF,C,,,,,,,,,,,,,,,,,,,,,
45,Recycling facility,5,Bakers Waste,Granite Close,Leceister,Leicestershire,LE19 4AE,52.5936543,-1.2161531,MRF,C,,,,,,,,,,,,,,,,,,,,,
45,Recycling facility,5,Bakers Waste,Granite Close,Leceister,Leicestershire,LE19 4AE,52.5936543,-1.2161531,MRF,C,,,,,,,,,,,,,,,,,,,,,
45,Recycling facility,5,Bakers Waste,Granite Close,Leceister,Leicestershire,LE19 4AE,52.5936543,-1.2161531,MRF,C,,,,,,,,,,,,,,,,,,,,,
57,Recycling facility,5,Berrymans Glass Recycling Ltd,Tilbury Docks,Tilbury,Essex,RM18 7EH,51.4640671,0.3463375,Reprocessor,B,,,,,,,,,,,,,,,,,,,,,
57,Recycling facility,5,Berrymans Glass Recycling Ltd,Tilbury Docks,Tilbury,Essex,RM18 7EH,51.4640671,0.3463375,Reprocessor,B,,,,,,,,,,,,,,,,,,,,,
57,Recycling facility,5,Berrymans Glass Recycling Ltd,Tilbury Docks,Tilbury,Essex,RM18 7EH,51.4640671,0.3463375,Reprocessor,B,,,,,,,,,,,,,,,,,,,,,
57,Recycling facility,5,Berrymans Glass Recycling Ltd,Tilbury Docks,Tilbury,Essex,RM18 7EH,51.4640671,0.3463375,Reprocessor,B,,,,,,,,,,,,,,,,,,,,,
57,Recycling facility,5,Berrymans Glass Recycling Ltd,Tilbury Docks,Tilbury,Essex,RM18 7EH,51.4640671,0.3463375,Reprocessor,B,,,,,,,,,,,,,,,,,,,,,
57,Recycling facility,5,Berrymans Glass Recycling Ltd,Tilbury Docks,Tilbury,Essex,RM18 7EH,51.4640671,0.3463375,Reprocessor,B,,,,,,,,,,,,,,,,,,,,,
57,Recycling facility,5,Berrymans Glass Recycling Ltd,Tilbury Docks,Tilbury,Essex,RM18 7EH,51.4640671,0.3463375,Reprocessor,B,,,,,,,,,,,,,,,,,,,,,
59,Recycling facility,5,Biffa - New chapel,Hobbs Industrial Estate,Lingfield,Surrey,RH7 6HN,51.15499,-0.05692,MRF,C,,,,,,,,,,,,,,,,,,,,,
59,Recycling facility,5,Biffa - New chapel,Hobbs Industrial Estate,Lingfield,Surrey,RH7 6HN,51.15499,-0.05692,MRF,C,,,,,,,,,,,,,,,,,,,,,
59,Recycling facility,5,Biffa - New chapel,Hobbs Industrial Estate,Lingfield,Surrey,RH7 6HN,51.15499,-0.05692,MRF,C,,,,,,,,,,,,,,,,,,,,,
59,Recycling facility,5,Biffa - New chapel,Hobbs Industrial Estate,Lingfield,Surrey,RH7 6HN,51.15499,-0.05692,MRF,C,,,,,,,,,,,,,,,,,,,,,
59,Recycling facility,5,Biffa - New chapel,Hobbs Industrial Estate,Lingfield,Surrey,RH7 6HN,51.15499,-0.05692,MRF,C,,,,,,,,,,,,,,,,,,,,,
59,Recycling facility,5,Biffa - New chapel,Hobbs Industrial Estate,Lingfield,Surrey,RH7 6HN,51.15499,-0.05692,MRF,C,,,,,,,,,,,,,,,,,,,,,
59,Recycling facility,5,Biffa - New chapel,Hobbs Industrial Estate,Lingfield,Surrey,RH7 6HN,51.15499,-0.05692,MRF,C,,,,,,,,,,,,,,,,,,,,,
60,Recycling facility,5,Biffa Hull,Stoneferry Road,Hull,East Yorkshire,HU8 8BZ,53.75866,-0.3266,MRF,C,,,,,,,,,,,,,,,,,,,,,
60,Recycling facility,5,Biffa Hull,Stoneferry Road,Hull,East Yorkshire,HU8 8BZ,53.75866,-0.3266,MRF,C,,,,,,,,,,,,,,,,,,,,,
60,Recycling facility,5,Biffa Hull,Stoneferry Road,Hull,East Yorkshire,HU8 8BZ,53.75866,-0.3266,MRF,C,,,,,,,,,,,,,,,,,,,,,
60,Recycling facility,5,Biffa Hull,Stoneferry Road,Hull,East Yorkshire,HU8 8BZ,53.75866,-0.3266,MRF,C,,,,,,,,,,,,,,,,,,,,,
60,Recycling facility,5,Biffa Hull,Stoneferry Road,Hull,East Yorkshire,HU8 8BZ,53.75866,-0.3266,MRF,C,,,,,,,,,,,,,,,,,,,,,
60,Recycling facility,5,Biffa Hull,Stoneferry Road,Hull,East Yorkshire,HU8 8BZ,53.75866,-0.3266,MRF,C,,,,,,,,,,,,,,,,,,,,,
60,Recycling facility,5,Biffa Hull,Stoneferry Road,Hull,East Yorkshire,HU8 8BZ,53.75866,-0.3266,MRF,C,,,,,,,,,,,,,,,,,,,,,
61,Recycling facility,5,Biffa- Northampton,Jackdaw Close,Northampton,Northamptonshire,NN3 9ER,52.24676,-0.81176,MRF,C,,,,,,,,,,,,,,,,,,,,,
61,Recycling facility,5,Biffa- Northampton,Jackdaw Close,Northampton,Northamptonshire,NN3 9ER,52.24676,-0.81176,MRF,C,,,,,,,,,,,,,,,,,,,,,
61,Recycling facility,5,Biffa- Northampton,Jackdaw Close,Northampton,Northamptonshire,NN3 9ER,52.24676,-0.81176,MRF,C,,,,,,,,,,,,,,,,,,,,,
61,Recycling facility,5,Biffa- Northampton,Jackdaw Close,Northampton,Northamptonshire,NN3 9ER,52.24676,-0.81176,MRF,C,,,,,,,,,,,,,,,,,,,,,
61,Recycling facility,5,Biffa- Northampton,Jackdaw Close,Northampton,Northamptonshire,NN3 9ER,52.24676,-0.81176,MRF,C,,,,,,,,,,,,,,,,,,,,,
61,Recycling facility,5,Biffa- Northampton,Jackdaw Close,Northampton,Northamptonshire,NN3 9ER,52.24676,-0.81176,MRF,C,,,,,,,,,,,,,,,,,,,,,
61,Recycling facility,5,Biffa- Northampton,Jackdaw Close,Northampton,Northamptonshire,NN3 9ER,52.24676,-0.81176,MRF,C,,,,,,,,,,,,,,,,,,,,,
66,Recycling facility,5,Blackpole Recycling,"Unit 100, Blackpole Trading Estate West",Worcester,Worcestershireshire,WR3 8TJ,52.22002,-2.1995,MRF,C,,,,,,,,,,,,,,,,,,,,,
66,Recycling facility,5,Blackpole Recycling,"Unit 100, Blackpole Trading Estate West",Worcester,Worcestershireshire,WR3 8TJ,52.22002,-2.1995,MRF,C,,,,,,,,,,,,,,,,,,,,,
66,Recycling facility,5,Blackpole Recycling,"Unit 100, Blackpole Trading Estate West",Worcester,Worcestershireshire,WR3 8TJ,52.22002,-2.1995,MRF,C,,,,,,,,,,,,,,,,,,,,,
66,Recycling facility,5,Blackpole Recycling,"Unit 100, Blackpole Trading Estate West",Worcester,Worcestershireshire,WR3 8TJ,52.22002,-2.1995,MRF,C,,,,,,,,,,,,,,,,,,,,,
66,Recycling facility,5,Blackpole Recycling,"Unit 100, Blackpole Trading Estate West",Worcester,Worcestershireshire,WR3 8TJ,52.22002,-2.1995,MRF,C,,,,,,,,,,,,,,,,,,,,,
66,Recycling facility,5,Blackpole Recycling,"Unit 100, Blackpole Trading Estate West",Worcester,Worcestershireshire,WR3 8TJ,52.22002,-2.1995,MRF,C,,,,,,,,,,,,,,,,,,,,,
66,Recycling facility,5,Blackpole Recycling,"Unit 100, Blackpole Trading Estate West",Worcester,Worcestershireshire,WR3 8TJ,52.22002,-2.1995,MRF,C,,,,,,,,,,,,,,,,,,,,,
68,Charity,1,Bletchely Youth Centre,Bletchley Youth Centre,Milton Keynes,Milton Keynes ,MK3 7BE,51.99684,-0.76076,Reuse ,A,,,,,,,,,,,,,,,,,,,,,
68,Charity,1,Bletchely Youth Centre,Bletchley Youth Centre,Milton Keynes,Milton Keynes ,MK3 7BE,51.99684,-0.76076,Reuse ,A,,,,,,,,,,,,,,,,,,,,,
68,Charity,1,Bletchely Youth Centre,Bletchley Youth Centre,Milton Keynes,Milton Keynes ,MK3 7BE,51.99684,-0.76076,Reuse ,A,,,,,,,,,,,,,,,,,,,,,
77,Charity,1,Brighton Youth Centre,64 Edward Street,Brighton,West Sussex,BN2 0JR,50.82222,-0.13048,Reuse ,A,,,,,,,,,,,,,,,,,,,,,
77,Charity,1,Brighton Youth Centre,64 Edward Street,Brighton,West Sussex,BN2 0JR,50.82222,-0.13048,Reuse ,A,,,,,,,,,,,,,,,,,,,,,
77,Charity,1,Brighton Youth Centre,64 Edward Street,Brighton,West Sussex,BN2 0JR,50.82222,-0.13048,Reuse ,A,,,,,,,,,,,,,,,,,,,,,
78,Recycling facility,5,Bristol and Avon Waste Mgmt,Ironchurch Road,Bristol,Avon ,BS11 9BP,51.52166,-2.69217,MRF,C,,,,,,,,,,,,,,,,,,,,,
78,Recycling facility,5,Bristol and Avon Waste Mgmt,Ironchurch Road,Bristol,Avon ,BS11 9BP,51.52166,-2.69217,MRF,C,,,,,,,,,,,,,,,,,,,,,
78,Recycling facility,5,Bristol and Avon Waste Mgmt,Ironchurch Road,Bristol,Avon ,BS11 9BP,51.52166,-2.69217,MRF,C,,,,,,,,,,,,,,,,,,,,,
78,Recycling facility,5,Bristol and Avon Waste Mgmt,Ironchurch Road,Bristol,Avon ,BS11 9BP,51.52166,-2.69217,MRF,C,,,,,,,,,,,,,,,,,,,,,
78,Recycling facility,5,Bristol and Avon Waste Mgmt,Ironchurch Road,Bristol,Avon ,BS11 9BP,51.52166,-2.69217,MRF,C,,,,,,,,,,,,,,,,,,,,,
78,Recycling facility,5,Bristol and Avon Waste Mgmt,Ironchurch Road,Bristol,Avon ,BS11 9BP,51.52166,-2.69217,MRF,C,,,,,,,,,,,,,,,,,,,,,
78,Recycling facility,5,Bristol and Avon Waste Mgmt,Ironchurch Road,Bristol,Avon ,BS11 9BP,51.52166,-2.69217,MRF,C,,,,,,,,,,,,,,,,,,,,,
79,Recycling facility,5,Britaniacrest Recycling Ltd,24-26 Reigate Road,Horley,Surrey,RH6 0HJ,51.18543,-0.19622,MRF,C,,,,,,,,,,,,,,,,,,,,,
79,Recycling facility,5,Britaniacrest Recycling Ltd,24-26 Reigate Road,Horley,Surrey,RH6 0HJ,51.18543,-0.19622,MRF,C,,,,,,,,,,,,,,,,,,,,,
79,Recycling facility,5,Britaniacrest Recycling Ltd,24-26 Reigate Road,Horley,Surrey,RH6 0HJ,51.18543,-0.19622,MRF,C,,,,,,,,,,,,,,,,,,,,,
79,Recycling facility,5,Britaniacrest Recycling Ltd,24-26 Reigate Road,Horley,Surrey,RH6 0HJ,51.18543,-0.19622,MRF,C,,,,,,,,,,,,,,,,,,,,,
79,Recycling facility,5,Britaniacrest Recycling Ltd,24-26 Reigate Road,Horley,Surrey,RH6 0HJ,51.18543,-0.19622,MRF,C,,,,,,,,,,,,,,,,,,,,,
79,Recycling facility,5,Britaniacrest Recycling Ltd,24-26 Reigate Road,Horley,Surrey,RH6 0HJ,51.18543,-0.19622,MRF,C,,,,,,,,,,,,,,,,,,,,,
79,Recycling facility,5,Britaniacrest Recycling Ltd,24-26 Reigate Road,Horley,Surrey,RH6 0HJ,51.18543,-0.19622,MRF,C,,,,,,,,,,,,,,,,,,,,,
82,Recycling facility,5,Brown & son Recycling,"Vanguard House, Sneyd Hill",Stoke-on-Trent,Staffordshire,ST6 2DZ,53.04617,-2.18,MRF,C,,,,,,,,,,,,,,,,,,,,,
82,Recycling facility,5,Brown & son Recycling,"Vanguard House, Sneyd Hill",Stoke-on-Trent,Staffordshire,ST6 2DZ,53.04617,-2.18,MRF,C,,,,,,,,,,,,,,,,,,,,,
82,Recycling facility,5,Brown & son Recycling,"Vanguard House, Sneyd Hill",Stoke-on-Trent,Staffordshire,ST6 2DZ,53.04617,-2.18,MRF,C,,,,,,,,,,,,,,,,,,,,,
82,Recycling facility,5,Brown & son Recycling,"Vanguard House, Sneyd Hill",Stoke-on-Trent,Staffordshire,ST6 2DZ,53.04617,-2.18,MRF,C,,,,,,,,,,,,,,,,,,,,,
82,Recycling facility,5,Brown & son Recycling,"Vanguard House, Sneyd Hill",Stoke-on-Trent,Staffordshire,ST6 2DZ,53.04617,-2.18,MRF,C,,,,,,,,,,,,,,,,,,,,,
82,Recycling facility,5,Brown & son Recycling,"Vanguard House, Sneyd Hill",Stoke-on-Trent,Staffordshire,ST6 2DZ,53.04617,-2.18,MRF,C,,,,,,,,,,,,,,,,,,,,,
82,Recycling facility,5,Brown & son Recycling,"Vanguard House, Sneyd Hill",Stoke-on-Trent,Staffordshire,ST6 2DZ,53.04617,-2.18,MRF,C,,,,,,,,,,,,,,,,,,,,,
83,Charity,1,Brown's Field Youth and Community Centre,31A Green End Road,Cambridge,Cambridgeshire,CB4 1RU,52.22581,0.14693,Reuse ,A,,,,,,,,,,,,,,,,,,,,,
83,Charity,1,Brown's Field Youth and Community Centre,31A Green End Road,Cambridge,Cambridgeshire,CB4 1RU,52.22581,0.14693,Reuse ,A,,,,,,,,,,,,,,,,,,,,,
83,Charity,1,Brown's Field Youth and Community Centre,31A Green End Road,Cambridge,Cambridgeshire,CB4 1RU,52.22581,0.14693,Reuse ,A,,,,,,,,,,,,,,,,,,,,,
94,Charity,1,Cambridge Re-use,Unit H,Cambridge,Cambridgeshire,CB1 8DH,52.18784,0.15509,Reuse ,A,,,,,,,,,,,,,,,,,,,,,
94,Charity,1,Cambridge Re-use,Unit H,Cambridge,Cambridgeshire,CB1 8DH,52.18784,0.15509,Reuse ,A,,,,,,,,,,,,,,,,,,,,,
94,Charity,1,Cambridge Re-use,Unit H,Cambridge,Cambridgeshire,CB1 8DH,52.18784,0.15509,Reuse ,A,,,,,,,,,,,,,,,,,,,,,
96,Charity,1,Cardiff YMCA Retail,38 Albany Road,Cardfiff,Glamorganshire,CF24 3RQ,51.49304,-3.16941,Reuse ,A,,,,,,,,,,,,,,,,,,,,,
96,Charity,1,Cardiff YMCA Retail,38 Albany Road,Cardfiff,Glamorganshire,CF24 3RQ,51.49304,-3.16941,Reuse ,A,,,,,,,,,,,,,,,,,,,,,
96,Charity,1,Cardiff YMCA Retail,38 Albany Road,Cardfiff,Glamorganshire,CF24 3RQ,51.49304,-3.16941,Reuse ,A,,,,,,,,,,,,,,,,,,,,,
97,Charity,1,Care Zone,11 Titan Drive,Peterborough,Cambridgeshire,PE1 5XN,52.5736934,-0.2087151,Reuse ,A,,,,,,,,,,,,,,,,,,,,,
97,Charity,1,Care Zone,11 Titan Drive,Peterborough,Cambridgeshire,PE1 5XN,52.5736934,-0.2087151,Reuse ,A,,,,,,,,,,,,,,,,,,,,,
97,Charity,1,Care Zone,11 Titan Drive,Peterborough,Cambridgeshire,PE1 5XN,52.5736934,-0.2087151,Reuse ,A,,,,,,,,,,,,,,,,,,,,,
98,Recycling facility,5,Carpet Tile Recycling,27 Forester Street,Nottingham,Nottinghamshire,NG4 2LJ,52.9643878,-1.0756027,Reprocessor,B,,,,,,,,,,,,,,,,,,,,,
98,Recycling facility,5,Carpet Tile Recycling,27 Forester Street,Nottingham,Nottinghamshire,NG4 2LJ,52.9643878,-1.0756027,Reprocessor,B,,,,,,,,,,,,,,,,,,,,,
98,Recycling facility,5,Carpet Tile Recycling,27 Forester Street,Nottingham,Nottinghamshire,NG4 2LJ,52.9643878,-1.0756027,Reprocessor,B,,,,,,,,,,,,,,,,,,,,,
98,Recycling facility,5,Carpet Tile Recycling,27 Forester Street,Nottingham,Nottinghamshire,NG4 2LJ,52.9643878,-1.0756027,Reprocessor,B,,,,,,,,,,,,,,,,,,,,,
98,Recycling facility,5,Carpet Tile Recycling,27 Forester Street,Nottingham,Nottinghamshire,NG4 2LJ,52.9643878,-1.0756027,Reprocessor,B,,,,,,,,,,,,,,,,,,,,,
98,Recycling facility,5,Carpet Tile Recycling,27 Forester Street,Nottingham,Nottinghamshire,NG4 2LJ,52.9643878,-1.0756027,Reprocessor,B,,,,,,,,,,,,,,,,,,,,,
98,Recycling facility,5,Carpet Tile Recycling,27 Forester Street,Nottingham,Nottinghamshire,NG4 2LJ,52.9643878,-1.0756027,Reprocessor,B,,,,,,,,,,,,,,,,,,,,,
100,Charity,1,Castle Furniture Project,Tom Rodgers Mill,Cupar,Fife,KY15 4DQ,56.3201338,-3.0116523,Reuse ,A,,,,,,,,,,,,,,,,,,,,,
100,Charity,1,Castle Furniture Project,Tom Rodgers Mill,Cupar,Fife,KY15 4DQ,56.3201338,-3.0116523,Reuse ,A,,,,,,,,,,,,,,,,,,,,,
100,Charity,1,Castle Furniture Project,Tom Rodgers Mill,Cupar,Fife,KY15 4DQ,56.3201338,-3.0116523,Reuse ,A,,,,,,,,,,,,,,,,,,,,,
101,Charity,1,Castle Furniture Reuse Mega Store,Unit 6,Glenrothes,Fife,KY7 5QF,56.1984913,-3.1596594,Reuse ,A,,,,,,,,,,,,,,,,,,,,,
101,Charity,1,Castle Furniture Reuse Mega Store,Unit 6,Glenrothes,Fife,KY7 5QF,56.1984913,-3.1596594,Reuse ,A,,,,,,,,,,,,,,,,,,,,,
101,Charity,1,Castle Furniture Reuse Mega Store,Unit 6,Glenrothes,Fife,KY7 5QF,56.1984913,-3.1596594,Reuse ,A,,,,,,,,,,,,,,,,,,,,,
103,Manufacturer,7,Cawleys,1 Covent Garden Close,Luton,Bedfordshire,LU4 8QB,51.89724,-0.446,MRF,C,,,,,,,,,,,,,,,,,,,,,
103,Manufacturer,7,Cawleys,1 Covent Garden Close,Luton,Bedfordshire,LU4 8QB,51.89724,-0.446,MRF,C,,,,,,,,,,,,,,,,,,,,,
103,Manufacturer,7,Cawleys,1 Covent Garden Close,Luton,Bedfordshire,LU4 8QB,51.89724,-0.446,MRF,C,,,,,,,,,,,,,,,,,,,,,
104,Charity,1,CCAM (Reading),The Furniture Shop,Reading,Berkshire,RG1 2SU,51.4492005,-0.965876,Reuse ,A,,,,,,,,,,,,,,,,,,,,,
104,Charity,1,CCAM (Reading),The Furniture Shop,Reading,Berkshire,RG1 2SU,51.4492005,-0.965876,Reuse ,A,,,,,,,,,,,,,,,,,,,,,
104,Charity,1,CCAM (Reading),The Furniture Shop,Reading,Berkshire,RG1 2SU,51.4492005,-0.965876,Reuse ,A,,,,,,,,,,,,,,,,,,,,,
105,Recycling facility,5,CCC Skips,Suite 6,Epping Forest,London,E11 1PB,51.58369,0.02486,MRF,C,,,,,,,,,,,,,,,,,,,,,
105,Recycling facility,5,CCC Skips,Suite 6,Epping Forest,London,E11 1PB,51.58369,0.02486,MRF,C,,,,,,,,,,,,,,,,,,,,,
105,Recycling facility,5,CCC Skips,Suite 6,Epping Forest,London,E11 1PB,51.58369,0.02486,MRF,C,,,,,,,,,,,,,,,,,,,,,
105,Recycling facility,5,CCC Skips,Suite 6,Epping Forest,London,E11 1PB,51.58369,0.02486,MRF,C,,,,,,,,,,,,,,,,,,,,,
105,Recycling facility,5,CCC Skips,Suite 6,Epping Forest,London,E11 1PB,51.58369,0.02486,MRF,C,,,,,,,,,,,,,,,,,,,,,
105,Recycling facility,5,CCC Skips,Suite 6,Epping Forest,London,E11 1PB,51.58369,0.02486,MRF,C,,,,,,,,,,,,,,,,,,,,,
105,Recycling facility,5,CCC Skips,Suite 6,Epping Forest,London,E11 1PB,51.58369,0.02486,MRF,C,,,,,,,,,,,,,,,,,,,,,
106,Recycling facility,5,CD Waste Management,Deptford Recycling Centre,Deptford,London,SE14 5RS,51.48456,-0.04483,MRF,C,,,,,,,,,,,,,,,,,,,,,
106,Recycling facility,5,CD Waste Management,Deptford Recycling Centre,Deptford,London,SE14 5RS,51.48456,-0.04483,MRF,C,,,,,,,,,,,,,,,,,,,,,
106,Recycling facility,5,CD Waste Management,Deptford Recycling Centre,Deptford,London,SE14 5RS,51.48456,-0.04483,MRF,C,,,,,,,,,,,,,,,,,,,,,
106,Recycling facility,5,CD Waste Management,Deptford Recycling Centre,Deptford,London,SE14 5RS,51.48456,-0.04483,MRF,C,,,,,,,,,,,,,,,,,,,,,
106,Recycling facility,5,CD Waste Management,Deptford Recycling Centre,Deptford,London,SE14 5RS,51.48456,-0.04483,MRF,C,,,,,,,,,,,,,,,,,,,,,
106,Recycling facility,5,CD Waste Management,Deptford Recycling Centre,Deptford,London,SE14 5RS,51.48456,-0.04483,MRF,C,,,,,,,,,,,,,,,,,,,,,
106,Recycling facility,5,CD Waste Management,Deptford Recycling Centre,Deptford,London,SE14 5RS,51.48456,-0.04483,MRF,C,,,,,,,,,,,,,,,,,,,,,
108,Charity,1,Centre for Youth Community,CYCD,Luton,Bedfordshire,LU4 8HZ,51.88708,-0.43009,Reuse ,A,,,,,,,,,,,,,,,,,,,,,
108,Charity,1,Centre for Youth Community,CYCD,Luton,Bedfordshire,LU4 8HZ,51.88708,-0.43009,Reuse ,A,,,,,,,,,,,,,,,,,,,,,
108,Charity,1,Centre for Youth Community,CYCD,Luton,Bedfordshire,LU4 8HZ,51.88708,-0.43009,Reuse ,A,,,,,,,,,,,,,,,,,,,,,
111,Charity,1,Chalk CIC,17 Leg Street,Oswestry,Shropshire,SY11 2NL,52.8602402,-3.0537272,Reuse ,A,,,,,,,,,,,,,,,,,,,,,
111,Charity,1,Chalk CIC,17 Leg Street,Oswestry,Shropshire,SY11 2NL,52.8602402,-3.0537272,Reuse ,A,,,,,,,,,,,,,,,,,,,,,
111,Charity,1,Chalk CIC,17 Leg Street,Oswestry,Shropshire,SY11 2NL,52.8602402,-3.0537272,Reuse ,A,,,,,,,,,,,,,,,,,,,,,
112,Charity,1,CHALK Outlet,100 Castle Street,Oswestry,Shropshire,SY11 2EL,52.8573903,-3.0547572,Reuse ,A,,,,,,,,,,,,,,,,,,,,,
112,Charity,1,CHALK Outlet,100 Castle Street,Oswestry,Shropshire,SY11 2EL,52.8573903,-3.0547572,Reuse ,A,,,,,,,,,,,,,,,,,,,,,
112,Charity,1,CHALK Outlet,100 Castle Street,Oswestry,Shropshire,SY11 2EL,52.8573903,-3.0547572,Reuse ,A,,,,,,,,,,,,,,,,,,,,,
113,Charity,1,Changing Livers Warehouse,Unit 2A,Clevedon,Avon ,BS21 6QJ,51.4310088,-2.8613421,Reuse ,A,,,,,,,,,,,,,,,,,,,,,
113,Charity,1,Changing Livers Warehouse,Unit 2A,Clevedon,Avon ,BS21 6QJ,51.4310088,-2.8613421,Reuse ,A,,,,,,,,,,,,,,,,,,,,,
113,Charity,1,Changing Livers Warehouse,Unit 2A,Clevedon,Avon ,BS21 6QJ,51.4310088,-2.8613421,Reuse ,A,,,,,,,,,,,,,,,,,,,,,
114,Charity,1,Changing Lives in Cheshire,Unit 12 Road Two,Crewe,Cheshire,CW7 3QL,53.1955925,-2.4979658,Reuse ,A,,,,,,,,,,,,,,,,,,,,,
114,Charity,1,Changing Lives in Cheshire,Unit 12 Road Two,Crewe,Cheshire,CW7 3QL,53.1955925,-2.4979658,Reuse ,A,,,,,,,,,,,,,,,,,,,,,
114,Charity,1,Changing Lives in Cheshire,Unit 12 Road Two,Crewe,Cheshire,CW7 3QL,53.1955925,-2.4979658,Reuse ,A,,,,,,,,,,,,,,,,,,,,,
115,Charity,1,changing Lives in Clevedon,9-10 Clevedon Triangle Centre,Clevedon,Avon ,BS21 6HX,51.4353101,-2.8522878,Reuse ,A,,,,,,,,,,,,,,,,,,,,,
115,Charity,1,changing Lives in Clevedon,9-10 Clevedon Triangle Centre,Clevedon,Avon ,BS21 6HX,51.4353101,-2.8522878,Reuse ,A,,,,,,,,,,,,,,,,,,,,,
115,Charity,1,changing Lives in Clevedon,9-10 Clevedon Triangle Centre,Clevedon,Avon ,BS21 6HX,51.4353101,-2.8522878,Reuse ,A,,,,,,,,,,,,,,,,,,,,,
116,Charity,1,changing Lives in Nailsea,10 Clevedon Walk,Nailsea,North Somerset,BS48 1RS,51.4337394,-2.759011,Reuse ,A,,,,,,,,,,,,,,,,,,,,,
116,Charity,1,changing Lives in Nailsea,10 Clevedon Walk,Nailsea,North Somerset,BS48 1RS,51.4337394,-2.759011,Reuse ,A,,,,,,,,,,,,,,,,,,,,,
116,Charity,1,changing Lives in Nailsea,10 Clevedon Walk,Nailsea,North Somerset,BS48 1RS,51.4337394,-2.759011,Reuse ,A,,,,,,,,,,,,,,,,,,,,,
117,Charity,1,Changing Lives in Warrington,Unit H2,Warrington,Cheshire,WA1 2QQ,53.3908959,-2.5899075,Reuse ,A,,,,,,,,,,,,,,,,,,,,,
117,Charity,1,Changing Lives in Warrington,Unit H2,Warrington,Cheshire,WA1 2QQ,53.3908959,-2.5899075,Reuse ,A,,,,,,,,,,,,,,,,,,,,,
117,Charity,1,Changing Lives in Warrington,Unit H2,Warrington,Cheshire,WA1 2QQ,53.3908959,-2.5899075,Reuse ,A,,,,,,,,,,,,,,,,,,,,,
118,Charity,1,Cheltenham Stop (Emmaus Gloucestershire),18 Henrietta Street,Cheltenham,Gloucestershire,GL50 4AA,51.9035354,-2.0770609,Reuse ,A,,,,,,,,,,,,,,,,,,,,,
118,Charity,1,Cheltenham Stop (Emmaus Gloucestershire),18 Henrietta Street,Cheltenham,Gloucestershire,GL50 4AA,51.9035354,-2.0770609,Reuse ,A,,,,,,,,,,,,,,,,,,,,,
118,Charity,1,Cheltenham Stop (Emmaus Gloucestershire),18 Henrietta Street,Cheltenham,Gloucestershire,GL50 4AA,51.9035354,-2.0770609,Reuse ,A,,,,,,,,,,,,,,,,,,,,,
120,Charity,1,Circulate Furniture Recycling,Unit 14,Blaenavon,Monmouthshire,NP4 9RL,51.7752929,-3.0958761,Reuse ,A,,,,,,,,,,,,,,,,,,,,,
120,Charity,1,Circulate Furniture Recycling,Unit 14,Blaenavon,Monmouthshire,NP4 9RL,51.7752929,-3.0958761,Reuse ,A,,,,,,,,,,,,,,,,,,,,,
120,Charity,1,Circulate Furniture Recycling,Unit 14,Blaenavon,Monmouthshire,NP4 9RL,51.7752929,-3.0958761,Reuse ,A,,,,,,,,,,,,,,,,,,,,,
121,Reprocessor,8,City Demoltion,Blews Street,Aston,West Midlands,B6 4EP,52.49177,-1.89296,Reprocessor,B,,,,,,,,,,,,,,,,,,,,,
121,Reprocessor,8,City Demoltion,Blews Street,Aston,West Midlands,B6 4EP,52.49177,-1.89296,Reprocessor,B,,,,,,,,,,,,,,,,,,,,,
121,Reprocessor,8,City Demoltion,Blews Street,Aston,West Midlands,B6 4EP,52.49177,-1.89296,Reprocessor,B,,,,,,,,,,,,,,,,,,,,,
121,Reprocessor,8,City Demoltion,Blews Street,Aston,West Midlands,B6 4EP,52.49177,-1.89296,Reprocessor,B,,,,,,,,,,,,,,,,,,,,,
121,Reprocessor,8,City Demoltion,Blews Street,Aston,West Midlands,B6 4EP,52.49177,-1.89296,Reprocessor,B,,,,,,,,,,,,,,,,,,,,,
121,Reprocessor,8,City Demoltion,Blews Street,Aston,West Midlands,B6 4EP,52.49177,-1.89296,Reprocessor,B,,,,,,,,,,,,,,,,,,,,,
122,Recycling facility,5,City Scrap,7 Dale Street,Lincoln ,Lincolnshire,LN5 8LL,53.22394,-0.52117,MRF,C,,,,,,,,,,,,,,,,,,,,,
122,Recycling facility,5,City Scrap,7 Dale Street,Lincoln ,Lincolnshire,LN5 8LL,53.22394,-0.52117,MRF,C,,,,,,,,,,,,,,,,,,,,,
122,Recycling facility,5,City Scrap,7 Dale Street,Lincoln ,Lincolnshire,LN5 8LL,53.22394,-0.52117,MRF,C,,,,,,,,,,,,,,,,,,,,,
122,Recycling facility,5,City Scrap,7 Dale Street,Lincoln ,Lincolnshire,LN5 8LL,53.22394,-0.52117,MRF,C,,,,,,,,,,,,,,,,,,,,,
122,Recycling facility,5,City Scrap,7 Dale Street,Lincoln ,Lincolnshire,LN5 8LL,53.22394,-0.52117,MRF,C,,,,,,,,,,,,,,,,,,,,,
122,Recycling facility,5,City Scrap,7 Dale Street,Lincoln ,Lincolnshire,LN5 8LL,53.22394,-0.52117,MRF,C,,,,,,,,,,,,,,,,,,,,,
122,Recycling facility,5,City Scrap,7 Dale Street,Lincoln ,Lincolnshire,LN5 8LL,53.22394,-0.52117,MRF,C,,,,,,,,,,,,,,,,,,,,,
123,Recycling facility,5,City Services,City Demolition Services Ltd,Grays,Essex,RM17 5XR,51.48171,0.30813,MRF,C,,,,,,,,,,,,,,,,,,,,,
123,Recycling facility,5,City Services,City Demolition Services Ltd,Grays,Essex,RM17 5XR,51.48171,0.30813,MRF,C,,,,,,,,,,,,,,,,,,,,,
123,Recycling facility,5,City Services,City Demolition Services Ltd,Grays,Essex,RM17 5XR,51.48171,0.30813,MRF,C,,,,,,,,,,,,,,,,,,,,,
123,Recycling facility,5,City Services,City Demolition Services Ltd,Grays,Essex,RM17 5XR,51.48171,0.30813,MRF,C,,,,,,,,,,,,,,,,,,,,,
123,Recycling facility,5,City Services,City Demolition Services Ltd,Grays,Essex,RM17 5XR,51.48171,0.30813,MRF,C,,,,,,,,,,,,,,,,,,,,,
123,Recycling facility,5,City Services,City Demolition Services Ltd,Grays,Essex,RM17 5XR,51.48171,0.30813,MRF,C,,,,,,,,,,,,,,,,,,,,,
123,Recycling facility,5,City Services,City Demolition Services Ltd,Grays,Essex,RM17 5XR,51.48171,0.30813,MRF,C,,,,,,,,,,,,,,,,,,,,,
124,Recycling facility,5,City Waste London,Unit 3-4 Roffey Hall Farm,Harlow,London,CM17 0NS,51.76253,0.17138,MRF,C,,,,,,,,,,,,,,,,,,,,,
124,Recycling facility,5,City Waste London,Unit 3-4 Roffey Hall Farm,Harlow,London,CM17 0NS,51.76253,0.17138,MRF,C,,,,,,,,,,,,,,,,,,,,,
124,Recycling facility,5,City Waste London,Unit 3-4 Roffey Hall Farm,Harlow,London,CM17 0NS,51.76253,0.17138,MRF,C,,,,,,,,,,,,,,,,,,,,,
124,Recycling facility,5,City Waste London,Unit 3-4 Roffey Hall Farm,Harlow,London,CM17 0NS,51.76253,0.17138,MRF,C,,,,,,,,,,,,,,,,,,,,,
124,Recycling facility,5,City Waste London,Unit 3-4 Roffey Hall Farm,Harlow,London,CM17 0NS,51.76253,0.17138,MRF,C,,,,,,,,,,,,,,,,,,,,,
124,Recycling facility,5,City Waste London,Unit 3-4 Roffey Hall Farm,Harlow,London,CM17 0NS,51.76253,0.17138,MRF,C,,,,,,,,,,,,,,,,,,,,,
124,Recycling facility,5,City Waste London,Unit 3-4 Roffey Hall Farm,Harlow,London,CM17 0NS,51.76253,0.17138,MRF,C,,,,,,,,,,,,,,,,,,,,,
132,Manufacturer,7,Clews Recycling,Unit 17 Hunters Lane,Rugby,Warwickshire,CV21 1EA,52.38191,-1.26137,MRF,C,,,,,,,,,,,,,,,,,,,,,
132,Manufacturer,7,Clews Recycling,Unit 17 Hunters Lane,Rugby,Warwickshire,CV21 1EA,52.38191,-1.26137,MRF,C,,,,,,,,,,,,,,,,,,,,,
132,Manufacturer,7,Clews Recycling,Unit 17 Hunters Lane,Rugby,Warwickshire,CV21 1EA,52.38191,-1.26137,MRF,C,,,,,,,,,,,,,,,,,,,,,
134,Charity,1,Clifton Road Youth Centre,Clifton Road,Sutton Coldfield,West Midlands,B73 6EB,52.56276,-1.83005,Reuse ,A,,,,,,,,,,,,,,,,,,,,,
134,Charity,1,Clifton Road Youth Centre,Clifton Road,Sutton Coldfield,West Midlands,B73 6EB,52.56276,-1.83005,Reuse ,A,,,,,,,,,,,,,,,,,,,,,
134,Charity,1,Clifton Road Youth Centre,Clifton Road,Sutton Coldfield,West Midlands,B73 6EB,52.56276,-1.83005,Reuse ,A,,,,,,,,,,,,,,,,,,,,,
138,Charity,1,Colchester Furniture Project,Unit 2,Colchester,Essex,CO2 7EA,51.8871341,0.9038181,Reuse ,A,,,,,,,,,,,,,,,,,,,,,
138,Charity,1,Colchester Furniture Project,Unit 2,Colchester,Essex,CO2 7EA,51.8871341,0.9038181,Reuse ,A,,,,,,,,,,,,,,,,,,,,,
138,Charity,1,Colchester Furniture Project,Unit 2,Colchester,Essex,CO2 7EA,51.8871341,0.9038181,Reuse ,A,,,,,,,,,,,,,,,,,,,,,
141,Reprocessor,8,Colnbrook Landfill,Sutton Lane,Slough,Berkshire,SL3 8AB,51.4902764,-0.5347182,Reprocessor,B,,,,,,,,,,,,,,,,,,,,,
141,Reprocessor,8,Colnbrook Landfill,Sutton Lane,Slough,Berkshire,SL3 8AB,51.4902764,-0.5347182,Reprocessor,B,,,,,,,,,,,,,,,,,,,,,
141,Reprocessor,8,Colnbrook Landfill,Sutton Lane,Slough,Berkshire,SL3 8AB,51.4902764,-0.5347182,Reprocessor,B,,,,,,,,,,,,,,,,,,,,,
141,Reprocessor,8,Colnbrook Landfill,Sutton Lane,Slough,Berkshire,SL3 8AB,51.4902764,-0.5347182,Reprocessor,B,,,,,,,,,,,,,,,,,,,,,
141,Reprocessor,8,Colnbrook Landfill,Sutton Lane,Slough,Berkshire,SL3 8AB,51.4902764,-0.5347182,Reprocessor,B,,,,,,,,,,,,,,,,,,,,,
141,Reprocessor,8,Colnbrook Landfill,Sutton Lane,Slough,Berkshire,SL3 8AB,51.4902764,-0.5347182,Reprocessor,B,,,,,,,,,,,,,,,,,,,,,
142,Other,6,Commercial Waste- Birmingham,Montague Street,Birmingham City,West Midlands,B9 4BA,52.48047,-1.8796,Reuse ,A,,,,,,,,,,,,,,,,,,,,,
142,Other,6,Commercial Waste- Birmingham,Montague Street,Birmingham City,West Midlands,B9 4BA,52.48047,-1.8796,Reuse ,A,,,,,,,,,,,,,,,,,,,,,
143,Charity,1,community Furniture Project (Basingstoke),6 Joule Road,Basingstoke,Berkshire,RG21 6XH,51.2737929,-1.1008896,Reuse ,A,,,,,,,,,,,,,,,,,,,,,
143,Charity,1,community Furniture Project (Basingstoke),6 Joule Road,Basingstoke,Berkshire,RG21 6XH,51.2737929,-1.1008896,Reuse ,A,,,,,,,,,,,,,,,,,,,,,
143,Charity,1,community Furniture Project (Basingstoke),6 Joule Road,Basingstoke,Berkshire,RG21 6XH,51.2737929,-1.1008896,Reuse ,A,,,,,,,,,,,,,,,,,,,,,
144,Charity,1,Community Furniture Project (Newbury),Unit F,Newbury,Berkshire,RG14 5SS,51.3996324,-1.3116194,Reuse ,A,,,,,,,,,,,,,,,,,,,,,
144,Charity,1,Community Furniture Project (Newbury),Unit F,Newbury,Berkshire,RG14 5SS,51.3996324,-1.3116194,Reuse ,A,,,,,,,,,,,,,,,,,,,,,
144,Charity,1,Community Furniture Project (Newbury),Unit F,Newbury,Berkshire,RG14 5SS,51.3996324,-1.3116194,Reuse ,A,,,,,,,,,,,,,,,,,,,,,
145,Charity,1,Community Furniture Shop (TREE),24 High Street,Clacton,Essex,CO15 1NR,51.7899071,1.1544876,Reuse ,A,,,,,,,,,,,,,,,,,,,,,
145,Charity,1,Community Furniture Shop (TREE),24 High Street,Clacton,Essex,CO15 1NR,51.7899071,1.1544876,Reuse ,A,,,,,,,,,,,,,,,,,,,,,
145,Charity,1,Community Furniture Shop (TREE),24 High Street,Clacton,Essex,CO15 1NR,51.7899071,1.1544876,Reuse ,A,,,,,,,,,,,,,,,,,,,,,
146,Charity,1,Community Furniture Store (Ryedale),Unit 5,Scarborough,North Yorkshire,YO12 4EH,54.2720061,-0.4172758,Reuse ,A,,,,,,,,,,,,,,,,,,,,,
146,Charity,1,Community Furniture Store (Ryedale),Unit 5,Scarborough,North Yorkshire,YO12 4EH,54.2720061,-0.4172758,Reuse ,A,,,,,,,,,,,,,,,,,,,,,
146,Charity,1,Community Furniture Store (Ryedale),Unit 5,Scarborough,North Yorkshire,YO12 4EH,54.2720061,-0.4172758,Reuse ,A,,,,,,,,,,,,,,,,,,,,,
147,Charity,1,Community Furniture Store (York),Unit 29,York,North Yorkshire,YO10 3DW,53.95677,-1.06616,Reuse ,A,,,,,,,,,,,,,,,,,,,,,
147,Charity,1,Community Furniture Store (York),Unit 29,York,North Yorkshire,YO10 3DW,53.95677,-1.06616,Reuse ,A,,,,,,,,,,,,,,,,,,,,,
147,Charity,1,Community Furniture Store (York),Unit 29,York,North Yorkshire,YO10 3DW,53.95677,-1.06616,Reuse ,A,,,,,,,,,,,,,,,,,,,,,
148,Charity,1,Community Furniture Warehouse (TREE),8 Hoffmans Way,Chelmsford,Essex,CM1 1GH,51.7348,0.47542,Reuse ,A,,,,,,,,,,,,,,,,,,,,,
148,Charity,1,Community Furniture Warehouse (TREE),8 Hoffmans Way,Chelmsford,Essex,CM1 1GH,51.7348,0.47542,Reuse ,A,,,,,,,,,,,,,,,,,,,,,
148,Charity,1,Community Furniture Warehouse (TREE),8 Hoffmans Way,Chelmsford,Essex,CM1 1GH,51.7348,0.47542,Reuse ,A,,,,,,,,,,,,,,,,,,,,,
149,Charity,1,Community Sustainability Services,The Old St Peters Church Hall,Sunderland,Tyne and Wear,SR3 4JW,54.88308,-1.43485,Reuse ,A,,,,,,,,,,,,,,,,,,,,,
149,Charity,1,Community Sustainability Services,The Old St Peters Church Hall,Sunderland,Tyne and Wear,SR3 4JW,54.88308,-1.43485,Reuse ,A,,,,,,,,,,,,,,,,,,,,,
149,Charity,1,Community Sustainability Services,The Old St Peters Church Hall,Sunderland,Tyne and Wear,SR3 4JW,54.88308,-1.43485,Reuse ,A,,,,,,,,,,,,,,,,,,,,,
150,Charity,1,Community Sustainability Services (CSS),Unit 13c,Sunderland,Tyne and Wear,SR5 3TX,54.92178,-1.41371,Reuse ,A,,,,,,,,,,,,,,,,,,,,,
150,Charity,1,Community Sustainability Services (CSS),Unit 13c,Sunderland,Tyne and Wear,SR5 3TX,54.92178,-1.41371,Reuse ,A,,,,,,,,,,,,,,,,,,,,,
150,Charity,1,Community Sustainability Services (CSS),Unit 13c,Sunderland,Tyne and Wear,SR5 3TX,54.92178,-1.41371,Reuse ,A,,,,,,,,,,,,,,,,,,,,,
151,Charity,1,Community Sustainability Services*,24 Holmeside,Sunderland,Tyne and Wear,SR1 3JE,54.9045271,-1.3836267,Reuse ,A,,,,,,,,,,,,,,,,,,,,,
151,Charity,1,Community Sustainability Services*,24 Holmeside,Sunderland,Tyne and Wear,SR1 3JE,54.9045271,-1.3836267,Reuse ,A,,,,,,,,,,,,,,,,,,,,,
151,Charity,1,Community Sustainability Services*,24 Holmeside,Sunderland,Tyne and Wear,SR1 3JE,54.9045271,-1.3836267,Reuse ,A,,,,,,,,,,,,,,,,,,,,,
152,Charity,1,Communityu Furniture Store (Selby),Unit 2,Selby,North Yorkshire,YO8 8NB,53.7698715,-1.0654993,Reuse ,A,,,,,,,,,,,,,,,,,,,,,
152,Charity,1,Communityu Furniture Store (Selby),Unit 2,Selby,North Yorkshire,YO8 8NB,53.7698715,-1.0654993,Reuse ,A,,,,,,,,,,,,,,,,,,,,,
152,Charity,1,Communityu Furniture Store (Selby),Unit 2,Selby,North Yorkshire,YO8 8NB,53.7698715,-1.0654993,Reuse ,A,,,,,,,,,,,,,,,,,,,,,
153,Charity,1,Concord Youth Centre,Claremont Road,Birmingham City,West Midlands,B11 1LF,52.46383,-1.87421,Reuse ,A,,,,,,,,,,,,,,,,,,,,,
153,Charity,1,Concord Youth Centre,Claremont Road,Birmingham City,West Midlands,B11 1LF,52.46383,-1.87421,Reuse ,A,,,,,,,,,,,,,,,,,,,,,
153,Charity,1,Concord Youth Centre,Claremont Road,Birmingham City,West Midlands,B11 1LF,52.46383,-1.87421,Reuse ,A,,,,,,,,,,,,,,,,,,,,,
156,Other,6,Country Style,Ashford Road,Maidstone,Kent,ME17 2DL,51.2359377,0.7295928,Reuse ,A,,,,,,,,,,,,,,,,,,,,,
156,Other,6,Country Style,Ashford Road,Maidstone,Kent,ME17 2DL,51.2359377,0.7295928,Reuse ,A,,,,,,,,,,,,,,,,,,,,,
159,Charity,1,Coventry City Mission,Deedmore Christian Centre,Coventry,West Midlands,CV2 2AA,52.4397058,-1.4581602,Reuse ,A,,,,,,,,,,,,,,,,,,,,,
159,Charity,1,Coventry City Mission,Deedmore Christian Centre,Coventry,West Midlands,CV2 2AA,52.4397058,-1.4581602,Reuse ,A,,,,,,,,,,,,,,,,,,,,,
159,Charity,1,Coventry City Mission,Deedmore Christian Centre,Coventry,West Midlands,CV2 2AA,52.4397058,-1.4581602,Reuse ,A,,,,,,,,,,,,,,,,,,,,,
162,Charity,1,CRAFT Ceredigion Recycling and Furniture Team,,Aberystwyth,Mid Wales,SY23 1LH,52.4139545,-4.0818304,Reuse ,A,,,,,,,,,,,,,,,,,,,,,
162,Charity,1,CRAFT Ceredigion Recycling and Furniture Team,,Aberystwyth,Mid Wales,SY23 1LH,52.4139545,-4.0818304,Reuse ,A,,,,,,,,,,,,,,,,,,,,,
162,Charity,1,CRAFT Ceredigion Recycling and Furniture Team,,Aberystwyth,Mid Wales,SY23 1LH,52.4139545,-4.0818304,Reuse ,A,,,,,,,,,,,,,,,,,,,,,
163,Reprocessor,8,Crayford Marshes Landfill,Crayford Marshes Landfill Site,Dartford,Kent,DA8 2NE,51.4639846,0.1974792,Reprocessor,B,,,,,,,,,,,,,,,,,,,,,
163,Reprocessor,8,Crayford Marshes Landfill,Crayford Marshes Landfill Site,Dartford,Kent,DA8 2NE,51.4639846,0.1974792,Reprocessor,B,,,,,,,,,,,,,,,,,,,,,
163,Reprocessor,8,Crayford Marshes Landfill,Crayford Marshes Landfill Site,Dartford,Kent,DA8 2NE,51.4639846,0.1974792,Reprocessor,B,,,,,,,,,,,,,,,,,,,,,
163,Reprocessor,8,Crayford Marshes Landfill,Crayford Marshes Landfill Site,Dartford,Kent,DA8 2NE,51.4639846,0.1974792,Reprocessor,B,,,,,,,,,,,,,,,,,,,,,
163,Reprocessor,8,Crayford Marshes Landfill,Crayford Marshes Landfill Site,Dartford,Kent,DA8 2NE,51.4639846,0.1974792,Reprocessor,B,,,,,,,,,,,,,,,,,,,,,
163,Reprocessor,8,Crayford Marshes Landfill,Crayford Marshes Landfill Site,Dartford,Kent,DA8 2NE,51.4639846,0.1974792,Reprocessor,B,,,,,,,,,,,,,,,,,,,,,
165,Charity,1,Creative Concepts,Unit 13,Crewe,Cheshire,CW7 1BA,53.1917348,-2.5275107,Reuse ,A,,,,,,,,,,,,,,,,,,,,,
165,Charity,1,Creative Concepts,Unit 13,Crewe,Cheshire,CW7 1BA,53.1917348,-2.5275107,Reuse ,A,,,,,,,,,,,,,,,,,,,,,
165,Charity,1,Creative Concepts,Unit 13,Crewe,Cheshire,CW7 1BA,53.1917348,-2.5275107,Reuse ,A,,,,,,,,,,,,,,,,,,,,,
167,Charity,1,Crest Community Store,,Colwyn,Clwyd,LL29 7PE,53.2935466,-3.7251981,Reuse ,A,,,,,,,,,,,,,,,,,,,,,
167,Charity,1,Crest Community Store,,Colwyn,Clwyd,LL29 7PE,53.2935466,-3.7251981,Reuse ,A,,,,,,,,,,,,,,,,,,,,,
167,Charity,1,Crest Community Store,,Colwyn,Clwyd,LL29 7PE,53.2935466,-3.7251981,Reuse ,A,,,,,,,,,,,,,,,,,,,,,
168,Charity,1,Crest Community Store*,Brierley House,Conwy,Flintshire,LL31 9SF,53.2855835,-3.817047,Reuse ,A,,,,,,,,,,,,,,,,,,,,,
168,Charity,1,Crest Community Store*,Brierley House,Conwy,Flintshire,LL31 9SF,53.2855835,-3.817047,Reuse ,A,,,,,,,,,,,,,,,,,,,,,
168,Charity,1,Crest Community Store*,Brierley House,Conwy,Flintshire,LL31 9SF,53.2855835,-3.817047,Reuse ,A,,,,,,,,,,,,,,,,,,,,,
170,Charity,1,Croydon Churches Floating Shelter,,Croydon,London,CR7 8JL,51.40632,-0.09838,Reuse ,A,,,,,,,,,,,,,,,,,,,,,
170,Charity,1,Croydon Churches Floating Shelter,,Croydon,London,CR7 8JL,51.40632,-0.09838,Reuse ,A,,,,,,,,,,,,,,,,,,,,,
170,Charity,1,Croydon Churches Floating Shelter,,Croydon,London,CR7 8JL,51.40632,-0.09838,Reuse ,A,,,,,,,,,,,,,,,,,,,,,
172,Charity,1,CSP Youth Centre,Tithe Barn,Gerards Cross,Buckinghamshire,SL9 9TR,51.60804,-0.5532,Reuse ,A,,,,,,,,,,,,,,,,,,,,,
172,Charity,1,CSP Youth Centre,Tithe Barn,Gerards Cross,Buckinghamshire,SL9 9TR,51.60804,-0.5532,Reuse ,A,,,,,,,,,,,,,,,,,,,,,
172,Charity,1,CSP Youth Centre,Tithe Barn,Gerards Cross,Buckinghamshire,SL9 9TR,51.60804,-0.5532,Reuse ,A,,,,,,,,,,,,,,,,,,,,,
174,Charity,1,Cunninghame Furniture Recycling Company,Unit 68,Irvine,Ayrshire,KA12 8LT,55.6057364,-4.6716039,Reuse ,A,,,,,,,,,,,,,,,,,,,,,
174,Charity,1,Cunninghame Furniture Recycling Company,Unit 68,Irvine,Ayrshire,KA12 8LT,55.6057364,-4.6716039,Reuse ,A,,,,,,,,,,,,,,,,,,,,,
174,Charity,1,Cunninghame Furniture Recycling Company,Unit 68,Irvine,Ayrshire,KA12 8LT,55.6057364,-4.6716039,Reuse ,A,,,,,,,,,,,,,,,,,,,,,
175,Recycling facility,5,Cwik Skip,Templar Avenue,Coventry,West Midlands,CV4 9AP,52.39798,-1.57109,MRF,C,,,,,,,,,,,,,,,,,,,,,
175,Recycling facility,5,Cwik Skip,Templar Avenue,Coventry,West Midlands,CV4 9AP,52.39798,-1.57109,MRF,C,,,,,,,,,,,,,,,,,,,,,
175,Recycling facility,5,Cwik Skip,Templar Avenue,Coventry,West Midlands,CV4 9AP,52.39798,-1.57109,MRF,C,,,,,,,,,,,,,,,,,,,,,
175,Recycling facility,5,Cwik Skip,Templar Avenue,Coventry,West Midlands,CV4 9AP,52.39798,-1.57109,MRF,C,,,,,,,,,,,,,,,,,,,,,
175,Recycling facility,5,Cwik Skip,Templar Avenue,Coventry,West Midlands,CV4 9AP,52.39798,-1.57109,MRF,C,,,,,,,,,,,,,,,,,,,,,
175,Recycling facility,5,Cwik Skip,Templar Avenue,Coventry,West Midlands,CV4 9AP,52.39798,-1.57109,MRF,C,,,,,,,,,,,,,,,,,,,,,
175,Recycling facility,5,Cwik Skip,Templar Avenue,Coventry,West Midlands,CV4 9AP,52.39798,-1.57109,MRF,C,,,,,,,,,,,,,,,,,,,,,
177,Recycling facility,5,D.A.D.S,161-163 Longford Road,Cannock,Staffordshire,WS11 0LF,52.68152,-2.0375,MRF,C,,,,,,,,,,,,,,,,,,,,,
177,Recycling facility,5,D.A.D.S,161-163 Longford Road,Cannock,Staffordshire,WS11 0LF,52.68152,-2.0375,MRF,C,,,,,,,,,,,,,,,,,,,,,
177,Recycling facility,5,D.A.D.S,161-163 Longford Road,Cannock,Staffordshire,WS11 0LF,52.68152,-2.0375,MRF,C,,,,,,,,,,,,,,,,,,,,,
177,Recycling facility,5,D.A.D.S,161-163 Longford Road,Cannock,Staffordshire,WS11 0LF,52.68152,-2.0375,MRF,C,,,,,,,,,,,,,,,,,,,,,
177,Recycling facility,5,D.A.D.S,161-163 Longford Road,Cannock,Staffordshire,WS11 0LF,52.68152,-2.0375,MRF,C,,,,,,,,,,,,,,,,,,,,,
177,Recycling facility,5,D.A.D.S,161-163 Longford Road,Cannock,Staffordshire,WS11 0LF,52.68152,-2.0375,MRF,C,,,,,,,,,,,,,,,,,,,,,
177,Recycling facility,5,D.A.D.S,161-163 Longford Road,Cannock,Staffordshire,WS11 0LF,52.68152,-2.0375,MRF,C,,,,,,,,,,,,,,,,,,,,,
179,Charity,1,Damilola Tayor Community Centre,Damilola Taylor Trust,Woolwich,London,SE18 3SB,51.47088,0.06136,Reuse ,A,,,,,,,,,,,,,,,,,,,,,
179,Charity,1,Damilola Tayor Community Centre,Damilola Taylor Trust,Woolwich,London,SE18 3SB,51.47088,0.06136,Reuse ,A,,,,,,,,,,,,,,,,,,,,,
179,Charity,1,Damilola Tayor Community Centre,Damilola Taylor Trust,Woolwich,London,SE18 3SB,51.47088,0.06136,Reuse ,A,,,,,,,,,,,,,,,,,,,,,
180,Charity,1,Daventry Contact,Units 1&2 South March,Daventry,Northamptonshire,NN11 4PH,52.2497729,-1.1530871,Reuse ,A,,,,,,,,,,,,,,,,,,,,,
180,Charity,1,Daventry Contact,Units 1&2 South March,Daventry,Northamptonshire,NN11 4PH,52.2497729,-1.1530871,Reuse ,A,,,,,,,,,,,,,,,,,,,,,
180,Charity,1,Daventry Contact,Units 1&2 South March,Daventry,Northamptonshire,NN11 4PH,52.2497729,-1.1530871,Reuse ,A,,,,,,,,,,,,,,,,,,,,,
181,Recycling facility,5,DENS,Dens Retail,Hemel Hempstead,Hertfordshire,HP2 4TF,51.7496145,-0.4685114,MRF,C,,,,,,,,,,,,,,,,,,,,,
181,Recycling facility,5,DENS,Dens Retail,Hemel Hempstead,Hertfordshire,HP2 4TF,51.7496145,-0.4685114,MRF,C,,,,,,,,,,,,,,,,,,,,,
181,Recycling facility,5,DENS,Dens Retail,Hemel Hempstead,Hertfordshire,HP2 4TF,51.7496145,-0.4685114,MRF,C,,,,,,,,,,,,,,,,,,,,,
181,Recycling facility,5,DENS,Dens Retail,Hemel Hempstead,Hertfordshire,HP2 4TF,51.7496145,-0.4685114,MRF,C,,,,,,,,,,,,,,,,,,,,,
181,Recycling facility,5,DENS,Dens Retail,Hemel Hempstead,Hertfordshire,HP2 4TF,51.7496145,-0.4685114,MRF,C,,,,,,,,,,,,,,,,,,,,,
181,Recycling facility,5,DENS,Dens Retail,Hemel Hempstead,Hertfordshire,HP2 4TF,51.7496145,-0.4685114,MRF,C,,,,,,,,,,,,,,,,,,,,,
181,Recycling facility,5,DENS,Dens Retail,Hemel Hempstead,Hertfordshire,HP2 4TF,51.7496145,-0.4685114,MRF,C,,,,,,,,,,,,,,,,,,,,,
184,Manufacturer,7,Desso Ltd,9 Hitching Court,Abingdon,Oxfordshire,OX14 1RB,51.67227,-1.30121,MRF,C,,,,,,,,,,,,,,,,,,,,,
184,Manufacturer,7,Desso Ltd,9 Hitching Court,Abingdon,Oxfordshire,OX14 1RB,51.67227,-1.30121,MRF,C,,,,,,,,,,,,,,,,,,,,,
184,Manufacturer,7,Desso Ltd,9 Hitching Court,Abingdon,Oxfordshire,OX14 1RB,51.67227,-1.30121,MRF,C,,,,,,,,,,,,,,,,,,,,,
186,Recycling facility,5,Direct 365,Oasis Business Park,Skelmersdale,Lancashire,WN8 9RD,53.53021,-2.74193,MRF,C,,,,,,,,,,,,,,,,,,,,,
186,Recycling facility,5,Direct 365,Oasis Business Park,Skelmersdale,Lancashire,WN8 9RD,53.53021,-2.74193,MRF,C,,,,,,,,,,,,,,,,,,,,,
186,Recycling facility,5,Direct 365,Oasis Business Park,Skelmersdale,Lancashire,WN8 9RD,53.53021,-2.74193,MRF,C,,,,,,,,,,,,,,,,,,,,,
186,Recycling facility,5,Direct 365,Oasis Business Park,Skelmersdale,Lancashire,WN8 9RD,53.53021,-2.74193,MRF,C,,,,,,,,,,,,,,,,,,,,,
186,Recycling facility,5,Direct 365,Oasis Business Park,Skelmersdale,Lancashire,WN8 9RD,53.53021,-2.74193,MRF,C,,,,,,,,,,,,,,,,,,,,,
186,Recycling facility,5,Direct 365,Oasis Business Park,Skelmersdale,Lancashire,WN8 9RD,53.53021,-2.74193,MRF,C,,,,,,,,,,,,,,,,,,,,,
186,Recycling facility,5,Direct 365,Oasis Business Park,Skelmersdale,Lancashire,WN8 9RD,53.53021,-2.74193,MRF,C,,,,,,,,,,,,,,,,,,,,,
187,Recycling facility,5,DMS Limited,The Old Mill,Surbiton,Surrey,KT4 7PY,51.37521,-0.26382,MRF,C,,,,,,,,,,,,,,,,,,,,,
187,Recycling facility,5,DMS Limited,The Old Mill,Surbiton,Surrey,KT4 7PY,51.37521,-0.26382,MRF,C,,,,,,,,,,,,,,,,,,,,,
187,Recycling facility,5,DMS Limited,The Old Mill,Surbiton,Surrey,KT4 7PY,51.37521,-0.26382,MRF,C,,,,,,,,,,,,,,,,,,,,,
187,Recycling facility,5,DMS Limited,The Old Mill,Surbiton,Surrey,KT4 7PY,51.37521,-0.26382,MRF,C,,,,,,,,,,,,,,,,,,,,,
187,Recycling facility,5,DMS Limited,The Old Mill,Surbiton,Surrey,KT4 7PY,51.37521,-0.26382,MRF,C,,,,,,,,,,,,,,,,,,,,,
187,Recycling facility,5,DMS Limited,The Old Mill,Surbiton,Surrey,KT4 7PY,51.37521,-0.26382,MRF,C,,,,,,,,,,,,,,,,,,,,,
187,Recycling facility,5,DMS Limited,The Old Mill,Surbiton,Surrey,KT4 7PY,51.37521,-0.26382,MRF,C,,,,,,,,,,,,,,,,,,,,,
189,Charity,1,Doncaster Refurnish,Wet Moor Lane,Rotherham,South Yorkshire,S63 6DF,53.50582,-1.35455,Reuse ,A,,,,,,,,,,,,,,,,,,,,,
189,Charity,1,Doncaster Refurnish,Wet Moor Lane,Rotherham,South Yorkshire,S63 6DF,53.50582,-1.35455,Reuse ,A,,,,,,,,,,,,,,,,,,,,,
189,Charity,1,Doncaster Refurnish,Wet Moor Lane,Rotherham,South Yorkshire,S63 6DF,53.50582,-1.35455,Reuse ,A,,,,,,,,,,,,,,,,,,,,,
190,Charity,1,Doncaster Refurnish*,55-59 Cleveland Street,Doncaster,South Yorkshire,DN1 3DS,53.52111,-1.13412,Reuse ,A,,,,,,,,,,,,,,,,,,,,,
190,Charity,1,Doncaster Refurnish*,55-59 Cleveland Street,Doncaster,South Yorkshire,DN1 3DS,53.52111,-1.13412,Reuse ,A,,,,,,,,,,,,,,,,,,,,,
190,Charity,1,Doncaster Refurnish*,55-59 Cleveland Street,Doncaster,South Yorkshire,DN1 3DS,53.52111,-1.13412,Reuse ,A,,,,,,,,,,,,,,,,,,,,,
191,Charity,1,Doncater Refurnish,Skellow Road,Doncaster,South Yorkshire,DN6 8HQ,53.58155,-1.18084,Reuse ,A,,,,,,,,,,,,,,,,,,,,,
191,Charity,1,Doncater Refurnish,Skellow Road,Doncaster,South Yorkshire,DN6 8HQ,53.58155,-1.18084,Reuse ,A,,,,,,,,,,,,,,,,,,,,,
191,Charity,1,Doncater Refurnish,Skellow Road,Doncaster,South Yorkshire,DN6 8HQ,53.58155,-1.18084,Reuse ,A,,,,,,,,,,,,,,,,,,,,,
192,Charity,1,Dorset Reclaim,85 Stanley Road,Bournemouth,Dorset,BH1 4SD,50.72968,-1.85585,Reuse ,A,,,,,,,,,,,,,,,,,,,,,
192,Charity,1,Dorset Reclaim,85 Stanley Road,Bournemouth,Dorset,BH1 4SD,50.72968,-1.85585,Reuse ,A,,,,,,,,,,,,,,,,,,,,,
192,Charity,1,Dorset Reclaim,85 Stanley Road,Bournemouth,Dorset,BH1 4SD,50.72968,-1.85585,Reuse ,A,,,,,,,,,,,,,,,,,,,,,
193,Charity,1,Dorset Reclaim (1),Poole,Poole,Dorset,BH17 0GD,50.74068,-1.97892,Reuse ,A,,,,,,,,,,,,,,,,,,,,,
193,Charity,1,Dorset Reclaim (1),Poole,Poole,Dorset,BH17 0GD,50.74068,-1.97892,Reuse ,A,,,,,,,,,,,,,,,,,,,,,
193,Charity,1,Dorset Reclaim (1),Poole,Poole,Dorset,BH17 0GD,50.74068,-1.97892,Reuse ,A,,,,,,,,,,,,,,,,,,,,,
194,Charity,1,Dorset Reclaim(2),Unit 5,Dorchester,Dorset,DT1 2PG,50.71634,-2.45036,Reuse ,A,,,,,,,,,,,,,,,,,,,,,
194,Charity,1,Dorset Reclaim(2),Unit 5,Dorchester,Dorset,DT1 2PG,50.71634,-2.45036,Reuse ,A,,,,,,,,,,,,,,,,,,,,,
194,Charity,1,Dorset Reclaim(2),Unit 5,Dorchester,Dorset,DT1 2PG,50.71634,-2.45036,Reuse ,A,,,,,,,,,,,,,,,,,,,,,
211,Charity,1,Emmaus,54-56 London Road,Stroud,Gloucestershire,GL5 2AB,51.7440223,-2.2168886,Reuse ,A,,,,,,,,,,,,,,,,,,,,,
211,Charity,1,Emmaus,54-56 London Road,Stroud,Gloucestershire,GL5 2AB,51.7440223,-2.2168886,Reuse ,A,,,,,,,,,,,,,,,,,,,,,
211,Charity,1,Emmaus,54-56 London Road,Stroud,Gloucestershire,GL5 2AB,51.7440223,-2.2168886,Reuse ,A,,,,,,,,,,,,,,,,,,,,,
212,Charity,1,Emmaus (1),Market Street,Nailsworth,Gloucestershire,GL6 0BX,51.6942165,-2.2190084,Reuse ,A,,,,,,,,,,,,,,,,,,,,,
212,Charity,1,Emmaus (1),Market Street,Nailsworth,Gloucestershire,GL6 0BX,51.6942165,-2.2190084,Reuse ,A,,,,,,,,,,,,,,,,,,,,,
212,Charity,1,Emmaus (1),Market Street,Nailsworth,Gloucestershire,GL6 0BX,51.6942165,-2.2190084,Reuse ,A,,,,,,,,,,,,,,,,,,,,,
213,Charity,1,Emmaus (Bristol),72 Bedminster Parade,Bristol,Avon ,BS3 4HL,51.4438573,-2.5934353,Reuse ,A,,,,,,,,,,,,,,,,,,,,,
213,Charity,1,Emmaus (Bristol),72 Bedminster Parade,Bristol,Avon ,BS3 4HL,51.4438573,-2.5934353,Reuse ,A,,,,,,,,,,,,,,,,,,,,,
213,Charity,1,Emmaus (Bristol),72 Bedminster Parade,Bristol,Avon ,BS3 4HL,51.4438573,-2.5934353,Reuse ,A,,,,,,,,,,,,,,,,,,,,,
214,Charity,1,Emmaus Bolton,Derby Barracks,Bolton,Lancashire,BL3 6NF,53.5721405,-2.4349103,Reuse ,A,,,,,,,,,,,,,,,,,,,,,
214,Charity,1,Emmaus Bolton,Derby Barracks,Bolton,Lancashire,BL3 6NF,53.5721405,-2.4349103,Reuse ,A,,,,,,,,,,,,,,,,,,,,,
214,Charity,1,Emmaus Bolton,Derby Barracks,Bolton,Lancashire,BL3 6NF,53.5721405,-2.4349103,Reuse ,A,,,,,,,,,,,,,,,,,,,,,
215,Charity,1,Emmaus Bootle,Irlam Road,Liverpool,Merseyside,L20 4AE,53.4500789,-3.000151,Reuse ,A,,,,,,,,,,,,,,,,,,,,,
215,Charity,1,Emmaus Bootle,Irlam Road,Liverpool,Merseyside,L20 4AE,53.4500789,-3.000151,Reuse ,A,,,,,,,,,,,,,,,,,,,,,
215,Charity,1,Emmaus Bootle,Irlam Road,Liverpool,Merseyside,L20 4AE,53.4500789,-3.000151,Reuse ,A,,,,,,,,,,,,,,,,,,,,,
216,Charity,1,Emmaus Brighton & Hove,Drove Road,Brighton,West Sussex,BN41 2PA,50.8437852,-0.2206931,Reuse ,A,,,,,,,,,,,,,,,,,,,,,
216,Charity,1,Emmaus Brighton & Hove,Drove Road,Brighton,West Sussex,BN41 2PA,50.8437852,-0.2206931,Reuse ,A,,,,,,,,,,,,,,,,,,,,,
216,Charity,1,Emmaus Brighton & Hove,Drove Road,Brighton,West Sussex,BN41 2PA,50.8437852,-0.2206931,Reuse ,A,,,,,,,,,,,,,,,,,,,,,
217,Charity,1,Emmaus Bristol,Backfields House,Bristol,Avon ,BS2 8Qj,51.4616291,-2.5890309,Reuse ,A,,,,,,,,,,,,,,,,,,,,,
217,Charity,1,Emmaus Bristol,Backfields House,Bristol,Avon ,BS2 8Qj,51.4616291,-2.5890309,Reuse ,A,,,,,,,,,,,,,,,,,,,,,
217,Charity,1,Emmaus Bristol,Backfields House,Bristol,Avon ,BS2 8Qj,51.4616291,-2.5890309,Reuse ,A,,,,,,,,,,,,,,,,,,,,,
218,Charity,1,Emmaus By The Sea,Station Road,Brighton,West Sussex,BN42 4AE,50.832405,-0.2364488,Reuse ,A,,,,,,,,,,,,,,,,,,,,,
218,Charity,1,Emmaus By The Sea,Station Road,Brighton,West Sussex,BN42 4AE,50.832405,-0.2364488,Reuse ,A,,,,,,,,,,,,,,,,,,,,,
218,Charity,1,Emmaus By The Sea,Station Road,Brighton,West Sussex,BN42 4AE,50.832405,-0.2364488,Reuse ,A,,,,,,,,,,,,,,,,,,,,,
219,Charity,1,Emmaus Cambridge,Green End,Cambridge,Cambridgeshire,CB25 9FD,52.269032,0.1620936,Reuse ,A,,,,,,,,,,,,,,,,,,,,,
219,Charity,1,Emmaus Cambridge,Green End,Cambridge,Cambridgeshire,CB25 9FD,52.269032,0.1620936,Reuse ,A,,,,,,,,,,,,,,,,,,,,,
219,Charity,1,Emmaus Cambridge,Green End,Cambridge,Cambridgeshire,CB25 9FD,52.269032,0.1620936,Reuse ,A,,,,,,,,,,,,,,,,,,,,,
220,Charity,1,Emmaus Electrical(Preston),Unit 5,Preston,Lancashire,PR1 1FB,53.7608641,-2.6978198,Reuse ,A,,,,,,,,,,,,,,,,,,,,,
220,Charity,1,Emmaus Electrical(Preston),Unit 5,Preston,Lancashire,PR1 1FB,53.7608641,-2.6978198,Reuse ,A,,,,,,,,,,,,,,,,,,,,,
220,Charity,1,Emmaus Electrical(Preston),Unit 5,Preston,Lancashire,PR1 1FB,53.7608641,-2.6978198,Reuse ,A,,,,,,,,,,,,,,,,,,,,,
221,Charity,1,Emmaus Gloucestershire,Chequers Road,Gloucester,Gloucestershire,GL4 6PN,51.8527775,-2.2265002,Reuse ,A,,,,,,,,,,,,,,,,,,,,,
221,Charity,1,Emmaus Gloucestershire,Chequers Road,Gloucester,Gloucestershire,GL4 6PN,51.8527775,-2.2265002,Reuse ,A,,,,,,,,,,,,,,,,,,,,,
221,Charity,1,Emmaus Gloucestershire,Chequers Road,Gloucester,Gloucestershire,GL4 6PN,51.8527775,-2.2265002,Reuse ,A,,,,,,,,,,,,,,,,,,,,,
222,Charity,1,Emmaus Greenwich,Emmaus Greenwich Charity,West Norwood,London,SE27 0JD,51.4312352,-0.1044985,Reuse ,A,,,,,,,,,,,,,,,,,,,,,
222,Charity,1,Emmaus Greenwich,Emmaus Greenwich Charity,West Norwood,London,SE27 0JD,51.4312352,-0.1044985,Reuse ,A,,,,,,,,,,,,,,,,,,,,,
222,Charity,1,Emmaus Greenwich,Emmaus Greenwich Charity,West Norwood,London,SE27 0JD,51.4312352,-0.1044985,Reuse ,A,,,,,,,,,,,,,,,,,,,,,
223,Charity,1,Emmaus Greenwich Community Shop,332 Lee High Road,Hither Green,London,SE13 5PJ,51.4584248,0.0044169,Reuse ,A,,,,,,,,,,,,,,,,,,,,,
223,Charity,1,Emmaus Greenwich Community Shop,332 Lee High Road,Hither Green,London,SE13 5PJ,51.4584248,0.0044169,Reuse ,A,,,,,,,,,,,,,,,,,,,,,
223,Charity,1,Emmaus Greenwich Community Shop,332 Lee High Road,Hither Green,London,SE13 5PJ,51.4584248,0.0044169,Reuse ,A,,,,,,,,,,,,,,,,,,,,,
224,Charity,1,Emmaus Greenwich:poplar,175-179 E India Dock Rd,Poplar,London,E14 0EA,51.5114048,-0.0137806,Reuse ,A,,,,,,,,,,,,,,,,,,,,,
224,Charity,1,Emmaus Greenwich:poplar,175-179 E India Dock Rd,Poplar,London,E14 0EA,51.5114048,-0.0137806,Reuse ,A,,,,,,,,,,,,,,,,,,,,,
224,Charity,1,Emmaus Greenwich:poplar,175-179 E India Dock Rd,Poplar,London,E14 0EA,51.5114048,-0.0137806,Reuse ,A,,,,,,,,,,,,,,,,,,,,,
225,Charity,1,Emmaus Greenwich:Welling Shop,66-68 Bellegrove Road,Welling,Kent,DA16 3PY,51.4632139,0.1042083,Reuse ,A,,,,,,,,,,,,,,,,,,,,,
225,Charity,1,Emmaus Greenwich:Welling Shop,66-68 Bellegrove Road,Welling,Kent,DA16 3PY,51.4632139,0.1042083,Reuse ,A,,,,,,,,,,,,,,,,,,,,,
225,Charity,1,Emmaus Greenwich:Welling Shop,66-68 Bellegrove Road,Welling,Kent,DA16 3PY,51.4632139,0.1042083,Reuse ,A,,,,,,,,,,,,,,,,,,,,,
226,Charity,1,Emmaus In Cambridge,76-78 Newmarket Road,Cambridge,Cambridgeshire,CB5 8DZ,52.2079837,0.1360462,Reuse ,A,,,,,,,,,,,,,,,,,,,,,
226,Charity,1,Emmaus In Cambridge,76-78 Newmarket Road,Cambridge,Cambridgeshire,CB5 8DZ,52.2079837,0.1360462,Reuse ,A,,,,,,,,,,,,,,,,,,,,,
226,Charity,1,Emmaus In Cambridge,76-78 Newmarket Road,Cambridge,Cambridgeshire,CB5 8DZ,52.2079837,0.1360462,Reuse ,A,,,,,,,,,,,,,,,,,,,,,
227,Charity,1,Emmaus Leeds,St Marys Street,Leeds,West Yorkshire,LS9 6DP,53.8069284,-1.5104574,Reuse ,A,,,,,,,,,,,,,,,,,,,,,
227,Charity,1,Emmaus Leeds,St Marys Street,Leeds,West Yorkshire,LS9 6DP,53.8069284,-1.5104574,Reuse ,A,,,,,,,,,,,,,,,,,,,,,
227,Charity,1,Emmaus Leeds,St Marys Street,Leeds,West Yorkshire,LS9 6DP,53.8069284,-1.5104574,Reuse ,A,,,,,,,,,,,,,,,,,,,,,
228,Charity,1,Emmaus Leeds*,Kirkgate Market,Leeds,West Yorkshire,LS2 7HY,53.7976296,-1.5386368,Reuse ,A,,,,,,,,,,,,,,,,,,,,,
228,Charity,1,Emmaus Leeds*,Kirkgate Market,Leeds,West Yorkshire,LS2 7HY,53.7976296,-1.5386368,Reuse ,A,,,,,,,,,,,,,,,,,,,,,
228,Charity,1,Emmaus Leeds*,Kirkgate Market,Leeds,West Yorkshire,LS2 7HY,53.7976296,-1.5386368,Reuse ,A,,,,,,,,,,,,,,,,,,,,,
229,Charity,1,Emmaus Megastore,Brookfield Street,Preston,Lancashire,PR1 1NR,53.76859,-2.7015,Reuse ,A,,,,,,,,,,,,,,,,,,,,,
229,Charity,1,Emmaus Megastore,Brookfield Street,Preston,Lancashire,PR1 1NR,53.76859,-2.7015,Reuse ,A,,,,,,,,,,,,,,,,,,,,,
229,Charity,1,Emmaus Megastore,Brookfield Street,Preston,Lancashire,PR1 1NR,53.76859,-2.7015,Reuse ,A,,,,,,,,,,,,,,,,,,,,,
230,Charity,1,Emmaus Merseyside,38 Sandy Road,Liverpool,Merseyside,L21 3TW,53.467142,-3.0073762,Reuse ,A,,,,,,,,,,,,,,,,,,,,,
230,Charity,1,Emmaus Merseyside,38 Sandy Road,Liverpool,Merseyside,L21 3TW,53.467142,-3.0073762,Reuse ,A,,,,,,,,,,,,,,,,,,,,,
230,Charity,1,Emmaus Merseyside,38 Sandy Road,Liverpool,Merseyside,L21 3TW,53.467142,-3.0073762,Reuse ,A,,,,,,,,,,,,,,,,,,,,,
231,Charity,1,Emmaus North East,639 Durham Road,Gateshead,Tyne and Wear,NE9 5HA,54.9332214,-1.5985426,Reuse ,A,,,,,,,,,,,,,,,,,,,,,
231,Charity,1,Emmaus North East,639 Durham Road,Gateshead,Tyne and Wear,NE9 5HA,54.9332214,-1.5985426,Reuse ,A,,,,,,,,,,,,,,,,,,,,,
231,Charity,1,Emmaus North East,639 Durham Road,Gateshead,Tyne and Wear,NE9 5HA,54.9332214,-1.5985426,Reuse ,A,,,,,,,,,,,,,,,,,,,,,
232,Charity,1,Emmaus North East (Hebburn),Unit 5,Hebburn,Tyne and Wear,NE31 1LE,54.9729208,-1.5186785,Reuse ,A,,,,,,,,,,,,,,,,,,,,,
232,Charity,1,Emmaus North East (Hebburn),Unit 5,Hebburn,Tyne and Wear,NE31 1LE,54.9729208,-1.5186785,Reuse ,A,,,,,,,,,,,,,,,,,,,,,
232,Charity,1,Emmaus North East (Hebburn),Unit 5,Hebburn,Tyne and Wear,NE31 1LE,54.9729208,-1.5186785,Reuse ,A,,,,,,,,,,,,,,,,,,,,,
233,Charity,1,Emmaus North East(South Shields),Unit 11,South Shields,Tyne and Wear,NE33 1RD,55.0079167,-1.6578374,Reuse ,A,,,,,,,,,,,,,,,,,,,,,
233,Charity,1,Emmaus North East(South Shields),Unit 11,South Shields,Tyne and Wear,NE33 1RD,55.0079167,-1.6578374,Reuse ,A,,,,,,,,,,,,,,,,,,,,,
233,Charity,1,Emmaus North East(South Shields),Unit 11,South Shields,Tyne and Wear,NE33 1RD,55.0079167,-1.6578374,Reuse ,A,,,,,,,,,,,,,,,,,,,,,
234,Charity,1,Emmaus Oldswan,Choadle Avenue,Liverpool,Merseyside,L13 3AE,53.4159931,-2.9231277,Reuse ,A,,,,,,,,,,,,,,,,,,,,,
234,Charity,1,Emmaus Oldswan,Choadle Avenue,Liverpool,Merseyside,L13 3AE,53.4159931,-2.9231277,Reuse ,A,,,,,,,,,,,,,,,,,,,,,
234,Charity,1,Emmaus Oldswan,Choadle Avenue,Liverpool,Merseyside,L13 3AE,53.4159931,-2.9231277,Reuse ,A,,,,,,,,,,,,,,,,,,,,,
235,Charity,1,Emmaus Potteries,77 Meaford Drive,Stoke-on-trent,Staffordshire,ST3 2BB,52.9852691,-2.164269,Reuse ,A,,,,,,,,,,,,,,,,,,,,,
235,Charity,1,Emmaus Potteries,77 Meaford Drive,Stoke-on-trent,Staffordshire,ST3 2BB,52.9852691,-2.164269,Reuse ,A,,,,,,,,,,,,,,,,,,,,,
235,Charity,1,Emmaus Potteries,77 Meaford Drive,Stoke-on-trent,Staffordshire,ST3 2BB,52.9852691,-2.164269,Reuse ,A,,,,,,,,,,,,,,,,,,,,,
236,Charity,1,Emmaus Retail,Unit 33,Preston,Lancashire,PR1 1FB,53.7608641,-2.6978198,Reuse ,A,,,,,,,,,,,,,,,,,,,,,
236,Charity,1,Emmaus Retail,Unit 33,Preston,Lancashire,PR1 1FB,53.7608641,-2.6978198,Reuse ,A,,,,,,,,,,,,,,,,,,,,,
236,Charity,1,Emmaus Retail,Unit 33,Preston,Lancashire,PR1 1FB,53.7608641,-2.6978198,Reuse ,A,,,,,,,,,,,,,,,,,,,,,
237,Charity,1,Emmaus Superstore,Units 3&4,Preston,Lancashire,PR1 5BY,53.7664741,-2.6851239,Reuse ,A,,,,,,,,,,,,,,,,,,,,,
237,Charity,1,Emmaus Superstore,Units 3&4,Preston,Lancashire,PR1 5BY,53.7664741,-2.6851239,Reuse ,A,,,,,,,,,,,,,,,,,,,,,
237,Charity,1,Emmaus Superstore,Units 3&4,Preston,Lancashire,PR1 5BY,53.7664741,-2.6851239,Reuse ,A,,,,,,,,,,,,,,,,,,,,,
238,Charity,1,Emmaus Superstore(Preston),Units 3-3 Deepdale Mill Street,Preston,Lancashire,PR1 5BY,53.76647,-2.68512,Reuse ,A,,,,,,,,,,,,,,,,,,,,,
238,Charity,1,Emmaus Superstore(Preston),Units 3-3 Deepdale Mill Street,Preston,Lancashire,PR1 5BY,53.76647,-2.68512,Reuse ,A,,,,,,,,,,,,,,,,,,,,,
238,Charity,1,Emmaus Superstore(Preston),Units 3-3 Deepdale Mill Street,Preston,Lancashire,PR1 5BY,53.76647,-2.68512,Reuse ,A,,,,,,,,,,,,,,,,,,,,,
239,Charity,1,Emmaus The Emporium,Stockwell Head,Leeds,West Yorkshire,LE10 1RD,52.54248,-1.37103,Reuse ,A,,,,,,,,,,,,,,,,,,,,,
239,Charity,1,Emmaus The Emporium,Stockwell Head,Leeds,West Yorkshire,LE10 1RD,52.54248,-1.37103,Reuse ,A,,,,,,,,,,,,,,,,,,,,,
239,Charity,1,Emmaus The Emporium,Stockwell Head,Leeds,West Yorkshire,LE10 1RD,52.54248,-1.37103,Reuse ,A,,,,,,,,,,,,,,,,,,,,,
240,Charity,1,Emmaus Works,8-13 Osborne Street,Colchester,Essex,CO2 7DP,51.8871,0.90216,Reuse ,A,,,,,,,,,,,,,,,,,,,,,
240,Charity,1,Emmaus Works,8-13 Osborne Street,Colchester,Essex,CO2 7DP,51.8871,0.90216,Reuse ,A,,,,,,,,,,,,,,,,,,,,,
240,Charity,1,Emmaus Works,8-13 Osborne Street,Colchester,Essex,CO2 7DP,51.8871,0.90216,Reuse ,A,,,,,,,,,,,,,,,,,,,,,
241,Recycling facility,5,EMR,Sirius House,Warrington,Cheshire,WA5 7NS,53.41114,-2.6315,MRF,C,,,,,,,,,,,,,,,,,,,,,
241,Recycling facility,5,EMR,Sirius House,Warrington,Cheshire,WA5 7NS,53.41114,-2.6315,MRF,C,,,,,,,,,,,,,,,,,,,,,
241,Recycling facility,5,EMR,Sirius House,Warrington,Cheshire,WA5 7NS,53.41114,-2.6315,MRF,C,,,,,,,,,,,,,,,,,,,,,
241,Recycling facility,5,EMR,Sirius House,Warrington,Cheshire,WA5 7NS,53.41114,-2.6315,MRF,C,,,,,,,,,,,,,,,,,,,,,
241,Recycling facility,5,EMR,Sirius House,Warrington,Cheshire,WA5 7NS,53.41114,-2.6315,MRF,C,,,,,,,,,,,,,,,,,,,,,
241,Recycling facility,5,EMR,Sirius House,Warrington,Cheshire,WA5 7NS,53.41114,-2.6315,MRF,C,,,,,,,,,,,,,,,,,,,,,
241,Recycling facility,5,EMR,Sirius House,Warrington,Cheshire,WA5 7NS,53.41114,-2.6315,MRF,C,,,,,,,,,,,,,,,,,,,,,
243,Charity,1,Engage Voluntary Sector Development,Ground Floor,Minehead,Somerset,TA24 6AQ,51.19743,-3.46658,Reuse ,A,,,,,,,,,,,,,,,,,,,,,
243,Charity,1,Engage Voluntary Sector Development,Ground Floor,Minehead,Somerset,TA24 6AQ,51.19743,-3.46658,Reuse ,A,,,,,,,,,,,,,,,,,,,,,
243,Charity,1,Engage Voluntary Sector Development,Ground Floor,Minehead,Somerset,TA24 6AQ,51.19743,-3.46658,Reuse ,A,,,,,,,,,,,,,,,,,,,,,
244,Other,6,Enlightened Lamp Company,11 Ormside Way,Redhill,Surrey,RH1 2LW,51.25228,-0.15625,Reuse ,A,,,,,,,,,,,,,,,,,,,,,
244,Other,6,Enlightened Lamp Company,11 Ormside Way,Redhill,Surrey,RH1 2LW,51.25228,-0.15625,Reuse ,A,,,,,,,,,,,,,,,,,,,,,
262,Charity,1,FACET,Marwick Centre,Peterborough,Cambridgeshire,PE15 8PH,52.56551,0.09285,Reuse ,A,,,,,,,,,,,,,,,,,,,,,
262,Charity,1,FACET,Marwick Centre,Peterborough,Cambridgeshire,PE15 8PH,52.56551,0.09285,Reuse ,A,,,,,,,,,,,,,,,,,,,,,
262,Charity,1,FACET,Marwick Centre,Peterborough,Cambridgeshire,PE15 8PH,52.56551,0.09285,Reuse ,A,,,,,,,,,,,,,,,,,,,,,
263,Charity,1,FACET Community Connection,25 Market Street,Peterborough,Cambridgeshire,PE7 1BA,52.55637,-0.12918,Reuse ,A,,,,,,,,,,,,,,,,,,,,,
263,Charity,1,FACET Community Connection,25 Market Street,Peterborough,Cambridgeshire,PE7 1BA,52.55637,-0.12918,Reuse ,A,,,,,,,,,,,,,,,,,,,,,
263,Charity,1,FACET Community Connection,25 Market Street,Peterborough,Cambridgeshire,PE7 1BA,52.55637,-0.12918,Reuse ,A,,,,,,,,,,,,,,,,,,,,,
264,Charity,1,FACET Homes and Gardens,117-119 High Street,Peterborough,Cambridgeshire,PE15 9LW,52.5447137,0.0875365,Reuse ,A,,,,,,,,,,,,,,,,,,,,,
264,Charity,1,FACET Homes and Gardens,117-119 High Street,Peterborough,Cambridgeshire,PE15 9LW,52.5447137,0.0875365,Reuse ,A,,,,,,,,,,,,,,,,,,,,,
264,Charity,1,FACET Homes and Gardens,117-119 High Street,Peterborough,Cambridgeshire,PE15 9LW,52.5447137,0.0875365,Reuse ,A,,,,,,,,,,,,,,,,,,,,,
265,Reprocessor,8,Fairlop Quarry,Hainault Road,Redbridge,Essex,RM6 5SS,51.5957245,0.1161031,Reprocessor,B,,,,,,,,,,,,,,,,,,,,,
265,Reprocessor,8,Fairlop Quarry,Hainault Road,Redbridge,Essex,RM6 5SS,51.5957245,0.1161031,Reprocessor,B,,,,,,,,,,,,,,,,,,,,,
265,Reprocessor,8,Fairlop Quarry,Hainault Road,Redbridge,Essex,RM6 5SS,51.5957245,0.1161031,Reprocessor,B,,,,,,,,,,,,,,,,,,,,,
265,Reprocessor,8,Fairlop Quarry,Hainault Road,Redbridge,Essex,RM6 5SS,51.5957245,0.1161031,Reprocessor,B,,,,,,,,,,,,,,,,,,,,,
265,Reprocessor,8,Fairlop Quarry,Hainault Road,Redbridge,Essex,RM6 5SS,51.5957245,0.1161031,Reprocessor,B,,,,,,,,,,,,,,,,,,,,,
265,Reprocessor,8,Fairlop Quarry,Hainault Road,Redbridge,Essex,RM6 5SS,51.5957245,0.1161031,Reprocessor,B,,,,,,,,,,,,,,,,,,,,,
266,Charity,1,Falcon Lodge Community Centre,Church Hill Road,Birmingham,West Midlands,B75 7LB,52.5637,-1.79132,Reuse ,A,,,,,,,,,,,,,,,,,,,,,
266,Charity,1,Falcon Lodge Community Centre,Church Hill Road,Birmingham,West Midlands,B75 7LB,52.5637,-1.79132,Reuse ,A,,,,,,,,,,,,,,,,,,,,,
266,Charity,1,Falcon Lodge Community Centre,Church Hill Road,Birmingham,West Midlands,B75 7LB,52.5637,-1.79132,Reuse ,A,,,,,,,,,,,,,,,,,,,,,
268,Charity,1,First Move Furnished,Artillery Square,Great Yarmouth,Norfolk,NR30 2LR,52.60667,1.73353,Reuse ,A,,,,,,,,,,,,,,,,,,,,,
268,Charity,1,First Move Furnished,Artillery Square,Great Yarmouth,Norfolk,NR30 2LR,52.60667,1.73353,Reuse ,A,,,,,,,,,,,,,,,,,,,,,
268,Charity,1,First Move Furnished,Artillery Square,Great Yarmouth,Norfolk,NR30 2LR,52.60667,1.73353,Reuse ,A,,,,,,,,,,,,,,,,,,,,,
269,Other,6,Forces Support,50-54 High Street,Croydon,London,CR0 1YB,51.37252,-0.10062,Reuse ,A,,,,,,,,,,,,,,,,,,,,,
269,Other,6,Forces Support,50-54 High Street,Croydon,London,CR0 1YB,51.37252,-0.10062,Reuse ,A,,,,,,,,,,,,,,,,,,,,,
270,Charity,1,Foursquare/Edinburgh Furniture Initiative,67a Logie Green Road,Edinburgh,Lothian,EH7 4HF,55.96619,-3.19729,Reuse ,A,,,,,,,,,,,,,,,,,,,,,
270,Charity,1,Foursquare/Edinburgh Furniture Initiative,67a Logie Green Road,Edinburgh,Lothian,EH7 4HF,55.96619,-3.19729,Reuse ,A,,,,,,,,,,,,,,,,,,,,,
270,Charity,1,Foursquare/Edinburgh Furniture Initiative,67a Logie Green Road,Edinburgh,Lothian,EH7 4HF,55.96619,-3.19729,Reuse ,A,,,,,,,,,,,,,,,,,,,,,
271,Reprocessor,8,Fowles Haulage,Hythe End Farm,Staines,Middlesex,TW19 5AW,51.44273,-0.53916,Reprocessor,B,,,,,,,,,,,,,,,,,,,,,
271,Reprocessor,8,Fowles Haulage,Hythe End Farm,Staines,Middlesex,TW19 5AW,51.44273,-0.53916,Reprocessor,B,,,,,,,,,,,,,,,,,,,,,
271,Reprocessor,8,Fowles Haulage,Hythe End Farm,Staines,Middlesex,TW19 5AW,51.44273,-0.53916,Reprocessor,B,,,,,,,,,,,,,,,,,,,,,
271,Reprocessor,8,Fowles Haulage,Hythe End Farm,Staines,Middlesex,TW19 5AW,51.44273,-0.53916,Reprocessor,B,,,,,,,,,,,,,,,,,,,,,
271,Reprocessor,8,Fowles Haulage,Hythe End Farm,Staines,Middlesex,TW19 5AW,51.44273,-0.53916,Reprocessor,B,,,,,,,,,,,,,,,,,,,,,
271,Reprocessor,8,Fowles Haulage,Hythe End Farm,Staines,Middlesex,TW19 5AW,51.44273,-0.53916,Reprocessor,B,,,,,,,,,,,,,,,,,,,,,
272,Charity,1,Frade,426 Marton Road,Middlesborough,Teesside,TS4 2PT,54.55747,-1.22249,Reuse ,A,,,,,,,,,,,,,,,,,,,,,
272,Charity,1,Frade,426 Marton Road,Middlesborough,Teesside,TS4 2PT,54.55747,-1.22249,Reuse ,A,,,,,,,,,,,,,,,,,,,,,
272,Charity,1,Frade,426 Marton Road,Middlesborough,Teesside,TS4 2PT,54.55747,-1.22249,Reuse ,A,,,,,,,,,,,,,,,,,,,,,
273,Charity,1,Frade*,The Green House,Durham,County Durham,TS18 1DR,54.56285,-1.31638,Reuse ,A,,,,,,,,,,,,,,,,,,,,,
273,Charity,1,Frade*,The Green House,Durham,County Durham,TS18 1DR,54.56285,-1.31638,Reuse ,A,,,,,,,,,,,,,,,,,,,,,
273,Charity,1,Frade*,The Green House,Durham,County Durham,TS18 1DR,54.56285,-1.31638,Reuse ,A,,,,,,,,,,,,,,,,,,,,,
275,Charity,1,Freewheelers theatre,The Bridge centre,Leatherhead,Surrey,KT22 7RB,51.30764,-0.32954,Reuse ,A,,,,,,,,,,,,,,,,,,,,,
275,Charity,1,Freewheelers theatre,The Bridge centre,Leatherhead,Surrey,KT22 7RB,51.30764,-0.32954,Reuse ,A,,,,,,,,,,,,,,,,,,,,,
275,Charity,1,Freewheelers theatre,The Bridge centre,Leatherhead,Surrey,KT22 7RB,51.30764,-0.32954,Reuse ,A,,,,,,,,,,,,,,,,,,,,,
276,Charity,1,FRESCH,26-28 Hyde Way,Welwyn Garden City,Hertfordshire,AL7 3UQ,51.80017,-0.19719,Reuse ,A,,,,,,,,,,,,,,,,,,,,,
276,Charity,1,FRESCH,26-28 Hyde Way,Welwyn Garden City,Hertfordshire,AL7 3UQ,51.80017,-0.19719,Reuse ,A,,,,,,,,,,,,,,,,,,,,,
276,Charity,1,FRESCH,26-28 Hyde Way,Welwyn Garden City,Hertfordshire,AL7 3UQ,51.80017,-0.19719,Reuse ,A,,,,,,,,,,,,,,,,,,,,,
277,Charity,1,FreshStart,"114 Scott House, Higher Green Lane",Tyldesley,Greater Manchester,M29 7JB,53.49501,-2.44867,Reuse ,A,,,,,,,,,,,,,,,,,,,,,
277,Charity,1,FreshStart,"114 Scott House, Higher Green Lane",Tyldesley,Greater Manchester,M29 7JB,53.49501,-2.44867,Reuse ,A,,,,,,,,,,,,,,,,,,,,,
277,Charity,1,FreshStart,"114 Scott House, Higher Green Lane",Tyldesley,Greater Manchester,M29 7JB,53.49501,-2.44867,Reuse ,A,,,,,,,,,,,,,,,,,,,,,
278,Charity,1,Furnish @ Ruislip,48a Windmall Hill,Hillingdon,London,HA4 8PT,51.57416,-0.4140801,Reuse ,A,,,,,,,,,,,,,,,,,,,,,
278,Charity,1,Furnish @ Ruislip,48a Windmall Hill,Hillingdon,London,HA4 8PT,51.57416,-0.4140801,Reuse ,A,,,,,,,,,,,,,,,,,,,,,
278,Charity,1,Furnish @ Ruislip,48a Windmall Hill,Hillingdon,London,HA4 8PT,51.57416,-0.4140801,Reuse ,A,,,,,,,,,,,,,,,,,,,,,
279,Charity,1,Furnish West London Re-use Centre,22 Fairway Drive,Uxbridge,Middlesex,UB6 8PW,51.5438941,-0.3573464,Reuse ,A,,,,,,,,,,,,,,,,,,,,,
279,Charity,1,Furnish West London Re-use Centre,22 Fairway Drive,Uxbridge,Middlesex,UB6 8PW,51.5438941,-0.3573464,Reuse ,A,,,,,,,,,,,,,,,,,,,,,
279,Charity,1,Furnish West London Re-use Centre,22 Fairway Drive,Uxbridge,Middlesex,UB6 8PW,51.5438941,-0.3573464,Reuse ,A,,,,,,,,,,,,,,,,,,,,,
280,Charity,1,Furnistore,34 Holmethorpe Avenue,Redhill,Surrey,RH1 2NL,51.2498631,-0.1576486,Reuse ,A,,,,,,,,,,,,,,,,,,,,,
280,Charity,1,Furnistore,34 Holmethorpe Avenue,Redhill,Surrey,RH1 2NL,51.2498631,-0.1576486,Reuse ,A,,,,,,,,,,,,,,,,,,,,,
280,Charity,1,Furnistore,34 Holmethorpe Avenue,Redhill,Surrey,RH1 2NL,51.2498631,-0.1576486,Reuse ,A,,,,,,,,,,,,,,,,,,,,,
281,Charity,1,Furnitrust,The former Library,Taunton,Somerset,TA2 7HD,51.0325732,-3.0920945,Reuse ,A,,,,,,,,,,,,,,,,,,,,,
281,Charity,1,Furnitrust,The former Library,Taunton,Somerset,TA2 7HD,51.0325732,-3.0920945,Reuse ,A,,,,,,,,,,,,,,,,,,,,,
281,Charity,1,Furnitrust,The former Library,Taunton,Somerset,TA2 7HD,51.0325732,-3.0920945,Reuse ,A,,,,,,,,,,,,,,,,,,,,,
282,Charity,1,Furniture Helpline,Hampshire House,Bordon,Hampshire,GU35 0HJ,51.1180389,-0.8613274,Reuse ,A,,,,,,,,,,,,,,,,,,,,,
282,Charity,1,Furniture Helpline,Hampshire House,Bordon,Hampshire,GU35 0HJ,51.1180389,-0.8613274,Reuse ,A,,,,,,,,,,,,,,,,,,,,,
282,Charity,1,Furniture Helpline,Hampshire House,Bordon,Hampshire,GU35 0HJ,51.1180389,-0.8613274,Reuse ,A,,,,,,,,,,,,,,,,,,,,,
283,Charity,1,Furniture Link Guildford,Unit 2b,Guildford,Surrey,GU4 7WA,51.2567215,-0.5320229,Reuse ,A,,,,,,,,,,,,,,,,,,,,,
283,Charity,1,Furniture Link Guildford,Unit 2b,Guildford,Surrey,GU4 7WA,51.2567215,-0.5320229,Reuse ,A,,,,,,,,,,,,,,,,,,,,,
283,Charity,1,Furniture Link Guildford,Unit 2b,Guildford,Surrey,GU4 7WA,51.2567215,-0.5320229,Reuse ,A,,,,,,,,,,,,,,,,,,,,,
284,Charity,1,Furniture Matters,56-58 Euston Road,Morecambe,Lancashire,LA4 5DG,54.0721318,-2.8644862,Reuse ,A,,,,,,,,,,,,,,,,,,,,,
284,Charity,1,Furniture Matters,56-58 Euston Road,Morecambe,Lancashire,LA4 5DG,54.0721318,-2.8644862,Reuse ,A,,,,,,,,,,,,,,,,,,,,,
284,Charity,1,Furniture Matters,56-58 Euston Road,Morecambe,Lancashire,LA4 5DG,54.0721318,-2.8644862,Reuse ,A,,,,,,,,,,,,,,,,,,,,,
285,Charity,1,Furniture Matters Blackpool,3a-5b Caunce Street,Blackpool,Lancashire,FY1 3DN,53.8184752,-3.0477304,Reuse ,A,,,,,,,,,,,,,,,,,,,,,
285,Charity,1,Furniture Matters Blackpool,3a-5b Caunce Street,Blackpool,Lancashire,FY1 3DN,53.8184752,-3.0477304,Reuse ,A,,,,,,,,,,,,,,,,,,,,,
285,Charity,1,Furniture Matters Blackpool,3a-5b Caunce Street,Blackpool,Lancashire,FY1 3DN,53.8184752,-3.0477304,Reuse ,A,,,,,,,,,,,,,,,,,,,,,
286,Charity,1,Furniture Plus,7-21 Alexander Street,Kirkcaldy,Dunfermlineshire,KY1 2XX,56.1295294,-3.1228154,Reuse ,A,,,,,,,,,,,,,,,,,,,,,
286,Charity,1,Furniture Plus,7-21 Alexander Street,Kirkcaldy,Dunfermlineshire,KY1 2XX,56.1295294,-3.1228154,Reuse ,A,,,,,,,,,,,,,,,,,,,,,
286,Charity,1,Furniture Plus,7-21 Alexander Street,Kirkcaldy,Dunfermlineshire,KY1 2XX,56.1295294,-3.1228154,Reuse ,A,,,,,,,,,,,,,,,,,,,,,
287,Charity,1,Furniture plus Dunfermline,Unit 1,Dunefermline,Dunfermlineshire,KY11 8NT,56.0545351,-3.4383177,Reuse ,A,,,,,,,,,,,,,,,,,,,,,
287,Charity,1,Furniture plus Dunfermline,Unit 1,Dunefermline,Dunfermlineshire,KY11 8NT,56.0545351,-3.4383177,Reuse ,A,,,,,,,,,,,,,,,,,,,,,
287,Charity,1,Furniture plus Dunfermline,Unit 1,Dunefermline,Dunfermlineshire,KY11 8NT,56.0545351,-3.4383177,Reuse ,A,,,,,,,,,,,,,,,,,,,,,
288,Charity,1,furniture Project (Worksop),Unit 3,Worksop,South Yorkshire,S80 1PH,53.3083605,-1.1217251,Reuse ,A,,,,,,,,,,,,,,,,,,,,,
288,Charity,1,furniture Project (Worksop),Unit 3,Worksop,South Yorkshire,S80 1PH,53.3083605,-1.1217251,Reuse ,A,,,,,,,,,,,,,,,,,,,,,
288,Charity,1,furniture Project (Worksop),Unit 3,Worksop,South Yorkshire,S80 1PH,53.3083605,-1.1217251,Reuse ,A,,,,,,,,,,,,,,,,,,,,,
289,Charity,1,Furniture Re-Use Network (FRN),48-54 West Street,Bristol,Avon ,BS2 0BL,51.4570476,-2.5773281,Reuse ,A,,,,,,,,,,,,,,,,,,,,,
289,Charity,1,Furniture Re-Use Network (FRN),48-54 West Street,Bristol,Avon ,BS2 0BL,51.4570476,-2.5773281,Reuse ,A,,,,,,,,,,,,,,,,,,,,,
289,Charity,1,Furniture Re-Use Network (FRN),48-54 West Street,Bristol,Avon ,BS2 0BL,51.4570476,-2.5773281,Reuse ,A,,,,,,,,,,,,,,,,,,,,,
290,Charity,1,Furniture Recycling Project,Unit 12-14,Gloucester,Gloucestershire,GL1 1SL,51.8665559,-2.242385,Reuse ,A,,,,,,,,,,,,,,,,,,,,,
290,Charity,1,Furniture Recycling Project,Unit 12-14,Gloucester,Gloucestershire,GL1 1SL,51.8665559,-2.242385,Reuse ,A,,,,,,,,,,,,,,,,,,,,,
290,Charity,1,Furniture Recycling Project,Unit 12-14,Gloucester,Gloucestershire,GL1 1SL,51.8665559,-2.242385,Reuse ,A,,,,,,,,,,,,,,,,,,,,,
291,Charity,1,Furniture Recycling Project (Angus),Unit 1,Arbroath,Angus,DD11 1SA,56.5643794,-2.586907,Reuse ,A,,,,,,,,,,,,,,,,,,,,,
291,Charity,1,Furniture Recycling Project (Angus),Unit 1,Arbroath,Angus,DD11 1SA,56.5643794,-2.586907,Reuse ,A,,,,,,,,,,,,,,,,,,,,,
291,Charity,1,Furniture Recycling Project (Angus),Unit 1,Arbroath,Angus,DD11 1SA,56.5643794,-2.586907,Reuse ,A,,,,,,,,,,,,,,,,,,,,,
292,Charity,1,Furniture Recycling Project (Cheltenham),294 High Street,Cheltenham,Gloucestershire,GL50 3HQ,51.9026447,-2.0780186,Reuse ,A,,,,,,,,,,,,,,,,,,,,,
292,Charity,1,Furniture Recycling Project (Cheltenham),294 High Street,Cheltenham,Gloucestershire,GL50 3HQ,51.9026447,-2.0780186,Reuse ,A,,,,,,,,,,,,,,,,,,,,,
292,Charity,1,Furniture Recycling Project (Cheltenham),294 High Street,Cheltenham,Gloucestershire,GL50 3HQ,51.9026447,-2.0780186,Reuse ,A,,,,,,,,,,,,,,,,,,,,,
293,Charity,1,Furniture Recycling Project (Tewkesbury),Unit 5F,Tewkesbury,Gloucestershire,GL20 8HB,52.0004818,-2.1294187,Reuse ,A,,,,,,,,,,,,,,,,,,,,,
293,Charity,1,Furniture Recycling Project (Tewkesbury),Unit 5F,Tewkesbury,Gloucestershire,GL20 8HB,52.0004818,-2.1294187,Reuse ,A,,,,,,,,,,,,,,,,,,,,,
293,Charity,1,Furniture Recycling Project (Tewkesbury),Unit 5F,Tewkesbury,Gloucestershire,GL20 8HB,52.0004818,-2.1294187,Reuse ,A,,,,,,,,,,,,,,,,,,,,,
294,Charity,1,Gaines Christian Youth Centre,Old Gaines Road,Worcester,Worcestershireshire,WR6 5RD,52.19667,-2.41347,Reuse ,A,,,,,,,,,,,,,,,,,,,,,
294,Charity,1,Gaines Christian Youth Centre,Old Gaines Road,Worcester,Worcestershireshire,WR6 5RD,52.19667,-2.41347,Reuse ,A,,,,,,,,,,,,,,,,,,,,,
294,Charity,1,Gaines Christian Youth Centre,Old Gaines Road,Worcester,Worcestershireshire,WR6 5RD,52.19667,-2.41347,Reuse ,A,,,,,,,,,,,,,,,,,,,,,
295,Charity,1,Garstang Community Recycling & Re-use Centre,Brockholes Way,Catterall,Lancashire,PR3 0PZ,53.8740078,-2.7569367,Reuse ,A,,,,,,,,,,,,,,,,,,,,,
295,Charity,1,Garstang Community Recycling & Re-use Centre,Brockholes Way,Catterall,Lancashire,PR3 0PZ,53.8740078,-2.7569367,Reuse ,A,,,,,,,,,,,,,,,,,,,,,
295,Charity,1,Garstang Community Recycling & Re-use Centre,Brockholes Way,Catterall,Lancashire,PR3 0PZ,53.8740078,-2.7569367,Reuse ,A,,,,,,,,,,,,,,,,,,,,,
296,Charity,1,Gateway Furniture Project,The Trinity Centre,Swindon,Wiltshire,SN5 7AR,51.5618477,-1.8177985,Reuse ,A,,,,,,,,,,,,,,,,,,,,,
296,Charity,1,Gateway Furniture Project,The Trinity Centre,Swindon,Wiltshire,SN5 7AR,51.5618477,-1.8177985,Reuse ,A,,,,,,,,,,,,,,,,,,,,,
296,Charity,1,Gateway Furniture Project,The Trinity Centre,Swindon,Wiltshire,SN5 7AR,51.5618477,-1.8177985,Reuse ,A,,,,,,,,,,,,,,,,,,,,,
297,Charity,1,Gateway Furniture-The Gate,The Gate,Swindon,Wiltshire,SN1 1LE,51.560336,-1.7851746,Reuse ,A,,,,,,,,,,,,,,,,,,,,,
297,Charity,1,Gateway Furniture-The Gate,The Gate,Swindon,Wiltshire,SN1 1LE,51.560336,-1.7851746,Reuse ,A,,,,,,,,,,,,,,,,,,,,,
297,Charity,1,Gateway Furniture-The Gate,The Gate,Swindon,Wiltshire,SN1 1LE,51.560336,-1.7851746,Reuse ,A,,,,,,,,,,,,,,,,,,,,,
298,Recycling facility,5,GBN,10 Estate Way,Leyton,London,E10 7JN,51.5676706,-0.0249074,MRF,C,,,,,,,,,,,,,,,,,,,,,
298,Recycling facility,5,GBN,10 Estate Way,Leyton,London,E10 7JN,51.5676706,-0.0249074,MRF,C,,,,,,,,,,,,,,,,,,,,,
298,Recycling facility,5,GBN,10 Estate Way,Leyton,London,E10 7JN,51.5676706,-0.0249074,MRF,C,,,,,,,,,,,,,,,,,,,,,
298,Recycling facility,5,GBN,10 Estate Way,Leyton,London,E10 7JN,51.5676706,-0.0249074,MRF,C,,,,,,,,,,,,,,,,,,,,,
298,Recycling facility,5,GBN,10 Estate Way,Leyton,London,E10 7JN,51.5676706,-0.0249074,MRF,C,,,,,,,,,,,,,,,,,,,,,
298,Recycling facility,5,GBN,10 Estate Way,Leyton,London,E10 7JN,51.5676706,-0.0249074,MRF,C,,,,,,,,,,,,,,,,,,,,,
298,Recycling facility,5,GBN,10 Estate Way,Leyton,London,E10 7JN,51.5676706,-0.0249074,MRF,C,,,,,,,,,,,,,,,,,,,,,
301,Charity,1,Genesis Trust,31a West Avenue,Bath,Somerset,BA2 3QB,51.3783166,-2.3818509,Reuse ,A,,,,,,,,,,,,,,,,,,,,,
301,Charity,1,Genesis Trust,31a West Avenue,Bath,Somerset,BA2 3QB,51.3783166,-2.3818509,Reuse ,A,,,,,,,,,,,,,,,,,,,,,
301,Charity,1,Genesis Trust,31a West Avenue,Bath,Somerset,BA2 3QB,51.3783166,-2.3818509,Reuse ,A,,,,,,,,,,,,,,,,,,,,,
302,Reprocessor,8,Gerpins Lane Landfill Site,Gerpins Lane,Upminster,Essex,RM14 2XR,51.5347847,0.2365618,Reprocessor,B,,,,,,,,,,,,,,,,,,,,,
302,Reprocessor,8,Gerpins Lane Landfill Site,Gerpins Lane,Upminster,Essex,RM14 2XR,51.5347847,0.2365618,Reprocessor,B,,,,,,,,,,,,,,,,,,,,,
302,Reprocessor,8,Gerpins Lane Landfill Site,Gerpins Lane,Upminster,Essex,RM14 2XR,51.5347847,0.2365618,Reprocessor,B,,,,,,,,,,,,,,,,,,,,,
302,Reprocessor,8,Gerpins Lane Landfill Site,Gerpins Lane,Upminster,Essex,RM14 2XR,51.5347847,0.2365618,Reprocessor,B,,,,,,,,,,,,,,,,,,,,,
302,Reprocessor,8,Gerpins Lane Landfill Site,Gerpins Lane,Upminster,Essex,RM14 2XR,51.5347847,0.2365618,Reprocessor,B,,,,,,,,,,,,,,,,,,,,,
302,Reprocessor,8,Gerpins Lane Landfill Site,Gerpins Lane,Upminster,Essex,RM14 2XR,51.5347847,0.2365618,Reprocessor,B,,,,,,,,,,,,,,,,,,,,,
303,Reprocessor,8,Gerrads Cross Landfill,Wapseys Wood,Slough,Berkshire,SL9 8TE,51.5881665,-0.596731,Reprocessor,B,,,,,,,,,,,,,,,,,,,,,
303,Reprocessor,8,Gerrads Cross Landfill,Wapseys Wood,Slough,Berkshire,SL9 8TE,51.5881665,-0.596731,Reprocessor,B,,,,,,,,,,,,,,,,,,,,,
303,Reprocessor,8,Gerrads Cross Landfill,Wapseys Wood,Slough,Berkshire,SL9 8TE,51.5881665,-0.596731,Reprocessor,B,,,,,,,,,,,,,,,,,,,,,
303,Reprocessor,8,Gerrads Cross Landfill,Wapseys Wood,Slough,Berkshire,SL9 8TE,51.5881665,-0.596731,Reprocessor,B,,,,,,,,,,,,,,,,,,,,,
303,Reprocessor,8,Gerrads Cross Landfill,Wapseys Wood,Slough,Berkshire,SL9 8TE,51.5881665,-0.596731,Reprocessor,B,,,,,,,,,,,,,,,,,,,,,
303,Reprocessor,8,Gerrads Cross Landfill,Wapseys Wood,Slough,Berkshire,SL9 8TE,51.5881665,-0.596731,Reprocessor,B,,,,,,,,,,,,,,,,,,,,,
304,Charity,1,Gift 92 (guild Initiative for furniture),Unit 2,Preston,Lancashire,PR2 3DS,53.77604,-2.71569,Reuse ,A,,,,,,,,,,,,,,,,,,,,,
304,Charity,1,Gift 92 (guild Initiative for furniture),Unit 2,Preston,Lancashire,PR2 3DS,53.77604,-2.71569,Reuse ,A,,,,,,,,,,,,,,,,,,,,,
304,Charity,1,Gift 92 (guild Initiative for furniture),Unit 2,Preston,Lancashire,PR2 3DS,53.77604,-2.71569,Reuse ,A,,,,,,,,,,,,,,,,,,,,,
308,Recycling facility,5,Golding Skip Hire,Nicolson Way,Burton upon Trent,Staffordshire,DE14 2AW,52.79863,-1.65487,MRF,C,,,,,,,,,,,,,,,,,,,,,
308,Recycling facility,5,Golding Skip Hire,Nicolson Way,Burton upon Trent,Staffordshire,DE14 2AW,52.79863,-1.65487,MRF,C,,,,,,,,,,,,,,,,,,,,,
308,Recycling facility,5,Golding Skip Hire,Nicolson Way,Burton upon Trent,Staffordshire,DE14 2AW,52.79863,-1.65487,MRF,C,,,,,,,,,,,,,,,,,,,,,
308,Recycling facility,5,Golding Skip Hire,Nicolson Way,Burton upon Trent,Staffordshire,DE14 2AW,52.79863,-1.65487,MRF,C,,,,,,,,,,,,,,,,,,,,,
308,Recycling facility,5,Golding Skip Hire,Nicolson Way,Burton upon Trent,Staffordshire,DE14 2AW,52.79863,-1.65487,MRF,C,,,,,,,,,,,,,,,,,,,,,
308,Recycling facility,5,Golding Skip Hire,Nicolson Way,Burton upon Trent,Staffordshire,DE14 2AW,52.79863,-1.65487,MRF,C,,,,,,,,,,,,,,,,,,,,,
308,Recycling facility,5,Golding Skip Hire,Nicolson Way,Burton upon Trent,Staffordshire,DE14 2AW,52.79863,-1.65487,MRF,C,,,,,,,,,,,,,,,,,,,,,
309,Recycling facility,5,Gowing and Pursey,100 Twyford Abbey Road,Park Royal,London,NW10 7RG,51.5410229,-0.2530945,MRF,C,,,,,,,,,,,,,,,,,,,,,
309,Recycling facility,5,Gowing and Pursey,100 Twyford Abbey Road,Park Royal,London,NW10 7RG,51.5410229,-0.2530945,MRF,C,,,,,,,,,,,,,,,,,,,,,
309,Recycling facility,5,Gowing and Pursey,100 Twyford Abbey Road,Park Royal,London,NW10 7RG,51.5410229,-0.2530945,MRF,C,,,,,,,,,,,,,,,,,,,,,
309,Recycling facility,5,Gowing and Pursey,100 Twyford Abbey Road,Park Royal,London,NW10 7RG,51.5410229,-0.2530945,MRF,C,,,,,,,,,,,,,,,,,,,,,
309,Recycling facility,5,Gowing and Pursey,100 Twyford Abbey Road,Park Royal,London,NW10 7RG,51.5410229,-0.2530945,MRF,C,,,,,,,,,,,,,,,,,,,,,
309,Recycling facility,5,Gowing and Pursey,100 Twyford Abbey Road,Park Royal,London,NW10 7RG,51.5410229,-0.2530945,MRF,C,,,,,,,,,,,,,,,,,,,,,
309,Recycling facility,5,Gowing and Pursey,100 Twyford Abbey Road,Park Royal,London,NW10 7RG,51.5410229,-0.2530945,MRF,C,,,,,,,,,,,,,,,,,,,,,
311,Recycling facility,5,Great Eastern Waste,377 Mentmore Terrace,Hackney,London,E8 3PH,51.54099,-0.0577,MRF,C,,,,,,,,,,,,,,,,,,,,,
311,Recycling facility,5,Great Eastern Waste,377 Mentmore Terrace,Hackney,London,E8 3PH,51.54099,-0.0577,MRF,C,,,,,,,,,,,,,,,,,,,,,
311,Recycling facility,5,Great Eastern Waste,377 Mentmore Terrace,Hackney,London,E8 3PH,51.54099,-0.0577,MRF,C,,,,,,,,,,,,,,,,,,,,,
311,Recycling facility,5,Great Eastern Waste,377 Mentmore Terrace,Hackney,London,E8 3PH,51.54099,-0.0577,MRF,C,,,,,,,,,,,,,,,,,,,,,
311,Recycling facility,5,Great Eastern Waste,377 Mentmore Terrace,Hackney,London,E8 3PH,51.54099,-0.0577,MRF,C,,,,,,,,,,,,,,,,,,,,,
311,Recycling facility,5,Great Eastern Waste,377 Mentmore Terrace,Hackney,London,E8 3PH,51.54099,-0.0577,MRF,C,,,,,,,,,,,,,,,,,,,,,
311,Recycling facility,5,Great Eastern Waste,377 Mentmore Terrace,Hackney,London,E8 3PH,51.54099,-0.0577,MRF,C,,,,,,,,,,,,,,,,,,,,,
312,Reprocessor,8,Greatness Quarry Integrated Waste Management Facility,Farm Road,Sevenoaks,Kent,TN14 5BP,51.29692,0.19798,Reprocessor,B,,,,,,,,,,,,,,,,,,,,,
312,Reprocessor,8,Greatness Quarry Integrated Waste Management Facility,Farm Road,Sevenoaks,Kent,TN14 5BP,51.29692,0.19798,Reprocessor,B,,,,,,,,,,,,,,,,,,,,,
312,Reprocessor,8,Greatness Quarry Integrated Waste Management Facility,Farm Road,Sevenoaks,Kent,TN14 5BP,51.29692,0.19798,Reprocessor,B,,,,,,,,,,,,,,,,,,,,,
312,Reprocessor,8,Greatness Quarry Integrated Waste Management Facility,Farm Road,Sevenoaks,Kent,TN14 5BP,51.29692,0.19798,Reprocessor,B,,,,,,,,,,,,,,,,,,,,,
312,Reprocessor,8,Greatness Quarry Integrated Waste Management Facility,Farm Road,Sevenoaks,Kent,TN14 5BP,51.29692,0.19798,Reprocessor,B,,,,,,,,,,,,,,,,,,,,,
312,Reprocessor,8,Greatness Quarry Integrated Waste Management Facility,Farm Road,Sevenoaks,Kent,TN14 5BP,51.29692,0.19798,Reprocessor,B,,,,,,,,,,,,,,,,,,,,,
316,Community,2,Greenstream Flooring CIC,"Unit 3, Rheola Industrial Estate,",Porth,Rhondda,CF39 0AD,51.61633,-3.41041,Reuse ,A,,,,,,,,,,,,,,,,,,,,,
316,Community,2,Greenstream Flooring CIC,"Unit 3, Rheola Industrial Estate,",Porth,Rhondda,CF39 0AD,51.61633,-3.41041,Reuse ,A,,,,,,,,,,,,,,,,,,,,,
316,Community,2,Greenstream Flooring CIC,"Unit 3, Rheola Industrial Estate,",Porth,Rhondda,CF39 0AD,51.61633,-3.41041,Reuse ,A,,,,,,,,,,,,,,,,,,,,,
317,Recycling facility,5,Ground Skips,"Nightingale Works Brent Terrace,",Brent,London,NW2 1LR,51.57096,-0.22523,MRF,C,,,,,,,,,,,,,,,,,,,,,
317,Recycling facility,5,Ground Skips,"Nightingale Works Brent Terrace,",Brent,London,NW2 1LR,51.57096,-0.22523,MRF,C,,,,,,,,,,,,,,,,,,,,,
317,Recycling facility,5,Ground Skips,"Nightingale Works Brent Terrace,",Brent,London,NW2 1LR,51.57096,-0.22523,MRF,C,,,,,,,,,,,,,,,,,,,,,
317,Recycling facility,5,Ground Skips,"Nightingale Works Brent Terrace,",Brent,London,NW2 1LR,51.57096,-0.22523,MRF,C,,,,,,,,,,,,,,,,,,,,,
317,Recycling facility,5,Ground Skips,"Nightingale Works Brent Terrace,",Brent,London,NW2 1LR,51.57096,-0.22523,MRF,C,,,,,,,,,,,,,,,,,,,,,
317,Recycling facility,5,Ground Skips,"Nightingale Works Brent Terrace,",Brent,London,NW2 1LR,51.57096,-0.22523,MRF,C,,,,,,,,,,,,,,,,,,,,,
317,Recycling facility,5,Ground Skips,"Nightingale Works Brent Terrace,",Brent,London,NW2 1LR,51.57096,-0.22523,MRF,C,,,,,,,,,,,,,,,,,,,,,
321,Charity,1,Hamelin Trust (Billericay),19 Radford Crescent,Billericay,Essex,CM12 0DU,51.6308,0.41486,Reuse ,A,,,,,,,,,,,,,,,,,,,,,
321,Charity,1,Hamelin Trust (Billericay),19 Radford Crescent,Billericay,Essex,CM12 0DU,51.6308,0.41486,Reuse ,A,,,,,,,,,,,,,,,,,,,,,
321,Charity,1,Hamelin Trust (Billericay),19 Radford Crescent,Billericay,Essex,CM12 0DU,51.6308,0.41486,Reuse ,A,,,,,,,,,,,,,,,,,,,,,
322,Charity,1,Hamelin Trust (Laindon),33-35 Laindon Centre,Basildon,Essex,SS15 5TQ,51.57437,0.42335,Reuse ,A,,,,,,,,,,,,,,,,,,,,,
322,Charity,1,Hamelin Trust (Laindon),33-35 Laindon Centre,Basildon,Essex,SS15 5TQ,51.57437,0.42335,Reuse ,A,,,,,,,,,,,,,,,,,,,,,
322,Charity,1,Hamelin Trust (Laindon),33-35 Laindon Centre,Basildon,Essex,SS15 5TQ,51.57437,0.42335,Reuse ,A,,,,,,,,,,,,,,,,,,,,,
323,Charity,1,Hamelin Trust(Shenfield),250 Hutton Road,Shenfiled,Essex,CM15 8PA,51.63118,0.32965,Reuse ,A,,,,,,,,,,,,,,,,,,,,,
323,Charity,1,Hamelin Trust(Shenfield),250 Hutton Road,Shenfiled,Essex,CM15 8PA,51.63118,0.32965,Reuse ,A,,,,,,,,,,,,,,,,,,,,,
323,Charity,1,Hamelin Trust(Shenfield),250 Hutton Road,Shenfiled,Essex,CM15 8PA,51.63118,0.32965,Reuse ,A,,,,,,,,,,,,,,,,,,,,,
326,Recycling facility,5,Hammond Skips,24 Colliery Lane,Coventry,West Midlands,CV7 9NW,52.4705,-1.47414,MRF,C,,,,,,,,,,,,,,,,,,,,,
326,Recycling facility,5,Hammond Skips,24 Colliery Lane,Coventry,West Midlands,CV7 9NW,52.4705,-1.47414,MRF,C,,,,,,,,,,,,,,,,,,,,,
326,Recycling facility,5,Hammond Skips,24 Colliery Lane,Coventry,West Midlands,CV7 9NW,52.4705,-1.47414,MRF,C,,,,,,,,,,,,,,,,,,,,,
326,Recycling facility,5,Hammond Skips,24 Colliery Lane,Coventry,West Midlands,CV7 9NW,52.4705,-1.47414,MRF,C,,,,,,,,,,,,,,,,,,,,,
326,Recycling facility,5,Hammond Skips,24 Colliery Lane,Coventry,West Midlands,CV7 9NW,52.4705,-1.47414,MRF,C,,,,,,,,,,,,,,,,,,,,,
326,Recycling facility,5,Hammond Skips,24 Colliery Lane,Coventry,West Midlands,CV7 9NW,52.4705,-1.47414,MRF,C,,,,,,,,,,,,,,,,,,,,,
326,Recycling facility,5,Hammond Skips,24 Colliery Lane,Coventry,West Midlands,CV7 9NW,52.4705,-1.47414,MRF,C,,,,,,,,,,,,,,,,,,,,,
327,Recycling facility,5,Hamptons Metal,Field House Keele Road,Stoke-on-trent,Staffordshire,ST5 5AA,53.00633,-2.25688,MRF,C,,,,,,,,,,,,,,,,,,,,,
327,Recycling facility,5,Hamptons Metal,Field House Keele Road,Stoke-on-trent,Staffordshire,ST5 5AA,53.00633,-2.25688,MRF,C,,,,,,,,,,,,,,,,,,,,,
327,Recycling facility,5,Hamptons Metal,Field House Keele Road,Stoke-on-trent,Staffordshire,ST5 5AA,53.00633,-2.25688,MRF,C,,,,,,,,,,,,,,,,,,,,,
327,Recycling facility,5,Hamptons Metal,Field House Keele Road,Stoke-on-trent,Staffordshire,ST5 5AA,53.00633,-2.25688,MRF,C,,,,,,,,,,,,,,,,,,,,,
327,Recycling facility,5,Hamptons Metal,Field House Keele Road,Stoke-on-trent,Staffordshire,ST5 5AA,53.00633,-2.25688,MRF,C,,,,,,,,,,,,,,,,,,,,,
327,Recycling facility,5,Hamptons Metal,Field House Keele Road,Stoke-on-trent,Staffordshire,ST5 5AA,53.00633,-2.25688,MRF,C,,,,,,,,,,,,,,,,,,,,,
327,Recycling facility,5,Hamptons Metal,Field House Keele Road,Stoke-on-trent,Staffordshire,ST5 5AA,53.00633,-2.25688,MRF,C,,,,,,,,,,,,,,,,,,,,,
334,Other,6,Hazell & Jefferies,Mount Pleasant Farm,Reading,Berkshire,RG8 7TB,51.50626,-1.10289,Reuse ,A,,,,,,,,,,,,,,,,,,,,,
334,Other,6,Hazell & Jefferies,Mount Pleasant Farm,Reading,Berkshire,RG8 7TB,51.50626,-1.10289,Reuse ,A,,,,,,,,,,,,,,,,,,,,,
339,Charity,1,Help for Heroes,Tedworth House,Tidworth,Wiltshire,SP9 7AJ,51.22668,-1.66805,Reuse ,A,,,,,,,,,,,,,,,,,,,,,
339,Charity,1,Help for Heroes,Tedworth House,Tidworth,Wiltshire,SP9 7AJ,51.22668,-1.66805,Reuse ,A,,,,,,,,,,,,,,,,,,,,,
339,Charity,1,Help for Heroes,Tedworth House,Tidworth,Wiltshire,SP9 7AJ,51.22668,-1.66805,Reuse ,A,,,,,,,,,,,,,,,,,,,,,
340,Recycling facility,5,Henry Waste,Coltswold Road,Coatbridge,Glasgow,ML5 2AA,55.86907,-4.02358,MRF,C,,,,,,,,,,,,,,,,,,,,,
340,Recycling facility,5,Henry Waste,Coltswold Road,Coatbridge,Glasgow,ML5 2AA,55.86907,-4.02358,MRF,C,,,,,,,,,,,,,,,,,,,,,
340,Recycling facility,5,Henry Waste,Coltswold Road,Coatbridge,Glasgow,ML5 2AA,55.86907,-4.02358,MRF,C,,,,,,,,,,,,,,,,,,,,,
340,Recycling facility,5,Henry Waste,Coltswold Road,Coatbridge,Glasgow,ML5 2AA,55.86907,-4.02358,MRF,C,,,,,,,,,,,,,,,,,,,,,
340,Recycling facility,5,Henry Waste,Coltswold Road,Coatbridge,Glasgow,ML5 2AA,55.86907,-4.02358,MRF,C,,,,,,,,,,,,,,,,,,,,,
340,Recycling facility,5,Henry Waste,Coltswold Road,Coatbridge,Glasgow,ML5 2AA,55.86907,-4.02358,MRF,C,,,,,,,,,,,,,,,,,,,,,
340,Recycling facility,5,Henry Waste,Coltswold Road,Coatbridge,Glasgow,ML5 2AA,55.86907,-4.02358,MRF,C,,,,,,,,,,,,,,,,,,,,,
341,Charity,1,High Wycombe Central Aid Furniture,West Richardson Sreet,High Wycombe,Buckinghamshire,HP11 2SB,51.63245,-0.76346,Reuse ,A,,,,,,,,,,,,,,,,,,,,,
341,Charity,1,High Wycombe Central Aid Furniture,West Richardson Sreet,High Wycombe,Buckinghamshire,HP11 2SB,51.63245,-0.76346,Reuse ,A,,,,,,,,,,,,,,,,,,,,,
341,Charity,1,High Wycombe Central Aid Furniture,West Richardson Sreet,High Wycombe,Buckinghamshire,HP11 2SB,51.63245,-0.76346,Reuse ,A,,,,,,,,,,,,,,,,,,,,,
342,Recycling facility,5,Hills Waste Solutions,Wiltshire house,Swindon,Wiltshire,SN1 2NR,51.56873,-1.7609,MRF,C,,,,,,,,,,,,,,,,,,,,,
342,Recycling facility,5,Hills Waste Solutions,Wiltshire house,Swindon,Wiltshire,SN1 2NR,51.56873,-1.7609,MRF,C,,,,,,,,,,,,,,,,,,,,,
342,Recycling facility,5,Hills Waste Solutions,Wiltshire house,Swindon,Wiltshire,SN1 2NR,51.56873,-1.7609,MRF,C,,,,,,,,,,,,,,,,,,,,,
342,Recycling facility,5,Hills Waste Solutions,Wiltshire house,Swindon,Wiltshire,SN1 2NR,51.56873,-1.7609,MRF,C,,,,,,,,,,,,,,,,,,,,,
342,Recycling facility,5,Hills Waste Solutions,Wiltshire house,Swindon,Wiltshire,SN1 2NR,51.56873,-1.7609,MRF,C,,,,,,,,,,,,,,,,,,,,,
342,Recycling facility,5,Hills Waste Solutions,Wiltshire house,Swindon,Wiltshire,SN1 2NR,51.56873,-1.7609,MRF,C,,,,,,,,,,,,,,,,,,,,,
342,Recycling facility,5,Hills Waste Solutions,Wiltshire house,Swindon,Wiltshire,SN1 2NR,51.56873,-1.7609,MRF,C,,,,,,,,,,,,,,,,,,,,,
345,Charity,1,Holbeck Youth Centre,Acre Close,Leeds,West Yorkshire,LS10 4HX,53.74294,-1.54648,Reuse ,A,,,,,,,,,,,,,,,,,,,,,
345,Charity,1,Holbeck Youth Centre,Acre Close,Leeds,West Yorkshire,LS10 4HX,53.74294,-1.54648,Reuse ,A,,,,,,,,,,,,,,,,,,,,,
345,Charity,1,Holbeck Youth Centre,Acre Close,Leeds,West Yorkshire,LS10 4HX,53.74294,-1.54648,Reuse ,A,,,,,,,,,,,,,,,,,,,,,
346,Recycling facility,5,Holywell Haulage,Maxted Close,Hemel Hempstead,Hertfordshire,HP2 7DX,51.76723,-0.43608,MRF,C,,,,,,,,,,,,,,,,,,,,,
346,Recycling facility,5,Holywell Haulage,Maxted Close,Hemel Hempstead,Hertfordshire,HP2 7DX,51.76723,-0.43608,MRF,C,,,,,,,,,,,,,,,,,,,,,
346,Recycling facility,5,Holywell Haulage,Maxted Close,Hemel Hempstead,Hertfordshire,HP2 7DX,51.76723,-0.43608,MRF,C,,,,,,,,,,,,,,,,,,,,,
346,Recycling facility,5,Holywell Haulage,Maxted Close,Hemel Hempstead,Hertfordshire,HP2 7DX,51.76723,-0.43608,MRF,C,,,,,,,,,,,,,,,,,,,,,
346,Recycling facility,5,Holywell Haulage,Maxted Close,Hemel Hempstead,Hertfordshire,HP2 7DX,51.76723,-0.43608,MRF,C,,,,,,,,,,,,,,,,,,,,,
346,Recycling facility,5,Holywell Haulage,Maxted Close,Hemel Hempstead,Hertfordshire,HP2 7DX,51.76723,-0.43608,MRF,C,,,,,,,,,,,,,,,,,,,,,
346,Recycling facility,5,Holywell Haulage,Maxted Close,Hemel Hempstead,Hertfordshire,HP2 7DX,51.76723,-0.43608,MRF,C,,,,,,,,,,,,,,,,,,,,,
347,Charity,1,Home Basics,Unit 2,Hawick,Borders,TD9 9RE,55.4247432,-2.7863093,Reuse ,A,,,,,,,,,,,,,,,,,,,,,
347,Charity,1,Home Basics,Unit 2,Hawick,Borders,TD9 9RE,55.4247432,-2.7863093,Reuse ,A,,,,,,,,,,,,,,,,,,,,,
347,Charity,1,Home Basics,Unit 2,Hawick,Borders,TD9 9RE,55.4247432,-2.7863093,Reuse ,A,,,,,,,,,,,,,,,,,,,,,
348,Charity,1,Home Basics (Tweeddale) Co Ltd,Unit 7,Walkerburn,Lothian,EH43 6AB,55.621734,-2.980154,Reuse ,A,,,,,,,,,,,,,,,,,,,,,
348,Charity,1,Home Basics (Tweeddale) Co Ltd,Unit 7,Walkerburn,Lothian,EH43 6AB,55.621734,-2.980154,Reuse ,A,,,,,,,,,,,,,,,,,,,,,
348,Charity,1,Home Basics (Tweeddale) Co Ltd,Unit 7,Walkerburn,Lothian,EH43 6AB,55.621734,-2.980154,Reuse ,A,,,,,,,,,,,,,,,,,,,,,
349,Charity,1,Home Comforts,1-3 Great Western Road,Aberdeen ,Aberdeenshire,AB10 6PZ,57.1398175,-2.1145532,Reuse ,A,,,,,,,,,,,,,,,,,,,,,
349,Charity,1,Home Comforts,1-3 Great Western Road,Aberdeen ,Aberdeenshire,AB10 6PZ,57.1398175,-2.1145532,Reuse ,A,,,,,,,,,,,,,,,,,,,,,
349,Charity,1,Home Comforts,1-3 Great Western Road,Aberdeen ,Aberdeenshire,AB10 6PZ,57.1398175,-2.1145532,Reuse ,A,,,,,,,,,,,,,,,,,,,,,
350,Charity,1,Hope Services,17 Queen Street,Worksop,South Yorkshire,S80 2AN,53.3032411,-1.1223103,Reuse ,A,,,,,,,,,,,,,,,,,,,,,
350,Charity,1,Hope Services,17 Queen Street,Worksop,South Yorkshire,S80 2AN,53.3032411,-1.1223103,Reuse ,A,,,,,,,,,,,,,,,,,,,,,
350,Charity,1,Hope Services,17 Queen Street,Worksop,South Yorkshire,S80 2AN,53.3032411,-1.1223103,Reuse ,A,,,,,,,,,,,,,,,,,,,,,
351,Charity,1,Hopeworx,33 Brooke Road,Rayleigh,Essex,SS6 7XJ,51.5772677,0.611306,Reuse ,A,,,,,,,,,,,,,,,,,,,,,
351,Charity,1,Hopeworx,33 Brooke Road,Rayleigh,Essex,SS6 7XJ,51.5772677,0.611306,Reuse ,A,,,,,,,,,,,,,,,,,,,,,
351,Charity,1,Hopeworx,33 Brooke Road,Rayleigh,Essex,SS6 7XJ,51.5772677,0.611306,Reuse ,A,,,,,,,,,,,,,,,,,,,,,
354,Charity,1,Hounslow Youth Centre,Hounslow Youth Centre,Hounslow,Middlesex,TW3 1QA,51.47242,-0.35649,Reuse ,A,,,,,,,,,,,,,,,,,,,,,
354,Charity,1,Hounslow Youth Centre,Hounslow Youth Centre,Hounslow,Middlesex,TW3 1QA,51.47242,-0.35649,Reuse ,A,,,,,,,,,,,,,,,,,,,,,
354,Charity,1,Hounslow Youth Centre,Hounslow Youth Centre,Hounslow,Middlesex,TW3 1QA,51.47242,-0.35649,Reuse ,A,,,,,,,,,,,,,,,,,,,,,
366,Other,6,Initative Logisitics,16 Medway Drive,Northampton,Northamptonshire,NN5 7PE,52.2567,-0.92571,MRF,C,,,,,,,,,,,,,,,,,,,,,
366,Other,6,Initative Logisitics,16 Medway Drive,Northampton,Northamptonshire,NN5 7PE,52.2567,-0.92571,MRF,C,,,,,,,,,,,,,,,,,,,,,
367,Charity,1,Instant Neighbour,5 St Machar Drive,Aberdeen,Aberdeenshire,AB24 3YJ,57.1667,-2.11383,Reuse ,A,,,,,,,,,,,,,,,,,,,,,
367,Charity,1,Instant Neighbour,5 St Machar Drive,Aberdeen,Aberdeenshire,AB24 3YJ,57.1667,-2.11383,Reuse ,A,,,,,,,,,,,,,,,,,,,,,
367,Charity,1,Instant Neighbour,5 St Machar Drive,Aberdeen,Aberdeenshire,AB24 3YJ,57.1667,-2.11383,Reuse ,A,,,,,,,,,,,,,,,,,,,,,
369,Charity,1,Ipswich Furniture Project Furniture Shop,4-10 St. Matthew's Street,Ipswich,Suffolk,IP1 3EU,52.05966,1.14884,Reuse ,A,,,,,,,,,,,,,,,,,,,,,
369,Charity,1,Ipswich Furniture Project Furniture Shop,4-10 St. Matthew's Street,Ipswich,Suffolk,IP1 3EU,52.05966,1.14884,Reuse ,A,,,,,,,,,,,,,,,,,,,,,
369,Charity,1,Ipswich Furniture Project Furniture Shop,4-10 St. Matthew's Street,Ipswich,Suffolk,IP1 3EU,52.05966,1.14884,Reuse ,A,,,,,,,,,,,,,,,,,,,,,
371,Recycling facility,5,J Byne Haulage,PO Box 162,Watford,Hertfordshire,WD3 8UX,51.62687,-0.49513,MRF,C,,,,,,,,,,,,,,,,,,,,,
371,Recycling facility,5,J Byne Haulage,PO Box 162,Watford,Hertfordshire,WD3 8UX,51.62687,-0.49513,MRF,C,,,,,,,,,,,,,,,,,,,,,
371,Recycling facility,5,J Byne Haulage,PO Box 162,Watford,Hertfordshire,WD3 8UX,51.62687,-0.49513,MRF,C,,,,,,,,,,,,,,,,,,,,,
371,Recycling facility,5,J Byne Haulage,PO Box 162,Watford,Hertfordshire,WD3 8UX,51.62687,-0.49513,MRF,C,,,,,,,,,,,,,,,,,,,,,
371,Recycling facility,5,J Byne Haulage,PO Box 162,Watford,Hertfordshire,WD3 8UX,51.62687,-0.49513,MRF,C,,,,,,,,,,,,,,,,,,,,,
371,Recycling facility,5,J Byne Haulage,PO Box 162,Watford,Hertfordshire,WD3 8UX,51.62687,-0.49513,MRF,C,,,,,,,,,,,,,,,,,,,,,
371,Recycling facility,5,J Byne Haulage,PO Box 162,Watford,Hertfordshire,WD3 8UX,51.62687,-0.49513,MRF,C,,,,,,,,,,,,,,,,,,,,,
376,Recycling facility,5,J. Dickinson & Sons Limited,Crown Lane,Horwich,Essex,BL6 5BN,53.58777,-2.57192,MRF,C,,,,,,,,,,,,,,,,,,,,,
376,Recycling facility,5,J. Dickinson & Sons Limited,Crown Lane,Horwich,Essex,BL6 5BN,53.58777,-2.57192,MRF,C,,,,,,,,,,,,,,,,,,,,,
376,Recycling facility,5,J. Dickinson & Sons Limited,Crown Lane,Horwich,Essex,BL6 5BN,53.58777,-2.57192,MRF,C,,,,,,,,,,,,,,,,,,,,,
376,Recycling facility,5,J. Dickinson & Sons Limited,Crown Lane,Horwich,Essex,BL6 5BN,53.58777,-2.57192,MRF,C,,,,,,,,,,,,,,,,,,,,,
376,Recycling facility,5,J. Dickinson & Sons Limited,Crown Lane,Horwich,Essex,BL6 5BN,53.58777,-2.57192,MRF,C,,,,,,,,,,,,,,,,,,,,,
376,Recycling facility,5,J. Dickinson & Sons Limited,Crown Lane,Horwich,Essex,BL6 5BN,53.58777,-2.57192,MRF,C,,,,,,,,,,,,,,,,,,,,,
376,Recycling facility,5,J. Dickinson & Sons Limited,Crown Lane,Horwich,Essex,BL6 5BN,53.58777,-2.57192,MRF,C,,,,,,,,,,,,,,,,,,,,,
386,Recycling facility,5,John Stacey,Stacey industrial park,Tadley,Hampshire,Rg26 3PZ,51.35655,-1.13991,MRF,C,,,,,,,,,,,,,,,,,,,,,
386,Recycling facility,5,John Stacey,Stacey industrial park,Tadley,Hampshire,Rg26 3PZ,51.35655,-1.13991,MRF,C,,,,,,,,,,,,,,,,,,,,,
386,Recycling facility,5,John Stacey,Stacey industrial park,Tadley,Hampshire,Rg26 3PZ,51.35655,-1.13991,MRF,C,,,,,,,,,,,,,,,,,,,,,
386,Recycling facility,5,John Stacey,Stacey industrial park,Tadley,Hampshire,Rg26 3PZ,51.35655,-1.13991,MRF,C,,,,,,,,,,,,,,,,,,,,,
386,Recycling facility,5,John Stacey,Stacey industrial park,Tadley,Hampshire,Rg26 3PZ,51.35655,-1.13991,MRF,C,,,,,,,,,,,,,,,,,,,,,
386,Recycling facility,5,John Stacey,Stacey industrial park,Tadley,Hampshire,Rg26 3PZ,51.35655,-1.13991,MRF,C,,,,,,,,,,,,,,,,,,,,,
386,Recycling facility,5,John Stacey,Stacey industrial park,Tadley,Hampshire,Rg26 3PZ,51.35655,-1.13991,MRF,C,,,,,,,,,,,,,,,,,,,,,
388,Recycling facility,5,Jones Skip Hire,Chillington Works,Wolverhampton,West Midlands,WV1 2HS,52.58109,-2.10722,MRF,C,,,,,,,,,,,,,,,,,,,,,
388,Recycling facility,5,Jones Skip Hire,Chillington Works,Wolverhampton,West Midlands,WV1 2HS,52.58109,-2.10722,MRF,C,,,,,,,,,,,,,,,,,,,,,
388,Recycling facility,5,Jones Skip Hire,Chillington Works,Wolverhampton,West Midlands,WV1 2HS,52.58109,-2.10722,MRF,C,,,,,,,,,,,,,,,,,,,,,
388,Recycling facility,5,Jones Skip Hire,Chillington Works,Wolverhampton,West Midlands,WV1 2HS,52.58109,-2.10722,MRF,C,,,,,,,,,,,,,,,,,,,,,
388,Recycling facility,5,Jones Skip Hire,Chillington Works,Wolverhampton,West Midlands,WV1 2HS,52.58109,-2.10722,MRF,C,,,,,,,,,,,,,,,,,,,,,
388,Recycling facility,5,Jones Skip Hire,Chillington Works,Wolverhampton,West Midlands,WV1 2HS,52.58109,-2.10722,MRF,C,,,,,,,,,,,,,,,,,,,,,
388,Recycling facility,5,Jones Skip Hire,Chillington Works,Wolverhampton,West Midlands,WV1 2HS,52.58109,-2.10722,MRF,C,,,,,,,,,,,,,,,,,,,,,
390,Recycling facility,5,JWS,Westport House,Salford,Greater Manchester,M6 6LD,53.49138,-2.27819,MRF,C,,,,,,,,,,,,,,,,,,,,,
390,Recycling facility,5,JWS,Westport House,Salford,Greater Manchester,M6 6LD,53.49138,-2.27819,MRF,C,,,,,,,,,,,,,,,,,,,,,
390,Recycling facility,5,JWS,Westport House,Salford,Greater Manchester,M6 6LD,53.49138,-2.27819,MRF,C,,,,,,,,,,,,,,,,,,,,,
390,Recycling facility,5,JWS,Westport House,Salford,Greater Manchester,M6 6LD,53.49138,-2.27819,MRF,C,,,,,,,,,,,,,,,,,,,,,
390,Recycling facility,5,JWS,Westport House,Salford,Greater Manchester,M6 6LD,53.49138,-2.27819,MRF,C,,,,,,,,,,,,,,,,,,,,,
390,Recycling facility,5,JWS,Westport House,Salford,Greater Manchester,M6 6LD,53.49138,-2.27819,MRF,C,,,,,,,,,,,,,,,,,,,,,
390,Recycling facility,5,JWS,Westport House,Salford,Greater Manchester,M6 6LD,53.49138,-2.27819,MRF,C,,,,,,,,,,,,,,,,,,,,,
417,Charity,1,Lighthouse Furniture Project,Unit 27,Brentwood,Essex,CM13 1TE,51.63766,0.35416,Reuse ,A,,,,,,,,,,,,,,,,,,,,,
417,Charity,1,Lighthouse Furniture Project,Unit 27,Brentwood,Essex,CM13 1TE,51.63766,0.35416,Reuse ,A,,,,,,,,,,,,,,,,,,,,,
417,Charity,1,Lighthouse Furniture Project,Unit 27,Brentwood,Essex,CM13 1TE,51.63766,0.35416,Reuse ,A,,,,,,,,,,,,,,,,,,,,,
418,Recycling facility,5,Lindum,Station Road,Lincoln,Lincolnshire,LN6 3QX,53.19644,-0.59823,MRF,C,,,,,,,,,,,,,,,,,,,,,
418,Recycling facility,5,Lindum,Station Road,Lincoln,Lincolnshire,LN6 3QX,53.19644,-0.59823,MRF,C,,,,,,,,,,,,,,,,,,,,,
418,Recycling facility,5,Lindum,Station Road,Lincoln,Lincolnshire,LN6 3QX,53.19644,-0.59823,MRF,C,,,,,,,,,,,,,,,,,,,,,
418,Recycling facility,5,Lindum,Station Road,Lincoln,Lincolnshire,LN6 3QX,53.19644,-0.59823,MRF,C,,,,,,,,,,,,,,,,,,,,,
418,Recycling facility,5,Lindum,Station Road,Lincoln,Lincolnshire,LN6 3QX,53.19644,-0.59823,MRF,C,,,,,,,,,,,,,,,,,,,,,
418,Recycling facility,5,Lindum,Station Road,Lincoln,Lincolnshire,LN6 3QX,53.19644,-0.59823,MRF,C,,,,,,,,,,,,,,,,,,,,,
418,Recycling facility,5,Lindum,Station Road,Lincoln,Lincolnshire,LN6 3QX,53.19644,-0.59823,MRF,C,,,,,,,,,,,,,,,,,,,,,
420,Charity,1,Llantrisant Tip Shop (Wastesavers),Llantrisant Tip,Pontyclun,Rhondda,CF72 8xz,51.55472,-3.38369,Reuse ,A,,,,,,,,,,,,,,,,,,,,,
420,Charity,1,Llantrisant Tip Shop (Wastesavers),Llantrisant Tip,Pontyclun,Rhondda,CF72 8xz,51.55472,-3.38369,Reuse ,A,,,,,,,,,,,,,,,,,,,,,
420,Charity,1,Llantrisant Tip Shop (Wastesavers),Llantrisant Tip,Pontyclun,Rhondda,CF72 8xz,51.55472,-3.38369,Reuse ,A,,,,,,,,,,,,,,,,,,,,,
421,Charity,1,Loaves N Fishes Warehouse,55a Vicarage Road,Halesowen,West Midlands,B62 8HU,52.47212,-2.03853,Reuse ,A,,,,,,,,,,,,,,,,,,,,,
421,Charity,1,Loaves N Fishes Warehouse,55a Vicarage Road,Halesowen,West Midlands,B62 8HU,52.47212,-2.03853,Reuse ,A,,,,,,,,,,,,,,,,,,,,,
421,Charity,1,Loaves N Fishes Warehouse,55a Vicarage Road,Halesowen,West Midlands,B62 8HU,52.47212,-2.03853,Reuse ,A,,,,,,,,,,,,,,,,,,,,,
438,Recycling facility,5,MAC Skip Hire,Leicester Road,Hinckley,Leicestershire,LE10 3DR,52.55408,-1.34727,MRF,C,,,,,,,,,,,,,,,,,,,,,
438,Recycling facility,5,MAC Skip Hire,Leicester Road,Hinckley,Leicestershire,LE10 3DR,52.55408,-1.34727,MRF,C,,,,,,,,,,,,,,,,,,,,,
438,Recycling facility,5,MAC Skip Hire,Leicester Road,Hinckley,Leicestershire,LE10 3DR,52.55408,-1.34727,MRF,C,,,,,,,,,,,,,,,,,,,,,
438,Recycling facility,5,MAC Skip Hire,Leicester Road,Hinckley,Leicestershire,LE10 3DR,52.55408,-1.34727,MRF,C,,,,,,,,,,,,,,,,,,,,,
438,Recycling facility,5,MAC Skip Hire,Leicester Road,Hinckley,Leicestershire,LE10 3DR,52.55408,-1.34727,MRF,C,,,,,,,,,,,,,,,,,,,,,
438,Recycling facility,5,MAC Skip Hire,Leicester Road,Hinckley,Leicestershire,LE10 3DR,52.55408,-1.34727,MRF,C,,,,,,,,,,,,,,,,,,,,,
438,Recycling facility,5,MAC Skip Hire,Leicester Road,Hinckley,Leicestershire,LE10 3DR,52.55408,-1.34727,MRF,C,,,,,,,,,,,,,,,,,,,,,
454,Charity,1,Melton & District Furniture Project,The Warehouse,Melton Mowbray,Leicestershire,LE13 1TT,52.76702,-0.88953,Reuse ,A,,,,,,,,,,,,,,,,,,,,,
454,Charity,1,Melton & District Furniture Project,The Warehouse,Melton Mowbray,Leicestershire,LE13 1TT,52.76702,-0.88953,Reuse ,A,,,,,,,,,,,,,,,,,,,,,
454,Charity,1,Melton & District Furniture Project,The Warehouse,Melton Mowbray,Leicestershire,LE13 1TT,52.76702,-0.88953,Reuse ,A,,,,,,,,,,,,,,,,,,,,,
459,Recycling facility,5,Mick George,6 Lancaster Way,Cambridge,Cambridgeshire,PE29 6XU,52.34722,-0.19636,MRF,C,,,,,,,,,,,,,,,,,,,,,
459,Recycling facility,5,Mick George,6 Lancaster Way,Cambridge,Cambridgeshire,PE29 6XU,52.34722,-0.19636,MRF,C,,,,,,,,,,,,,,,,,,,,,
459,Recycling facility,5,Mick George,6 Lancaster Way,Cambridge,Cambridgeshire,PE29 6XU,52.34722,-0.19636,MRF,C,,,,,,,,,,,,,,,,,,,,,
459,Recycling facility,5,Mick George,6 Lancaster Way,Cambridge,Cambridgeshire,PE29 6XU,52.34722,-0.19636,MRF,C,,,,,,,,,,,,,,,,,,,,,
459,Recycling facility,5,Mick George,6 Lancaster Way,Cambridge,Cambridgeshire,PE29 6XU,52.34722,-0.19636,MRF,C,,,,,,,,,,,,,,,,,,,,,
459,Recycling facility,5,Mick George,6 Lancaster Way,Cambridge,Cambridgeshire,PE29 6XU,52.34722,-0.19636,MRF,C,,,,,,,,,,,,,,,,,,,,,
459,Recycling facility,5,Mick George,6 Lancaster Way,Cambridge,Cambridgeshire,PE29 6XU,52.34722,-0.19636,MRF,C,,,,,,,,,,,,,,,,,,,,,
462,Recycling facility,5,MJ Church,Star Farm,Chippenham,Wiltshire,SN14 8LH,51.46374,-2.29572,MRF,C,,,,,,,,,,,,,,,,,,,,,
462,Recycling facility,5,MJ Church,Star Farm,Chippenham,Wiltshire,SN14 8LH,51.46374,-2.29572,MRF,C,,,,,,,,,,,,,,,,,,,,,
462,Recycling facility,5,MJ Church,Star Farm,Chippenham,Wiltshire,SN14 8LH,51.46374,-2.29572,MRF,C,,,,,,,,,,,,,,,,,,,,,
462,Recycling facility,5,MJ Church,Star Farm,Chippenham,Wiltshire,SN14 8LH,51.46374,-2.29572,MRF,C,,,,,,,,,,,,,,,,,,,,,
462,Recycling facility,5,MJ Church,Star Farm,Chippenham,Wiltshire,SN14 8LH,51.46374,-2.29572,MRF,C,,,,,,,,,,,,,,,,,,,,,
462,Recycling facility,5,MJ Church,Star Farm,Chippenham,Wiltshire,SN14 8LH,51.46374,-2.29572,MRF,C,,,,,,,,,,,,,,,,,,,,,
462,Recycling facility,5,MJ Church,Star Farm,Chippenham,Wiltshire,SN14 8LH,51.46374,-2.29572,MRF,C,,,,,,,,,,,,,,,,,,,,,
466,Charity,1,Mousetrap Theatre Projects,33 Shaftesbury avenue,Wesminster,London,W1D 7EH,51.51159,-0.13329,Reuse ,A,,,,,,,,,,,,,,,,,,,,,
466,Charity,1,Mousetrap Theatre Projects,33 Shaftesbury avenue,Wesminster,London,W1D 7EH,51.51159,-0.13329,Reuse ,A,,,,,,,,,,,,,,,,,,,,,
466,Charity,1,Mousetrap Theatre Projects,33 Shaftesbury avenue,Wesminster,London,W1D 7EH,51.51159,-0.13329,Reuse ,A,,,,,,,,,,,,,,,,,,,,,
470,Charity,1,Nailsworth Shop (Emmaus Gloucestershire),The old Co-op,Nailsworth,Gloucestershire,GL6 0BX,51.69422,-2.21901,Reuse ,A,,,,,,,,,,,,,,,,,,,,,
470,Charity,1,Nailsworth Shop (Emmaus Gloucestershire),The old Co-op,Nailsworth,Gloucestershire,GL6 0BX,51.69422,-2.21901,Reuse ,A,,,,,,,,,,,,,,,,,,,,,
470,Charity,1,Nailsworth Shop (Emmaus Gloucestershire),The old Co-op,Nailsworth,Gloucestershire,GL6 0BX,51.69422,-2.21901,Reuse ,A,,,,,,,,,,,,,,,,,,,,,
471,Charity,1,Naseby Centre,Naseby Road,Birmingham City,West Midlands,B8 3HG,52.49048,-1.84551,Reuse ,A,,,,,,,,,,,,,,,,,,,,,
471,Charity,1,Naseby Centre,Naseby Road,Birmingham City,West Midlands,B8 3HG,52.49048,-1.84551,Reuse ,A,,,,,,,,,,,,,,,,,,,,,
471,Charity,1,Naseby Centre,Naseby Road,Birmingham City,West Midlands,B8 3HG,52.49048,-1.84551,Reuse ,A,,,,,,,,,,,,,,,,,,,,,
473,Charity,1,NAWT - Berkshire,Trindledown Farm,Berkshire,Berkshire,RG17 7DQ,51.48791,-1.43699,Reuse ,A,,,,,,,,,,,,,,,,,,,,,
473,Charity,1,NAWT - Berkshire,Trindledown Farm,Berkshire,Berkshire,RG17 7DQ,51.48791,-1.43699,Reuse ,A,,,,,,,,,,,,,,,,,,,,,
473,Charity,1,NAWT - Berkshire,Trindledown Farm,Berkshire,Berkshire,RG17 7DQ,51.48791,-1.43699,Reuse ,A,,,,,,,,,,,,,,,,,,,,,
474,Charity,1,NAWT - Clacton,The Street,Clacton,Essex,CO16 9LG,51.82919,1.14103,Reuse ,A,,,,,,,,,,,,,,,,,,,,,
474,Charity,1,NAWT - Clacton,The Street,Clacton,Essex,CO16 9LG,51.82919,1.14103,Reuse ,A,,,,,,,,,,,,,,,,,,,,,
474,Charity,1,NAWT - Clacton,The Street,Clacton,Essex,CO16 9LG,51.82919,1.14103,Reuse ,A,,,,,,,,,,,,,,,,,,,,,
475,Charity,1,NAWT - Cornwall,Wheal Alfred Kennels,Hayle,Cornwall,TR27 5JT,50.18218,-5.39262,Reuse ,A,,,,,,,,,,,,,,,,,,,,,
475,Charity,1,NAWT - Cornwall,Wheal Alfred Kennels,Hayle,Cornwall,TR27 5JT,50.18218,-5.39262,Reuse ,A,,,,,,,,,,,,,,,,,,,,,
475,Charity,1,NAWT - Cornwall,Wheal Alfred Kennels,Hayle,Cornwall,TR27 5JT,50.18218,-5.39262,Reuse ,A,,,,,,,,,,,,,,,,,,,,,
476,Charity,1,NAWT - Hula,Glebe Farm,Milton Keynes,Bedfordshire,MK17 8HZ,52.01996,-0.63108,Reuse ,A,,,,,,,,,,,,,,,,,,,,,
476,Charity,1,NAWT - Hula,Glebe Farm,Milton Keynes,Bedfordshire,MK17 8HZ,52.01996,-0.63108,Reuse ,A,,,,,,,,,,,,,,,,,,,,,
476,Charity,1,NAWT - Hula,Glebe Farm,Milton Keynes,Bedfordshire,MK17 8HZ,52.01996,-0.63108,Reuse ,A,,,,,,,,,,,,,,,,,,,,,
477,Charity,1,NAWT - Somerset,Heavens Gate Farm,Langport,Somerset,TA10 9BE,51.08399,-2.82381,Reuse ,A,,,,,,,,,,,,,,,,,,,,,
477,Charity,1,NAWT - Somerset,Heavens Gate Farm,Langport,Somerset,TA10 9BE,51.08399,-2.82381,Reuse ,A,,,,,,,,,,,,,,,,,,,,,
477,Charity,1,NAWT - Somerset,Heavens Gate Farm,Langport,Somerset,TA10 9BE,51.08399,-2.82381,Reuse ,A,,,,,,,,,,,,,,,,,,,,,
479,Charity,1,NAWT Hertforshire,Tylers Way,Watford,Hertfordshire,WD25 8WT,51.65537,-0.34582,Reuse ,A,,,,,,,,,,,,,,,,,,,,,
479,Charity,1,NAWT Hertforshire,Tylers Way,Watford,Hertfordshire,WD25 8WT,51.65537,-0.34582,Reuse ,A,,,,,,,,,,,,,,,,,,,,,
479,Charity,1,NAWT Hertforshire,Tylers Way,Watford,Hertfordshire,WD25 8WT,51.65537,-0.34582,Reuse ,A,,,,,,,,,,,,,,,,,,,,,
483,Charity,1,New Home,Addington Business Centre,New Addington,Kent,CR0 9UG,51.34392,-0.00338,Reuse ,A,,,,,,,,,,,,,,,,,,,,,
483,Charity,1,New Home,Addington Business Centre,New Addington,Kent,CR0 9UG,51.34392,-0.00338,Reuse ,A,,,,,,,,,,,,,,,,,,,,,
483,Charity,1,New Home,Addington Business Centre,New Addington,Kent,CR0 9UG,51.34392,-0.00338,Reuse ,A,,,,,,,,,,,,,,,,,,,,,
484,Charity,1,New Horizon Youth Centre,68 Chalton Street,Camden,London,NW1 1JR,51.53019,-0.13037,Reuse ,A,,,,,,,,,,,,,,,,,,,,,
484,Charity,1,New Horizon Youth Centre,68 Chalton Street,Camden,London,NW1 1JR,51.53019,-0.13037,Reuse ,A,,,,,,,,,,,,,,,,,,,,,
484,Charity,1,New Horizon Youth Centre,68 Chalton Street,Camden,London,NW1 1JR,51.53019,-0.13037,Reuse ,A,,,,,,,,,,,,,,,,,,,,,
485,Charity,1,New Start Highland,Unit 6,Caithness,Perth and Kinloss,KW14 7QU,58.5861876,-3.5380567,Reuse ,A,,,,,,,,,,,,,,,,,,,,,
485,Charity,1,New Start Highland,Unit 6,Caithness,Perth and Kinloss,KW14 7QU,58.5861876,-3.5380567,Reuse ,A,,,,,,,,,,,,,,,,,,,,,
485,Charity,1,New Start Highland,Unit 6,Caithness,Perth and Kinloss,KW14 7QU,58.5861876,-3.5380567,Reuse ,A,,,,,,,,,,,,,,,,,,,,,
486,Charity,1,New Start Highland - Fort William,Ben Nevis Industrial Estate,Fort William,Highland,PH33 6PR,56.8250619,-5.0851811,Reuse ,A,,,,,,,,,,,,,,,,,,,,,
486,Charity,1,New Start Highland - Fort William,Ben Nevis Industrial Estate,Fort William,Highland,PH33 6PR,56.8250619,-5.0851811,Reuse ,A,,,,,,,,,,,,,,,,,,,,,
486,Charity,1,New Start Highland - Fort William,Ben Nevis Industrial Estate,Fort William,Highland,PH33 6PR,56.8250619,-5.0851811,Reuse ,A,,,,,,,,,,,,,,,,,,,,,
487,Charity,1,New Start Highland - Inverness,9 Carsegate Road North,Inverness,Invernesshire,IV1 1ES,57.4793747,-4.2279182,Reuse ,A,,,,,,,,,,,,,,,,,,,,,
487,Charity,1,New Start Highland - Inverness,9 Carsegate Road North,Inverness,Invernesshire,IV1 1ES,57.4793747,-4.2279182,Reuse ,A,,,,,,,,,,,,,,,,,,,,,
487,Charity,1,New Start Highland - Inverness,9 Carsegate Road North,Inverness,Invernesshire,IV1 1ES,57.4793747,-4.2279182,Reuse ,A,,,,,,,,,,,,,,,,,,,,,
488,Social enterprise,9,New West Gypsum Recycling UK,Unit 8,Avonmouth,Avon ,BS11 9HW,51.509002,-2.694829,Reuse ,A,,,,,,,,,,,,,,,,,,,,,
488,Social enterprise,9,New West Gypsum Recycling UK,Unit 8,Avonmouth,Avon ,BS11 9HW,51.509002,-2.694829,Reuse ,A,,,,,,,,,,,,,,,,,,,,,
488,Social enterprise,9,New West Gypsum Recycling UK,Unit 8,Avonmouth,Avon ,BS11 9HW,51.509002,-2.694829,Reuse ,A,,,,,,,,,,,,,,,,,,,,,
489,Charity,1,Newbury Community Reuse Centre,Slater Centre,Newbury,Berkshire,RG19 6HN,51.375024,-1.2819899,Reuse ,A,,,,,,,,,,,,,,,,,,,,,
489,Charity,1,Newbury Community Reuse Centre,Slater Centre,Newbury,Berkshire,RG19 6HN,51.375024,-1.2819899,Reuse ,A,,,,,,,,,,,,,,,,,,,,,
489,Charity,1,Newbury Community Reuse Centre,Slater Centre,Newbury,Berkshire,RG19 6HN,51.375024,-1.2819899,Reuse ,A,,,,,,,,,,,,,,,,,,,,,
494,Recycling facility,5,NJB Recycling,7 Lyncroft Gardens,Epsom,Surrey,KT17 1UR,51.34901,-0.25252,MRF,C,,,,,,,,,,,,,,,,,,,,,
494,Recycling facility,5,NJB Recycling,7 Lyncroft Gardens,Epsom,Surrey,KT17 1UR,51.34901,-0.25252,MRF,C,,,,,,,,,,,,,,,,,,,,,
494,Recycling facility,5,NJB Recycling,7 Lyncroft Gardens,Epsom,Surrey,KT17 1UR,51.34901,-0.25252,MRF,C,,,,,,,,,,,,,,,,,,,,,
494,Recycling facility,5,NJB Recycling,7 Lyncroft Gardens,Epsom,Surrey,KT17 1UR,51.34901,-0.25252,MRF,C,,,,,,,,,,,,,,,,,,,,,
494,Recycling facility,5,NJB Recycling,7 Lyncroft Gardens,Epsom,Surrey,KT17 1UR,51.34901,-0.25252,MRF,C,,,,,,,,,,,,,,,,,,,,,
494,Recycling facility,5,NJB Recycling,7 Lyncroft Gardens,Epsom,Surrey,KT17 1UR,51.34901,-0.25252,MRF,C,,,,,,,,,,,,,,,,,,,,,
494,Recycling facility,5,NJB Recycling,7 Lyncroft Gardens,Epsom,Surrey,KT17 1UR,51.34901,-0.25252,MRF,C,,,,,,,,,,,,,,,,,,,,,
495,Charity,1,NOAH Boutique,3-5 George Street,Luton,Bedfordshire,LU1 2AA,51.87797,-0.41428,Reuse ,A,,,,,,,,,,,,,,,,,,,,,
495,Charity,1,NOAH Boutique,3-5 George Street,Luton,Bedfordshire,LU1 2AA,51.87797,-0.41428,Reuse ,A,,,,,,,,,,,,,,,,,,,,,
495,Charity,1,NOAH Boutique,3-5 George Street,Luton,Bedfordshire,LU1 2AA,51.87797,-0.41428,Reuse ,A,,,,,,,,,,,,,,,,,,,,,
496,Charity,1,NOAH Enterprise Furniture Warehouse,54 church Street,Luton,Bedfordshire,LU1 3JG,51.8802,-0.41067,Reuse ,A,,,,,,,,,,,,,,,,,,,,,
496,Charity,1,NOAH Enterprise Furniture Warehouse,54 church Street,Luton,Bedfordshire,LU1 3JG,51.8802,-0.41067,Reuse ,A,,,,,,,,,,,,,,,,,,,,,
496,Charity,1,NOAH Enterprise Furniture Warehouse,54 church Street,Luton,Bedfordshire,LU1 3JG,51.8802,-0.41067,Reuse ,A,,,,,,,,,,,,,,,,,,,,,
497,Charity,1,NOAH Shop,20-22 High Town Road,Luton,Bedfordshire,LU2 0DD,51.88329,-0.41335,Reuse ,A,,,,,,,,,,,,,,,,,,,,,
497,Charity,1,NOAH Shop,20-22 High Town Road,Luton,Bedfordshire,LU2 0DD,51.88329,-0.41335,Reuse ,A,,,,,,,,,,,,,,,,,,,,,
497,Charity,1,NOAH Shop,20-22 High Town Road,Luton,Bedfordshire,LU2 0DD,51.88329,-0.41335,Reuse ,A,,,,,,,,,,,,,,,,,,,,,
501,Charity,1,Nottinghamshire Clubs,The Monty Hind Centre,Nottingham,Nottinghamshire,NG7 2LX,52.94455,-1.18111,Reuse ,A,,,,,,,,,,,,,,,,,,,,,
501,Charity,1,Nottinghamshire Clubs,The Monty Hind Centre,Nottingham,Nottinghamshire,NG7 2LX,52.94455,-1.18111,Reuse ,A,,,,,,,,,,,,,,,,,,,,,
501,Charity,1,Nottinghamshire Clubs,The Monty Hind Centre,Nottingham,Nottinghamshire,NG7 2LX,52.94455,-1.18111,Reuse ,A,,,,,,,,,,,,,,,,,,,,,
502,Charity,1,Nu Life Furniture,Unit 2,Cardiff,Glamorganshire,CF10 5FF,51.47002,-3.17352,Reuse ,A,,,,,,,,,,,,,,,,,,,,,
502,Charity,1,Nu Life Furniture,Unit 2,Cardiff,Glamorganshire,CF10 5FF,51.47002,-3.17352,Reuse ,A,,,,,,,,,,,,,,,,,,,,,
502,Charity,1,Nu Life Furniture,Unit 2,Cardiff,Glamorganshire,CF10 5FF,51.47002,-3.17352,Reuse ,A,,,,,,,,,,,,,,,,,,,,,
507,Recycling facility,5,O'Donovan,Markfield House,Harringay,London,N15 4QF,51.58308,-0.06386,MRF,C,,,,,,,,,,,,,,,,,,,,,
507,Recycling facility,5,O'Donovan,Markfield House,Harringay,London,N15 4QF,51.58308,-0.06386,MRF,C,,,,,,,,,,,,,,,,,,,,,
507,Recycling facility,5,O'Donovan,Markfield House,Harringay,London,N15 4QF,51.58308,-0.06386,MRF,C,,,,,,,,,,,,,,,,,,,,,
507,Recycling facility,5,O'Donovan,Markfield House,Harringay,London,N15 4QF,51.58308,-0.06386,MRF,C,,,,,,,,,,,,,,,,,,,,,
507,Recycling facility,5,O'Donovan,Markfield House,Harringay,London,N15 4QF,51.58308,-0.06386,MRF,C,,,,,,,,,,,,,,,,,,,,,
507,Recycling facility,5,O'Donovan,Markfield House,Harringay,London,N15 4QF,51.58308,-0.06386,MRF,C,,,,,,,,,,,,,,,,,,,,,
507,Recycling facility,5,O'Donovan,Markfield House,Harringay,London,N15 4QF,51.58308,-0.06386,MRF,C,,,,,,,,,,,,,,,,,,,,,
511,Charity,1,Oakland Young People's Centre,Oakland Road,Handsworth,West Midlands,B21 0NA,52.50527,-1.94226,Reuse ,A,,,,,,,,,,,,,,,,,,,,,
511,Charity,1,Oakland Young People's Centre,Oakland Road,Handsworth,West Midlands,B21 0NA,52.50527,-1.94226,Reuse ,A,,,,,,,,,,,,,,,,,,,,,
511,Charity,1,Oakland Young People's Centre,Oakland Road,Handsworth,West Midlands,B21 0NA,52.50527,-1.94226,Reuse ,A,,,,,,,,,,,,,,,,,,,,,
525,Recycling facility,5,Parkers Skips,"5 Wendover Rd,",Norwich,Norfolk,NR13 6LH,52.67485,1.37261,MRF,C,,,,,,,,,,,,,,,,,,,,,
525,Recycling facility,5,Parkers Skips,"5 Wendover Rd,",Norwich,Norfolk,NR13 6LH,52.67485,1.37261,MRF,C,,,,,,,,,,,,,,,,,,,,,
525,Recycling facility,5,Parkers Skips,"5 Wendover Rd,",Norwich,Norfolk,NR13 6LH,52.67485,1.37261,MRF,C,,,,,,,,,,,,,,,,,,,,,
525,Recycling facility,5,Parkers Skips,"5 Wendover Rd,",Norwich,Norfolk,NR13 6LH,52.67485,1.37261,MRF,C,,,,,,,,,,,,,,,,,,,,,
525,Recycling facility,5,Parkers Skips,"5 Wendover Rd,",Norwich,Norfolk,NR13 6LH,52.67485,1.37261,MRF,C,,,,,,,,,,,,,,,,,,,,,
525,Recycling facility,5,Parkers Skips,"5 Wendover Rd,",Norwich,Norfolk,NR13 6LH,52.67485,1.37261,MRF,C,,,,,,,,,,,,,,,,,,,,,
525,Recycling facility,5,Parkers Skips,"5 Wendover Rd,",Norwich,Norfolk,NR13 6LH,52.67485,1.37261,MRF,C,,,,,,,,,,,,,,,,,,,,,
530,Charity,1,Pembrokeshire Frame,Old Hakin Road,Haverfordwest,Pembrokeshire,SA61 1XF,51.78938,-4.98074,Reuse ,A,,,,,,,,,,,,,,,,,,,,,
530,Charity,1,Pembrokeshire Frame,Old Hakin Road,Haverfordwest,Pembrokeshire,SA61 1XF,51.78938,-4.98074,Reuse ,A,,,,,,,,,,,,,,,,,,,,,
530,Charity,1,Pembrokeshire Frame,Old Hakin Road,Haverfordwest,Pembrokeshire,SA61 1XF,51.78938,-4.98074,Reuse ,A,,,,,,,,,,,,,,,,,,,,,
531,Charity,1,Pembrokeshire Frame (Dock),Unit 17,Pembroke Dock,Pembrokeshire,SA72 4RS,51.69246,-4.92509,Reuse ,A,,,,,,,,,,,,,,,,,,,,,
531,Charity,1,Pembrokeshire Frame (Dock),Unit 17,Pembroke Dock,Pembrokeshire,SA72 4RS,51.69246,-4.92509,Reuse ,A,,,,,,,,,,,,,,,,,,,,,
531,Charity,1,Pembrokeshire Frame (Dock),Unit 17,Pembroke Dock,Pembrokeshire,SA72 4RS,51.69246,-4.92509,Reuse ,A,,,,,,,,,,,,,,,,,,,,,
532,Charity,1,Pembrokeshire Frame (Goodwick),Unit 2,Goodwick,Pembrokeshire,SA64 0BD,52.00383,-4.9958,Reuse ,A,,,,,,,,,,,,,,,,,,,,,
532,Charity,1,Pembrokeshire Frame (Goodwick),Unit 2,Goodwick,Pembrokeshire,SA64 0BD,52.00383,-4.9958,Reuse ,A,,,,,,,,,,,,,,,,,,,,,
532,Charity,1,Pembrokeshire Frame (Goodwick),Unit 2,Goodwick,Pembrokeshire,SA64 0BD,52.00383,-4.9958,Reuse ,A,,,,,,,,,,,,,,,,,,,,,
542,Recycling facility,5,Powerday,Crossan House,Harlesden,London,NW10 6RJ,51.52848,-0.24572,MRF,C,,,,,,,,,,,,,,,,,,,,,
542,Recycling facility,5,Powerday,Crossan House,Harlesden,London,NW10 6RJ,51.52848,-0.24572,MRF,C,,,,,,,,,,,,,,,,,,,,,
542,Recycling facility,5,Powerday,Crossan House,Harlesden,London,NW10 6RJ,51.52848,-0.24572,MRF,C,,,,,,,,,,,,,,,,,,,,,
542,Recycling facility,5,Powerday,Crossan House,Harlesden,London,NW10 6RJ,51.52848,-0.24572,MRF,C,,,,,,,,,,,,,,,,,,,,,
542,Recycling facility,5,Powerday,Crossan House,Harlesden,London,NW10 6RJ,51.52848,-0.24572,MRF,C,,,,,,,,,,,,,,,,,,,,,
542,Recycling facility,5,Powerday,Crossan House,Harlesden,London,NW10 6RJ,51.52848,-0.24572,MRF,C,,,,,,,,,,,,,,,,,,,,,
542,Recycling facility,5,Powerday,Crossan House,Harlesden,London,NW10 6RJ,51.52848,-0.24572,MRF,C,,,,,,,,,,,,,,,,,,,,,
543,Charity,1,Preloved Of Armley (ST George's Crypt),40-46 Town Street,Leeds,West Yorkshire,LS12 3AA,53.7967428,-1.5915539,Reuse ,A,,,,,,,,,,,,,,,,,,,,,
543,Charity,1,Preloved Of Armley (ST George's Crypt),40-46 Town Street,Leeds,West Yorkshire,LS12 3AA,53.7967428,-1.5915539,Reuse ,A,,,,,,,,,,,,,,,,,,,,,
543,Charity,1,Preloved Of Armley (ST George's Crypt),40-46 Town Street,Leeds,West Yorkshire,LS12 3AA,53.7967428,-1.5915539,Reuse ,A,,,,,,,,,,,,,,,,,,,,,
544,Charity,1,Preloved Of Pudsey,27 Church Lane,Pudsey,West Yorkshire,LS28 7LD,53.7962751,-1.6638819,Reuse ,A,,,,,,,,,,,,,,,,,,,,,
544,Charity,1,Preloved Of Pudsey,27 Church Lane,Pudsey,West Yorkshire,LS28 7LD,53.7962751,-1.6638819,Reuse ,A,,,,,,,,,,,,,,,,,,,,,
544,Charity,1,Preloved Of Pudsey,27 Church Lane,Pudsey,West Yorkshire,LS28 7LD,53.7962751,-1.6638819,Reuse ,A,,,,,,,,,,,,,,,,,,,,,
545,Recycling facility,5,Premier Waste,Sheffield Road,Stockport,Greater Manchester,SK14 2JP,53.4565,-2.0675,MRF,C,,,,,,,,,,,,,,,,,,,,,
545,Recycling facility,5,Premier Waste,Sheffield Road,Stockport,Greater Manchester,SK14 2JP,53.4565,-2.0675,MRF,C,,,,,,,,,,,,,,,,,,,,,
545,Recycling facility,5,Premier Waste,Sheffield Road,Stockport,Greater Manchester,SK14 2JP,53.4565,-2.0675,MRF,C,,,,,,,,,,,,,,,,,,,,,
545,Recycling facility,5,Premier Waste,Sheffield Road,Stockport,Greater Manchester,SK14 2JP,53.4565,-2.0675,MRF,C,,,,,,,,,,,,,,,,,,,,,
545,Recycling facility,5,Premier Waste,Sheffield Road,Stockport,Greater Manchester,SK14 2JP,53.4565,-2.0675,MRF,C,,,,,,,,,,,,,,,,,,,,,
545,Recycling facility,5,Premier Waste,Sheffield Road,Stockport,Greater Manchester,SK14 2JP,53.4565,-2.0675,MRF,C,,,,,,,,,,,,,,,,,,,,,
545,Recycling facility,5,Premier Waste,Sheffield Road,Stockport,Greater Manchester,SK14 2JP,53.4565,-2.0675,MRF,C,,,,,,,,,,,,,,,,,,,,,
546,Charity,1,Princess Alice Hospice,West End Lane,Esher,London,KT10 8NA,51.36713,-0.37665,Reuse ,A,,,,,,,,,,,,,,,,,,,,,
546,Charity,1,Princess Alice Hospice,West End Lane,Esher,London,KT10 8NA,51.36713,-0.37665,Reuse ,A,,,,,,,,,,,,,,,,,,,,,
546,Charity,1,Princess Alice Hospice,West End Lane,Esher,London,KT10 8NA,51.36713,-0.37665,Reuse ,A,,,,,,,,,,,,,,,,,,,,,
547,Other,6,Print Waste,Tewkesbury Road,Cheltenham,Gloucestershire,GL51 9AN,51.90832,-2.09097,MRF,C,,,,,,,,,,,,,,,,,,,,,
547,Other,6,Print Waste,Tewkesbury Road,Cheltenham,Gloucestershire,GL51 9AN,51.90832,-2.09097,MRF,C,,,,,,,,,,,,,,,,,,,,,
548,Charity,1,Project Colt,Bridgefield Mill,Halifax,West Yorkshire,HX5 0SG,53.6878,-1.84129,Reuse ,A,,,,,,,,,,,,,,,,,,,,,
548,Charity,1,Project Colt,Bridgefield Mill,Halifax,West Yorkshire,HX5 0SG,53.6878,-1.84129,Reuse ,A,,,,,,,,,,,,,,,,,,,,,
548,Charity,1,Project Colt,Bridgefield Mill,Halifax,West Yorkshire,HX5 0SG,53.6878,-1.84129,Reuse ,A,,,,,,,,,,,,,,,,,,,,,
550,Charity,1,QSA Homestore,Unit 2,Stratford,London,E15 1JW,51.54833,0.00308,Reuse ,A,,,,,,,,,,,,,,,,,,,,,
550,Charity,1,QSA Homestore,Unit 2,Stratford,London,E15 1JW,51.54833,0.00308,Reuse ,A,,,,,,,,,,,,,,,,,,,,,
550,Charity,1,QSA Homestore,Unit 2,Stratford,London,E15 1JW,51.54833,0.00308,Reuse ,A,,,,,,,,,,,,,,,,,,,,,
553,Recycling facility,5,R Collard,Eversley Haulgae PArk,Hook,Hampshire,RG27 0PZ,51.32572,-0.87,MRF,C,,,,,,,,,,,,,,,,,,,,,
553,Recycling facility,5,R Collard,Eversley Haulgae PArk,Hook,Hampshire,RG27 0PZ,51.32572,-0.87,MRF,C,,,,,,,,,,,,,,,,,,,,,
553,Recycling facility,5,R Collard,Eversley Haulgae PArk,Hook,Hampshire,RG27 0PZ,51.32572,-0.87,MRF,C,,,,,,,,,,,,,,,,,,,,,
553,Recycling facility,5,R Collard,Eversley Haulgae PArk,Hook,Hampshire,RG27 0PZ,51.32572,-0.87,MRF,C,,,,,,,,,,,,,,,,,,,,,
553,Recycling facility,5,R Collard,Eversley Haulgae PArk,Hook,Hampshire,RG27 0PZ,51.32572,-0.87,MRF,C,,,,,,,,,,,,,,,,,,,,,
553,Recycling facility,5,R Collard,Eversley Haulgae PArk,Hook,Hampshire,RG27 0PZ,51.32572,-0.87,MRF,C,,,,,,,,,,,,,,,,,,,,,
553,Recycling facility,5,R Collard,Eversley Haulgae PArk,Hook,Hampshire,RG27 0PZ,51.32572,-0.87,MRF,C,,,,,,,,,,,,,,,,,,,,,
562,Social enterprise,9,Re-Use Glass Ltd,Headlands Lane,Wakefield,West Yorkshire,WF11 0HP,53.70005,-1.25172,Reuse ,A,,,,,,,,,,,,,,,,,,,,,
562,Social enterprise,9,Re-Use Glass Ltd,Headlands Lane,Wakefield,West Yorkshire,WF11 0HP,53.70005,-1.25172,Reuse ,A,,,,,,,,,,,,,,,,,,,,,
562,Social enterprise,9,Re-Use Glass Ltd,Headlands Lane,Wakefield,West Yorkshire,WF11 0HP,53.70005,-1.25172,Reuse ,A,,,,,,,,,,,,,,,,,,,,,
563,Charity,1,RE:Source,Bodmin Business Park,Bodmin,Devon,PL31 2RJ,50.47728,-4.7006,Reuse ,A,,,,,,,,,,,,,,,,,,,,,
563,Charity,1,RE:Source,Bodmin Business Park,Bodmin,Devon,PL31 2RJ,50.47728,-4.7006,Reuse ,A,,,,,,,,,,,,,,,,,,,,,
563,Charity,1,RE:Source,Bodmin Business Park,Bodmin,Devon,PL31 2RJ,50.47728,-4.7006,Reuse ,A,,,,,,,,,,,,,,,,,,,,,
564,Charity,1,RE:SOURCE Warehouse,3 Lucknow Road,Bodmin,Devon,PL31 1EZ,50.45811,-4.70294,Reuse ,A,,,,,,,,,,,,,,,,,,,,,
564,Charity,1,RE:SOURCE Warehouse,3 Lucknow Road,Bodmin,Devon,PL31 1EZ,50.45811,-4.70294,Reuse ,A,,,,,,,,,,,,,,,,,,,,,
564,Charity,1,RE:SOURCE Warehouse,3 Lucknow Road,Bodmin,Devon,PL31 1EZ,50.45811,-4.70294,Reuse ,A,,,,,,,,,,,,,,,,,,,,,
565,Charity,1,Reclaim (East Thames Group),122-162 Cranberry Lane,Plaistow,London,E16 4PE,51.52343,0.00801,Reuse ,A,,,,,,,,,,,,,,,,,,,,,
565,Charity,1,Reclaim (East Thames Group),122-162 Cranberry Lane,Plaistow,London,E16 4PE,51.52343,0.00801,Reuse ,A,,,,,,,,,,,,,,,,,,,,,
565,Charity,1,Reclaim (East Thames Group),122-162 Cranberry Lane,Plaistow,London,E16 4PE,51.52343,0.00801,Reuse ,A,,,,,,,,,,,,,,,,,,,,,
566,Charity,1,Reclaim (Vision 21),Unit 25B,Cheltenham,Gloucestershire,GL51 8PL,51.90018,-2.09945,Reuse ,A,,,,,,,,,,,,,,,,,,,,,
566,Charity,1,Reclaim (Vision 21),Unit 25B,Cheltenham,Gloucestershire,GL51 8PL,51.90018,-2.09945,Reuse ,A,,,,,,,,,,,,,,,,,,,,,
566,Charity,1,Reclaim (Vision 21),Unit 25B,Cheltenham,Gloucestershire,GL51 8PL,51.90018,-2.09945,Reuse ,A,,,,,,,,,,,,,,,,,,,,,
567,Social enterprise,9,Recofloor,"Recofloor Team, Axion Consulting",Stockport,Greater Manchester,SK7 2DG,53.35654,-2.16482,Reuse ,A,,,,,,,,,,,,,,,,,,,,,
567,Social enterprise,9,Recofloor,"Recofloor Team, Axion Consulting",Stockport,Greater Manchester,SK7 2DG,53.35654,-2.16482,Reuse ,A,,,,,,,,,,,,,,,,,,,,,
567,Social enterprise,9,Recofloor,"Recofloor Team, Axion Consulting",Stockport,Greater Manchester,SK7 2DG,53.35654,-2.16482,Reuse ,A,,,,,,,,,,,,,,,,,,,,,
569,Social enterprise,9,Recresco,Manisty Wharf,Chester,Cheshire,CH65 1AB,53.30037,-2.91503,Reuse ,A,,,,,,,,,,,,,,,,,,,,,
569,Social enterprise,9,Recresco,Manisty Wharf,Chester,Cheshire,CH65 1AB,53.30037,-2.91503,Reuse ,A,,,,,,,,,,,,,,,,,,,,,
569,Social enterprise,9,Recresco,Manisty Wharf,Chester,Cheshire,CH65 1AB,53.30037,-2.91503,Reuse ,A,,,,,,,,,,,,,,,,,,,,,
570,Social enterprise,9,Recresco Cwmbran,Unit 60 Springvale Industrial Estate,Cwmbran Torfaen,Gwent,NP44 5BD,51.65533,-3.03819,Reuse ,A,,,,,,,,,,,,,,,,,,,,,
570,Social enterprise,9,Recresco Cwmbran,Unit 60 Springvale Industrial Estate,Cwmbran Torfaen,Gwent,NP44 5BD,51.65533,-3.03819,Reuse ,A,,,,,,,,,,,,,,,,,,,,,
570,Social enterprise,9,Recresco Cwmbran,Unit 60 Springvale Industrial Estate,Cwmbran Torfaen,Gwent,NP44 5BD,51.65533,-3.03819,Reuse ,A,,,,,,,,,,,,,,,,,,,,,
571,Social enterprise,9,Recresco Nottingham,Lane End,Nottingha,Nottinghamshire,NG17 8AP,53.09851,-1.25412,Reuse ,A,,,,,,,,,,,,,,,,,,,,,
571,Social enterprise,9,Recresco Nottingham,Lane End,Nottingha,Nottinghamshire,NG17 8AP,53.09851,-1.25412,Reuse ,A,,,,,,,,,,,,,,,,,,,,,
571,Social enterprise,9,Recresco Nottingham,Lane End,Nottingha,Nottinghamshire,NG17 8AP,53.09851,-1.25412,Reuse ,A,,,,,,,,,,,,,,,,,,,,,
572,Social enterprise,9,Recyclapak Ltd,"Unit 1, The Yard",Cradley H,West Midlands,B64 5DR,52.47503,-2.08069,Reuse ,A,,,,,,,,,,,,,,,,,,,,,
572,Social enterprise,9,Recyclapak Ltd,"Unit 1, The Yard",Cradley H,West Midlands,B64 5DR,52.47503,-2.08069,Reuse ,A,,,,,,,,,,,,,,,,,,,,,
572,Social enterprise,9,Recyclapak Ltd,"Unit 1, The Yard",Cradley H,West Midlands,B64 5DR,52.47503,-2.08069,Reuse ,A,,,,,,,,,,,,,,,,,,,,,
573,Social enterprise,9,Recycled UK Ltd,Cannon Business Park,Wolverham,West Midlands,WV14 8XR,52.54724,-2.08577,Reuse ,A,,,,,,,,,,,,,,,,,,,,,
573,Social enterprise,9,Recycled UK Ltd,Cannon Business Park,Wolverham,West Midlands,WV14 8XR,52.54724,-2.08577,Reuse ,A,,,,,,,,,,,,,,,,,,,,,
573,Social enterprise,9,Recycled UK Ltd,Cannon Business Park,Wolverham,West Midlands,WV14 8XR,52.54724,-2.08577,Reuse ,A,,,,,,,,,,,,,,,,,,,,,
574,Charity,1,recycling First,Unit 12A,East Loth,East Lothian,Eh33 1RD,55.94551,-2.89159,Reuse ,A,,,,,,,,,,,,,,,,,,,,,
574,Charity,1,recycling First,Unit 12A,East Loth,East Lothian,Eh33 1RD,55.94551,-2.89159,Reuse ,A,,,,,,,,,,,,,,,,,,,,,
574,Charity,1,recycling First,Unit 12A,East Loth,East Lothian,Eh33 1RD,55.94551,-2.89159,Reuse ,A,,,,,,,,,,,,,,,,,,,,,
577,Reprocessor,8,Redhill Landfill,Cormongers Lane,Redhill,Surrey,RH1 4ER,51.24528,-0.14335,Reprocessor,B,,,,,,,,,,,,,,,,,,,,,
577,Reprocessor,8,Redhill Landfill,Cormongers Lane,Redhill,Surrey,RH1 4ER,51.24528,-0.14335,Reprocessor,B,,,,,,,,,,,,,,,,,,,,,
577,Reprocessor,8,Redhill Landfill,Cormongers Lane,Redhill,Surrey,RH1 4ER,51.24528,-0.14335,Reprocessor,B,,,,,,,,,,,,,,,,,,,,,
577,Reprocessor,8,Redhill Landfill,Cormongers Lane,Redhill,Surrey,RH1 4ER,51.24528,-0.14335,Reprocessor,B,,,,,,,,,,,,,,,,,,,,,
577,Reprocessor,8,Redhill Landfill,Cormongers Lane,Redhill,Surrey,RH1 4ER,51.24528,-0.14335,Reprocessor,B,,,,,,,,,,,,,,,,,,,,,
577,Reprocessor,8,Redhill Landfill,Cormongers Lane,Redhill,Surrey,RH1 4ER,51.24528,-0.14335,Reprocessor,B,,,,,,,,,,,,,,,,,,,,,
578,Charity,1,refurb (Wyre & Fylde),Unit 2,Blackpool,Lancashire,FY7 6RS,53.91799,-3.01802,Reuse ,A,,,,,,,,,,,,,,,,,,,,,
578,Charity,1,refurb (Wyre & Fylde),Unit 2,Blackpool,Lancashire,FY7 6RS,53.91799,-3.01802,Reuse ,A,,,,,,,,,,,,,,,,,,,,,
578,Charity,1,refurb (Wyre & Fylde),Unit 2,Blackpool,Lancashire,FY7 6RS,53.91799,-3.01802,Reuse ,A,,,,,,,,,,,,,,,,,,,,,
579,Charity,1,Refurbs Flintshire,Units 1-3,Flint,Flintshire,CH6 5EX,53.25086,-3.14355,Reuse ,A,,,,,,,,,,,,,,,,,,,,,
579,Charity,1,Refurbs Flintshire,Units 1-3,Flint,Flintshire,CH6 5EX,53.25086,-3.14355,Reuse ,A,,,,,,,,,,,,,,,,,,,,,
579,Charity,1,Refurbs Flintshire,Units 1-3,Flint,Flintshire,CH6 5EX,53.25086,-3.14355,Reuse ,A,,,,,,,,,,,,,,,,,,,,,
580,Charity,1,Refurnish Crediton,Mill Street,Crediton,Devon,EX17 1EY,50.78936,-3.64858,Reuse ,A,,,,,,,,,,,,,,,,,,,,,
580,Charity,1,Refurnish Crediton,Mill Street,Crediton,Devon,EX17 1EY,50.78936,-3.64858,Reuse ,A,,,,,,,,,,,,,,,,,,,,,
580,Charity,1,Refurnish Crediton,Mill Street,Crediton,Devon,EX17 1EY,50.78936,-3.64858,Reuse ,A,,,,,,,,,,,,,,,,,,,,,
581,Charity,1,Refurnish Newton Abbot,1 Brunel Road,Newton Abbot,Devon,TQ12 4PB,50.52841,-3.59659,Reuse ,A,,,,,,,,,,,,,,,,,,,,,
581,Charity,1,Refurnish Newton Abbot,1 Brunel Road,Newton Abbot,Devon,TQ12 4PB,50.52841,-3.59659,Reuse ,A,,,,,,,,,,,,,,,,,,,,,
581,Charity,1,Refurnish Newton Abbot,1 Brunel Road,Newton Abbot,Devon,TQ12 4PB,50.52841,-3.59659,Reuse ,A,,,,,,,,,,,,,,,,,,,,,
582,Charity,1,Refurnish Tavistock,Unit B,Tavistock,Devon,PL19 9AZ,50.54501,-4.14677,Reuse ,A,,,,,,,,,,,,,,,,,,,,,
582,Charity,1,Refurnish Tavistock,Unit B,Tavistock,Devon,PL19 9AZ,50.54501,-4.14677,Reuse ,A,,,,,,,,,,,,,,,,,,,,,
582,Charity,1,Refurnish Tavistock,Unit B,Tavistock,Devon,PL19 9AZ,50.54501,-4.14677,Reuse ,A,,,,,,,,,,,,,,,,,,,,,
584,Charity,1,Renaissance Centre,7-8 Tower Street,Shropshir,Shropshire,SY8 1RL,52.36817,-2.71693,Reuse ,A,,,,,,,,,,,,,,,,,,,,,
584,Charity,1,Renaissance Centre,7-8 Tower Street,Shropshir,Shropshire,SY8 1RL,52.36817,-2.71693,Reuse ,A,,,,,,,,,,,,,,,,,,,,,
584,Charity,1,Renaissance Centre,7-8 Tower Street,Shropshir,Shropshire,SY8 1RL,52.36817,-2.71693,Reuse ,A,,,,,,,,,,,,,,,,,,,,,
585,Charity,1,Rerun Furniture Service Ltd,2 Princess Court,Hull,East Yorkshire,HU5 3QA,53.7533,-0.35994,Reuse ,A,,,,,,,,,,,,,,,,,,,,,
585,Charity,1,Rerun Furniture Service Ltd,2 Princess Court,Hull,East Yorkshire,HU5 3QA,53.7533,-0.35994,Reuse ,A,,,,,,,,,,,,,,,,,,,,,
585,Charity,1,Rerun Furniture Service Ltd,2 Princess Court,Hull,East Yorkshire,HU5 3QA,53.7533,-0.35994,Reuse ,A,,,,,,,,,,,,,,,,,,,,,
586,Recycling facility,5,Reston Waste,Waste transfer and recovery Facility,Wimbledon,London,SW19 8UG,51.4355,-0.19109,MRF,C,,,,,,,,,,,,,,,,,,,,,
586,Recycling facility,5,Reston Waste,Waste transfer and recovery Facility,Wimbledon,London,SW19 8UG,51.4355,-0.19109,MRF,C,,,,,,,,,,,,,,,,,,,,,
586,Recycling facility,5,Reston Waste,Waste transfer and recovery Facility,Wimbledon,London,SW19 8UG,51.4355,-0.19109,MRF,C,,,,,,,,,,,,,,,,,,,,,
586,Recycling facility,5,Reston Waste,Waste transfer and recovery Facility,Wimbledon,London,SW19 8UG,51.4355,-0.19109,MRF,C,,,,,,,,,,,,,,,,,,,,,
586,Recycling facility,5,Reston Waste,Waste transfer and recovery Facility,Wimbledon,London,SW19 8UG,51.4355,-0.19109,MRF,C,,,,,,,,,,,,,,,,,,,,,
586,Recycling facility,5,Reston Waste,Waste transfer and recovery Facility,Wimbledon,London,SW19 8UG,51.4355,-0.19109,MRF,C,,,,,,,,,,,,,,,,,,,,,
586,Recycling facility,5,Reston Waste,Waste transfer and recovery Facility,Wimbledon,London,SW19 8UG,51.4355,-0.19109,MRF,C,,,,,,,,,,,,,,,,,,,,,
587,Charity,1,Restore (Ben's Social Enterprise (Norwich),103 Oak Street,Norwich,Norfolk,NR3 3BP,52.6360677,1.28863,Reuse ,A,,,,,,,,,,,,,,,,,,,,,
587,Charity,1,Restore (Ben's Social Enterprise (Norwich),103 Oak Street,Norwich,Norfolk,NR3 3BP,52.6360677,1.28863,Reuse ,A,,,,,,,,,,,,,,,,,,,,,
587,Charity,1,Restore (Ben's Social Enterprise (Norwich),103 Oak Street,Norwich,Norfolk,NR3 3BP,52.6360677,1.28863,Reuse ,A,,,,,,,,,,,,,,,,,,,,,
588,Charity,1,Restore (Ben's Social Enterprise),unit 4B,Holt,Norfolk,NR25 6ES,52.9022225,1.1025202,Reuse ,A,,,,,,,,,,,,,,,,,,,,,
588,Charity,1,Restore (Ben's Social Enterprise),unit 4B,Holt,Norfolk,NR25 6ES,52.9022225,1.1025202,Reuse ,A,,,,,,,,,,,,,,,,,,,,,
588,Charity,1,Restore (Ben's Social Enterprise),unit 4B,Holt,Norfolk,NR25 6ES,52.9022225,1.1025202,Reuse ,A,,,,,,,,,,,,,,,,,,,,,
589,Charity,1,restore (east Belfast Mission),213-223 Newtownards Road,Belfast,Northern Ireland,BT4 1AD,54.5988893,-5.9021887,Reuse ,A,,,,,,,,,,,,,,,,,,,,,
589,Charity,1,restore (east Belfast Mission),213-223 Newtownards Road,Belfast,Northern Ireland,BT4 1AD,54.5988893,-5.9021887,Reuse ,A,,,,,,,,,,,,,,,,,,,,,
589,Charity,1,restore (east Belfast Mission),213-223 Newtownards Road,Belfast,Northern Ireland,BT4 1AD,54.5988893,-5.9021887,Reuse ,A,,,,,,,,,,,,,,,,,,,,,
590,Charity,1,Restore (East belfast Mission) Newtownards,142 Frances Street,Newtownards,Northern Ireland,BT23 7DY,54.592941,-5.6906591,Reuse ,A,,,,,,,,,,,,,,,,,,,,,
590,Charity,1,Restore (East belfast Mission) Newtownards,142 Frances Street,Newtownards,Northern Ireland,BT23 7DY,54.592941,-5.6906591,Reuse ,A,,,,,,,,,,,,,,,,,,,,,
590,Charity,1,Restore (East belfast Mission) Newtownards,142 Frances Street,Newtownards,Northern Ireland,BT23 7DY,54.592941,-5.6906591,Reuse ,A,,,,,,,,,,,,,,,,,,,,,
591,Charity,1,Restore (east Belfest Mission) Larne,25 Point Street,Larne,Northern Ireland,BT40 1HU,54.8578003,-5.8236224,Reuse ,A,,,,,,,,,,,,,,,,,,,,,
591,Charity,1,Restore (east Belfest Mission) Larne,25 Point Street,Larne,Northern Ireland,BT40 1HU,54.8578003,-5.8236224,Reuse ,A,,,,,,,,,,,,,,,,,,,,,
591,Charity,1,Restore (east Belfest Mission) Larne,25 Point Street,Larne,Northern Ireland,BT40 1HU,54.8578003,-5.8236224,Reuse ,A,,,,,,,,,,,,,,,,,,,,,
592,Charity,1,Restore Furniture (Acts Trust),Unit 10,Lincoln,Lincolnshire,LN3 4NT,53.2313725,-0.5051935,Reuse ,A,,,,,,,,,,,,,,,,,,,,,
592,Charity,1,Restore Furniture (Acts Trust),Unit 10,Lincoln,Lincolnshire,LN3 4NT,53.2313725,-0.5051935,Reuse ,A,,,,,,,,,,,,,,,,,,,,,
592,Charity,1,Restore Furniture (Acts Trust),Unit 10,Lincoln,Lincolnshire,LN3 4NT,53.2313725,-0.5051935,Reuse ,A,,,,,,,,,,,,,,,,,,,,,
593,Charity,1,Reuse Centre (South Shropshire Furniture Scheme),The Reuse Centre,Shrewsbury,Shropshire,SY8 1JH,52.3670208,-2.7108313,Reuse ,A,,,,,,,,,,,,,,,,,,,,,
593,Charity,1,Reuse Centre (South Shropshire Furniture Scheme),The Reuse Centre,Shrewsbury,Shropshire,SY8 1JH,52.3670208,-2.7108313,Reuse ,A,,,,,,,,,,,,,,,,,,,,,
593,Charity,1,Reuse Centre (South Shropshire Furniture Scheme),The Reuse Centre,Shrewsbury,Shropshire,SY8 1JH,52.3670208,-2.7108313,Reuse ,A,,,,,,,,,,,,,,,,,,,,,
594,Charity,1,Reviive Shrewsbury,Unit 4,Shrewsbury,Shropshire,SY1 3AB,52.7453032,-2.7387349,Reuse ,A,,,,,,,,,,,,,,,,,,,,,
594,Charity,1,Reviive Shrewsbury,Unit 4,Shrewsbury,Shropshire,SY1 3AB,52.7453032,-2.7387349,Reuse ,A,,,,,,,,,,,,,,,,,,,,,
594,Charity,1,Reviive Shrewsbury,Unit 4,Shrewsbury,Shropshire,SY1 3AB,52.7453032,-2.7387349,Reuse ,A,,,,,,,,,,,,,,,,,,,,,
595,Charity,1,Revive Leeds,The Reuse Shop,Leeds,West Yorkshire,LS14 1LU,53.8271398,-1.4615603,Reuse ,A,,,,,,,,,,,,,,,,,,,,,
595,Charity,1,Revive Leeds,The Reuse Shop,Leeds,West Yorkshire,LS14 1LU,53.8271398,-1.4615603,Reuse ,A,,,,,,,,,,,,,,,,,,,,,
595,Charity,1,Revive Leeds,The Reuse Shop,Leeds,West Yorkshire,LS14 1LU,53.8271398,-1.4615603,Reuse ,A,,,,,,,,,,,,,,,,,,,,,
596,Charity,1,Revive Oswestry,Unit 1,Shrewsbury,Shropshire,SY10 8GA,52.8436251,-3.0417289,Reuse ,A,,,,,,,,,,,,,,,,,,,,,
596,Charity,1,Revive Oswestry,Unit 1,Shrewsbury,Shropshire,SY10 8GA,52.8436251,-3.0417289,Reuse ,A,,,,,,,,,,,,,,,,,,,,,
596,Charity,1,Revive Oswestry,Unit 1,Shrewsbury,Shropshire,SY10 8GA,52.8436251,-3.0417289,Reuse ,A,,,,,,,,,,,,,,,,,,,,,
599,Charity,1,Richmond Furniture Scheme,1A Fortescue Avenue,Twickenham,Middlesex,TW2 5LS,51.43909,-0.35597,Reuse ,A,,,,,,,,,,,,,,,,,,,,,
599,Charity,1,Richmond Furniture Scheme,1A Fortescue Avenue,Twickenham,Middlesex,TW2 5LS,51.43909,-0.35597,Reuse ,A,,,,,,,,,,,,,,,,,,,,,
599,Charity,1,Richmond Furniture Scheme,1A Fortescue Avenue,Twickenham,Middlesex,TW2 5LS,51.43909,-0.35597,Reuse ,A,,,,,,,,,,,,,,,,,,,,,
603,Charity,1,Rockspring Community Centre(South Shropshire),Sandford Road,Shrewsbury,Shropshire,SY8 1SX,52.36978,-2.70516,Reuse ,A,,,,,,,,,,,,,,,,,,,,,
603,Charity,1,Rockspring Community Centre(South Shropshire),Sandford Road,Shrewsbury,Shropshire,SY8 1SX,52.36978,-2.70516,Reuse ,A,,,,,,,,,,,,,,,,,,,,,
603,Charity,1,Rockspring Community Centre(South Shropshire),Sandford Road,Shrewsbury,Shropshire,SY8 1SX,52.36978,-2.70516,Reuse ,A,,,,,,,,,,,,,,,,,,,,,
604,Recycling facility,5,Ron Hull,Mangham Road,Rotherham ,South Yorkshire,S62 6EF,53.44856,-1.35268,MRF,C,,,,,,,,,,,,,,,,,,,,,
604,Recycling facility,5,Ron Hull,Mangham Road,Rotherham ,South Yorkshire,S62 6EF,53.44856,-1.35268,MRF,C,,,,,,,,,,,,,,,,,,,,,
604,Recycling facility,5,Ron Hull,Mangham Road,Rotherham ,South Yorkshire,S62 6EF,53.44856,-1.35268,MRF,C,,,,,,,,,,,,,,,,,,,,,
604,Recycling facility,5,Ron Hull,Mangham Road,Rotherham ,South Yorkshire,S62 6EF,53.44856,-1.35268,MRF,C,,,,,,,,,,,,,,,,,,,,,
604,Recycling facility,5,Ron Hull,Mangham Road,Rotherham ,South Yorkshire,S62 6EF,53.44856,-1.35268,MRF,C,,,,,,,,,,,,,,,,,,,,,
604,Recycling facility,5,Ron Hull,Mangham Road,Rotherham ,South Yorkshire,S62 6EF,53.44856,-1.35268,MRF,C,,,,,,,,,,,,,,,,,,,,,
604,Recycling facility,5,Ron Hull,Mangham Road,Rotherham ,South Yorkshire,S62 6EF,53.44856,-1.35268,MRF,C,,,,,,,,,,,,,,,,,,,,,
621,Charity,1,Scouts - 12th Hampstead,"12th Hampstead, St Paul's School",Primrose Hill,London,NW3 3DS,51.54138,-0.16372,Reuse ,A,,,,,,,,,,,,,,,,,,,,,
621,Charity,1,Scouts - 12th Hampstead,"12th Hampstead, St Paul's School",Primrose Hill,London,NW3 3DS,51.54138,-0.16372,Reuse ,A,,,,,,,,,,,,,,,,,,,,,
621,Charity,1,Scouts - 12th Hampstead,"12th Hampstead, St Paul's School",Primrose Hill,London,NW3 3DS,51.54138,-0.16372,Reuse ,A,,,,,,,,,,,,,,,,,,,,,
622,Charity,1,Scouts- 14th Cambridge,14th Cambridge (St. Lukes),Cambridge,Cambridgeshire,CB4 3DZ,52.21579,0.11637,Reuse ,A,,,,,,,,,,,,,,,,,,,,,
622,Charity,1,Scouts- 14th Cambridge,14th Cambridge (St. Lukes),Cambridge,Cambridgeshire,CB4 3DZ,52.21579,0.11637,Reuse ,A,,,,,,,,,,,,,,,,,,,,,
622,Charity,1,Scouts- 14th Cambridge,14th Cambridge (St. Lukes),Cambridge,Cambridgeshire,CB4 3DZ,52.21579,0.11637,Reuse ,A,,,,,,,,,,,,,,,,,,,,,
623,Charity,1,Scouts- 15th St Pancras,15th St Pancras,Camden,London,NW1 1LE,51.5296,-0.13167,Reuse ,A,,,,,,,,,,,,,,,,,,,,,
623,Charity,1,Scouts- 15th St Pancras,15th St Pancras,Camden,London,NW1 1LE,51.5296,-0.13167,Reuse ,A,,,,,,,,,,,,,,,,,,,,,
623,Charity,1,Scouts- 15th St Pancras,15th St Pancras,Camden,London,NW1 1LE,51.5296,-0.13167,Reuse ,A,,,,,,,,,,,,,,,,,,,,,
624,Charity,1,Scouts- 16th Battersea Sea Scout Group,16th Battersea Sea Scout Group,Battersea,London,SW11 5QS,51.46967,-0.15415,Reuse ,A,,,,,,,,,,,,,,,,,,,,,
624,Charity,1,Scouts- 16th Battersea Sea Scout Group,16th Battersea Sea Scout Group,Battersea,London,SW11 5QS,51.46967,-0.15415,Reuse ,A,,,,,,,,,,,,,,,,,,,,,
624,Charity,1,Scouts- 16th Battersea Sea Scout Group,16th Battersea Sea Scout Group,Battersea,London,SW11 5QS,51.46967,-0.15415,Reuse ,A,,,,,,,,,,,,,,,,,,,,,
626,Charity,1,Scouts- 18th Bristol,18th Bristol 1st Redland Green,Bristol,Avon,BS6 6BQ,51.46665,-2.6014,Reuse ,A,,,,,,,,,,,,,,,,,,,,,
626,Charity,1,Scouts- 18th Bristol,18th Bristol 1st Redland Green,Bristol,Avon,BS6 6BQ,51.46665,-2.6014,Reuse ,A,,,,,,,,,,,,,,,,,,,,,
626,Charity,1,Scouts- 18th Bristol,18th Bristol 1st Redland Green,Bristol,Avon,BS6 6BQ,51.46665,-2.6014,Reuse ,A,,,,,,,,,,,,,,,,,,,,,
627,Charity,1,Scouts- 1st Islington (Acorns),1st Islington Acorns Scout Group,Clerkenwell,London,EC1R 0EA,51.52335,-0.10543,Reuse ,A,,,,,,,,,,,,,,,,,,,,,
627,Charity,1,Scouts- 1st Islington (Acorns),1st Islington Acorns Scout Group,Clerkenwell,London,EC1R 0EA,51.52335,-0.10543,Reuse ,A,,,,,,,,,,,,,,,,,,,,,
627,Charity,1,Scouts- 1st Islington (Acorns),1st Islington Acorns Scout Group,Clerkenwell,London,EC1R 0EA,51.52335,-0.10543,Reuse ,A,,,,,,,,,,,,,,,,,,,,,
628,Charity,1,Scouts- 1st Stockwell Park,1st Stockwell Park,Wimbledon,London,SW9 0AL,51.47387,-0.12003,Reuse ,A,,,,,,,,,,,,,,,,,,,,,
628,Charity,1,Scouts- 1st Stockwell Park,1st Stockwell Park,Wimbledon,London,SW9 0AL,51.47387,-0.12003,Reuse ,A,,,,,,,,,,,,,,,,,,,,,
628,Charity,1,Scouts- 1st Stockwell Park,1st Stockwell Park,Wimbledon,London,SW9 0AL,51.47387,-0.12003,Reuse ,A,,,,,,,,,,,,,,,,,,,,,
629,Charity,1,Scouts- 1st Sywell,1st Sywell Air Scout Group,Northampton,Northamptonshire,NN6 0BN,52.30125,-0.79066,Reuse ,A,,,,,,,,,,,,,,,,,,,,,
629,Charity,1,Scouts- 1st Sywell,1st Sywell Air Scout Group,Northampton,Northamptonshire,NN6 0BN,52.30125,-0.79066,Reuse ,A,,,,,,,,,,,,,,,,,,,,,
629,Charity,1,Scouts- 1st Sywell,1st Sywell Air Scout Group,Northampton,Northamptonshire,NN6 0BN,52.30125,-0.79066,Reuse ,A,,,,,,,,,,,,,,,,,,,,,
630,Charity,1,Scouts- 20th Bermondsey,20th Bermondsey,Bermondsey,London,SE1 3DQ,51.49865,-0.07845,Reuse ,A,,,,,,,,,,,,,,,,,,,,,
630,Charity,1,Scouts- 20th Bermondsey,20th Bermondsey,Bermondsey,London,SE1 3DQ,51.49865,-0.07845,Reuse ,A,,,,,,,,,,,,,,,,,,,,,
630,Charity,1,Scouts- 20th Bermondsey,20th Bermondsey,Bermondsey,London,SE1 3DQ,51.49865,-0.07845,Reuse ,A,,,,,,,,,,,,,,,,,,,,,
631,Charity,1,Scouts- 29th Norwich,29th Norfolk (St Peter Mancroft),Norwich,Norfolk,NR2 1QZ,52.62676,1.29049,Reuse ,A,,,,,,,,,,,,,,,,,,,,,
631,Charity,1,Scouts- 29th Norwich,29th Norfolk (St Peter Mancroft),Norwich,Norfolk,NR2 1QZ,52.62676,1.29049,Reuse ,A,,,,,,,,,,,,,,,,,,,,,
631,Charity,1,Scouts- 29th Norwich,29th Norfolk (St Peter Mancroft),Norwich,Norfolk,NR2 1QZ,52.62676,1.29049,Reuse ,A,,,,,,,,,,,,,,,,,,,,,
632,Charity,1,Scouts- 30th Southwark,30th Southwark,Elephant & Castle,London,SE17 3DT,51.48633,-0.09915,Reuse ,A,,,,,,,,,,,,,,,,,,,,,
632,Charity,1,Scouts- 30th Southwark,30th Southwark,Elephant & Castle,London,SE17 3DT,51.48633,-0.09915,Reuse ,A,,,,,,,,,,,,,,,,,,,,,
632,Charity,1,Scouts- 30th Southwark,30th Southwark,Elephant & Castle,London,SE17 3DT,51.48633,-0.09915,Reuse ,A,,,,,,,,,,,,,,,,,,,,,
633,Charity,1,Scouts- 36th/51st Coventry,36th/51st Coventry (Hearsall),Coventry,West Midlands,CV5 8FE,52.40599,-1.53628,Reuse ,A,,,,,,,,,,,,,,,,,,,,,
633,Charity,1,Scouts- 36th/51st Coventry,36th/51st Coventry (Hearsall),Coventry,West Midlands,CV5 8FE,52.40599,-1.53628,Reuse ,A,,,,,,,,,,,,,,,,,,,,,
633,Charity,1,Scouts- 36th/51st Coventry,36th/51st Coventry (Hearsall),Coventry,West Midlands,CV5 8FE,52.40599,-1.53628,Reuse ,A,,,,,,,,,,,,,,,,,,,,,
634,Charity,1,Scouts- 4th Kensington,4th Kensington (The Oratory),Knighstbridge,London,SW7 2RP,51.49747,-0.16983,Reuse ,A,,,,,,,,,,,,,,,,,,,,,
634,Charity,1,Scouts- 4th Kensington,4th Kensington (The Oratory),Knighstbridge,London,SW7 2RP,51.49747,-0.16983,Reuse ,A,,,,,,,,,,,,,,,,,,,,,
634,Charity,1,Scouts- 4th Kensington,4th Kensington (The Oratory),Knighstbridge,London,SW7 2RP,51.49747,-0.16983,Reuse ,A,,,,,,,,,,,,,,,,,,,,,
635,Charity,1,Scouts- 58th Reading,58th Reading (St Mary's),Reading,Berkshire,RG1 6JT,51.44824,-0.9776,Reuse ,A,,,,,,,,,,,,,,,,,,,,,
635,Charity,1,Scouts- 58th Reading,58th Reading (St Mary's),Reading,Berkshire,RG1 6JT,51.44824,-0.9776,Reuse ,A,,,,,,,,,,,,,,,,,,,,,
635,Charity,1,Scouts- 58th Reading,58th Reading (St Mary's),Reading,Berkshire,RG1 6JT,51.44824,-0.9776,Reuse ,A,,,,,,,,,,,,,,,,,,,,,
636,Charity,1,Scouts- 5th Northampton,5th Northampton (St. Mary's R.C.),Northampton,Northamptonshire,NN2 6AW,52.24746,-0.89936,Reuse ,A,,,,,,,,,,,,,,,,,,,,,
636,Charity,1,Scouts- 5th Northampton,5th Northampton (St. Mary's R.C.),Northampton,Northamptonshire,NN2 6AW,52.24746,-0.89936,Reuse ,A,,,,,,,,,,,,,,,,,,,,,
636,Charity,1,Scouts- 5th Northampton,5th Northampton (St. Mary's R.C.),Northampton,Northamptonshire,NN2 6AW,52.24746,-0.89936,Reuse ,A,,,,,,,,,,,,,,,,,,,,,
637,Charity,1,Scouts- 5th Paddington,5th Paddington (St Saviour's),Maida Hill,Middlesex,W2 5TF,51.52246,-0.18928,Reuse ,A,,,,,,,,,,,,,,,,,,,,,
637,Charity,1,Scouts- 5th Paddington,5th Paddington (St Saviour's),Maida Hill,Middlesex,W2 5TF,51.52246,-0.18928,Reuse ,A,,,,,,,,,,,,,,,,,,,,,
637,Charity,1,Scouts- 5th Paddington,5th Paddington (St Saviour's),Maida Hill,Middlesex,W2 5TF,51.52246,-0.18928,Reuse ,A,,,,,,,,,,,,,,,,,,,,,
638,Charity,1,Scouts- 9th Chelsea,9th Chelsea (St Lukes Church),Kensington & Chelsea,London,SW3 3QA,51.4912,-0.16983,Reuse ,A,,,,,,,,,,,,,,,,,,,,,
638,Charity,1,Scouts- 9th Chelsea,9th Chelsea (St Lukes Church),Kensington & Chelsea,London,SW3 3QA,51.4912,-0.16983,Reuse ,A,,,,,,,,,,,,,,,,,,,,,
638,Charity,1,Scouts- 9th Chelsea,9th Chelsea (St Lukes Church),Kensington & Chelsea,London,SW3 3QA,51.4912,-0.16983,Reuse ,A,,,,,,,,,,,,,,,,,,,,,
639,Charity,1,Scouts- Blackpool,11th Blackpool Raikes Parade Methodist,Blackpool,Lancashire,FY3 8BT,53.81909,-3.03578,Reuse ,A,,,,,,,,,,,,,,,,,,,,,
639,Charity,1,Scouts- Blackpool,11th Blackpool Raikes Parade Methodist,Blackpool,Lancashire,FY3 8BT,53.81909,-3.03578,Reuse ,A,,,,,,,,,,,,,,,,,,,,,
639,Charity,1,Scouts- Blackpool,11th Blackpool Raikes Parade Methodist,Blackpool,Lancashire,FY3 8BT,53.81909,-3.03578,Reuse ,A,,,,,,,,,,,,,,,,,,,,,
641,Charity,1,Scouts- East London,"8th East London, LMC Scout Group",Tower Hamlets,London,E1 1JX,51.51732,-0.06593,Reuse ,A,,,,,,,,,,,,,,,,,,,,,
641,Charity,1,Scouts- East London,"8th East London, LMC Scout Group",Tower Hamlets,London,E1 1JX,51.51732,-0.06593,Reuse ,A,,,,,,,,,,,,,,,,,,,,,
641,Charity,1,Scouts- East London,"8th East London, LMC Scout Group",Tower Hamlets,London,E1 1JX,51.51732,-0.06593,Reuse ,A,,,,,,,,,,,,,,,,,,,,,
642,Charity,1,Scouts- Exeter,19th Exeter Sea Scouts,Exeter,Devon,EX2 4AP,50.71741,-3.52876,Reuse ,A,,,,,,,,,,,,,,,,,,,,,
642,Charity,1,Scouts- Exeter,19th Exeter Sea Scouts,Exeter,Devon,EX2 4AP,50.71741,-3.52876,Reuse ,A,,,,,,,,,,,,,,,,,,,,,
642,Charity,1,Scouts- Exeter,19th Exeter Sea Scouts,Exeter,Devon,EX2 4AP,50.71741,-3.52876,Reuse ,A,,,,,,,,,,,,,,,,,,,,,
643,Charity,1,Scouts- LGM Scout Group,LGM Scout Group,Leeds,West Yorkshire,LS6 1SN,53.80652,-1.56804,Reuse ,A,,,,,,,,,,,,,,,,,,,,,
643,Charity,1,Scouts- LGM Scout Group,LGM Scout Group,Leeds,West Yorkshire,LS6 1SN,53.80652,-1.56804,Reuse ,A,,,,,,,,,,,,,,,,,,,,,
643,Charity,1,Scouts- LGM Scout Group,LGM Scout Group,Leeds,West Yorkshire,LS6 1SN,53.80652,-1.56804,Reuse ,A,,,,,,,,,,,,,,,,,,,,,
644,Charity,1,Scouts- Liverpool,8th Wallasey (Pioneers),Wallasey,Merseyside,CH44 6LN,53.41261,-3.02569,Reuse ,A,,,,,,,,,,,,,,,,,,,,,
644,Charity,1,Scouts- Liverpool,8th Wallasey (Pioneers),Wallasey,Merseyside,CH44 6LN,53.41261,-3.02569,Reuse ,A,,,,,,,,,,,,,,,,,,,,,
644,Charity,1,Scouts- Liverpool,8th Wallasey (Pioneers),Wallasey,Merseyside,CH44 6LN,53.41261,-3.02569,Reuse ,A,,,,,,,,,,,,,,,,,,,,,
645,Charity,1,Scouts- Manchester,465th Manchester (Ardwick),Manchester,Greater Manchester,M13 9UB,53.47162,-2.2321,Reuse ,A,,,,,,,,,,,,,,,,,,,,,
645,Charity,1,Scouts- Manchester,465th Manchester (Ardwick),Manchester,Greater Manchester,M13 9UB,53.47162,-2.2321,Reuse ,A,,,,,,,,,,,,,,,,,,,,,
645,Charity,1,Scouts- Manchester,465th Manchester (Ardwick),Manchester,Greater Manchester,M13 9UB,53.47162,-2.2321,Reuse ,A,,,,,,,,,,,,,,,,,,,,,
646,Charity,1,Scouts- Marylebone,11th St Marylebone,Westminster,London,W1H 1DL,51.52029,-0.16198,Reuse ,A,,,,,,,,,,,,,,,,,,,,,
646,Charity,1,Scouts- Marylebone,11th St Marylebone,Westminster,London,W1H 1DL,51.52029,-0.16198,Reuse ,A,,,,,,,,,,,,,,,,,,,,,
646,Charity,1,Scouts- Marylebone,11th St Marylebone,Westminster,London,W1H 1DL,51.52029,-0.16198,Reuse ,A,,,,,,,,,,,,,,,,,,,,,
647,Charity,1,Scouts- Moulton,38th Northampton (Moulton),Northampton,Northamptonshire,NN3 7SA,52.2878,-0.85432,Reuse ,A,,,,,,,,,,,,,,,,,,,,,
647,Charity,1,Scouts- Moulton,38th Northampton (Moulton),Northampton,Northamptonshire,NN3 7SA,52.2878,-0.85432,Reuse ,A,,,,,,,,,,,,,,,,,,,,,
647,Charity,1,Scouts- Moulton,38th Northampton (Moulton),Northampton,Northamptonshire,NN3 7SA,52.2878,-0.85432,Reuse ,A,,,,,,,,,,,,,,,,,,,,,
648,Charity,1,Scouts- North and Central Lambeth,75th North and Central Lambeth,Lambeth,London,SE1 7DQ,51.49599,-0.11278,Reuse ,A,,,,,,,,,,,,,,,,,,,,,
648,Charity,1,Scouts- North and Central Lambeth,75th North and Central Lambeth,Lambeth,London,SE1 7DQ,51.49599,-0.11278,Reuse ,A,,,,,,,,,,,,,,,,,,,,,
648,Charity,1,Scouts- North and Central Lambeth,75th North and Central Lambeth,Lambeth,London,SE1 7DQ,51.49599,-0.11278,Reuse ,A,,,,,,,,,,,,,,,,,,,,,
649,Charity,1,Scouts- Nottingham,34th Nottingham (Nottingham High School),Nottingham,Nottinghamshire,NG7 4ED,52.96249,-1.15982,Reuse ,A,,,,,,,,,,,,,,,,,,,,,
649,Charity,1,Scouts- Nottingham,34th Nottingham (Nottingham High School),Nottingham,Nottinghamshire,NG7 4ED,52.96249,-1.15982,Reuse ,A,,,,,,,,,,,,,,,,,,,,,
649,Charity,1,Scouts- Nottingham,34th Nottingham (Nottingham High School),Nottingham,Nottinghamshire,NG7 4ED,52.96249,-1.15982,Reuse ,A,,,,,,,,,,,,,,,,,,,,,
650,Charity,1,Scouts- Overstone,46th Northampton (Overstone),Northampton,Northamptonshire,NN6 0AF,52.27506,-0.81505,Reuse ,A,,,,,,,,,,,,,,,,,,,,,
650,Charity,1,Scouts- Overstone,46th Northampton (Overstone),Northampton,Northamptonshire,NN6 0AF,52.27506,-0.81505,Reuse ,A,,,,,,,,,,,,,,,,,,,,,
650,Charity,1,Scouts- Overstone,46th Northampton (Overstone),Northampton,Northamptonshire,NN6 0AF,52.27506,-0.81505,Reuse ,A,,,,,,,,,,,,,,,,,,,,,
651,Charity,1,Scouts- Oxford,54th Oxford (Ansar) Scout Group,Oxford,Oxfordshire,OX4 1XS,51.7477,-1.23424,Reuse ,A,,,,,,,,,,,,,,,,,,,,,
651,Charity,1,Scouts- Oxford,54th Oxford (Ansar) Scout Group,Oxford,Oxfordshire,OX4 1XS,51.7477,-1.23424,Reuse ,A,,,,,,,,,,,,,,,,,,,,,
651,Charity,1,Scouts- Oxford,54th Oxford (Ansar) Scout Group,Oxford,Oxfordshire,OX4 1XS,51.7477,-1.23424,Reuse ,A,,,,,,,,,,,,,,,,,,,,,
652,Charity,1,Scouts- South Lambeth,3rd South Lambeth (Mayor's Own),Lambeth,London,SE11 6PX,51.49275,-0.11496,Reuse ,A,,,,,,,,,,,,,,,,,,,,,
652,Charity,1,Scouts- South Lambeth,3rd South Lambeth (Mayor's Own),Lambeth,London,SE11 6PX,51.49275,-0.11496,Reuse ,A,,,,,,,,,,,,,,,,,,,,,
652,Charity,1,Scouts- South Lambeth,3rd South Lambeth (Mayor's Own),Lambeth,London,SE11 6PX,51.49275,-0.11496,Reuse ,A,,,,,,,,,,,,,,,,,,,,,
655,Charity,1,Second Chance Furniture,Unit G,Weymouth,Dorset,DT4 9DN,50.60692,-2.48961,Reuse ,A,,,,,,,,,,,,,,,,,,,,,
655,Charity,1,Second Chance Furniture,Unit G,Weymouth,Dorset,DT4 9DN,50.60692,-2.48961,Reuse ,A,,,,,,,,,,,,,,,,,,,,,
655,Charity,1,Second Chance Furniture,Unit G,Weymouth,Dorset,DT4 9DN,50.60692,-2.48961,Reuse ,A,,,,,,,,,,,,,,,,,,,,,
656,Charity,1,Second Opportunities,33 Dougrie Drive,Glasgow,Lanarkshire,G45 9AD,55.80716,-4.23479,Reuse ,A,,,,,,,,,,,,,,,,,,,,,
656,Charity,1,Second Opportunities,33 Dougrie Drive,Glasgow,Lanarkshire,G45 9AD,55.80716,-4.23479,Reuse ,A,,,,,,,,,,,,,,,,,,,,,
656,Charity,1,Second Opportunities,33 Dougrie Drive,Glasgow,Lanarkshire,G45 9AD,55.80716,-4.23479,Reuse ,A,,,,,,,,,,,,,,,,,,,,,
657,Charity,1,Second Opportunities (Glasgow),302 Broomloan Road,Glasgow,Glasgow,G51 2JQ,55.85558,-4.31195,Reuse ,A,,,,,,,,,,,,,,,,,,,,,
657,Charity,1,Second Opportunities (Glasgow),302 Broomloan Road,Glasgow,Glasgow,G51 2JQ,55.85558,-4.31195,Reuse ,A,,,,,,,,,,,,,,,,,,,,,
657,Charity,1,Second Opportunities (Glasgow),302 Broomloan Road,Glasgow,Glasgow,G51 2JQ,55.85558,-4.31195,Reuse ,A,,,,,,,,,,,,,,,,,,,,,
658,Charity,1,Shard End Youth Centre,10 Brownfield Road,Birmingham City,West Midlands,B34 7HY,52.49992,-1.76696,Reuse ,A,,,,,,,,,,,,,,,,,,,,,
658,Charity,1,Shard End Youth Centre,10 Brownfield Road,Birmingham City,West Midlands,B34 7HY,52.49992,-1.76696,Reuse ,A,,,,,,,,,,,,,,,,,,,,,
658,Charity,1,Shard End Youth Centre,10 Brownfield Road,Birmingham City,West Midlands,B34 7HY,52.49992,-1.76696,Reuse ,A,,,,,,,,,,,,,,,,,,,,,
659,Recycling facility,5,Sharp Skips,Unit 6 Albright Industrial Estate,Romford,Essex,Rm13 9BU,51.51563,0.1835,MRF,C,,,,,,,,,,,,,,,,,,,,,
659,Recycling facility,5,Sharp Skips,Unit 6 Albright Industrial Estate,Romford,Essex,Rm13 9BU,51.51563,0.1835,MRF,C,,,,,,,,,,,,,,,,,,,,,
659,Recycling facility,5,Sharp Skips,Unit 6 Albright Industrial Estate,Romford,Essex,Rm13 9BU,51.51563,0.1835,MRF,C,,,,,,,,,,,,,,,,,,,,,
659,Recycling facility,5,Sharp Skips,Unit 6 Albright Industrial Estate,Romford,Essex,Rm13 9BU,51.51563,0.1835,MRF,C,,,,,,,,,,,,,,,,,,,,,
659,Recycling facility,5,Sharp Skips,Unit 6 Albright Industrial Estate,Romford,Essex,Rm13 9BU,51.51563,0.1835,MRF,C,,,,,,,,,,,,,,,,,,,,,
659,Recycling facility,5,Sharp Skips,Unit 6 Albright Industrial Estate,Romford,Essex,Rm13 9BU,51.51563,0.1835,MRF,C,,,,,,,,,,,,,,,,,,,,,
659,Recycling facility,5,Sharp Skips,Unit 6 Albright Industrial Estate,Romford,Essex,Rm13 9BU,51.51563,0.1835,MRF,C,,,,,,,,,,,,,,,,,,,,,
660,Charity,1,Shelter - Aberdeen,179 George Street,Aberdeen,Aberdeenshire,AB25 1HX,57.15038,-2.10211,Reuse ,A,,,,,,,,,,,,,,,,,,,,,
660,Charity,1,Shelter - Aberdeen,179 George Street,Aberdeen,Aberdeenshire,AB25 1HX,57.15038,-2.10211,Reuse ,A,,,,,,,,,,,,,,,,,,,,,
660,Charity,1,Shelter - Aberdeen,179 George Street,Aberdeen,Aberdeenshire,AB25 1HX,57.15038,-2.10211,Reuse ,A,,,,,,,,,,,,,,,,,,,,,
661,Charity,1,Shelter - Alton,51 High Street,Alton,Hampshire,Gu34 1AW,51.1489,-0.97516,Reuse ,A,,,,,,,,,,,,,,,,,,,,,
661,Charity,1,Shelter - Alton,51 High Street,Alton,Hampshire,Gu34 1AW,51.1489,-0.97516,Reuse ,A,,,,,,,,,,,,,,,,,,,,,
661,Charity,1,Shelter - Alton,51 High Street,Alton,Hampshire,Gu34 1AW,51.1489,-0.97516,Reuse ,A,,,,,,,,,,,,,,,,,,,,,
662,Charity,1,Shelter - Arbroath,160 High Street,Arbroath,Angus,DD11 1HW,56.56024,-2.58216,Reuse ,A,,,,,,,,,,,,,,,,,,,,,
662,Charity,1,Shelter - Arbroath,160 High Street,Arbroath,Angus,DD11 1HW,56.56024,-2.58216,Reuse ,A,,,,,,,,,,,,,,,,,,,,,
662,Charity,1,Shelter - Arbroath,160 High Street,Arbroath,Angus,DD11 1HW,56.56024,-2.58216,Reuse ,A,,,,,,,,,,,,,,,,,,,,,
663,Charity,1,Shelter - Ayr,111 High Street,Ayr,Ayrshire,KA7 1QL,55.46267,-4.6305,Reuse ,A,,,,,,,,,,,,,,,,,,,,,
663,Charity,1,Shelter - Ayr,111 High Street,Ayr,Ayrshire,KA7 1QL,55.46267,-4.6305,Reuse ,A,,,,,,,,,,,,,,,,,,,,,
663,Charity,1,Shelter - Ayr,111 High Street,Ayr,Ayrshire,KA7 1QL,55.46267,-4.6305,Reuse ,A,,,,,,,,,,,,,,,,,,,,,
664,Charity,1,Shelter - Batley,29 Commercial Street,Wakefield,West Yorkshire,WF17 5EP,53.7131,-1.63089,Reuse ,A,,,,,,,,,,,,,,,,,,,,,
664,Charity,1,Shelter - Batley,29 Commercial Street,Wakefield,West Yorkshire,WF17 5EP,53.7131,-1.63089,Reuse ,A,,,,,,,,,,,,,,,,,,,,,
664,Charity,1,Shelter - Batley,29 Commercial Street,Wakefield,West Yorkshire,WF17 5EP,53.7131,-1.63089,Reuse ,A,,,,,,,,,,,,,,,,,,,,,
665,Charity,1,Shelter - Birmingham,193/197 High Street,Birmingham City,West Midlands,B23 6SY,52.52342,-1.84028,Reuse ,A,,,,,,,,,,,,,,,,,,,,,
665,Charity,1,Shelter - Birmingham,193/197 High Street,Birmingham City,West Midlands,B23 6SY,52.52342,-1.84028,Reuse ,A,,,,,,,,,,,,,,,,,,,,,
665,Charity,1,Shelter - Birmingham,193/197 High Street,Birmingham City,West Midlands,B23 6SY,52.52342,-1.84028,Reuse ,A,,,,,,,,,,,,,,,,,,,,,
666,Charity,1,Shelter - Bolton,36 Great Moor Street,Bolton,Greater Manchester,BL1 1NJ,53.57666,-2.42836,Reuse ,A,,,,,,,,,,,,,,,,,,,,,
666,Charity,1,Shelter - Bolton,36 Great Moor Street,Bolton,Greater Manchester,BL1 1NJ,53.57666,-2.42836,Reuse ,A,,,,,,,,,,,,,,,,,,,,,
666,Charity,1,Shelter - Bolton,36 Great Moor Street,Bolton,Greater Manchester,BL1 1NJ,53.57666,-2.42836,Reuse ,A,,,,,,,,,,,,,,,,,,,,,
667,Charity,1,Shelter - Brighton,93 Western Road,Brighton,West Sussex,BN1 2LB,50.82459,-0.15179,Reuse ,A,,,,,,,,,,,,,,,,,,,,,
667,Charity,1,Shelter - Brighton,93 Western Road,Brighton,West Sussex,BN1 2LB,50.82459,-0.15179,Reuse ,A,,,,,,,,,,,,,,,,,,,,,
667,Charity,1,Shelter - Brighton,93 Western Road,Brighton,West Sussex,BN1 2LB,50.82459,-0.15179,Reuse ,A,,,,,,,,,,,,,,,,,,,,,
668,Charity,1,Shelter - Bristol Clifton,12 Regent Street,Bristol,Avon,BS8 4HG,51.45427,-2.61809,Reuse ,A,,,,,,,,,,,,,,,,,,,,,
668,Charity,1,Shelter - Bristol Clifton,12 Regent Street,Bristol,Avon,BS8 4HG,51.45427,-2.61809,Reuse ,A,,,,,,,,,,,,,,,,,,,,,
668,Charity,1,Shelter - Bristol Clifton,12 Regent Street,Bristol,Avon,BS8 4HG,51.45427,-2.61809,Reuse ,A,,,,,,,,,,,,,,,,,,,,,
669,Charity,1,Shelter - Bristol Promenade,3-4 The Promenade,Bristol,Avon,BS7 8AL,51.47199,-2.5923,Reuse ,A,,,,,,,,,,,,,,,,,,,,,
669,Charity,1,Shelter - Bristol Promenade,3-4 The Promenade,Bristol,Avon,BS7 8AL,51.47199,-2.5923,Reuse ,A,,,,,,,,,,,,,,,,,,,,,
669,Charity,1,Shelter - Bristol Promenade,3-4 The Promenade,Bristol,Avon,BS7 8AL,51.47199,-2.5923,Reuse ,A,,,,,,,,,,,,,,,,,,,,,
670,Charity,1,Shelter - Broughty Ferry,215 Brook Street,Dundee,Angus,DD5 2AG,56.4673,-2.87465,Reuse ,A,,,,,,,,,,,,,,,,,,,,,
670,Charity,1,Shelter - Broughty Ferry,215 Brook Street,Dundee,Angus,DD5 2AG,56.4673,-2.87465,Reuse ,A,,,,,,,,,,,,,,,,,,,,,
670,Charity,1,Shelter - Broughty Ferry,215 Brook Street,Dundee,Angus,DD5 2AG,56.4673,-2.87465,Reuse ,A,,,,,,,,,,,,,,,,,,,,,
671,Charity,1,Shelter - Canterbury,51/52 Northgate,Canterbury,Kent,CT1 1BE,51.2832,1.08471,Reuse ,A,,,,,,,,,,,,,,,,,,,,,
671,Charity,1,Shelter - Canterbury,51/52 Northgate,Canterbury,Kent,CT1 1BE,51.2832,1.08471,Reuse ,A,,,,,,,,,,,,,,,,,,,,,
671,Charity,1,Shelter - Canterbury,51/52 Northgate,Canterbury,Kent,CT1 1BE,51.2832,1.08471,Reuse ,A,,,,,,,,,,,,,,,,,,,,,
672,Charity,1,Shelter - Carlisle,26-28 Scotch Street,Carlisle,Cumbria,CA3 8PX,54.89617,-2.93577,Reuse ,A,,,,,,,,,,,,,,,,,,,,,
672,Charity,1,Shelter - Carlisle,26-28 Scotch Street,Carlisle,Cumbria,CA3 8PX,54.89617,-2.93577,Reuse ,A,,,,,,,,,,,,,,,,,,,,,
672,Charity,1,Shelter - Carlisle,26-28 Scotch Street,Carlisle,Cumbria,CA3 8PX,54.89617,-2.93577,Reuse ,A,,,,,,,,,,,,,,,,,,,,,
673,Charity,1,Shelter - Clitheroe,15 Moor Lane,Clitheroe,Lancashire,BB7 1BE,53.87041,-2.39177,Reuse ,A,,,,,,,,,,,,,,,,,,,,,
673,Charity,1,Shelter - Clitheroe,15 Moor Lane,Clitheroe,Lancashire,BB7 1BE,53.87041,-2.39177,Reuse ,A,,,,,,,,,,,,,,,,,,,,,
673,Charity,1,Shelter - Clitheroe,15 Moor Lane,Clitheroe,Lancashire,BB7 1BE,53.87041,-2.39177,Reuse ,A,,,,,,,,,,,,,,,,,,,,,
674,Charity,1,Shelter - Clydebank,Clyde Shopping centre,Dunbarton,Dunbartonshire,G81 1EA,55.9019,-4.40473,Reuse ,A,,,,,,,,,,,,,,,,,,,,,
674,Charity,1,Shelter - Clydebank,Clyde Shopping centre,Dunbarton,Dunbartonshire,G81 1EA,55.9019,-4.40473,Reuse ,A,,,,,,,,,,,,,,,,,,,,,
674,Charity,1,Shelter - Clydebank,Clyde Shopping centre,Dunbarton,Dunbartonshire,G81 1EA,55.9019,-4.40473,Reuse ,A,,,,,,,,,,,,,,,,,,,,,
675,Charity,1,Shelter - Derby,105 St peters Street,Derby,Derby,DE1 2AD,52.91954,-1.47496,Reuse ,A,,,,,,,,,,,,,,,,,,,,,
675,Charity,1,Shelter - Derby,105 St peters Street,Derby,Derby,DE1 2AD,52.91954,-1.47496,Reuse ,A,,,,,,,,,,,,,,,,,,,,,
675,Charity,1,Shelter - Derby,105 St peters Street,Derby,Derby,DE1 2AD,52.91954,-1.47496,Reuse ,A,,,,,,,,,,,,,,,,,,,,,
676,Charity,1,Shelter - Dumfries,197 High Street,Dumfries,Dumfriesshire,DG1 2QT,55.06908,-3.61148,Reuse ,A,,,,,,,,,,,,,,,,,,,,,
676,Charity,1,Shelter - Dumfries,197 High Street,Dumfries,Dumfriesshire,DG1 2QT,55.06908,-3.61148,Reuse ,A,,,,,,,,,,,,,,,,,,,,,
676,Charity,1,Shelter - Dumfries,197 High Street,Dumfries,Dumfriesshire,DG1 2QT,55.06908,-3.61148,Reuse ,A,,,,,,,,,,,,,,,,,,,,,
677,Charity,1,Shelter - Eastbourne,58 Terminus Road,Brighton,West Sussex,BN21 3LX,50.7686,0.28243,Reuse ,A,,,,,,,,,,,,,,,,,,,,,
677,Charity,1,Shelter - Eastbourne,58 Terminus Road,Brighton,West Sussex,BN21 3LX,50.7686,0.28243,Reuse ,A,,,,,,,,,,,,,,,,,,,,,
677,Charity,1,Shelter - Eastbourne,58 Terminus Road,Brighton,West Sussex,BN21 3LX,50.7686,0.28243,Reuse ,A,,,,,,,,,,,,,,,,,,,,,
678,Charity,1,Shelter - Edinburgh,161 St Johns Road,Edinburgh,Lothian,EH12 7SD,55.94257,-3.28242,Reuse ,A,,,,,,,,,,,,,,,,,,,,,
678,Charity,1,Shelter - Edinburgh,161 St Johns Road,Edinburgh,Lothian,EH12 7SD,55.94257,-3.28242,Reuse ,A,,,,,,,,,,,,,,,,,,,,,
678,Charity,1,Shelter - Edinburgh,161 St Johns Road,Edinburgh,Lothian,EH12 7SD,55.94257,-3.28242,Reuse ,A,,,,,,,,,,,,,,,,,,,,,
679,Charity,1,Shelter - Faversham,41/41a Court Street,Maidstone,Kent,ME13 7AL,51.31622,0.89169,Reuse ,A,,,,,,,,,,,,,,,,,,,,,
679,Charity,1,Shelter - Faversham,41/41a Court Street,Maidstone,Kent,ME13 7AL,51.31622,0.89169,Reuse ,A,,,,,,,,,,,,,,,,,,,,,
679,Charity,1,Shelter - Faversham,41/41a Court Street,Maidstone,Kent,ME13 7AL,51.31622,0.89169,Reuse ,A,,,,,,,,,,,,,,,,,,,,,
680,Charity,1,Shelter - Fraserburgh,44 Broad Street,Fraserburgh,Aberdeenshire,AB43 9AH,57.69274,-2.00529,Reuse ,A,,,,,,,,,,,,,,,,,,,,,
680,Charity,1,Shelter - Fraserburgh,44 Broad Street,Fraserburgh,Aberdeenshire,AB43 9AH,57.69274,-2.00529,Reuse ,A,,,,,,,,,,,,,,,,,,,,,
680,Charity,1,Shelter - Fraserburgh,44 Broad Street,Fraserburgh,Aberdeenshire,AB43 9AH,57.69274,-2.00529,Reuse ,A,,,,,,,,,,,,,,,,,,,,,
681,Charity,1,Shelter - Glasgow,113 Union Street,Glasgow,Lanarkshire,G1 3TA,55.86017,-4.2572,Reuse ,A,,,,,,,,,,,,,,,,,,,,,
681,Charity,1,Shelter - Glasgow,113 Union Street,Glasgow,Lanarkshire,G1 3TA,55.86017,-4.2572,Reuse ,A,,,,,,,,,,,,,,,,,,,,,
681,Charity,1,Shelter - Glasgow,113 Union Street,Glasgow,Lanarkshire,G1 3TA,55.86017,-4.2572,Reuse ,A,,,,,,,,,,,,,,,,,,,,,
682,Charity,1,Shelter - Halesowen,3 hagley Street,Halesowen,West Midlands,B63 3AS,52.44853,-2.05035,Reuse ,A,,,,,,,,,,,,,,,,,,,,,
682,Charity,1,Shelter - Halesowen,3 hagley Street,Halesowen,West Midlands,B63 3AS,52.44853,-2.05035,Reuse ,A,,,,,,,,,,,,,,,,,,,,,
682,Charity,1,Shelter - Halesowen,3 hagley Street,Halesowen,West Midlands,B63 3AS,52.44853,-2.05035,Reuse ,A,,,,,,,,,,,,,,,,,,,,,
683,Charity,1,Shelter - Hamilton,30 Quarry Street,Motherwell,Lanarkshire,ML3 7AR,55.77572,-4.03447,Reuse ,A,,,,,,,,,,,,,,,,,,,,,
683,Charity,1,Shelter - Hamilton,30 Quarry Street,Motherwell,Lanarkshire,ML3 7AR,55.77572,-4.03447,Reuse ,A,,,,,,,,,,,,,,,,,,,,,
683,Charity,1,Shelter - Hamilton,30 Quarry Street,Motherwell,Lanarkshire,ML3 7AR,55.77572,-4.03447,Reuse ,A,,,,,,,,,,,,,,,,,,,,,
684,Charity,1,Shelter - Harrogate,5 commercial Street,Harrogate,North Yorkshire,HG1 1UB,53.99531,-1.5394,Reuse ,A,,,,,,,,,,,,,,,,,,,,,
684,Charity,1,Shelter - Harrogate,5 commercial Street,Harrogate,North Yorkshire,HG1 1UB,53.99531,-1.5394,Reuse ,A,,,,,,,,,,,,,,,,,,,,,
684,Charity,1,Shelter - Harrogate,5 commercial Street,Harrogate,North Yorkshire,HG1 1UB,53.99531,-1.5394,Reuse ,A,,,,,,,,,,,,,,,,,,,,,
685,Charity,1,Shelter - Hartlepool,Unit 40/42 Middleton Grange Shopping Centre,Hartlepool,Teesside,TS24 7RZ,54.68456,-1.21381,Reuse ,A,,,,,,,,,,,,,,,,,,,,,
685,Charity,1,Shelter - Hartlepool,Unit 40/42 Middleton Grange Shopping Centre,Hartlepool,Teesside,TS24 7RZ,54.68456,-1.21381,Reuse ,A,,,,,,,,,,,,,,,,,,,,,
685,Charity,1,Shelter - Hartlepool,Unit 40/42 Middleton Grange Shopping Centre,Hartlepool,Teesside,TS24 7RZ,54.68456,-1.21381,Reuse ,A,,,,,,,,,,,,,,,,,,,,,
686,Charity,1,Shelter - Hawick,66 High Street,Hawick,Roxburghshire,TD9 9EE,55.42324,-2.78588,Reuse ,A,,,,,,,,,,,,,,,,,,,,,
686,Charity,1,Shelter - Hawick,66 High Street,Hawick,Roxburghshire,TD9 9EE,55.42324,-2.78588,Reuse ,A,,,,,,,,,,,,,,,,,,,,,
686,Charity,1,Shelter - Hawick,66 High Street,Hawick,Roxburghshire,TD9 9EE,55.42324,-2.78588,Reuse ,A,,,,,,,,,,,,,,,,,,,,,
687,Charity,1,Shelter - Hebden Bridge,32 Bridge Gate,Halifax,West Yorkshire,HX7 8EX,53.74164,-2.01318,Reuse ,A,,,,,,,,,,,,,,,,,,,,,
687,Charity,1,Shelter - Hebden Bridge,32 Bridge Gate,Halifax,West Yorkshire,HX7 8EX,53.74164,-2.01318,Reuse ,A,,,,,,,,,,,,,,,,,,,,,
687,Charity,1,Shelter - Hebden Bridge,32 Bridge Gate,Halifax,West Yorkshire,HX7 8EX,53.74164,-2.01318,Reuse ,A,,,,,,,,,,,,,,,,,,,,,
688,Charity,1,Shelter - Horsforth,34 Town Street,Leeds,West Yorkshire,LS18 4RJ,53.83727,-1.64142,Reuse ,A,,,,,,,,,,,,,,,,,,,,,
688,Charity,1,Shelter - Horsforth,34 Town Street,Leeds,West Yorkshire,LS18 4RJ,53.83727,-1.64142,Reuse ,A,,,,,,,,,,,,,,,,,,,,,
688,Charity,1,Shelter - Horsforth,34 Town Street,Leeds,West Yorkshire,LS18 4RJ,53.83727,-1.64142,Reuse ,A,,,,,,,,,,,,,,,,,,,,,
689,Charity,1,Shelter - Ilkley,2 Spa Buildings,West York,West Yorkshire,LS29 9NQ,53.92422,-1.82594,Reuse ,A,,,,,,,,,,,,,,,,,,,,,
689,Charity,1,Shelter - Ilkley,2 Spa Buildings,West York,West Yorkshire,LS29 9NQ,53.92422,-1.82594,Reuse ,A,,,,,,,,,,,,,,,,,,,,,
689,Charity,1,Shelter - Ilkley,2 Spa Buildings,West York,West Yorkshire,LS29 9NQ,53.92422,-1.82594,Reuse ,A,,,,,,,,,,,,,,,,,,,,,
690,Charity,1,Shelter - Kirkcaldy,167 Links Street,Kirkcaldy,Fife,KY1 1QR,56.10208,-3.16162,Reuse ,A,,,,,,,,,,,,,,,,,,,,,
690,Charity,1,Shelter - Kirkcaldy,167 Links Street,Kirkcaldy,Fife,KY1 1QR,56.10208,-3.16162,Reuse ,A,,,,,,,,,,,,,,,,,,,,,
690,Charity,1,Shelter - Kirkcaldy,167 Links Street,Kirkcaldy,Fife,KY1 1QR,56.10208,-3.16162,Reuse ,A,,,,,,,,,,,,,,,,,,,,,
691,Charity,1,Shelter - London N,436a Holloway Road,Holloway,London,N7 6QA,51.5573,-0.11809,Reuse ,A,,,,,,,,,,,,,,,,,,,,,
691,Charity,1,Shelter - London N,436a Holloway Road,Holloway,London,N7 6QA,51.5573,-0.11809,Reuse ,A,,,,,,,,,,,,,,,,,,,,,
691,Charity,1,Shelter - London N,436a Holloway Road,Holloway,London,N7 6QA,51.5573,-0.11809,Reuse ,A,,,,,,,,,,,,,,,,,,,,,
693,Charity,1,Shelter - London North West,57 South End Road,Hampstead,London,NW3 2QB,51.55558,-0.16677,Reuse ,A,,,,,,,,,,,,,,,,,,,,,
693,Charity,1,Shelter - London North West,57 South End Road,Hampstead,London,NW3 2QB,51.55558,-0.16677,Reuse ,A,,,,,,,,,,,,,,,,,,,,,
693,Charity,1,Shelter - London North West,57 South End Road,Hampstead,London,NW3 2QB,51.55558,-0.16677,Reuse ,A,,,,,,,,,,,,,,,,,,,,,
694,Charity,1,Shelter - London NW,173a Finchley Road,Hampstead,London,NW3 6LB,51.54577,-0.17889,Reuse ,A,,,,,,,,,,,,,,,,,,,,,
694,Charity,1,Shelter - London NW,173a Finchley Road,Hampstead,London,NW3 6LB,51.54577,-0.17889,Reuse ,A,,,,,,,,,,,,,,,,,,,,,
694,Charity,1,Shelter - London NW,173a Finchley Road,Hampstead,London,NW3 6LB,51.54577,-0.17889,Reuse ,A,,,,,,,,,,,,,,,,,,,,,
695,Charity,1,Shelter - London SE,24 Tranquil vale,Blackheath,London,SE3 0AX,51.46626,0.00904,Reuse ,A,,,,,,,,,,,,,,,,,,,,,
695,Charity,1,Shelter - London SE,24 Tranquil vale,Blackheath,London,SE3 0AX,51.46626,0.00904,Reuse ,A,,,,,,,,,,,,,,,,,,,,,
695,Charity,1,Shelter - London SE,24 Tranquil vale,Blackheath,London,SE3 0AX,51.46626,0.00904,Reuse ,A,,,,,,,,,,,,,,,,,,,,,
696,Charity,1,Shelter - London SEast,11 Westow Hill,Crystal Palace,London,SE19 1TQ,51.41988,-0.08213,Reuse ,A,,,,,,,,,,,,,,,,,,,,,
696,Charity,1,Shelter - London SEast,11 Westow Hill,Crystal Palace,London,SE19 1TQ,51.41988,-0.08213,Reuse ,A,,,,,,,,,,,,,,,,,,,,,
696,Charity,1,Shelter - London SEast,11 Westow Hill,Crystal Palace,London,SE19 1TQ,51.41988,-0.08213,Reuse ,A,,,,,,,,,,,,,,,,,,,,,
697,Charity,1,Shelter - London SthWest,385 North End Road,Kensington & Chelsea,London,SW6 1NP,51.48371,-0.20087,Reuse ,A,,,,,,,,,,,,,,,,,,,,,
697,Charity,1,Shelter - London SthWest,385 North End Road,Kensington & Chelsea,London,SW6 1NP,51.48371,-0.20087,Reuse ,A,,,,,,,,,,,,,,,,,,,,,
697,Charity,1,Shelter - London SthWest,385 North End Road,Kensington & Chelsea,London,SW6 1NP,51.48371,-0.20087,Reuse ,A,,,,,,,,,,,,,,,,,,,,,
698,Charity,1,Shelter - London SW,51 Church Road,Barnes,London,SW13 9HH,51.47432,-0.24405,Reuse ,A,,,,,,,,,,,,,,,,,,,,,
698,Charity,1,Shelter - London SW,51 Church Road,Barnes,London,SW13 9HH,51.47432,-0.24405,Reuse ,A,,,,,,,,,,,,,,,,,,,,,
698,Charity,1,Shelter - London SW,51 Church Road,Barnes,London,SW13 9HH,51.47432,-0.24405,Reuse ,A,,,,,,,,,,,,,,,,,,,,,
699,Charity,1,Shelter - London SWest,337 Upper Richmond Road West,Richmond upon Thames,London,SW14 8QR,51.46475,-0.26438,Reuse ,A,,,,,,,,,,,,,,,,,,,,,
699,Charity,1,Shelter - London SWest,337 Upper Richmond Road West,Richmond upon Thames,London,SW14 8QR,51.46475,-0.26438,Reuse ,A,,,,,,,,,,,,,,,,,,,,,
699,Charity,1,Shelter - London SWest,337 Upper Richmond Road West,Richmond upon Thames,London,SW14 8QR,51.46475,-0.26438,Reuse ,A,,,,,,,,,,,,,,,,,,,,,
700,Charity,1,Shelter - London West,123c King Street,Hammersmith,London,W6 9LG,51.49209,-0.23211,Reuse ,A,,,,,,,,,,,,,,,,,,,,,
700,Charity,1,Shelter - London West,123c King Street,Hammersmith,London,W6 9LG,51.49209,-0.23211,Reuse ,A,,,,,,,,,,,,,,,,,,,,,
700,Charity,1,Shelter - London West,123c King Street,Hammersmith,London,W6 9LG,51.49209,-0.23211,Reuse ,A,,,,,,,,,,,,,,,,,,,,,
701,Charity,1,Shelter - Longton,65 Strand,Stoke - On - Trent,Staffordshire,ST3 2NS,52.98766,-2.13671,Reuse ,A,,,,,,,,,,,,,,,,,,,,,
701,Charity,1,Shelter - Longton,65 Strand,Stoke - On - Trent,Staffordshire,ST3 2NS,52.98766,-2.13671,Reuse ,A,,,,,,,,,,,,,,,,,,,,,
701,Charity,1,Shelter - Longton,65 Strand,Stoke - On - Trent,Staffordshire,ST3 2NS,52.98766,-2.13671,Reuse ,A,,,,,,,,,,,,,,,,,,,,,
702,Charity,1,Shelter - Middlesborough,Unit 1/1A Captain Cook Square Shopping Centre,Middlesborough,Teesside,TS1 5UB,54.57546,-1.23892,Reuse ,A,,,,,,,,,,,,,,,,,,,,,
702,Charity,1,Shelter - Middlesborough,Unit 1/1A Captain Cook Square Shopping Centre,Middlesborough,Teesside,TS1 5UB,54.57546,-1.23892,Reuse ,A,,,,,,,,,,,,,,,,,,,,,
702,Charity,1,Shelter - Middlesborough,Unit 1/1A Captain Cook Square Shopping Centre,Middlesborough,Teesside,TS1 5UB,54.57546,-1.23892,Reuse ,A,,,,,,,,,,,,,,,,,,,,,
703,Charity,1,Shelter - Montrose,28-30 High Street,Milngavie,Angus,DD10 8LU,56.71324,-2.46755,Reuse ,A,,,,,,,,,,,,,,,,,,,,,
703,Charity,1,Shelter - Montrose,28-30 High Street,Milngavie,Angus,DD10 8LU,56.71324,-2.46755,Reuse ,A,,,,,,,,,,,,,,,,,,,,,
703,Charity,1,Shelter - Montrose,28-30 High Street,Milngavie,Angus,DD10 8LU,56.71324,-2.46755,Reuse ,A,,,,,,,,,,,,,,,,,,,,,
704,Charity,1,Shelter - Motherwell,18 Brandon parade South,Motherwell,Lanarkshire,ML1 1RS,55.78764,-3.98592,Reuse ,A,,,,,,,,,,,,,,,,,,,,,
704,Charity,1,Shelter - Motherwell,18 Brandon parade South,Motherwell,Lanarkshire,ML1 1RS,55.78764,-3.98592,Reuse ,A,,,,,,,,,,,,,,,,,,,,,
704,Charity,1,Shelter - Motherwell,18 Brandon parade South,Motherwell,Lanarkshire,ML1 1RS,55.78764,-3.98592,Reuse ,A,,,,,,,,,,,,,,,,,,,,,
705,Charity,1,Shelter - Paisley,36 High Street,Paisley,Renfrewshire,PA1 2DQ,55.84524,-4.42778,Reuse ,A,,,,,,,,,,,,,,,,,,,,,
705,Charity,1,Shelter - Paisley,36 High Street,Paisley,Renfrewshire,PA1 2DQ,55.84524,-4.42778,Reuse ,A,,,,,,,,,,,,,,,,,,,,,
705,Charity,1,Shelter - Paisley,36 High Street,Paisley,Renfrewshire,PA1 2DQ,55.84524,-4.42778,Reuse ,A,,,,,,,,,,,,,,,,,,,,,
706,Charity,1,Shelter - Prestatyn,174 High Street,Prestatyn,Denbighshire,LL19 9BP,53.33238,-3.40148,Reuse ,A,,,,,,,,,,,,,,,,,,,,,
706,Charity,1,Shelter - Prestatyn,174 High Street,Prestatyn,Denbighshire,LL19 9BP,53.33238,-3.40148,Reuse ,A,,,,,,,,,,,,,,,,,,,,,
706,Charity,1,Shelter - Prestatyn,174 High Street,Prestatyn,Denbighshire,LL19 9BP,53.33238,-3.40148,Reuse ,A,,,,,,,,,,,,,,,,,,,,,
707,Charity,1,Shelter - Preston,Unit 3.11-3.13 Fishergate Shopping Centre,Preston,Lancashire,PR1 8HJ,53.75677,-2.70543,Reuse ,A,,,,,,,,,,,,,,,,,,,,,
707,Charity,1,Shelter - Preston,Unit 3.11-3.13 Fishergate Shopping Centre,Preston,Lancashire,PR1 8HJ,53.75677,-2.70543,Reuse ,A,,,,,,,,,,,,,,,,,,,,,
707,Charity,1,Shelter - Preston,Unit 3.11-3.13 Fishergate Shopping Centre,Preston,Lancashire,PR1 8HJ,53.75677,-2.70543,Reuse ,A,,,,,,,,,,,,,,,,,,,,,
708,Charity,1,Shelter - Prestwick,107 Main Street,Ayr,Ayrshire,KA9 1JS,55.49943,-4.61059,Reuse ,A,,,,,,,,,,,,,,,,,,,,,
708,Charity,1,Shelter - Prestwick,107 Main Street,Ayr,Ayrshire,KA9 1JS,55.49943,-4.61059,Reuse ,A,,,,,,,,,,,,,,,,,,,,,
708,Charity,1,Shelter - Prestwick,107 Main Street,Ayr,Ayrshire,KA9 1JS,55.49943,-4.61059,Reuse ,A,,,,,,,,,,,,,,,,,,,,,
709,Charity,1,Shelter - Ramsgate,72a Queen Street,Canterbury,Kent,CT11 9ER,51.33205,1.41575,Reuse ,A,,,,,,,,,,,,,,,,,,,,,
709,Charity,1,Shelter - Ramsgate,72a Queen Street,Canterbury,Kent,CT11 9ER,51.33205,1.41575,Reuse ,A,,,,,,,,,,,,,,,,,,,,,
709,Charity,1,Shelter - Ramsgate,72a Queen Street,Canterbury,Kent,CT11 9ER,51.33205,1.41575,Reuse ,A,,,,,,,,,,,,,,,,,,,,,
710,Charity,1,Shelter - Rutherglen,Unit 13 Rutherglen Shopping centre,Glasgow,Lanarkshire,G73 2LS,55.82764,-4.21198,Reuse ,A,,,,,,,,,,,,,,,,,,,,,
710,Charity,1,Shelter - Rutherglen,Unit 13 Rutherglen Shopping centre,Glasgow,Lanarkshire,G73 2LS,55.82764,-4.21198,Reuse ,A,,,,,,,,,,,,,,,,,,,,,
710,Charity,1,Shelter - Rutherglen,Unit 13 Rutherglen Shopping centre,Glasgow,Lanarkshire,G73 2LS,55.82764,-4.21198,Reuse ,A,,,,,,,,,,,,,,,,,,,,,
711,Charity,1,Shelter - St Leonards,7 London Road,Tonbridge Wells,East Sussex,TN37 6AE,50.85205,0.56061,Reuse ,A,,,,,,,,,,,,,,,,,,,,,
711,Charity,1,Shelter - St Leonards,7 London Road,Tonbridge Wells,East Sussex,TN37 6AE,50.85205,0.56061,Reuse ,A,,,,,,,,,,,,,,,,,,,,,
711,Charity,1,Shelter - St Leonards,7 London Road,Tonbridge Wells,East Sussex,TN37 6AE,50.85205,0.56061,Reuse ,A,,,,,,,,,,,,,,,,,,,,,
712,Charity,1,Shelter - Stirling,53/55 Barnton Street,Stirling,Stirlingshire,FK8 1HH,56.12099,-3.93873,Reuse ,A,,,,,,,,,,,,,,,,,,,,,
712,Charity,1,Shelter - Stirling,53/55 Barnton Street,Stirling,Stirlingshire,FK8 1HH,56.12099,-3.93873,Reuse ,A,,,,,,,,,,,,,,,,,,,,,
712,Charity,1,Shelter - Stirling,53/55 Barnton Street,Stirling,Stirlingshire,FK8 1HH,56.12099,-3.93873,Reuse ,A,,,,,,,,,,,,,,,,,,,,,
713,Charity,1,Shelter - Strood,52 High Street,Maidstone,Kent,ME2 4AR,51.39526,0.49625,Reuse ,A,,,,,,,,,,,,,,,,,,,,,
713,Charity,1,Shelter - Strood,52 High Street,Maidstone,Kent,ME2 4AR,51.39526,0.49625,Reuse ,A,,,,,,,,,,,,,,,,,,,,,
713,Charity,1,Shelter - Strood,52 High Street,Maidstone,Kent,ME2 4AR,51.39526,0.49625,Reuse ,A,,,,,,,,,,,,,,,,,,,,,
714,Charity,1,Shelter - Sunderland,244-246 High Street West,Sunderland,Tyne And Wear,SR1 3DE,54.9072,-1.3836,Reuse ,A,,,,,,,,,,,,,,,,,,,,,
714,Charity,1,Shelter - Sunderland,244-246 High Street West,Sunderland,Tyne And Wear,SR1 3DE,54.9072,-1.3836,Reuse ,A,,,,,,,,,,,,,,,,,,,,,
714,Charity,1,Shelter - Sunderland,244-246 High Street West,Sunderland,Tyne And Wear,SR1 3DE,54.9072,-1.3836,Reuse ,A,,,,,,,,,,,,,,,,,,,,,
715,Charity,1,Shelter - Tunstall,87 High Street,Stoke-On-Trent,Staffordshire,ST6 5TA,53.05722,-2.21054,Reuse ,A,,,,,,,,,,,,,,,,,,,,,
715,Charity,1,Shelter - Tunstall,87 High Street,Stoke-On-Trent,Staffordshire,ST6 5TA,53.05722,-2.21054,Reuse ,A,,,,,,,,,,,,,,,,,,,,,
715,Charity,1,Shelter - Tunstall,87 High Street,Stoke-On-Trent,Staffordshire,ST6 5TA,53.05722,-2.21054,Reuse ,A,,,,,,,,,,,,,,,,,,,,,
716,Charity,1,Shelter - Urmston,64 Gloucester Road,Manchester,Greater Manchester,M41 9AE,53.44663,-2.35118,Reuse ,A,,,,,,,,,,,,,,,,,,,,,
716,Charity,1,Shelter - Urmston,64 Gloucester Road,Manchester,Greater Manchester,M41 9AE,53.44663,-2.35118,Reuse ,A,,,,,,,,,,,,,,,,,,,,,
716,Charity,1,Shelter - Urmston,64 Gloucester Road,Manchester,Greater Manchester,M41 9AE,53.44663,-2.35118,Reuse ,A,,,,,,,,,,,,,,,,,,,,,
717,Charity,1,Shelter - Wallasey,64 Seaview Road,Birkenhead,Merseyside,CH45 4LB,53.42243,-3.04642,Reuse ,A,,,,,,,,,,,,,,,,,,,,,
717,Charity,1,Shelter - Wallasey,64 Seaview Road,Birkenhead,Merseyside,CH45 4LB,53.42243,-3.04642,Reuse ,A,,,,,,,,,,,,,,,,,,,,,
717,Charity,1,Shelter - Wallasey,64 Seaview Road,Birkenhead,Merseyside,CH45 4LB,53.42243,-3.04642,Reuse ,A,,,,,,,,,,,,,,,,,,,,,
718,Charity,1,Shelter - Wellington,47 New Street,Telford,Shropshire,TF1 1LU,52.70067,-2.5167,Reuse ,A,,,,,,,,,,,,,,,,,,,,,
718,Charity,1,Shelter - Wellington,47 New Street,Telford,Shropshire,TF1 1LU,52.70067,-2.5167,Reuse ,A,,,,,,,,,,,,,,,,,,,,,
718,Charity,1,Shelter - Wellington,47 New Street,Telford,Shropshire,TF1 1LU,52.70067,-2.5167,Reuse ,A,,,,,,,,,,,,,,,,,,,,,
719,Charity,1,Shelter - West Bridgford,25 Tudor Square,Nottingham,Nottinghamshire,NG2 6BT,52.93131,-1.12563,Reuse ,A,,,,,,,,,,,,,,,,,,,,,
719,Charity,1,Shelter - West Bridgford,25 Tudor Square,Nottingham,Nottinghamshire,NG2 6BT,52.93131,-1.12563,Reuse ,A,,,,,,,,,,,,,,,,,,,,,
719,Charity,1,Shelter - West Bridgford,25 Tudor Square,Nottingham,Nottinghamshire,NG2 6BT,52.93131,-1.12563,Reuse ,A,,,,,,,,,,,,,,,,,,,,,
720,Charity,1,Shelter - West Bromwich,Unit 1-2 Kings Square,West Bromwich,West Midlands,B70 7NW,52.51726,-1.993,Reuse ,A,,,,,,,,,,,,,,,,,,,,,
720,Charity,1,Shelter - West Bromwich,Unit 1-2 Kings Square,West Bromwich,West Midlands,B70 7NW,52.51726,-1.993,Reuse ,A,,,,,,,,,,,,,,,,,,,,,
720,Charity,1,Shelter - West Bromwich,Unit 1-2 Kings Square,West Bromwich,West Midlands,B70 7NW,52.51726,-1.993,Reuse ,A,,,,,,,,,,,,,,,,,,,,,
721,Charity,1,Shelter - Worthing,131 Montague Street,Brighton,West Sussex,BN11 3BP,50.80989,-0.37555,Reuse ,A,,,,,,,,,,,,,,,,,,,,,
721,Charity,1,Shelter - Worthing,131 Montague Street,Brighton,West Sussex,BN11 3BP,50.80989,-0.37555,Reuse ,A,,,,,,,,,,,,,,,,,,,,,
721,Charity,1,Shelter - Worthing,131 Montague Street,Brighton,West Sussex,BN11 3BP,50.80989,-0.37555,Reuse ,A,,,,,,,,,,,,,,,,,,,,,
722,Charity,1,Shelter - Wrexham,8 Hill Street,Wrexham,Clwyd,LL11 1SN,53.04596,-2.9959,Reuse ,A,,,,,,,,,,,,,,,,,,,,,
722,Charity,1,Shelter - Wrexham,8 Hill Street,Wrexham,Clwyd,LL11 1SN,53.04596,-2.9959,Reuse ,A,,,,,,,,,,,,,,,,,,,,,
722,Charity,1,Shelter - Wrexham,8 Hill Street,Wrexham,Clwyd,LL11 1SN,53.04596,-2.9959,Reuse ,A,,,,,,,,,,,,,,,,,,,,,
723,Charity,1,Shelter- Nantwich,44 Beam Street,Nantwich,Cheshire,CW5 5LJ,53.06854,-2.521,Reuse ,A,,,,,,,,,,,,,,,,,,,,,
723,Charity,1,Shelter- Nantwich,44 Beam Street,Nantwich,Cheshire,CW5 5LJ,53.06854,-2.521,Reuse ,A,,,,,,,,,,,,,,,,,,,,,
723,Charity,1,Shelter- Nantwich,44 Beam Street,Nantwich,Cheshire,CW5 5LJ,53.06854,-2.521,Reuse ,A,,,,,,,,,,,,,,,,,,,,,
724,Charity,1,Shelter-Inverness,2 Drummond Street,Inverness,Invernesshire,IV1 1QD,57.47855,-4.2249,Reuse ,A,,,,,,,,,,,,,,,,,,,,,
724,Charity,1,Shelter-Inverness,2 Drummond Street,Inverness,Invernesshire,IV1 1QD,57.47855,-4.2249,Reuse ,A,,,,,,,,,,,,,,,,,,,,,
724,Charity,1,Shelter-Inverness,2 Drummond Street,Inverness,Invernesshire,IV1 1QD,57.47855,-4.2249,Reuse ,A,,,,,,,,,,,,,,,,,,,,,
725,Recycling facility,5,Sherringtons,146 Charles Henry Street,Birmingham,West Midlands,B12 0SD,52.47123,-1.88794,MRF,C,,,,,,,,,,,,,,,,,,,,,
725,Recycling facility,5,Sherringtons,146 Charles Henry Street,Birmingham,West Midlands,B12 0SD,52.47123,-1.88794,MRF,C,,,,,,,,,,,,,,,,,,,,,
725,Recycling facility,5,Sherringtons,146 Charles Henry Street,Birmingham,West Midlands,B12 0SD,52.47123,-1.88794,MRF,C,,,,,,,,,,,,,,,,,,,,,
725,Recycling facility,5,Sherringtons,146 Charles Henry Street,Birmingham,West Midlands,B12 0SD,52.47123,-1.88794,MRF,C,,,,,,,,,,,,,,,,,,,,,
725,Recycling facility,5,Sherringtons,146 Charles Henry Street,Birmingham,West Midlands,B12 0SD,52.47123,-1.88794,MRF,C,,,,,,,,,,,,,,,,,,,,,
725,Recycling facility,5,Sherringtons,146 Charles Henry Street,Birmingham,West Midlands,B12 0SD,52.47123,-1.88794,MRF,C,,,,,,,,,,,,,,,,,,,,,
725,Recycling facility,5,Sherringtons,146 Charles Henry Street,Birmingham,West Midlands,B12 0SD,52.47123,-1.88794,MRF,C,,,,,,,,,,,,,,,,,,,,,
727,Recycling facility,5,Shorts Group Ltd,London Court,Reading,Berkshire,RG12 2UT,51.41612,-0.74069,MRF,C,,,,,,,,,,,,,,,,,,,,,
727,Recycling facility,5,Shorts Group Ltd,London Court,Reading,Berkshire,RG12 2UT,51.41612,-0.74069,MRF,C,,,,,,,,,,,,,,,,,,,,,
727,Recycling facility,5,Shorts Group Ltd,London Court,Reading,Berkshire,RG12 2UT,51.41612,-0.74069,MRF,C,,,,,,,,,,,,,,,,,,,,,
727,Recycling facility,5,Shorts Group Ltd,London Court,Reading,Berkshire,RG12 2UT,51.41612,-0.74069,MRF,C,,,,,,,,,,,,,,,,,,,,,
727,Recycling facility,5,Shorts Group Ltd,London Court,Reading,Berkshire,RG12 2UT,51.41612,-0.74069,MRF,C,,,,,,,,,,,,,,,,,,,,,
727,Recycling facility,5,Shorts Group Ltd,London Court,Reading,Berkshire,RG12 2UT,51.41612,-0.74069,MRF,C,,,,,,,,,,,,,,,,,,,,,
727,Recycling facility,5,Shorts Group Ltd,London Court,Reading,Berkshire,RG12 2UT,51.41612,-0.74069,MRF,C,,,,,,,,,,,,,,,,,,,,,
736,Charity,1,SLATE Feel Good Furniture Shop,1 Low Road,Leeds,West Yorkshire,LS10 1QR,53.7816304,-1.5269901,Reuse ,A,,,,,,,,,,,,,,,,,,,,,
736,Charity,1,SLATE Feel Good Furniture Shop,1 Low Road,Leeds,West Yorkshire,LS10 1QR,53.7816304,-1.5269901,Reuse ,A,,,,,,,,,,,,,,,,,,,,,
736,Charity,1,SLATE Feel Good Furniture Shop,1 Low Road,Leeds,West Yorkshire,LS10 1QR,53.7816304,-1.5269901,Reuse ,A,,,,,,,,,,,,,,,,,,,,,
737,Charity,1,Sleaford & District Furniture Scheme,Unit 20,Sleaford,Lincolnshire,NG34 7EH,53.0036263,-0.3983483,Reuse ,A,,,,,,,,,,,,,,,,,,,,,
737,Charity,1,Sleaford & District Furniture Scheme,Unit 20,Sleaford,Lincolnshire,NG34 7EH,53.0036263,-0.3983483,Reuse ,A,,,,,,,,,,,,,,,,,,,,,
737,Charity,1,Sleaford & District Furniture Scheme,Unit 20,Sleaford,Lincolnshire,NG34 7EH,53.0036263,-0.3983483,Reuse ,A,,,,,,,,,,,,,,,,,,,,,
738,Charity,1,Small Heath Youth Centre,Muntz Street,Birmingham City,West Midlands,B10 9RX,52.47292,-1.85502,Reuse ,A,,,,,,,,,,,,,,,,,,,,,
738,Charity,1,Small Heath Youth Centre,Muntz Street,Birmingham City,West Midlands,B10 9RX,52.47292,-1.85502,Reuse ,A,,,,,,,,,,,,,,,,,,,,,
738,Charity,1,Small Heath Youth Centre,Muntz Street,Birmingham City,West Midlands,B10 9RX,52.47292,-1.85502,Reuse ,A,,,,,,,,,,,,,,,,,,,,,
739,Reprocessor,8,Smallmead Farm,Burghfield,Reading,Berkshire,RG2 6GP,51.4251047,-0.9961641,Reprocessor,B,,,,,,,,,,,,,,,,,,,,,
739,Reprocessor,8,Smallmead Farm,Burghfield,Reading,Berkshire,RG2 6GP,51.4251047,-0.9961641,Reprocessor,B,,,,,,,,,,,,,,,,,,,,,
739,Reprocessor,8,Smallmead Farm,Burghfield,Reading,Berkshire,RG2 6GP,51.4251047,-0.9961641,Reprocessor,B,,,,,,,,,,,,,,,,,,,,,
739,Reprocessor,8,Smallmead Farm,Burghfield,Reading,Berkshire,RG2 6GP,51.4251047,-0.9961641,Reprocessor,B,,,,,,,,,,,,,,,,,,,,,
739,Reprocessor,8,Smallmead Farm,Burghfield,Reading,Berkshire,RG2 6GP,51.4251047,-0.9961641,Reprocessor,B,,,,,,,,,,,,,,,,,,,,,
739,Reprocessor,8,Smallmead Farm,Burghfield,Reading,Berkshire,RG2 6GP,51.4251047,-0.9961641,Reprocessor,B,,,,,,,,,,,,,,,,,,,,,
741,Charity,1,SOFA Loughborough,Towles Buliding,Leicester,Leicestershire,LE11 1DY,52.77655,-1.20041,Reuse ,A,,,,,,,,,,,,,,,,,,,,,
741,Charity,1,SOFA Loughborough,Towles Buliding,Leicester,Leicestershire,LE11 1DY,52.77655,-1.20041,Reuse ,A,,,,,,,,,,,,,,,,,,,,,
741,Charity,1,SOFA Loughborough,Towles Buliding,Leicester,Leicestershire,LE11 1DY,52.77655,-1.20041,Reuse ,A,,,,,,,,,,,,,,,,,,,,,
742,Charity,1,Soho Youth Projects,Summerfield Centre,Birmingham City,West Midlands,B18 4EJ,52.48656,-1.93973,Reuse ,A,,,,,,,,,,,,,,,,,,,,,
742,Charity,1,Soho Youth Projects,Summerfield Centre,Birmingham City,West Midlands,B18 4EJ,52.48656,-1.93973,Reuse ,A,,,,,,,,,,,,,,,,,,,,,
742,Charity,1,Soho Youth Projects,Summerfield Centre,Birmingham City,West Midlands,B18 4EJ,52.48656,-1.93973,Reuse ,A,,,,,,,,,,,,,,,,,,,,,
743,Reprocessor,8,South Hall Farm,New Road,Rainham,Essex,RM13 9BJ,51.48937,0.19153,Reprocessor,B,,,,,,,,,,,,,,,,,,,,,
743,Reprocessor,8,South Hall Farm,New Road,Rainham,Essex,RM13 9BJ,51.48937,0.19153,Reprocessor,B,,,,,,,,,,,,,,,,,,,,,
743,Reprocessor,8,South Hall Farm,New Road,Rainham,Essex,RM13 9BJ,51.48937,0.19153,Reprocessor,B,,,,,,,,,,,,,,,,,,,,,
743,Reprocessor,8,South Hall Farm,New Road,Rainham,Essex,RM13 9BJ,51.48937,0.19153,Reprocessor,B,,,,,,,,,,,,,,,,,,,,,
743,Reprocessor,8,South Hall Farm,New Road,Rainham,Essex,RM13 9BJ,51.48937,0.19153,Reprocessor,B,,,,,,,,,,,,,,,,,,,,,
743,Reprocessor,8,South Hall Farm,New Road,Rainham,Essex,RM13 9BJ,51.48937,0.19153,Reprocessor,B,,,,,,,,,,,,,,,,,,,,,
744,Reprocessor,8,South Pit Phase 3 Landfill,Manor Way,Dartford,Kent,DA10 0LL,51.45182,0.30149,Reprocessor,B,,,,,,,,,,,,,,,,,,,,,
744,Reprocessor,8,South Pit Phase 3 Landfill,Manor Way,Dartford,Kent,DA10 0LL,51.45182,0.30149,Reprocessor,B,,,,,,,,,,,,,,,,,,,,,
744,Reprocessor,8,South Pit Phase 3 Landfill,Manor Way,Dartford,Kent,DA10 0LL,51.45182,0.30149,Reprocessor,B,,,,,,,,,,,,,,,,,,,,,
744,Reprocessor,8,South Pit Phase 3 Landfill,Manor Way,Dartford,Kent,DA10 0LL,51.45182,0.30149,Reprocessor,B,,,,,,,,,,,,,,,,,,,,,
744,Reprocessor,8,South Pit Phase 3 Landfill,Manor Way,Dartford,Kent,DA10 0LL,51.45182,0.30149,Reprocessor,B,,,,,,,,,,,,,,,,,,,,,
744,Reprocessor,8,South Pit Phase 3 Landfill,Manor Way,Dartford,Kent,DA10 0LL,51.45182,0.30149,Reprocessor,B,,,,,,,,,,,,,,,,,,,,,
751,Charity,1,St Luke's CARES,246-252 Dewsbury Road,Leeds,West Yorkshire,LS11 6JQ,53.7756531,-1.545539,Reuse ,A,,,,,,,,,,,,,,,,,,,,,
751,Charity,1,St Luke's CARES,246-252 Dewsbury Road,Leeds,West Yorkshire,LS11 6JQ,53.7756531,-1.545539,Reuse ,A,,,,,,,,,,,,,,,,,,,,,
751,Charity,1,St Luke's CARES,246-252 Dewsbury Road,Leeds,West Yorkshire,LS11 6JQ,53.7756531,-1.545539,Reuse ,A,,,,,,,,,,,,,,,,,,,,,
752,Charity,1,St Luke's Hospice Plymouth,Units C/E,Plymouth,Devon,PL7 4JN,50.3957614,-4.0453961,Reuse ,A,,,,,,,,,,,,,,,,,,,,,
752,Charity,1,St Luke's Hospice Plymouth,Units C/E,Plymouth,Devon,PL7 4JN,50.3957614,-4.0453961,Reuse ,A,,,,,,,,,,,,,,,,,,,,,
752,Charity,1,St Luke's Hospice Plymouth,Units C/E,Plymouth,Devon,PL7 4JN,50.3957614,-4.0453961,Reuse ,A,,,,,,,,,,,,,,,,,,,,,
753,Charity,1,St Lukes Furniture Shop,Unit 9&10,Plymouth,Devon,PL5 3TW,50.4104052,-4.1514903,Reuse ,A,,,,,,,,,,,,,,,,,,,,,
753,Charity,1,St Lukes Furniture Shop,Unit 9&10,Plymouth,Devon,PL5 3TW,50.4104052,-4.1514903,Reuse ,A,,,,,,,,,,,,,,,,,,,,,
753,Charity,1,St Lukes Furniture Shop,Unit 9&10,Plymouth,Devon,PL5 3TW,50.4104052,-4.1514903,Reuse ,A,,,,,,,,,,,,,,,,,,,,,
754,Charity,1,St Margaret's Hospice,37-39 Bridge Street,Taunton,Somerset,TA1 1TQ,51.0183317,-3.1051897999999998,Reuse ,A,,,,,,,,,,,,,,,,,,,,,
754,Charity,1,St Margaret's Hospice,37-39 Bridge Street,Taunton,Somerset,TA1 1TQ,51.0183317,-3.1051897999999998,Reuse ,A,,,,,,,,,,,,,,,,,,,,,
754,Charity,1,St Margaret's Hospice,37-39 Bridge Street,Taunton,Somerset,TA1 1TQ,51.0183317,-3.1051897999999998,Reuse ,A,,,,,,,,,,,,,,,,,,,,,
755,Charity,1,St Margaret's Hospice (Bridgewater),30 High Street,Bridgewater,Somerset,TA6 3BJ,51.1282834,-3.0054912,Reuse ,A,,,,,,,,,,,,,,,,,,,,,
755,Charity,1,St Margaret's Hospice (Bridgewater),30 High Street,Bridgewater,Somerset,TA6 3BJ,51.1282834,-3.0054912,Reuse ,A,,,,,,,,,,,,,,,,,,,,,
755,Charity,1,St Margaret's Hospice (Bridgewater),30 High Street,Bridgewater,Somerset,TA6 3BJ,51.1282834,-3.0054912,Reuse ,A,,,,,,,,,,,,,,,,,,,,,
756,Charity,1,St Margaret's Hospice (Yeovil),The Old Cinema,Yeovil,Somerset,BA20 1HG,50.9430154,-2.6317552,Reuse ,A,,,,,,,,,,,,,,,,,,,,,
756,Charity,1,St Margaret's Hospice (Yeovil),The Old Cinema,Yeovil,Somerset,BA20 1HG,50.9430154,-2.6317552,Reuse ,A,,,,,,,,,,,,,,,,,,,,,
756,Charity,1,St Margaret's Hospice (Yeovil),The Old Cinema,Yeovil,Somerset,BA20 1HG,50.9430154,-2.6317552,Reuse ,A,,,,,,,,,,,,,,,,,,,,,
757,Charity,1,St Oswald's Hospice,Unit 5D,Newcastle,Tyne And Wear,NE3 2EF,55.0115974,-1.6629819,Reuse ,A,,,,,,,,,,,,,,,,,,,,,
757,Charity,1,St Oswald's Hospice,Unit 5D,Newcastle,Tyne And Wear,NE3 2EF,55.0115974,-1.6629819,Reuse ,A,,,,,,,,,,,,,,,,,,,,,
757,Charity,1,St Oswald's Hospice,Unit 5D,Newcastle,Tyne And Wear,NE3 2EF,55.0115974,-1.6629819,Reuse ,A,,,,,,,,,,,,,,,,,,,,,
758,Charity,1,St Oswald's Hospice (Byker),175-181 Shields Road,Newcastle,Tyne And Wear,NE6 1DP,54.9776097,-1.5787268,Reuse ,A,,,,,,,,,,,,,,,,,,,,,
758,Charity,1,St Oswald's Hospice (Byker),175-181 Shields Road,Newcastle,Tyne And Wear,NE6 1DP,54.9776097,-1.5787268,Reuse ,A,,,,,,,,,,,,,,,,,,,,,
758,Charity,1,St Oswald's Hospice (Byker),175-181 Shields Road,Newcastle,Tyne And Wear,NE6 1DP,54.9776097,-1.5787268,Reuse ,A,,,,,,,,,,,,,,,,,,,,,
759,Charity,1,St Pauls Centre (Christian Concern),St Pauls Centre,Crewe,Cheshire,CW1 3BY,53.1002759,-2.4473985,Reuse ,A,,,,,,,,,,,,,,,,,,,,,
759,Charity,1,St Pauls Centre (Christian Concern),St Pauls Centre,Crewe,Cheshire,CW1 3BY,53.1002759,-2.4473985,Reuse ,A,,,,,,,,,,,,,,,,,,,,,
759,Charity,1,St Pauls Centre (Christian Concern),St Pauls Centre,Crewe,Cheshire,CW1 3BY,53.1002759,-2.4473985,Reuse ,A,,,,,,,,,,,,,,,,,,,,,
760,Charity,1,St Richard's Homestore (Malvern),233 Worcester Road,Worcester,Worcestershire,WR14 1SY,52.1275809,-2.3155825,Reuse ,A,,,,,,,,,,,,,,,,,,,,,
760,Charity,1,St Richard's Homestore (Malvern),233 Worcester Road,Worcester,Worcestershire,WR14 1SY,52.1275809,-2.3155825,Reuse ,A,,,,,,,,,,,,,,,,,,,,,
760,Charity,1,St Richard's Homestore (Malvern),233 Worcester Road,Worcester,Worcestershire,WR14 1SY,52.1275809,-2.3155825,Reuse ,A,,,,,,,,,,,,,,,,,,,,,
761,Charity,1,St Richard's Hospice Homestore,39/41,Worcester,Worcestershire,WR1 2RS,52.1951779,-2.2172075,Reuse ,A,,,,,,,,,,,,,,,,,,,,,
761,Charity,1,St Richard's Hospice Homestore,39/41,Worcester,Worcestershire,WR1 2RS,52.1951779,-2.2172075,Reuse ,A,,,,,,,,,,,,,,,,,,,,,
761,Charity,1,St Richard's Hospice Homestore,39/41,Worcester,Worcestershire,WR1 2RS,52.1951779,-2.2172075,Reuse ,A,,,,,,,,,,,,,,,,,,,,,
762,Charity,1,St Richard's Hospice Homestore (Evesham),11 High Street,Worcester,Worcestershire,WR11 4DA,52.0937652,-1.9471729,Reuse ,A,,,,,,,,,,,,,,,,,,,,,
762,Charity,1,St Richard's Hospice Homestore (Evesham),11 High Street,Worcester,Worcestershire,WR11 4DA,52.0937652,-1.9471729,Reuse ,A,,,,,,,,,,,,,,,,,,,,,
762,Charity,1,St Richard's Hospice Homestore (Evesham),11 High Street,Worcester,Worcestershire,WR11 4DA,52.0937652,-1.9471729,Reuse ,A,,,,,,,,,,,,,,,,,,,,,
763,Charity,1,St Vincent's Bradford,26-30 Sunbridge Road,Bradford,West Yorkshire,BD1 2AA,53.7938706,-1.7547252,Reuse ,A,,,,,,,,,,,,,,,,,,,,,
763,Charity,1,St Vincent's Bradford,26-30 Sunbridge Road,Bradford,West Yorkshire,BD1 2AA,53.7938706,-1.7547252,Reuse ,A,,,,,,,,,,,,,,,,,,,,,
763,Charity,1,St Vincent's Bradford,26-30 Sunbridge Road,Bradford,West Yorkshire,BD1 2AA,53.7938706,-1.7547252,Reuse ,A,,,,,,,,,,,,,,,,,,,,,
764,Charity,1,St Vincent's Dudley Hill,114 Tong Street,Dudley Hill,West Yorkshire,BD4 6HD,53.7711572,-1.7214636,Reuse ,A,,,,,,,,,,,,,,,,,,,,,
764,Charity,1,St Vincent's Dudley Hill,114 Tong Street,Dudley Hill,West Yorkshire,BD4 6HD,53.7711572,-1.7214636,Reuse ,A,,,,,,,,,,,,,,,,,,,,,
764,Charity,1,St Vincent's Dudley Hill,114 Tong Street,Dudley Hill,West Yorkshire,BD4 6HD,53.7711572,-1.7214636,Reuse ,A,,,,,,,,,,,,,,,,,,,,,
765,Charity,1,St Vincent's Middleton,20 Town Street,Leeds,West Yorkshire,LS10 3PN,53.7556573,-1.5276154,Reuse ,A,,,,,,,,,,,,,,,,,,,,,
765,Charity,1,St Vincent's Middleton,20 Town Street,Leeds,West Yorkshire,LS10 3PN,53.7556573,-1.5276154,Reuse ,A,,,,,,,,,,,,,,,,,,,,,
765,Charity,1,St Vincent's Middleton,20 Town Street,Leeds,West Yorkshire,LS10 3PN,53.7556573,-1.5276154,Reuse ,A,,,,,,,,,,,,,,,,,,,,,
766,Charity,1,St Vincent's Seacroft,41-43 Ramshead Hill,Leeds,West Yorkshire,LS14 1BT,53.8276116,-1.4686037,Reuse ,A,,,,,,,,,,,,,,,,,,,,,
766,Charity,1,St Vincent's Seacroft,41-43 Ramshead Hill,Leeds,West Yorkshire,LS14 1BT,53.8276116,-1.4686037,Reuse ,A,,,,,,,,,,,,,,,,,,,,,
766,Charity,1,St Vincent's Seacroft,41-43 Ramshead Hill,Leeds,West Yorkshire,LS14 1BT,53.8276116,-1.4686037,Reuse ,A,,,,,,,,,,,,,,,,,,,,,
767,Charity,1,St Vincent's Wakefield,76 Kirkgate,Wakefield,West Yorkshire,WF1 1UT,53.6823313,-1.4944459,Reuse ,A,,,,,,,,,,,,,,,,,,,,,
767,Charity,1,St Vincent's Wakefield,76 Kirkgate,Wakefield,West Yorkshire,WF1 1UT,53.6823313,-1.4944459,Reuse ,A,,,,,,,,,,,,,,,,,,,,,
767,Charity,1,St Vincent's Wakefield,76 Kirkgate,Wakefield,West Yorkshire,WF1 1UT,53.6823313,-1.4944459,Reuse ,A,,,,,,,,,,,,,,,,,,,,,
768,Charity,1,St Vinsent's Lidgett Lane,227 Lidgett Lane,Leeds,West Yorkshire,LS8 1RB,53.8383403,-1.5235706,Reuse ,A,,,,,,,,,,,,,,,,,,,,,
768,Charity,1,St Vinsent's Lidgett Lane,227 Lidgett Lane,Leeds,West Yorkshire,LS8 1RB,53.8383403,-1.5235706,Reuse ,A,,,,,,,,,,,,,,,,,,,,,
768,Charity,1,St Vinsent's Lidgett Lane,227 Lidgett Lane,Leeds,West Yorkshire,LS8 1RB,53.8383403,-1.5235706,Reuse ,A,,,,,,,,,,,,,,,,,,,,,
769,Charity,1,Stafford Furniture Exchange,38 Mill Street,Stafford,Staffordshire,ST16 2AJ,52.8051154,-2.1176779,Reuse ,A,,,,,,,,,,,,,,,,,,,,,
769,Charity,1,Stafford Furniture Exchange,38 Mill Street,Stafford,Staffordshire,ST16 2AJ,52.8051154,-2.1176779,Reuse ,A,,,,,,,,,,,,,,,,,,,,,
769,Charity,1,Stafford Furniture Exchange,38 Mill Street,Stafford,Staffordshire,ST16 2AJ,52.8051154,-2.1176779,Reuse ,A,,,,,,,,,,,,,,,,,,,,,
774,Charity,1,Stevenage Furniture Recycling Scheme,2-4 willows Link,Stevenage,Hertfordshire,SG2 8AR,51.88254,-0.17868,Reuse ,A,,,,,,,,,,,,,,,,,,,,,
774,Charity,1,Stevenage Furniture Recycling Scheme,2-4 willows Link,Stevenage,Hertfordshire,SG2 8AR,51.88254,-0.17868,Reuse ,A,,,,,,,,,,,,,,,,,,,,,
774,Charity,1,Stevenage Furniture Recycling Scheme,2-4 willows Link,Stevenage,Hertfordshire,SG2 8AR,51.88254,-0.17868,Reuse ,A,,,,,,,,,,,,,,,,,,,,,
777,Charity,1,storeroom Education,25-26 Somerton Industrial Park,Cowes,Isle of White,PO31 8PA,50.74947,-1.30166,Reuse ,A,,,,,,,,,,,,,,,,,,,,,
777,Charity,1,storeroom Education,25-26 Somerton Industrial Park,Cowes,Isle of White,PO31 8PA,50.74947,-1.30166,Reuse ,A,,,,,,,,,,,,,,,,,,,,,
777,Charity,1,storeroom Education,25-26 Somerton Industrial Park,Cowes,Isle of White,PO31 8PA,50.74947,-1.30166,Reuse ,A,,,,,,,,,,,,,,,,,,,,,
778,Charity,1,Storeroom2010,1 Mariners Way,Cowes,Isle of White,PO31 8PD,50.74876,-1.30225,Reuse ,A,,,,,,,,,,,,,,,,,,,,,
778,Charity,1,Storeroom2010,1 Mariners Way,Cowes,Isle of White,PO31 8PD,50.74876,-1.30225,Reuse ,A,,,,,,,,,,,,,,,,,,,,,
778,Charity,1,Storeroom2010,1 Mariners Way,Cowes,Isle of White,PO31 8PD,50.74876,-1.30225,Reuse ,A,,,,,,,,,,,,,,,,,,,,,
779,Charity,1,Streatham Youth Centre,Wellfield Centre,Streatham,London,SW16 2BP,51.42912,-0.12619,Reuse ,A,,,,,,,,,,,,,,,,,,,,,
779,Charity,1,Streatham Youth Centre,Wellfield Centre,Streatham,London,SW16 2BP,51.42912,-0.12619,Reuse ,A,,,,,,,,,,,,,,,,,,,,,
779,Charity,1,Streatham Youth Centre,Wellfield Centre,Streatham,London,SW16 2BP,51.42912,-0.12619,Reuse ,A,,,,,,,,,,,,,,,,,,,,,
780,Other,6,Sussex Toilets,21 Nutley Drive,Worthing,West Sussex,BN12 4JP,50.80874,-0.42139,MRF,C,,,,,,,,,,,,,,,,,,,,,
780,Other,6,Sussex Toilets,21 Nutley Drive,Worthing,West Sussex,BN12 4JP,50.80874,-0.42139,MRF,C,,,,,,,,,,,,,,,,,,,,,
788,Other,6,Tardis Environmental,West Coppice Rd,Walsall,West Midlands,WS8 7HB,52.64749,-1.95033,MRF,C,,,,,,,,,,,,,,,,,,,,,
788,Other,6,Tardis Environmental,West Coppice Rd,Walsall,West Midlands,WS8 7HB,52.64749,-1.95033,MRF,C,,,,,,,,,,,,,,,,,,,,,
793,Charity,1,The Big House,The Big House,Shacklewell,London,N16 8NA,51.55082,-0.08123,Reuse ,A,,,,,,,,,,,,,,,,,,,,,
793,Charity,1,The Big House,The Big House,Shacklewell,London,N16 8NA,51.55082,-0.08123,Reuse ,A,,,,,,,,,,,,,,,,,,,,,
793,Charity,1,The Big House,The Big House,Shacklewell,London,N16 8NA,51.55082,-0.08123,Reuse ,A,,,,,,,,,,,,,,,,,,,,,
794,Charity,1,The Factory,5 Devon Way,Birmingham City,West Midlands,B31 2TS,52.39791,-1.98557,Reuse ,A,,,,,,,,,,,,,,,,,,,,,
794,Charity,1,The Factory,5 Devon Way,Birmingham City,West Midlands,B31 2TS,52.39791,-1.98557,Reuse ,A,,,,,,,,,,,,,,,,,,,,,
794,Charity,1,The Factory,5 Devon Way,Birmingham City,West Midlands,B31 2TS,52.39791,-1.98557,Reuse ,A,,,,,,,,,,,,,,,,,,,,,
795,Charity,1,The Hideaway Project,Quinney Crescnet,Manchester,Manchester,M16 7DG,53.45994,-2.25076,Reuse ,A,,,,,,,,,,,,,,,,,,,,,
795,Charity,1,The Hideaway Project,Quinney Crescnet,Manchester,Manchester,M16 7DG,53.45994,-2.25076,Reuse ,A,,,,,,,,,,,,,,,,,,,,,
795,Charity,1,The Hideaway Project,Quinney Crescnet,Manchester,Manchester,M16 7DG,53.45994,-2.25076,Reuse ,A,,,,,,,,,,,,,,,,,,,,,
796,Charity,1,The Lighthouse,100 Alma Way,Birmingham City,Birmingham,B19 2LN,52.50191,-1.90075,Reuse ,A,,,,,,,,,,,,,,,,,,,,,
796,Charity,1,The Lighthouse,100 Alma Way,Birmingham City,Birmingham,B19 2LN,52.50191,-1.90075,Reuse ,A,,,,,,,,,,,,,,,,,,,,,
796,Charity,1,The Lighthouse,100 Alma Way,Birmingham City,Birmingham,B19 2LN,52.50191,-1.90075,Reuse ,A,,,,,,,,,,,,,,,,,,,,,
797,Charity,1,The Prince's Trust- Kennington,Salisbury House,Wimbledon,London,SW9 6EJ,51.47982,-0.10971,Reuse ,A,,,,,,,,,,,,,,,,,,,,,
797,Charity,1,The Prince's Trust- Kennington,Salisbury House,Wimbledon,London,SW9 6EJ,51.47982,-0.10971,Reuse ,A,,,,,,,,,,,,,,,,,,,,,
797,Charity,1,The Prince's Trust- Kennington,Salisbury House,Wimbledon,London,SW9 6EJ,51.47982,-0.10971,Reuse ,A,,,,,,,,,,,,,,,,,,,,,
798,Charity,1,The Pump,286 Kitts Green Road,Birmingham City,Birmingham,B33 8NF,52.47634,-1.78854,Reuse ,A,,,,,,,,,,,,,,,,,,,,,
798,Charity,1,The Pump,286 Kitts Green Road,Birmingham City,Birmingham,B33 8NF,52.47634,-1.78854,Reuse ,A,,,,,,,,,,,,,,,,,,,,,
798,Charity,1,The Pump,286 Kitts Green Road,Birmingham City,Birmingham,B33 8NF,52.47634,-1.78854,Reuse ,A,,,,,,,,,,,,,,,,,,,,,
799,Charity,1,The Salmon Youth Centre,43 Old Jamaica Road,Bermondsey,London,SE16 4TE,51.49829,-0.0707,Reuse ,A,,,,,,,,,,,,,,,,,,,,,
799,Charity,1,The Salmon Youth Centre,43 Old Jamaica Road,Bermondsey,London,SE16 4TE,51.49829,-0.0707,Reuse ,A,,,,,,,,,,,,,,,,,,,,,
799,Charity,1,The Salmon Youth Centre,43 Old Jamaica Road,Bermondsey,London,SE16 4TE,51.49829,-0.0707,Reuse ,A,,,,,,,,,,,,,,,,,,,,,
800,Charity,1,The Vibe,100 Holder Road,Birmingham City,Birmingham,B25 8AS,52.46593,-1.82128,Reuse ,A,,,,,,,,,,,,,,,,,,,,,
800,Charity,1,The Vibe,100 Holder Road,Birmingham City,Birmingham,B25 8AS,52.46593,-1.82128,Reuse ,A,,,,,,,,,,,,,,,,,,,,,
800,Charity,1,The Vibe,100 Holder Road,Birmingham City,Birmingham,B25 8AS,52.46593,-1.82128,Reuse ,A,,,,,,,,,,,,,,,,,,,,,
801,Charity,1,The Zone,The Henry Cohen Campus,Leeds,West Yorkshire,LS17 7HR,53.85473,-1.54081,Reuse ,A,,,,,,,,,,,,,,,,,,,,,
801,Charity,1,The Zone,The Henry Cohen Campus,Leeds,West Yorkshire,LS17 7HR,53.85473,-1.54081,Reuse ,A,,,,,,,,,,,,,,,,,,,,,
801,Charity,1,The Zone,The Henry Cohen Campus,Leeds,West Yorkshire,LS17 7HR,53.85473,-1.54081,Reuse ,A,,,,,,,,,,,,,,,,,,,,,
802,Charity,1,Theatre Royal Plymouth,Royal Parade,Plymouth,Devon,PL1 2TR,50.36996,-4.1451,Reuse ,A,,,,,,,,,,,,,,,,,,,,,
802,Charity,1,Theatre Royal Plymouth,Royal Parade,Plymouth,Devon,PL1 2TR,50.36996,-4.1451,Reuse ,A,,,,,,,,,,,,,,,,,,,,,
802,Charity,1,Theatre Royal Plymouth,Royal Parade,Plymouth,Devon,PL1 2TR,50.36996,-4.1451,Reuse ,A,,,,,,,,,,,,,,,,,,,,,
804,Charity,1,Three Estate Youth Work Project Shop,Hawkesely Community Centre,Birmingham City,West Midlands,B38 9TU,52.39449,-1.93582,Reuse ,A,,,,,,,,,,,,,,,,,,,,,
804,Charity,1,Three Estate Youth Work Project Shop,Hawkesely Community Centre,Birmingham City,West Midlands,B38 9TU,52.39449,-1.93582,Reuse ,A,,,,,,,,,,,,,,,,,,,,,
804,Charity,1,Three Estate Youth Work Project Shop,Hawkesely Community Centre,Birmingham City,West Midlands,B38 9TU,52.39449,-1.93582,Reuse ,A,,,,,,,,,,,,,,,,,,,,,
805,Recycling facility,5,Tidy Site,Parkhouse Road East,Newcastle under Lyme,Staffordshire,ST5 7RB,53.04703,-2.23843,MRF,C,,,,,,,,,,,,,,,,,,,,,
805,Recycling facility,5,Tidy Site,Parkhouse Road East,Newcastle under Lyme,Staffordshire,ST5 7RB,53.04703,-2.23843,MRF,C,,,,,,,,,,,,,,,,,,,,,
805,Recycling facility,5,Tidy Site,Parkhouse Road East,Newcastle under Lyme,Staffordshire,ST5 7RB,53.04703,-2.23843,MRF,C,,,,,,,,,,,,,,,,,,,,,
805,Recycling facility,5,Tidy Site,Parkhouse Road East,Newcastle under Lyme,Staffordshire,ST5 7RB,53.04703,-2.23843,MRF,C,,,,,,,,,,,,,,,,,,,,,
805,Recycling facility,5,Tidy Site,Parkhouse Road East,Newcastle under Lyme,Staffordshire,ST5 7RB,53.04703,-2.23843,MRF,C,,,,,,,,,,,,,,,,,,,,,
805,Recycling facility,5,Tidy Site,Parkhouse Road East,Newcastle under Lyme,Staffordshire,ST5 7RB,53.04703,-2.23843,MRF,C,,,,,,,,,,,,,,,,,,,,,
805,Recycling facility,5,Tidy Site,Parkhouse Road East,Newcastle under Lyme,Staffordshire,ST5 7RB,53.04703,-2.23843,MRF,C,,,,,,,,,,,,,,,,,,,,,
806,Reprocessor,8,Tilbury Ash Disposal Site,Tilbury Power Station,Tilbury,Thurrock,RM18 8UL,51.455302,0.3902383,Reprocessor,B,,,,,,,,,,,,,,,,,,,,,
806,Reprocessor,8,Tilbury Ash Disposal Site,Tilbury Power Station,Tilbury,Thurrock,RM18 8UL,51.455302,0.3902383,Reprocessor,B,,,,,,,,,,,,,,,,,,,,,
806,Reprocessor,8,Tilbury Ash Disposal Site,Tilbury Power Station,Tilbury,Thurrock,RM18 8UL,51.455302,0.3902383,Reprocessor,B,,,,,,,,,,,,,,,,,,,,,
806,Reprocessor,8,Tilbury Ash Disposal Site,Tilbury Power Station,Tilbury,Thurrock,RM18 8UL,51.455302,0.3902383,Reprocessor,B,,,,,,,,,,,,,,,,,,,,,
806,Reprocessor,8,Tilbury Ash Disposal Site,Tilbury Power Station,Tilbury,Thurrock,RM18 8UL,51.455302,0.3902383,Reprocessor,B,,,,,,,,,,,,,,,,,,,,,
806,Reprocessor,8,Tilbury Ash Disposal Site,Tilbury Power Station,Tilbury,Thurrock,RM18 8UL,51.455302,0.3902383,Reprocessor,B,,,,,,,,,,,,,,,,,,,,,
809,Charity,1,Tokko Youth Centre,Tokko Youth Space,Luton,Bedfordshire,LU1 2QP,51.88058,-0.41849,Reuse ,A,,,,,,,,,,,,,,,,,,,,,
809,Charity,1,Tokko Youth Centre,Tokko Youth Space,Luton,Bedfordshire,LU1 2QP,51.88058,-0.41849,Reuse ,A,,,,,,,,,,,,,,,,,,,,,
809,Charity,1,Tokko Youth Centre,Tokko Youth Space,Luton,Bedfordshire,LU1 2QP,51.88058,-0.41849,Reuse ,A,,,,,,,,,,,,,,,,,,,,,
810,Recycling facility,5,Tom White Waste Limited,The Recycling Centre,Coventry,West Midlands,CV6 6LN,52.44615,-1.49097,MRF,C,,,,,,,,,,,,,,,,,,,,,
810,Recycling facility,5,Tom White Waste Limited,The Recycling Centre,Coventry,West Midlands,CV6 6LN,52.44615,-1.49097,MRF,C,,,,,,,,,,,,,,,,,,,,,
810,Recycling facility,5,Tom White Waste Limited,The Recycling Centre,Coventry,West Midlands,CV6 6LN,52.44615,-1.49097,MRF,C,,,,,,,,,,,,,,,,,,,,,
810,Recycling facility,5,Tom White Waste Limited,The Recycling Centre,Coventry,West Midlands,CV6 6LN,52.44615,-1.49097,MRF,C,,,,,,,,,,,,,,,,,,,,,
810,Recycling facility,5,Tom White Waste Limited,The Recycling Centre,Coventry,West Midlands,CV6 6LN,52.44615,-1.49097,MRF,C,,,,,,,,,,,,,,,,,,,,,
810,Recycling facility,5,Tom White Waste Limited,The Recycling Centre,Coventry,West Midlands,CV6 6LN,52.44615,-1.49097,MRF,C,,,,,,,,,,,,,,,,,,,,,
810,Recycling facility,5,Tom White Waste Limited,The Recycling Centre,Coventry,West Midlands,CV6 6LN,52.44615,-1.49097,MRF,C,,,,,,,,,,,,,,,,,,,,,
815,Charity,1,UK Youth,Highbury Office,Holloway,London,N7 8PG,51.54766,-0.10975,Reuse ,A,,,,,,,,,,,,,,,,,,,,,
815,Charity,1,UK Youth,Highbury Office,Holloway,London,N7 8PG,51.54766,-0.10975,Reuse ,A,,,,,,,,,,,,,,,,,,,,,
815,Charity,1,UK Youth,Highbury Office,Holloway,London,N7 8PG,51.54766,-0.10975,Reuse ,A,,,,,,,,,,,,,,,,,,,,,
823,Recycling facility,5,Ward Recycling,Recycling Centre,Swadlincote,Derbyshire,DE11 8DG,52.76835,-1.53462,MRF,C,,,,,,,,,,,,,,,,,,,,,
823,Recycling facility,5,Ward Recycling,Recycling Centre,Swadlincote,Derbyshire,DE11 8DG,52.76835,-1.53462,MRF,C,,,,,,,,,,,,,,,,,,,,,
823,Recycling facility,5,Ward Recycling,Recycling Centre,Swadlincote,Derbyshire,DE11 8DG,52.76835,-1.53462,MRF,C,,,,,,,,,,,,,,,,,,,,,
823,Recycling facility,5,Ward Recycling,Recycling Centre,Swadlincote,Derbyshire,DE11 8DG,52.76835,-1.53462,MRF,C,,,,,,,,,,,,,,,,,,,,,
823,Recycling facility,5,Ward Recycling,Recycling Centre,Swadlincote,Derbyshire,DE11 8DG,52.76835,-1.53462,MRF,C,,,,,,,,,,,,,,,,,,,,,
823,Recycling facility,5,Ward Recycling,Recycling Centre,Swadlincote,Derbyshire,DE11 8DG,52.76835,-1.53462,MRF,C,,,,,,,,,,,,,,,,,,,,,
823,Recycling facility,5,Ward Recycling,Recycling Centre,Swadlincote,Derbyshire,DE11 8DG,52.76835,-1.53462,MRF,C,,,,,,,,,,,,,,,,,,,,,
825,Charity,1,Warrington Youth Club,Warrington Youth Club,Warrington,Cheshire,WA5 1HQ,53.38931,-2.62155,Reuse ,A,,,,,,,,,,,,,,,,,,,,,
825,Charity,1,Warrington Youth Club,Warrington Youth Club,Warrington,Cheshire,WA5 1HQ,53.38931,-2.62155,Reuse ,A,,,,,,,,,,,,,,,,,,,,,
825,Charity,1,Warrington Youth Club,Warrington Youth Club,Warrington,Cheshire,WA5 1HQ,53.38931,-2.62155,Reuse ,A,,,,,,,,,,,,,,,,,,,,,
831,Other,6,We Clear Junk,Harrow Road,Tokyngton,London,NW10 0RG,51.54307,-0.27144,MRF,C,,,,,,,,,,,,,,,,,,,,,
831,Other,6,We Clear Junk,Harrow Road,Tokyngton,London,NW10 0RG,51.54307,-0.27144,MRF,C,,,,,,,,,,,,,,,,,,,,,
831,Other,6,We Clear Junk,Harrow Road,Tokyngton,London,NW10 0RG,51.54307,-0.27144,MRF,C,,,,,,,,,,,,,,,,,,,,,
834,Recycling facility,5,WEEE- Recycleit,Unit 4 Austin Way,Daventry,Northamptonshire,NN11 8QY,52.26678,-1.18194,MRF,C,,,,,,,,,,,,,,,,,,,,,
834,Recycling facility,5,WEEE- Recycleit,Unit 4 Austin Way,Daventry,Northamptonshire,NN11 8QY,52.26678,-1.18194,MRF,C,,,,,,,,,,,,,,,,,,,,,
834,Recycling facility,5,WEEE- Recycleit,Unit 4 Austin Way,Daventry,Northamptonshire,NN11 8QY,52.26678,-1.18194,MRF,C,,,,,,,,,,,,,,,,,,,,,
834,Recycling facility,5,WEEE- Recycleit,Unit 4 Austin Way,Daventry,Northamptonshire,NN11 8QY,52.26678,-1.18194,MRF,C,,,,,,,,,,,,,,,,,,,,,
834,Recycling facility,5,WEEE- Recycleit,Unit 4 Austin Way,Daventry,Northamptonshire,NN11 8QY,52.26678,-1.18194,MRF,C,,,,,,,,,,,,,,,,,,,,,
834,Recycling facility,5,WEEE- Recycleit,Unit 4 Austin Way,Daventry,Northamptonshire,NN11 8QY,52.26678,-1.18194,MRF,C,,,,,,,,,,,,,,,,,,,,,
834,Recycling facility,5,WEEE- Recycleit,Unit 4 Austin Way,Daventry,Northamptonshire,NN11 8QY,52.26678,-1.18194,MRF,C,,,,,,,,,,,,,,,,,,,,,
835,Recycling facility,5,Weir Waste,Cato Street,Birmingham City,West Midlands,B7 4TS,52.49069,-1.86953,MRF,C,,,,,,,,,,,,,,,,,,,,,
835,Recycling facility,5,Weir Waste,Cato Street,Birmingham City,West Midlands,B7 4TS,52.49069,-1.86953,MRF,C,,,,,,,,,,,,,,,,,,,,,
835,Recycling facility,5,Weir Waste,Cato Street,Birmingham City,West Midlands,B7 4TS,52.49069,-1.86953,MRF,C,,,,,,,,,,,,,,,,,,,,,
835,Recycling facility,5,Weir Waste,Cato Street,Birmingham City,West Midlands,B7 4TS,52.49069,-1.86953,MRF,C,,,,,,,,,,,,,,,,,,,,,
835,Recycling facility,5,Weir Waste,Cato Street,Birmingham City,West Midlands,B7 4TS,52.49069,-1.86953,MRF,C,,,,,,,,,,,,,,,,,,,,,
835,Recycling facility,5,Weir Waste,Cato Street,Birmingham City,West Midlands,B7 4TS,52.49069,-1.86953,MRF,C,,,,,,,,,,,,,,,,,,,,,
835,Recycling facility,5,Weir Waste,Cato Street,Birmingham City,West Midlands,B7 4TS,52.49069,-1.86953,MRF,C,,,,,,,,,,,,,,,,,,,,,
836,Charity,1,Westminster Waste,Maybank Wharf,Greenwich,London,SE7 8NJ,51.4936246,0.0324968,Reuse ,A,,,,,,,,,,,,,,,,,,,,,
836,Charity,1,Westminster Waste,Maybank Wharf,Greenwich,London,SE7 8NJ,51.4936246,0.0324968,Reuse ,A,,,,,,,,,,,,,,,,,,,,,
836,Charity,1,Westminster Waste,Maybank Wharf,Greenwich,London,SE7 8NJ,51.4936246,0.0324968,Reuse ,A,,,,,,,,,,,,,,,,,,,,,
846,Recycling facility,5,Williams Environmental Management,Unit 3 Charles Street,Silvertown,London,E16 2BY,51.50358,0.03667,MRF,C,,,,,,,,,,,,,,,,,,,,,
846,Recycling facility,5,Williams Environmental Management,Unit 3 Charles Street,Silvertown,London,E16 2BY,51.50358,0.03667,MRF,C,,,,,,,,,,,,,,,,,,,,,
846,Recycling facility,5,Williams Environmental Management,Unit 3 Charles Street,Silvertown,London,E16 2BY,51.50358,0.03667,MRF,C,,,,,,,,,,,,,,,,,,,,,
846,Recycling facility,5,Williams Environmental Management,Unit 3 Charles Street,Silvertown,London,E16 2BY,51.50358,0.03667,MRF,C,,,,,,,,,,,,,,,,,,,,,
846,Recycling facility,5,Williams Environmental Management,Unit 3 Charles Street,Silvertown,London,E16 2BY,51.50358,0.03667,MRF,C,,,,,,,,,,,,,,,,,,,,,
846,Recycling facility,5,Williams Environmental Management,Unit 3 Charles Street,Silvertown,London,E16 2BY,51.50358,0.03667,MRF,C,,,,,,,,,,,,,,,,,,,,,
846,Recycling facility,5,Williams Environmental Management,Unit 3 Charles Street,Silvertown,London,E16 2BY,51.50358,0.03667,MRF,C,,,,,,,,,,,,,,,,,,,,,
856,Charity,1,Worthing youth theatre,1 Ashurst Drive,Brighton,West Sussex,BN12 4SN,50.81115,-0.42667,Reuse ,A,,,,,,,,,,,,,,,,,,,,,
856,Charity,1,Worthing youth theatre,1 Ashurst Drive,Brighton,West Sussex,BN12 4SN,50.81115,-0.42667,Reuse ,A,,,,,,,,,,,,,,,,,,,,,
856,Charity,1,Worthing youth theatre,1 Ashurst Drive,Brighton,West Sussex,BN12 4SN,50.81115,-0.42667,Reuse ,A,,,,,,,,,,,,,,,,,,,,,
857,Reprocessor,8,Wraysbury Landfill Site,Land/Premises at Staines Road,Staines,Middlesex,TW19 5NH,51.45786,-0.5438,Reprocessor,B,,,,,,,,,,,,,,,,,,,,,
857,Reprocessor,8,Wraysbury Landfill Site,Land/Premises at Staines Road,Staines,Middlesex,TW19 5NH,51.45786,-0.5438,Reprocessor,B,,,,,,,,,,,,,,,,,,,,,
857,Reprocessor,8,Wraysbury Landfill Site,Land/Premises at Staines Road,Staines,Middlesex,TW19 5NH,51.45786,-0.5438,Reprocessor,B,,,,,,,,,,,,,,,,,,,,,
857,Reprocessor,8,Wraysbury Landfill Site,Land/Premises at Staines Road,Staines,Middlesex,TW19 5NH,51.45786,-0.5438,Reprocessor,B,,,,,,,,,,,,,,,,,,,,,
857,Reprocessor,8,Wraysbury Landfill Site,Land/Premises at Staines Road,Staines,Middlesex,TW19 5NH,51.45786,-0.5438,Reprocessor,B,,,,,,,,,,,,,,,,,,,,,
857,Reprocessor,8,Wraysbury Landfill Site,Land/Premises at Staines Road,Staines,Middlesex,TW19 5NH,51.45786,-0.5438,Reprocessor,B,,,,,,,,,,,,,,,,,,,,,
859,Charity,1,YMCA Cultyre Fusion,125 Thornton Road,Bradford,West Yorkshire,BD1 2EP,53.79288,-1.75965,Reuse ,A,,,,,,,,,,,,,,,,,,,,,
859,Charity,1,YMCA Cultyre Fusion,125 Thornton Road,Bradford,West Yorkshire,BD1 2EP,53.79288,-1.75965,Reuse ,A,,,,,,,,,,,,,,,,,,,,,
859,Charity,1,YMCA Cultyre Fusion,125 Thornton Road,Bradford,West Yorkshire,BD1 2EP,53.79288,-1.75965,Reuse ,A,,,,,,,,,,,,,,,,,,,,,
860,Charity,1,Youth First,185 Brookehowse Road,Bellingham,London,SE6 3TT,51.42861,-0.02009,Reuse ,A,,,,,,,,,,,,,,,,,,,,,
860,Charity,1,Youth First,185 Brookehowse Road,Bellingham,London,SE6 3TT,51.42861,-0.02009,Reuse ,A,,,,,,,,,,,,,,,,,,,,,
860,Charity,1,Youth First,185 Brookehowse Road,Bellingham,London,SE6 3TT,51.42861,-0.02009,Reuse ,A,,,,,,,,,,,,,,,,,,,,,
862,Reprocessor,8,DS Smith Paper Limited,Paper/board,Sittingbourne,Kent,ME10 2TD,51.36219,0.75123,Reprocessor,B,,,,,,,,,,,,,,,,,,,,,
862,Reprocessor,8,DS Smith Paper Limited,Paper/board,Sittingbourne,Kent,ME10 2TD,51.36219,0.75123,Reprocessor,B,,,,,,,,,,,,,,,,,,,,,
862,Reprocessor,8,DS Smith Paper Limited,Paper/board,Sittingbourne,Kent,ME10 2TD,51.36219,0.75123,Reprocessor,B,,,,,,,,,,,,,,,,,,,,,
862,Reprocessor,8,DS Smith Paper Limited,Paper/board,Sittingbourne,Kent,ME10 2TD,51.36219,0.75123,Reprocessor,B,,,,,,,,,,,,,,,,,,,,,
862,Reprocessor,8,DS Smith Paper Limited,Paper/board,Sittingbourne,Kent,ME10 2TD,51.36219,0.75123,Reprocessor,B,,,,,,,,,,,,,,,,,,,,,
862,Reprocessor,8,DS Smith Paper Limited,Paper/board,Sittingbourne,Kent,ME10 2TD,51.36219,0.75123,Reprocessor,B,,,,,,,,,,,,,,,,,,,,,
863,Reprocessor,8,Preston Board & Packaging Ltd,Paper/board,Middlesborough,Teesside,SK6 4DZ,53.41003,-2.0799,Reprocessor,B,,,,,,,,,,,,,,,,,,,,,
863,Reprocessor,8,Preston Board & Packaging Ltd,Paper/board,Middlesborough,Teesside,SK6 4DZ,53.41003,-2.0799,Reprocessor,B,,,,,,,,,,,,,,,,,,,,,
863,Reprocessor,8,Preston Board & Packaging Ltd,Paper/board,Middlesborough,Teesside,SK6 4DZ,53.41003,-2.0799,Reprocessor,B,,,,,,,,,,,,,,,,,,,,,
863,Reprocessor,8,Preston Board & Packaging Ltd,Paper/board,Middlesborough,Teesside,SK6 4DZ,53.41003,-2.0799,Reprocessor,B,,,,,,,,,,,,,,,,,,,,,
863,Reprocessor,8,Preston Board & Packaging Ltd,Paper/board,Middlesborough,Teesside,SK6 4DZ,53.41003,-2.0799,Reprocessor,B,,,,,,,,,,,,,,,,,,,,,
863,Reprocessor,8,Preston Board & Packaging Ltd,Paper/board,Middlesborough,Teesside,SK6 4DZ,53.41003,-2.0799,Reprocessor,B,,,,,,,,,,,,,,,,,,,,,
864,Reprocessor,8,SAICA Paper UK Ltd,Paper/board,Manchester,Greater Manchester,M31 4QN,53.42524,-2.41926,Reprocessor,B,,,,,,,,,,,,,,,,,,,,,
864,Reprocessor,8,SAICA Paper UK Ltd,Paper/board,Manchester,Greater Manchester,M31 4QN,53.42524,-2.41926,Reprocessor,B,,,,,,,,,,,,,,,,,,,,,
864,Reprocessor,8,SAICA Paper UK Ltd,Paper/board,Manchester,Greater Manchester,M31 4QN,53.42524,-2.41926,Reprocessor,B,,,,,,,,,,,,,,,,,,,,,
864,Reprocessor,8,SAICA Paper UK Ltd,Paper/board,Manchester,Greater Manchester,M31 4QN,53.42524,-2.41926,Reprocessor,B,,,,,,,,,,,,,,,,,,,,,
864,Reprocessor,8,SAICA Paper UK Ltd,Paper/board,Manchester,Greater Manchester,M31 4QN,53.42524,-2.41926,Reprocessor,B,,,,,,,,,,,,,,,,,,,,,
864,Reprocessor,8,SAICA Paper UK Ltd,Paper/board,Manchester,Greater Manchester,M31 4QN,53.42524,-2.41926,Reprocessor,B,,,,,,,,,,,,,,,,,,,,,
865,Reprocessor,8,Smurfit Kappa UK Ltd,Paper/board,Snodland,Kent,ME6 5AX,51.32792,0.44994,Reprocessor,B,,,,,,,,,,,,,,,,,,,,,
865,Reprocessor,8,Smurfit Kappa UK Ltd,Paper/board,Snodland,Kent,ME6 5AX,51.32792,0.44994,Reprocessor,B,,,,,,,,,,,,,,,,,,,,,
865,Reprocessor,8,Smurfit Kappa UK Ltd,Paper/board,Snodland,Kent,ME6 5AX,51.32792,0.44994,Reprocessor,B,,,,,,,,,,,,,,,,,,,,,
865,Reprocessor,8,Smurfit Kappa UK Ltd,Paper/board,Snodland,Kent,ME6 5AX,51.32792,0.44994,Reprocessor,B,,,,,,,,,,,,,,,,,,,,,
865,Reprocessor,8,Smurfit Kappa UK Ltd,Paper/board,Snodland,Kent,ME6 5AX,51.32792,0.44994,Reprocessor,B,,,,,,,,,,,,,,,,,,,,,
865,Reprocessor,8,Smurfit Kappa UK Ltd,Paper/board,Snodland,Kent,ME6 5AX,51.32792,0.44994,Reprocessor,B,,,,,,,,,,,,,,,,,,,,,
866,Reprocessor,8,Smurfit Kappa UK Ltd,Paper/board,Birmingham City,West Midlands,B7 5RE,52.49546,-1.8657,Reprocessor,B,,,,,,,,,,,,,,,,,,,,,
866,Reprocessor,8,Smurfit Kappa UK Ltd,Paper/board,Birmingham City,West Midlands,B7 5RE,52.49546,-1.8657,Reprocessor,B,,,,,,,,,,,,,,,,,,,,,
866,Reprocessor,8,Smurfit Kappa UK Ltd,Paper/board,Birmingham City,West Midlands,B7 5RE,52.49546,-1.8657,Reprocessor,B,,,,,,,,,,,,,,,,,,,,,
866,Reprocessor,8,Smurfit Kappa UK Ltd,Paper/board,Birmingham City,West Midlands,B7 5RE,52.49546,-1.8657,Reprocessor,B,,,,,,,,,,,,,,,,,,,,,
866,Reprocessor,8,Smurfit Kappa UK Ltd,Paper/board,Birmingham City,West Midlands,B7 5RE,52.49546,-1.8657,Reprocessor,B,,,,,,,,,,,,,,,,,,,,,
866,Reprocessor,8,Smurfit Kappa UK Ltd,Paper/board,Birmingham City,West Midlands,B7 5RE,52.49546,-1.8657,Reprocessor,B,,,,,,,,,,,,,,,,,,,,,
867,Reprocessor,8,Sonoco Cores and Paper Ltd,Paper/board,Stainland,West Yorkshire,HX4 9PY,53.66803,-1.89686,Reprocessor,B,,,,,,,,,,,,,,,,,,,,,
867,Reprocessor,8,Sonoco Cores and Paper Ltd,Paper/board,Stainland,West Yorkshire,HX4 9PY,53.66803,-1.89686,Reprocessor,B,,,,,,,,,,,,,,,,,,,,,
867,Reprocessor,8,Sonoco Cores and Paper Ltd,Paper/board,Stainland,West Yorkshire,HX4 9PY,53.66803,-1.89686,Reprocessor,B,,,,,,,,,,,,,,,,,,,,,
867,Reprocessor,8,Sonoco Cores and Paper Ltd,Paper/board,Stainland,West Yorkshire,HX4 9PY,53.66803,-1.89686,Reprocessor,B,,,,,,,,,,,,,,,,,,,,,
867,Reprocessor,8,Sonoco Cores and Paper Ltd,Paper/board,Stainland,West Yorkshire,HX4 9PY,53.66803,-1.89686,Reprocessor,B,,,,,,,,,,,,,,,,,,,,,
867,Reprocessor,8,Sonoco Cores and Paper Ltd,Paper/board,Stainland,West Yorkshire,HX4 9PY,53.66803,-1.89686,Reprocessor,B,,,,,,,,,,,,,,,,,,,,,
868,Reprocessor,8,Allied Glass Containers,Glass,Leeds,West Yorkshire,LS10 1NQ,53.78677,-1.52865,Reprocessor,B,,,,,,,,,,,,,,,,,,,,,
868,Reprocessor,8,Allied Glass Containers,Glass,Leeds,West Yorkshire,LS10 1NQ,53.78677,-1.52865,Reprocessor,B,,,,,,,,,,,,,,,,,,,,,
868,Reprocessor,8,Allied Glass Containers,Glass,Leeds,West Yorkshire,LS10 1NQ,53.78677,-1.52865,Reprocessor,B,,,,,,,,,,,,,,,,,,,,,
868,Reprocessor,8,Allied Glass Containers,Glass,Leeds,West Yorkshire,LS10 1NQ,53.78677,-1.52865,Reprocessor,B,,,,,,,,,,,,,,,,,,,,,
868,Reprocessor,8,Allied Glass Containers,Glass,Leeds,West Yorkshire,LS10 1NQ,53.78677,-1.52865,Reprocessor,B,,,,,,,,,,,,,,,,,,,,,
868,Reprocessor,8,Allied Glass Containers,Glass,Leeds,West Yorkshire,LS10 1NQ,53.78677,-1.52865,Reprocessor,B,,,,,,,,,,,,,,,,,,,,,
869,Reprocessor,8,Allied Glass Containers,Glass,Knottingley,East Yorkshire,WF11 8DJ,53.70876,-1.23728,Reprocessor,B,,,,,,,,,,,,,,,,,,,,,
869,Reprocessor,8,Allied Glass Containers,Glass,Knottingley,East Yorkshire,WF11 8DJ,53.70876,-1.23728,Reprocessor,B,,,,,,,,,,,,,,,,,,,,,
869,Reprocessor,8,Allied Glass Containers,Glass,Knottingley,East Yorkshire,WF11 8DJ,53.70876,-1.23728,Reprocessor,B,,,,,,,,,,,,,,,,,,,,,
869,Reprocessor,8,Allied Glass Containers,Glass,Knottingley,East Yorkshire,WF11 8DJ,53.70876,-1.23728,Reprocessor,B,,,,,,,,,,,,,,,,,,,,,
869,Reprocessor,8,Allied Glass Containers,Glass,Knottingley,East Yorkshire,WF11 8DJ,53.70876,-1.23728,Reprocessor,B,,,,,,,,,,,,,,,,,,,,,
869,Reprocessor,8,Allied Glass Containers,Glass,Knottingley,East Yorkshire,WF11 8DJ,53.70876,-1.23728,Reprocessor,B,,,,,,,,,,,,,,,,,,,,,
870,Reprocessor,8,Ardagh Glass Limited,Glass,Knottingley,East Yorkshire,WF11 0HP,53.70005,-1.25172,Reprocessor,B,,,,,,,,,,,,,,,,,,,,,
870,Reprocessor,8,Ardagh Glass Limited,Glass,Knottingley,East Yorkshire,WF11 0HP,53.70005,-1.25172,Reprocessor,B,,,,,,,,,,,,,,,,,,,,,
870,Reprocessor,8,Ardagh Glass Limited,Glass,Knottingley,East Yorkshire,WF11 0HP,53.70005,-1.25172,Reprocessor,B,,,,,,,,,,,,,,,,,,,,,
870,Reprocessor,8,Ardagh Glass Limited,Glass,Knottingley,East Yorkshire,WF11 0HP,53.70005,-1.25172,Reprocessor,B,,,,,,,,,,,,,,,,,,,,,
870,Reprocessor,8,Ardagh Glass Limited,Glass,Knottingley,East Yorkshire,WF11 0HP,53.70005,-1.25172,Reprocessor,B,,,,,,,,,,,,,,,,,,,,,
870,Reprocessor,8,Ardagh Glass Limited,Glass,Knottingley,East Yorkshire,WF11 0HP,53.70005,-1.25172,Reprocessor,B,,,,,,,,,,,,,,,,,,,,,
871,Reprocessor,8,Ardagh Glass Limited,Glass,Doncaster,South Yorkshire,DN2 4RH,53.55256,-1.08798,Reprocessor,B,,,,,,,,,,,,,,,,,,,,,
871,Reprocessor,8,Ardagh Glass Limited,Glass,Doncaster,South Yorkshire,DN2 4RH,53.55256,-1.08798,Reprocessor,B,,,,,,,,,,,,,,,,,,,,,
871,Reprocessor,8,Ardagh Glass Limited,Glass,Doncaster,South Yorkshire,DN2 4RH,53.55256,-1.08798,Reprocessor,B,,,,,,,,,,,,,,,,,,,,,
871,Reprocessor,8,Ardagh Glass Limited,Glass,Doncaster,South Yorkshire,DN2 4RH,53.55256,-1.08798,Reprocessor,B,,,,,,,,,,,,,,,,,,,,,
871,Reprocessor,8,Ardagh Glass Limited,Glass,Doncaster,South Yorkshire,DN2 4RH,53.55256,-1.08798,Reprocessor,B,,,,,,,,,,,,,,,,,,,,,
871,Reprocessor,8,Ardagh Glass Limited,Glass,Doncaster,South Yorkshire,DN2 4RH,53.55256,-1.08798,Reprocessor,B,,,,,,,,,,,,,,,,,,,,,
872,Reprocessor,8,Ardagh Glass Limited,Glass,Barnsley,South Yorkshire,S71 5RP,53.57039,-1.43869,Reprocessor,B,,,,,,,,,,,,,,,,,,,,,
872,Reprocessor,8,Ardagh Glass Limited,Glass,Barnsley,South Yorkshire,S71 5RP,53.57039,-1.43869,Reprocessor,B,,,,,,,,,,,,,,,,,,,,,
872,Reprocessor,8,Ardagh Glass Limited,Glass,Barnsley,South Yorkshire,S71 5RP,53.57039,-1.43869,Reprocessor,B,,,,,,,,,,,,,,,,,,,,,
872,Reprocessor,8,Ardagh Glass Limited,Glass,Barnsley,South Yorkshire,S71 5RP,53.57039,-1.43869,Reprocessor,B,,,,,,,,,,,,,,,,,,,,,
872,Reprocessor,8,Ardagh Glass Limited,Glass,Barnsley,South Yorkshire,S71 5RP,53.57039,-1.43869,Reprocessor,B,,,,,,,,,,,,,,,,,,,,,
872,Reprocessor,8,Ardagh Glass Limited,Glass,Barnsley,South Yorkshire,S71 5RP,53.57039,-1.43869,Reprocessor,B,,,,,,,,,,,,,,,,,,,,,
873,Reprocessor,8,Beatson Clark Limited,Glass,Rotherham,South Yorkshire,S60 1TZ,53.43594,-1.36039,Reprocessor,B,,,,,,,,,,,,,,,,,,,,,
873,Reprocessor,8,Beatson Clark Limited,Glass,Rotherham,South Yorkshire,S60 1TZ,53.43594,-1.36039,Reprocessor,B,,,,,,,,,,,,,,,,,,,,,
873,Reprocessor,8,Beatson Clark Limited,Glass,Rotherham,South Yorkshire,S60 1TZ,53.43594,-1.36039,Reprocessor,B,,,,,,,,,,,,,,,,,,,,,
873,Reprocessor,8,Beatson Clark Limited,Glass,Rotherham,South Yorkshire,S60 1TZ,53.43594,-1.36039,Reprocessor,B,,,,,,,,,,,,,,,,,,,,,
873,Reprocessor,8,Beatson Clark Limited,Glass,Rotherham,South Yorkshire,S60 1TZ,53.43594,-1.36039,Reprocessor,B,,,,,,,,,,,,,,,,,,,,,
873,Reprocessor,8,Beatson Clark Limited,Glass,Rotherham,South Yorkshire,S60 1TZ,53.43594,-1.36039,Reprocessor,B,,,,,,,,,,,,,,,,,,,,,
874,Reprocessor,8,Brinklow Quarry,Glass,Rugby,Warwickshire,CV23 0NJ,52.41137,-1.38227,Reprocessor,B,,,,,,,,,,,,,,,,,,,,,
874,Reprocessor,8,Brinklow Quarry,Glass,Rugby,Warwickshire,CV23 0NJ,52.41137,-1.38227,Reprocessor,B,,,,,,,,,,,,,,,,,,,,,
874,Reprocessor,8,Brinklow Quarry,Glass,Rugby,Warwickshire,CV23 0NJ,52.41137,-1.38227,Reprocessor,B,,,,,,,,,,,,,,,,,,,,,
874,Reprocessor,8,Brinklow Quarry,Glass,Rugby,Warwickshire,CV23 0NJ,52.41137,-1.38227,Reprocessor,B,,,,,,,,,,,,,,,,,,,,,
874,Reprocessor,8,Brinklow Quarry,Glass,Rugby,Warwickshire,CV23 0NJ,52.41137,-1.38227,Reprocessor,B,,,,,,,,,,,,,,,,,,,,,
874,Reprocessor,8,Brinklow Quarry,Glass,Rugby,Warwickshire,CV23 0NJ,52.41137,-1.38227,Reprocessor,B,,,,,,,,,,,,,,,,,,,,,
875,Reprocessor,8,Day Group Ltd,Glass,Charlton,London,SE7 7SH,51.49121,0.02421,Reprocessor,B,,,,,,,,,,,,,,,,,,,,,
875,Reprocessor,8,Day Group Ltd,Glass,Charlton,London,SE7 7SH,51.49121,0.02421,Reprocessor,B,,,,,,,,,,,,,,,,,,,,,
875,Reprocessor,8,Day Group Ltd,Glass,Charlton,London,SE7 7SH,51.49121,0.02421,Reprocessor,B,,,,,,,,,,,,,,,,,,,,,
875,Reprocessor,8,Day Group Ltd,Glass,Charlton,London,SE7 7SH,51.49121,0.02421,Reprocessor,B,,,,,,,,,,,,,,,,,,,,,
875,Reprocessor,8,Day Group Ltd,Glass,Charlton,London,SE7 7SH,51.49121,0.02421,Reprocessor,B,,,,,,,,,,,,,,,,,,,,,
875,Reprocessor,8,Day Group Ltd,Glass,Charlton,London,SE7 7SH,51.49121,0.02421,Reprocessor,B,,,,,,,,,,,,,,,,,,,,,
876,Reprocessor,8,Encirc Limited,Glass,ELTON,Cheshire,CH2 4LF,53.28015,-2.81476,Reprocessor,B,,,,,,,,,,,,,,,,,,,,,
876,Reprocessor,8,Encirc Limited,Glass,ELTON,Cheshire,CH2 4LF,53.28015,-2.81476,Reprocessor,B,,,,,,,,,,,,,,,,,,,,,
876,Reprocessor,8,Encirc Limited,Glass,ELTON,Cheshire,CH2 4LF,53.28015,-2.81476,Reprocessor,B,,,,,,,,,,,,,,,,,,,,,
876,Reprocessor,8,Encirc Limited,Glass,ELTON,Cheshire,CH2 4LF,53.28015,-2.81476,Reprocessor,B,,,,,,,,,,,,,,,,,,,,,
876,Reprocessor,8,Encirc Limited,Glass,ELTON,Cheshire,CH2 4LF,53.28015,-2.81476,Reprocessor,B,,,,,,,,,,,,,,,,,,,,,
876,Reprocessor,8,Encirc Limited,Glass,ELTON,Cheshire,CH2 4LF,53.28015,-2.81476,Reprocessor,B,,,,,,,,,,,,,,,,,,,,,
877,Reprocessor,8,Glass Recycling (UK) Ltd,Glass,Barnsley,South Yorkshire,S71 3HX,53.58233,-1.45546,Reprocessor,B,,,,,,,,,,,,,,,,,,,,,
877,Reprocessor,8,Glass Recycling (UK) Ltd,Glass,Barnsley,South Yorkshire,S71 3HX,53.58233,-1.45546,Reprocessor,B,,,,,,,,,,,,,,,,,,,,,
877,Reprocessor,8,Glass Recycling (UK) Ltd,Glass,Barnsley,South Yorkshire,S71 3HX,53.58233,-1.45546,Reprocessor,B,,,,,,,,,,,,,,,,,,,,,
877,Reprocessor,8,Glass Recycling (UK) Ltd,Glass,Barnsley,South Yorkshire,S71 3HX,53.58233,-1.45546,Reprocessor,B,,,,,,,,,,,,,,,,,,,,,
877,Reprocessor,8,Glass Recycling (UK) Ltd,Glass,Barnsley,South Yorkshire,S71 3HX,53.58233,-1.45546,Reprocessor,B,,,,,,,,,,,,,,,,,,,,,
877,Reprocessor,8,Glass Recycling (UK) Ltd,Glass,Barnsley,South Yorkshire,S71 3HX,53.58233,-1.45546,Reprocessor,B,,,,,,,,,,,,,,,,,,,,,
878,Reprocessor,8,Glass Recycling (UK) Ltd,Glass,Barnsley,South Yorkshire,S71 3HX,53.58233,-1.45546,Reprocessor,B,,,,,,,,,,,,,,,,,,,,,
878,Reprocessor,8,Glass Recycling (UK) Ltd,Glass,Barnsley,South Yorkshire,S71 3HX,53.58233,-1.45546,Reprocessor,B,,,,,,,,,,,,,,,,,,,,,
878,Reprocessor,8,Glass Recycling (UK) Ltd,Glass,Barnsley,South Yorkshire,S71 3HX,53.58233,-1.45546,Reprocessor,B,,,,,,,,,,,,,,,,,,,,,
878,Reprocessor,8,Glass Recycling (UK) Ltd,Glass,Barnsley,South Yorkshire,S71 3HX,53.58233,-1.45546,Reprocessor,B,,,,,,,,,,,,,,,,,,,,,
878,Reprocessor,8,Glass Recycling (UK) Ltd,Glass,Barnsley,South Yorkshire,S71 3HX,53.58233,-1.45546,Reprocessor,B,,,,,,,,,,,,,,,,,,,,,
878,Reprocessor,8,Glass Recycling (UK) Ltd,Glass,Barnsley,South Yorkshire,S71 3HX,53.58233,-1.45546,Reprocessor,B,,,,,,,,,,,,,,,,,,,,,
879,Reprocessor,8,Green Future Recycling Ltd,Glass,Blackpool,Lancashire,FY4 5JX,53.77526,-2.97579,Reprocessor,B,,,,,,,,,,,,,,,,,,,,,
879,Reprocessor,8,Green Future Recycling Ltd,Glass,Blackpool,Lancashire,FY4 5JX,53.77526,-2.97579,Reprocessor,B,,,,,,,,,,,,,,,,,,,,,
879,Reprocessor,8,Green Future Recycling Ltd,Glass,Blackpool,Lancashire,FY4 5JX,53.77526,-2.97579,Reprocessor,B,,,,,,,,,,,,,,,,,,,,,
879,Reprocessor,8,Green Future Recycling Ltd,Glass,Blackpool,Lancashire,FY4 5JX,53.77526,-2.97579,Reprocessor,B,,,,,,,,,,,,,,,,,,,,,
879,Reprocessor,8,Green Future Recycling Ltd,Glass,Blackpool,Lancashire,FY4 5JX,53.77526,-2.97579,Reprocessor,B,,,,,,,,,,,,,,,,,,,,,
879,Reprocessor,8,Green Future Recycling Ltd,Glass,Blackpool,Lancashire,FY4 5JX,53.77526,-2.97579,Reprocessor,B,,,,,,,,,,,,,,,,,,,,,
880,Reprocessor,8,J A Jackson Contractors (Preston) Ltd,Glass,Preston,Lancashire,PR4 0AP,53.79722,-2.73325,Reprocessor,B,,,,,,,,,,,,,,,,,,,,,
880,Reprocessor,8,J A Jackson Contractors (Preston) Ltd,Glass,Preston,Lancashire,PR4 0AP,53.79722,-2.73325,Reprocessor,B,,,,,,,,,,,,,,,,,,,,,
880,Reprocessor,8,J A Jackson Contractors (Preston) Ltd,Glass,Preston,Lancashire,PR4 0AP,53.79722,-2.73325,Reprocessor,B,,,,,,,,,,,,,,,,,,,,,
880,Reprocessor,8,J A Jackson Contractors (Preston) Ltd,Glass,Preston,Lancashire,PR4 0AP,53.79722,-2.73325,Reprocessor,B,,,,,,,,,,,,,,,,,,,,,
880,Reprocessor,8,J A Jackson Contractors (Preston) Ltd,Glass,Preston,Lancashire,PR4 0AP,53.79722,-2.73325,Reprocessor,B,,,,,,,,,,,,,,,,,,,,,
880,Reprocessor,8,J A Jackson Contractors (Preston) Ltd,Glass,Preston,Lancashire,PR4 0AP,53.79722,-2.73325,Reprocessor,B,,,,,,,,,,,,,,,,,,,,,
881,Reprocessor,8,Knauf Insulation Ltd,Glass,St Helens,Merseyside,WA10 3LZ,53.4427,-2.75509,Reprocessor,B,,,,,,,,,,,,,,,,,,,,,
881,Reprocessor,8,Knauf Insulation Ltd,Glass,St Helens,Merseyside,WA10 3LZ,53.4427,-2.75509,Reprocessor,B,,,,,,,,,,,,,,,,,,,,,
881,Reprocessor,8,Knauf Insulation Ltd,Glass,St Helens,Merseyside,WA10 3LZ,53.4427,-2.75509,Reprocessor,B,,,,,,,,,,,,,,,,,,,,,
881,Reprocessor,8,Knauf Insulation Ltd,Glass,St Helens,Merseyside,WA10 3LZ,53.4427,-2.75509,Reprocessor,B,,,,,,,,,,,,,,,,,,,,,
881,Reprocessor,8,Knauf Insulation Ltd,Glass,St Helens,Merseyside,WA10 3LZ,53.4427,-2.75509,Reprocessor,B,,,,,,,,,,,,,,,,,,,,,
881,Reprocessor,8,Knauf Insulation Ltd,Glass,St Helens,Merseyside,WA10 3LZ,53.4427,-2.75509,Reprocessor,B,,,,,,,,,,,,,,,,,,,,,
882,Reprocessor,8,NRS Waste Management Services Ltd,Glass,Atherstone,West Midlands,CV9 3NU,52.58466,-1.52552,Reprocessor,B,,,,,,,,,,,,,,,,,,,,,
882,Reprocessor,8,NRS Waste Management Services Ltd,Glass,Atherstone,West Midlands,CV9 3NU,52.58466,-1.52552,Reprocessor,B,,,,,,,,,,,,,,,,,,,,,
882,Reprocessor,8,NRS Waste Management Services Ltd,Glass,Atherstone,West Midlands,CV9 3NU,52.58466,-1.52552,Reprocessor,B,,,,,,,,,,,,,,,,,,,,,
882,Reprocessor,8,NRS Waste Management Services Ltd,Glass,Atherstone,West Midlands,CV9 3NU,52.58466,-1.52552,Reprocessor,B,,,,,,,,,,,,,,,,,,,,,
882,Reprocessor,8,NRS Waste Management Services Ltd,Glass,Atherstone,West Midlands,CV9 3NU,52.58466,-1.52552,Reprocessor,B,,,,,,,,,,,,,,,,,,,,,
882,Reprocessor,8,NRS Waste Management Services Ltd,Glass,Atherstone,West Midlands,CV9 3NU,52.58466,-1.52552,Reprocessor,B,,,,,,,,,,,,,,,,,,,,,
883,Reprocessor,8,O-I Manufacturing UK Ltd,Glass,Harlow,Essex,CM20 2DY,51.79101,0.12966,Reprocessor,B,,,,,,,,,,,,,,,,,,,,,
883,Reprocessor,8,O-I Manufacturing UK Ltd,Glass,Harlow,Essex,CM20 2DY,51.79101,0.12966,Reprocessor,B,,,,,,,,,,,,,,,,,,,,,
883,Reprocessor,8,O-I Manufacturing UK Ltd,Glass,Harlow,Essex,CM20 2DY,51.79101,0.12966,Reprocessor,B,,,,,,,,,,,,,,,,,,,,,
883,Reprocessor,8,O-I Manufacturing UK Ltd,Glass,Harlow,Essex,CM20 2DY,51.79101,0.12966,Reprocessor,B,,,,,,,,,,,,,,,,,,,,,
883,Reprocessor,8,O-I Manufacturing UK Ltd,Glass,Harlow,Essex,CM20 2DY,51.79101,0.12966,Reprocessor,B,,,,,,,,,,,,,,,,,,,,,
883,Reprocessor,8,O-I Manufacturing UK Ltd,Glass,Harlow,Essex,CM20 2DY,51.79101,0.12966,Reprocessor,B,,,,,,,,,,,,,,,,,,,,,
884,Reprocessor,8,Recresco Ltd (3),Glass,Ellesmere Port,Merseyside,CH65 1AB,53.30037,-2.91503,Reprocessor,B,,,,,,,,,,,,,,,,,,,,,
884,Reprocessor,8,Recresco Ltd (3),Glass,Ellesmere Port,Merseyside,CH65 1AB,53.30037,-2.91503,Reprocessor,B,,,,,,,,,,,,,,,,,,,,,
884,Reprocessor,8,Recresco Ltd (3),Glass,Ellesmere Port,Merseyside,CH65 1AB,53.30037,-2.91503,Reprocessor,B,,,,,,,,,,,,,,,,,,,,,
884,Reprocessor,8,Recresco Ltd (3),Glass,Ellesmere Port,Merseyside,CH65 1AB,53.30037,-2.91503,Reprocessor,B,,,,,,,,,,,,,,,,,,,,,
884,Reprocessor,8,Recresco Ltd (3),Glass,Ellesmere Port,Merseyside,CH65 1AB,53.30037,-2.91503,Reprocessor,B,,,,,,,,,,,,,,,,,,,,,
884,Reprocessor,8,Recresco Ltd (3),Glass,Ellesmere Port,Merseyside,CH65 1AB,53.30037,-2.91503,Reprocessor,B,,,,,,,,,,,,,,,,,,,,,
885,Reprocessor,8,Recresco Ltd (3),Glass,Ellesmere Port,Merseyside,CH65 1AB,53.30037,-2.91503,Reprocessor,B,,,,,,,,,,,,,,,,,,,,,
885,Reprocessor,8,Recresco Ltd (3),Glass,Ellesmere Port,Merseyside,CH65 1AB,53.30037,-2.91503,Reprocessor,B,,,,,,,,,,,,,,,,,,,,,
885,Reprocessor,8,Recresco Ltd (3),Glass,Ellesmere Port,Merseyside,CH65 1AB,53.30037,-2.91503,Reprocessor,B,,,,,,,,,,,,,,,,,,,,,
885,Reprocessor,8,Recresco Ltd (3),Glass,Ellesmere Port,Merseyside,CH65 1AB,53.30037,-2.91503,Reprocessor,B,,,,,,,,,,,,,,,,,,,,,
885,Reprocessor,8,Recresco Ltd (3),Glass,Ellesmere Port,Merseyside,CH65 1AB,53.30037,-2.91503,Reprocessor,B,,,,,,,,,,,,,,,,,,,,,
885,Reprocessor,8,Recresco Ltd (3),Glass,Ellesmere Port,Merseyside,CH65 1AB,53.30037,-2.91503,Reprocessor,B,,,,,,,,,,,,,,,,,,,,,
886,Reprocessor,8,Recycled Glass Company Ltd,Glass,Highbridge,Somerset,TA9 4AG,51.21699,-2.96498,Reprocessor,B,,,,,,,,,,,,,,,,,,,,,
886,Reprocessor,8,Recycled Glass Company Ltd,Glass,Highbridge,Somerset,TA9 4AG,51.21699,-2.96498,Reprocessor,B,,,,,,,,,,,,,,,,,,,,,
886,Reprocessor,8,Recycled Glass Company Ltd,Glass,Highbridge,Somerset,TA9 4AG,51.21699,-2.96498,Reprocessor,B,,,,,,,,,,,,,,,,,,,,,
886,Reprocessor,8,Recycled Glass Company Ltd,Glass,Highbridge,Somerset,TA9 4AG,51.21699,-2.96498,Reprocessor,B,,,,,,,,,,,,,,,,,,,,,
886,Reprocessor,8,Recycled Glass Company Ltd,Glass,Highbridge,Somerset,TA9 4AG,51.21699,-2.96498,Reprocessor,B,,,,,,,,,,,,,,,,,,,,,
886,Reprocessor,8,Recycled Glass Company Ltd,Glass,Highbridge,Somerset,TA9 4AG,51.21699,-2.96498,Reprocessor,B,,,,,,,,,,,,,,,,,,,,,
887,Reprocessor,8,Stacey Processing Ltd,Glass,Matlock,Derbyshire,DE4 4HE,53.09414,-1.6097,Reprocessor,B,,,,,,,,,,,,,,,,,,,,,
887,Reprocessor,8,Stacey Processing Ltd,Glass,Matlock,Derbyshire,DE4 4HE,53.09414,-1.6097,Reprocessor,B,,,,,,,,,,,,,,,,,,,,,
887,Reprocessor,8,Stacey Processing Ltd,Glass,Matlock,Derbyshire,DE4 4HE,53.09414,-1.6097,Reprocessor,B,,,,,,,,,,,,,,,,,,,,,
887,Reprocessor,8,Stacey Processing Ltd,Glass,Matlock,Derbyshire,DE4 4HE,53.09414,-1.6097,Reprocessor,B,,,,,,,,,,,,,,,,,,,,,
887,Reprocessor,8,Stacey Processing Ltd,Glass,Matlock,Derbyshire,DE4 4HE,53.09414,-1.6097,Reprocessor,B,,,,,,,,,,,,,,,,,,,,,
887,Reprocessor,8,Stacey Processing Ltd,Glass,Matlock,Derbyshire,DE4 4HE,53.09414,-1.6097,Reprocessor,B,,,,,,,,,,,,,,,,,,,,,
888,Reprocessor,8,Stolzle Flaconnage Limited,Glass,Knottingley,East Yorkshire,WF11 8AP,53.70662,-1.24212,Reprocessor,B,,,,,,,,,,,,,,,,,,,,,
888,Reprocessor,8,Stolzle Flaconnage Limited,Glass,Knottingley,East Yorkshire,WF11 8AP,53.70662,-1.24212,Reprocessor,B,,,,,,,,,,,,,,,,,,,,,
888,Reprocessor,8,Stolzle Flaconnage Limited,Glass,Knottingley,East Yorkshire,WF11 8AP,53.70662,-1.24212,Reprocessor,B,,,,,,,,,,,,,,,,,,,,,
888,Reprocessor,8,Stolzle Flaconnage Limited,Glass,Knottingley,East Yorkshire,WF11 8AP,53.70662,-1.24212,Reprocessor,B,,,,,,,,,,,,,,,,,,,,,
888,Reprocessor,8,Stolzle Flaconnage Limited,Glass,Knottingley,East Yorkshire,WF11 8AP,53.70662,-1.24212,Reprocessor,B,,,,,,,,,,,,,,,,,,,,,
888,Reprocessor,8,Stolzle Flaconnage Limited,Glass,Knottingley,East Yorkshire,WF11 8AP,53.70662,-1.24212,Reprocessor,B,,,,,,,,,,,,,,,,,,,,,
889,Reprocessor,8,Tetron Welbeck LLP,Glass,MEDEN VALE,Nottinghamshire,NG20 9PD,53.22447,-1.11242,Reprocessor,B,,,,,,,,,,,,,,,,,,,,,
889,Reprocessor,8,Tetron Welbeck LLP,Glass,MEDEN VALE,Nottinghamshire,NG20 9PD,53.22447,-1.11242,Reprocessor,B,,,,,,,,,,,,,,,,,,,,,
889,Reprocessor,8,Tetron Welbeck LLP,Glass,MEDEN VALE,Nottinghamshire,NG20 9PD,53.22447,-1.11242,Reprocessor,B,,,,,,,,,,,,,,,,,,,,,
889,Reprocessor,8,Tetron Welbeck LLP,Glass,MEDEN VALE,Nottinghamshire,NG20 9PD,53.22447,-1.11242,Reprocessor,B,,,,,,,,,,,,,,,,,,,,,
889,Reprocessor,8,Tetron Welbeck LLP,Glass,MEDEN VALE,Nottinghamshire,NG20 9PD,53.22447,-1.11242,Reprocessor,B,,,,,,,,,,,,,,,,,,,,,
889,Reprocessor,8,Tetron Welbeck LLP,Glass,MEDEN VALE,Nottinghamshire,NG20 9PD,53.22447,-1.11242,Reprocessor,B,,,,,,,,,,,,,,,,,,,,,
890,Reprocessor,8,Thomas Bros Excavations (Luton) Ltd,Glass,Shefford,Bedfordshire,SG17 5PJ,52.02996,-0.38878,Reprocessor,B,,,,,,,,,,,,,,,,,,,,,
890,Reprocessor,8,Thomas Bros Excavations (Luton) Ltd,Glass,Shefford,Bedfordshire,SG17 5PJ,52.02996,-0.38878,Reprocessor,B,,,,,,,,,,,,,,,,,,,,,
890,Reprocessor,8,Thomas Bros Excavations (Luton) Ltd,Glass,Shefford,Bedfordshire,SG17 5PJ,52.02996,-0.38878,Reprocessor,B,,,,,,,,,,,,,,,,,,,,,
890,Reprocessor,8,Thomas Bros Excavations (Luton) Ltd,Glass,Shefford,Bedfordshire,SG17 5PJ,52.02996,-0.38878,Reprocessor,B,,,,,,,,,,,,,,,,,,,,,
890,Reprocessor,8,Thomas Bros Excavations (Luton) Ltd,Glass,Shefford,Bedfordshire,SG17 5PJ,52.02996,-0.38878,Reprocessor,B,,,,,,,,,,,,,,,,,,,,,
890,Reprocessor,8,Thomas Bros Excavations (Luton) Ltd,Glass,Shefford,Bedfordshire,SG17 5PJ,52.02996,-0.38878,Reprocessor,B,,,,,,,,,,,,,,,,,,,,,
891,Reprocessor,8,URM (UK) Ltd t/a Berrymans,Glass,Doncaster,South Yorkshire,DN2 4RH,53.55256,-1.08798,Reprocessor,B,,,,,,,,,,,,,,,,,,,,,
891,Reprocessor,8,URM (UK) Ltd t/a Berrymans,Glass,Doncaster,South Yorkshire,DN2 4RH,53.55256,-1.08798,Reprocessor,B,,,,,,,,,,,,,,,,,,,,,
891,Reprocessor,8,URM (UK) Ltd t/a Berrymans,Glass,Doncaster,South Yorkshire,DN2 4RH,53.55256,-1.08798,Reprocessor,B,,,,,,,,,,,,,,,,,,,,,
891,Reprocessor,8,URM (UK) Ltd t/a Berrymans,Glass,Doncaster,South Yorkshire,DN2 4RH,53.55256,-1.08798,Reprocessor,B,,,,,,,,,,,,,,,,,,,,,
891,Reprocessor,8,URM (UK) Ltd t/a Berrymans,Glass,Doncaster,South Yorkshire,DN2 4RH,53.55256,-1.08798,Reprocessor,B,,,,,,,,,,,,,,,,,,,,,
891,Reprocessor,8,URM (UK) Ltd t/a Berrymans,Glass,Doncaster,South Yorkshire,DN2 4RH,53.55256,-1.08798,Reprocessor,B,,,,,,,,,,,,,,,,,,,,,
892,Reprocessor,8,URM UK Ltd t/a Berryman,Glass,Tilbury,Thurrock,RM18 7EH,51.46198,0.35046,Reprocessor,B,,,,,,,,,,,,,,,,,,,,,
892,Reprocessor,8,URM UK Ltd t/a Berryman,Glass,Tilbury,Thurrock,RM18 7EH,51.46198,0.35046,Reprocessor,B,,,,,,,,,,,,,,,,,,,,,
892,Reprocessor,8,URM UK Ltd t/a Berryman,Glass,Tilbury,Thurrock,RM18 7EH,51.46198,0.35046,Reprocessor,B,,,,,,,,,,,,,,,,,,,,,
892,Reprocessor,8,URM UK Ltd t/a Berryman,Glass,Tilbury,Thurrock,RM18 7EH,51.46198,0.35046,Reprocessor,B,,,,,,,,,,,,,,,,,,,,,
892,Reprocessor,8,URM UK Ltd t/a Berryman,Glass,Tilbury,Thurrock,RM18 7EH,51.46198,0.35046,Reprocessor,B,,,,,,,,,,,,,,,,,,,,,
892,Reprocessor,8,URM UK Ltd t/a Berryman,Glass,Tilbury,Thurrock,RM18 7EH,51.46198,0.35046,Reprocessor,B,,,,,,,,,,,,,,,,,,,,,
893,Reprocessor,8,URM UK Ltd t/a Berryman,Glass,Tilbury,Thurrock,RM18 7EH,51.46198,0.35046,Reprocessor,B,,,,,,,,,,,,,,,,,,,,,
893,Reprocessor,8,URM UK Ltd t/a Berryman,Glass,Tilbury,Thurrock,RM18 7EH,51.46198,0.35046,Reprocessor,B,,,,,,,,,,,,,,,,,,,,,
893,Reprocessor,8,URM UK Ltd t/a Berryman,Glass,Tilbury,Thurrock,RM18 7EH,51.46198,0.35046,Reprocessor,B,,,,,,,,,,,,,,,,,,,,,
893,Reprocessor,8,URM UK Ltd t/a Berryman,Glass,Tilbury,Thurrock,RM18 7EH,51.46198,0.35046,Reprocessor,B,,,,,,,,,,,,,,,,,,,,,
893,Reprocessor,8,URM UK Ltd t/a Berryman,Glass,Tilbury,Thurrock,RM18 7EH,51.46198,0.35046,Reprocessor,B,,,,,,,,,,,,,,,,,,,,,
893,Reprocessor,8,URM UK Ltd t/a Berryman,Glass,Tilbury,Thurrock,RM18 7EH,51.46198,0.35046,Reprocessor,B,,,,,,,,,,,,,,,,,,,,,
894,Reprocessor,8,URM UK Ltd t/a Berryman,Glass,South Kirkby,Merseyside,WF9 3NR,53.59133,-1.30712,Reprocessor,B,,,,,,,,,,,,,,,,,,,,,
894,Reprocessor,8,URM UK Ltd t/a Berryman,Glass,South Kirkby,Merseyside,WF9 3NR,53.59133,-1.30712,Reprocessor,B,,,,,,,,,,,,,,,,,,,,,
894,Reprocessor,8,URM UK Ltd t/a Berryman,Glass,South Kirkby,Merseyside,WF9 3NR,53.59133,-1.30712,Reprocessor,B,,,,,,,,,,,,,,,,,,,,,
894,Reprocessor,8,URM UK Ltd t/a Berryman,Glass,South Kirkby,Merseyside,WF9 3NR,53.59133,-1.30712,Reprocessor,B,,,,,,,,,,,,,,,,,,,,,
894,Reprocessor,8,URM UK Ltd t/a Berryman,Glass,South Kirkby,Merseyside,WF9 3NR,53.59133,-1.30712,Reprocessor,B,,,,,,,,,,,,,,,,,,,,,
894,Reprocessor,8,URM UK Ltd t/a Berryman,Glass,South Kirkby,Merseyside,WF9 3NR,53.59133,-1.30712,Reprocessor,B,,,,,,,,,,,,,,,,,,,,,
895,Reprocessor,8,URM UK Ltd t/a Berryman,Glass,South Kirkby,Merseyside,WF9 3NR,53.59133,-1.30712,Reprocessor,B,,,,,,,,,,,,,,,,,,,,,
895,Reprocessor,8,URM UK Ltd t/a Berryman,Glass,South Kirkby,Merseyside,WF9 3NR,53.59133,-1.30712,Reprocessor,B,,,,,,,,,,,,,,,,,,,,,
895,Reprocessor,8,URM UK Ltd t/a Berryman,Glass,South Kirkby,Merseyside,WF9 3NR,53.59133,-1.30712,Reprocessor,B,,,,,,,,,,,,,,,,,,,,,
895,Reprocessor,8,URM UK Ltd t/a Berryman,Glass,South Kirkby,Merseyside,WF9 3NR,53.59133,-1.30712,Reprocessor,B,,,,,,,,,,,,,,,,,,,,,
895,Reprocessor,8,URM UK Ltd t/a Berryman,Glass,South Kirkby,Merseyside,WF9 3NR,53.59133,-1.30712,Reprocessor,B,,,,,,,,,,,,,,,,,,,,,
895,Reprocessor,8,URM UK Ltd t/a Berryman,Glass,South Kirkby,Merseyside,WF9 3NR,53.59133,-1.30712,Reprocessor,B,,,,,,,,,,,,,,,,,,,,,
896,Reprocessor,8,URM UK Ltd T/A Berrymans,Glass,Knottingley,East Yorkshire,WF11 0HP,53.70005,-1.25172,Reprocessor,B,,,,,,,,,,,,,,,,,,,,,
896,Reprocessor,8,URM UK Ltd T/A Berrymans,Glass,Knottingley,East Yorkshire,WF11 0HP,53.70005,-1.25172,Reprocessor,B,,,,,,,,,,,,,,,,,,,,,
896,Reprocessor,8,URM UK Ltd T/A Berrymans,Glass,Knottingley,East Yorkshire,WF11 0HP,53.70005,-1.25172,Reprocessor,B,,,,,,,,,,,,,,,,,,,,,
896,Reprocessor,8,URM UK Ltd T/A Berrymans,Glass,Knottingley,East Yorkshire,WF11 0HP,53.70005,-1.25172,Reprocessor,B,,,,,,,,,,,,,,,,,,,,,
896,Reprocessor,8,URM UK Ltd T/A Berrymans,Glass,Knottingley,East Yorkshire,WF11 0HP,53.70005,-1.25172,Reprocessor,B,,,,,,,,,,,,,,,,,,,,,
896,Reprocessor,8,URM UK Ltd T/A Berrymans,Glass,Knottingley,East Yorkshire,WF11 0HP,53.70005,-1.25172,Reprocessor,B,,,,,,,,,,,,,,,,,,,,,
897,Reprocessor,8,Veolia ES (UK) Ltd,Glass,St Helens,Merseyside,WA10 3LR,53.44233,-2.75279,Reprocessor,B,,,,,,,,,,,,,,,,,,,,,
897,Reprocessor,8,Veolia ES (UK) Ltd,Glass,St Helens,Merseyside,WA10 3LR,53.44233,-2.75279,Reprocessor,B,,,,,,,,,,,,,,,,,,,,,
897,Reprocessor,8,Veolia ES (UK) Ltd,Glass,St Helens,Merseyside,WA10 3LR,53.44233,-2.75279,Reprocessor,B,,,,,,,,,,,,,,,,,,,,,
897,Reprocessor,8,Veolia ES (UK) Ltd,Glass,St Helens,Merseyside,WA10 3LR,53.44233,-2.75279,Reprocessor,B,,,,,,,,,,,,,,,,,,,,,
897,Reprocessor,8,Veolia ES (UK) Ltd,Glass,St Helens,Merseyside,WA10 3LR,53.44233,-2.75279,Reprocessor,B,,,,,,,,,,,,,,,,,,,,,
897,Reprocessor,8,Veolia ES (UK) Ltd,Glass,St Helens,Merseyside,WA10 3LR,53.44233,-2.75279,Reprocessor,B,,,,,,,,,,,,,,,,,,,,,
898,Reprocessor,8,Viridor Waste Management Ltd,Glass,Arundel,Oxfordshire,BN18 0FL,50.81592,-0.58741,Reprocessor,B,,,,,,,,,,,,,,,,,,,,,
898,Reprocessor,8,Viridor Waste Management Ltd,Glass,Arundel,Oxfordshire,BN18 0FL,50.81592,-0.58741,Reprocessor,B,,,,,,,,,,,,,,,,,,,,,
898,Reprocessor,8,Viridor Waste Management Ltd,Glass,Arundel,Oxfordshire,BN18 0FL,50.81592,-0.58741,Reprocessor,B,,,,,,,,,,,,,,,,,,,,,
898,Reprocessor,8,Viridor Waste Management Ltd,Glass,Arundel,Oxfordshire,BN18 0FL,50.81592,-0.58741,Reprocessor,B,,,,,,,,,,,,,,,,,,,,,
898,Reprocessor,8,Viridor Waste Management Ltd,Glass,Arundel,Oxfordshire,BN18 0FL,50.81592,-0.58741,Reprocessor,B,,,,,,,,,,,,,,,,,,,,,
898,Reprocessor,8,Viridor Waste Management Ltd,Glass,Arundel,Oxfordshire,BN18 0FL,50.81592,-0.58741,Reprocessor,B,,,,,,,,,,,,,,,,,,,,,
899,Reprocessor,8,Viridor Waste Management Ltd,Glass,Sheffield,South Yorkshire,S4 7WT,53.38979,-1.44691,Reprocessor,B,,,,,,,,,,,,,,,,,,,,,
899,Reprocessor,8,Viridor Waste Management Ltd,Glass,Sheffield,South Yorkshire,S4 7WT,53.38979,-1.44691,Reprocessor,B,,,,,,,,,,,,,,,,,,,,,
899,Reprocessor,8,Viridor Waste Management Ltd,Glass,Sheffield,South Yorkshire,S4 7WT,53.38979,-1.44691,Reprocessor,B,,,,,,,,,,,,,,,,,,,,,
899,Reprocessor,8,Viridor Waste Management Ltd,Glass,Sheffield,South Yorkshire,S4 7WT,53.38979,-1.44691,Reprocessor,B,,,,,,,,,,,,,,,,,,,,,
899,Reprocessor,8,Viridor Waste Management Ltd,Glass,Sheffield,South Yorkshire,S4 7WT,53.38979,-1.44691,Reprocessor,B,,,,,,,,,,,,,,,,,,,,,
899,Reprocessor,8,Viridor Waste Management Ltd,Glass,Sheffield,South Yorkshire,S4 7WT,53.38979,-1.44691,Reprocessor,B,,,,,,,,,,,,,,,,,,,,,
900,Reprocessor,8,Viridor Waste Management Ltd,Glass,Sheffield,South Yorkshire,S4 7WT,53.38979,-1.44691,Reprocessor,B,,,,,,,,,,,,,,,,,,,,,
900,Reprocessor,8,Viridor Waste Management Ltd,Glass,Sheffield,South Yorkshire,S4 7WT,53.38979,-1.44691,Reprocessor,B,,,,,,,,,,,,,,,,,,,,,
900,Reprocessor,8,Viridor Waste Management Ltd,Glass,Sheffield,South Yorkshire,S4 7WT,53.38979,-1.44691,Reprocessor,B,,,,,,,,,,,,,,,,,,,,,
900,Reprocessor,8,Viridor Waste Management Ltd,Glass,Sheffield,South Yorkshire,S4 7WT,53.38979,-1.44691,Reprocessor,B,,,,,,,,,,,,,,,,,,,,,
900,Reprocessor,8,Viridor Waste Management Ltd,Glass,Sheffield,South Yorkshire,S4 7WT,53.38979,-1.44691,Reprocessor,B,,,,,,,,,,,,,,,,,,,,,
900,Reprocessor,8,Viridor Waste Management Ltd,Glass,Sheffield,South Yorkshire,S4 7WT,53.38979,-1.44691,Reprocessor,B,,,,,,,,,,,,,,,,,,,,,
901,Reprocessor,8,Viridor Waste Management Ltd,Glass,Dartford,Kent,DA1 1BN,51.44914,0.21771,Reprocessor,B,,,,,,,,,,,,,,,,,,,,,
901,Reprocessor,8,Viridor Waste Management Ltd,Glass,Dartford,Kent,DA1 1BN,51.44914,0.21771,Reprocessor,B,,,,,,,,,,,,,,,,,,,,,
901,Reprocessor,8,Viridor Waste Management Ltd,Glass,Dartford,Kent,DA1 1BN,51.44914,0.21771,Reprocessor,B,,,,,,,,,,,,,,,,,,,,,
901,Reprocessor,8,Viridor Waste Management Ltd,Glass,Dartford,Kent,DA1 1BN,51.44914,0.21771,Reprocessor,B,,,,,,,,,,,,,,,,,,,,,
901,Reprocessor,8,Viridor Waste Management Ltd,Glass,Dartford,Kent,DA1 1BN,51.44914,0.21771,Reprocessor,B,,,,,,,,,,,,,,,,,,,,,
901,Reprocessor,8,Viridor Waste Management Ltd,Glass,Dartford,Kent,DA1 1BN,51.44914,0.21771,Reprocessor,B,,,,,,,,,,,,,,,,,,,,,
902,Reprocessor,8,Vitromite Ltd,Glass,Norwich,Norfolk,NR10 5FB,52.75661,1.34614,Reprocessor,B,,,,,,,,,,,,,,,,,,,,,
902,Reprocessor,8,Vitromite Ltd,Glass,Norwich,Norfolk,NR10 5FB,52.75661,1.34614,Reprocessor,B,,,,,,,,,,,,,,,,,,,,,
902,Reprocessor,8,Vitromite Ltd,Glass,Norwich,Norfolk,NR10 5FB,52.75661,1.34614,Reprocessor,B,,,,,,,,,,,,,,,,,,,,,
902,Reprocessor,8,Vitromite Ltd,Glass,Norwich,Norfolk,NR10 5FB,52.75661,1.34614,Reprocessor,B,,,,,,,,,,,,,,,,,,,,,
902,Reprocessor,8,Vitromite Ltd,Glass,Norwich,Norfolk,NR10 5FB,52.75661,1.34614,Reprocessor,B,,,,,,,,,,,,,,,,,,,,,
902,Reprocessor,8,Vitromite Ltd,Glass,Norwich,Norfolk,NR10 5FB,52.75661,1.34614,Reprocessor,B,,,,,,,,,,,,,,,,,,,,,
903,Reprocessor,8,Ward Recycling Limited,Glass,Middlesbrough,Teesside,TS6 6TX,54.58243,-1.17382,Reprocessor,B,,,,,,,,,,,,,,,,,,,,,
903,Reprocessor,8,Ward Recycling Limited,Glass,Middlesbrough,Teesside,TS6 6TX,54.58243,-1.17382,Reprocessor,B,,,,,,,,,,,,,,,,,,,,,
903,Reprocessor,8,Ward Recycling Limited,Glass,Middlesbrough,Teesside,TS6 6TX,54.58243,-1.17382,Reprocessor,B,,,,,,,,,,,,,,,,,,,,,
903,Reprocessor,8,Ward Recycling Limited,Glass,Middlesbrough,Teesside,TS6 6TX,54.58243,-1.17382,Reprocessor,B,,,,,,,,,,,,,,,,,,,,,
903,Reprocessor,8,Ward Recycling Limited,Glass,Middlesbrough,Teesside,TS6 6TX,54.58243,-1.17382,Reprocessor,B,,,,,,,,,,,,,,,,,,,,,
903,Reprocessor,8,Ward Recycling Limited,Glass,Middlesbrough,Teesside,TS6 6TX,54.58243,-1.17382,Reprocessor,B,,,,,,,,,,,,,,,,,,,,,
904,Reprocessor,8,JBMI Group Ltd,Aluminium,Stafford,Staffordshire,ST18 0PY,52.82491,-2.00352,Reprocessor,B,,,,,,,,,,,,,,,,,,,,,
904,Reprocessor,8,JBMI Group Ltd,Aluminium,Stafford,Staffordshire,ST18 0PY,52.82491,-2.00352,Reprocessor,B,,,,,,,,,,,,,,,,,,,,,
904,Reprocessor,8,JBMI Group Ltd,Aluminium,Stafford,Staffordshire,ST18 0PY,52.82491,-2.00352,Reprocessor,B,,,,,,,,,,,,,,,,,,,,,
904,Reprocessor,8,JBMI Group Ltd,Aluminium,Stafford,Staffordshire,ST18 0PY,52.82491,-2.00352,Reprocessor,B,,,,,,,,,,,,,,,,,,,,,
904,Reprocessor,8,JBMI Group Ltd,Aluminium,Stafford,Staffordshire,ST18 0PY,52.82491,-2.00352,Reprocessor,B,,,,,,,,,,,,,,,,,,,,,
904,Reprocessor,8,JBMI Group Ltd,Aluminium,Stafford,Staffordshire,ST18 0PY,52.82491,-2.00352,Reprocessor,B,,,,,,,,,,,,,,,,,,,,,
905,Reprocessor,8,Novelis UK Ltd,Aluminium,Warrington,Cheshire,WA4 1NN,53.38207,-2.54586,Reprocessor,B,,,,,,,,,,,,,,,,,,,,,
905,Reprocessor,8,Novelis UK Ltd,Aluminium,Warrington,Cheshire,WA4 1NN,53.38207,-2.54586,Reprocessor,B,,,,,,,,,,,,,,,,,,,,,
905,Reprocessor,8,Novelis UK Ltd,Aluminium,Warrington,Cheshire,WA4 1NN,53.38207,-2.54586,Reprocessor,B,,,,,,,,,,,,,,,,,,,,,
905,Reprocessor,8,Novelis UK Ltd,Aluminium,Warrington,Cheshire,WA4 1NN,53.38207,-2.54586,Reprocessor,B,,,,,,,,,,,,,,,,,,,,,
905,Reprocessor,8,Novelis UK Ltd,Aluminium,Warrington,Cheshire,WA4 1NN,53.38207,-2.54586,Reprocessor,B,,,,,,,,,,,,,,,,,,,,,
905,Reprocessor,8,Novelis UK Ltd,Aluminium,Warrington,Cheshire,WA4 1NN,53.38207,-2.54586,Reprocessor,B,,,,,,,,,,,,,,,,,,,,,
906,Reprocessor,8,Tandom Metallurgical Group Ltd,Aluminium,Congleton,Cheshire,CW12 4XE,53.16712,-2.229,Reprocessor,B,,,,,,,,,,,,,,,,,,,,,
906,Reprocessor,8,Tandom Metallurgical Group Ltd,Aluminium,Congleton,Cheshire,CW12 4XE,53.16712,-2.229,Reprocessor,B,,,,,,,,,,,,,,,,,,,,,
906,Reprocessor,8,Tandom Metallurgical Group Ltd,Aluminium,Congleton,Cheshire,CW12 4XE,53.16712,-2.229,Reprocessor,B,,,,,,,,,,,,,,,,,,,,,
906,Reprocessor,8,Tandom Metallurgical Group Ltd,Aluminium,Congleton,Cheshire,CW12 4XE,53.16712,-2.229,Reprocessor,B,,,,,,,,,,,,,,,,,,,,,
906,Reprocessor,8,Tandom Metallurgical Group Ltd,Aluminium,Congleton,Cheshire,CW12 4XE,53.16712,-2.229,Reprocessor,B,,,,,,,,,,,,,,,,,,,,,
906,Reprocessor,8,Tandom Metallurgical Group Ltd,Aluminium,Congleton,Cheshire,CW12 4XE,53.16712,-2.229,Reprocessor,B,,,,,,,,,,,,,,,,,,,,,
907,Reprocessor,8,British Steel Limited,Steel,Scunthorpe,Lancashire,DN16 1XA,53.57527,-0.60319,Reprocessor,B,,,,,,,,,,,,,,,,,,,,,
907,Reprocessor,8,British Steel Limited,Steel,Scunthorpe,Lancashire,DN16 1XA,53.57527,-0.60319,Reprocessor,B,,,,,,,,,,,,,,,,,,,,,
907,Reprocessor,8,British Steel Limited,Steel,Scunthorpe,Lancashire,DN16 1XA,53.57527,-0.60319,Reprocessor,B,,,,,,,,,,,,,,,,,,,,,
907,Reprocessor,8,British Steel Limited,Steel,Scunthorpe,Lancashire,DN16 1XA,53.57527,-0.60319,Reprocessor,B,,,,,,,,,,,,,,,,,,,,,
907,Reprocessor,8,British Steel Limited,Steel,Scunthorpe,Lancashire,DN16 1XA,53.57527,-0.60319,Reprocessor,B,,,,,,,,,,,,,,,,,,,,,
907,Reprocessor,8,British Steel Limited,Steel,Scunthorpe,Lancashire,DN16 1XA,53.57527,-0.60319,Reprocessor,B,,,,,,,,,,,,,,,,,,,,,
908,Reprocessor,8,ERVIN AMASTEEL,Steel,Tipton,Devon,DY4 7BZ,52.53424,-2.02915,Reprocessor,B,,,,,,,,,,,,,,,,,,,,,
908,Reprocessor,8,ERVIN AMASTEEL,Steel,Tipton,Devon,DY4 7BZ,52.53424,-2.02915,Reprocessor,B,,,,,,,,,,,,,,,,,,,,,
908,Reprocessor,8,ERVIN AMASTEEL,Steel,Tipton,Devon,DY4 7BZ,52.53424,-2.02915,Reprocessor,B,,,,,,,,,,,,,,,,,,,,,
908,Reprocessor,8,ERVIN AMASTEEL,Steel,Tipton,Devon,DY4 7BZ,52.53424,-2.02915,Reprocessor,B,,,,,,,,,,,,,,,,,,,,,
908,Reprocessor,8,ERVIN AMASTEEL,Steel,Tipton,Devon,DY4 7BZ,52.53424,-2.02915,Reprocessor,B,,,,,,,,,,,,,,,,,,,,,
908,Reprocessor,8,ERVIN AMASTEEL,Steel,Tipton,Devon,DY4 7BZ,52.53424,-2.02915,Reprocessor,B,,,,,,,,,,,,,,,,,,,,,
909,Reprocessor,8,All Express Industry Ltd,Plastic,Birmingham,West Midlands,B64 5QT,52.48206,-2.06314,Reprocessor,B,,,,,,,,,,,,,,,,,,,,,
909,Reprocessor,8,All Express Industry Ltd,Plastic,Birmingham,West Midlands,B64 5QT,52.48206,-2.06314,Reprocessor,B,,,,,,,,,,,,,,,,,,,,,
909,Reprocessor,8,All Express Industry Ltd,Plastic,Birmingham,West Midlands,B64 5QT,52.48206,-2.06314,Reprocessor,B,,,,,,,,,,,,,,,,,,,,,
909,Reprocessor,8,All Express Industry Ltd,Plastic,Birmingham,West Midlands,B64 5QT,52.48206,-2.06314,Reprocessor,B,,,,,,,,,,,,,,,,,,,,,
909,Reprocessor,8,All Express Industry Ltd,Plastic,Birmingham,West Midlands,B64 5QT,52.48206,-2.06314,Reprocessor,B,,,,,,,,,,,,,,,,,,,,,
909,Reprocessor,8,All Express Industry Ltd,Plastic,Birmingham,West Midlands,B64 5QT,52.48206,-2.06314,Reprocessor,B,,,,,,,,,,,,,,,,,,,,,
910,Reprocessor,8,Alpha Polymers Ltd,Plastic,Liverpool,Merseyside,L20 8QJ,53.43428,-2.98936,Reprocessor,B,,,,,,,,,,,,,,,,,,,,,
910,Reprocessor,8,Alpha Polymers Ltd,Plastic,Liverpool,Merseyside,L20 8QJ,53.43428,-2.98936,Reprocessor,B,,,,,,,,,,,,,,,,,,,,,
910,Reprocessor,8,Alpha Polymers Ltd,Plastic,Liverpool,Merseyside,L20 8QJ,53.43428,-2.98936,Reprocessor,B,,,,,,,,,,,,,,,,,,,,,
910,Reprocessor,8,Alpha Polymers Ltd,Plastic,Liverpool,Merseyside,L20 8QJ,53.43428,-2.98936,Reprocessor,B,,,,,,,,,,,,,,,,,,,,,
910,Reprocessor,8,Alpha Polymers Ltd,Plastic,Liverpool,Merseyside,L20 8QJ,53.43428,-2.98936,Reprocessor,B,,,,,,,,,,,,,,,,,,,,,
910,Reprocessor,8,Alpha Polymers Ltd,Plastic,Liverpool,Merseyside,L20 8QJ,53.43428,-2.98936,Reprocessor,B,,,,,,,,,,,,,,,,,,,,,
911,Reprocessor,8,Associated Polymer Resources,Plastic,Eastleigh,Hampshire,SO5O 6NZ,50.98793,-1.35217,Reprocessor,B,,,,,,,,,,,,,,,,,,,,,
911,Reprocessor,8,Associated Polymer Resources,Plastic,Eastleigh,Hampshire,SO5O 6NZ,50.98793,-1.35217,Reprocessor,B,,,,,,,,,,,,,,,,,,,,,
911,Reprocessor,8,Associated Polymer Resources,Plastic,Eastleigh,Hampshire,SO5O 6NZ,50.98793,-1.35217,Reprocessor,B,,,,,,,,,,,,,,,,,,,,,
911,Reprocessor,8,Associated Polymer Resources,Plastic,Eastleigh,Hampshire,SO5O 6NZ,50.98793,-1.35217,Reprocessor,B,,,,,,,,,,,,,,,,,,,,,
911,Reprocessor,8,Associated Polymer Resources,Plastic,Eastleigh,Hampshire,SO5O 6NZ,50.98793,-1.35217,Reprocessor,B,,,,,,,,,,,,,,,,,,,,,
911,Reprocessor,8,Associated Polymer Resources,Plastic,Eastleigh,Hampshire,SO5O 6NZ,50.98793,-1.35217,Reprocessor,B,,,,,,,,,,,,,,,,,,,,,
912,Reprocessor,8,Aurora Manufacturing Ltd,Plastic,Leigh,Greater Manchester,WN7 4HB,53.49201,-2.51914,Reprocessor,B,,,,,,,,,,,,,,,,,,,,,
912,Reprocessor,8,Aurora Manufacturing Ltd,Plastic,Leigh,Greater Manchester,WN7 4HB,53.49201,-2.51914,Reprocessor,B,,,,,,,,,,,,,,,,,,,,,
912,Reprocessor,8,Aurora Manufacturing Ltd,Plastic,Leigh,Greater Manchester,WN7 4HB,53.49201,-2.51914,Reprocessor,B,,,,,,,,,,,,,,,,,,,,,
912,Reprocessor,8,Aurora Manufacturing Ltd,Plastic,Leigh,Greater Manchester,WN7 4HB,53.49201,-2.51914,Reprocessor,B,,,,,,,,,,,,,,,,,,,,,
912,Reprocessor,8,Aurora Manufacturing Ltd,Plastic,Leigh,Greater Manchester,WN7 4HB,53.49201,-2.51914,Reprocessor,B,,,,,,,,,,,,,,,,,,,,,
912,Reprocessor,8,Aurora Manufacturing Ltd,Plastic,Leigh,Greater Manchester,WN7 4HB,53.49201,-2.51914,Reprocessor,B,,,,,,,,,,,,,,,,,,,,,
913,Reprocessor,8,Avanti Environmental Group Ltd,Plastic,Knowsley,Merseyside,L34 9HA,53.46398,-2.87582,Reprocessor,B,,,,,,,,,,,,,,,,,,,,,
913,Reprocessor,8,Avanti Environmental Group Ltd,Plastic,Knowsley,Merseyside,L34 9HA,53.46398,-2.87582,Reprocessor,B,,,,,,,,,,,,,,,,,,,,,
913,Reprocessor,8,Avanti Environmental Group Ltd,Plastic,Knowsley,Merseyside,L34 9HA,53.46398,-2.87582,Reprocessor,B,,,,,,,,,,,,,,,,,,,,,
913,Reprocessor,8,Avanti Environmental Group Ltd,Plastic,Knowsley,Merseyside,L34 9HA,53.46398,-2.87582,Reprocessor,B,,,,,,,,,,,,,,,,,,,,,
913,Reprocessor,8,Avanti Environmental Group Ltd,Plastic,Knowsley,Merseyside,L34 9HA,53.46398,-2.87582,Reprocessor,B,,,,,,,,,,,,,,,,,,,,,
913,Reprocessor,8,Avanti Environmental Group Ltd,Plastic,Knowsley,Merseyside,L34 9HA,53.46398,-2.87582,Reprocessor,B,,,,,,,,,,,,,,,,,,,,,
914,Reprocessor,8,B S Plastics Ltd,Plastic,Birmingham,West Midlands,B42 2LB,52.52665,-1.8984,Reprocessor,B,,,,,,,,,,,,,,,,,,,,,
914,Reprocessor,8,B S Plastics Ltd,Plastic,Birmingham,West Midlands,B42 2LB,52.52665,-1.8984,Reprocessor,B,,,,,,,,,,,,,,,,,,,,,
914,Reprocessor,8,B S Plastics Ltd,Plastic,Birmingham,West Midlands,B42 2LB,52.52665,-1.8984,Reprocessor,B,,,,,,,,,,,,,,,,,,,,,
914,Reprocessor,8,B S Plastics Ltd,Plastic,Birmingham,West Midlands,B42 2LB,52.52665,-1.8984,Reprocessor,B,,,,,,,,,,,,,,,,,,,,,
914,Reprocessor,8,B S Plastics Ltd,Plastic,Birmingham,West Midlands,B42 2LB,52.52665,-1.8984,Reprocessor,B,,,,,,,,,,,,,,,,,,,,,
914,Reprocessor,8,B S Plastics Ltd,Plastic,Birmingham,West Midlands,B42 2LB,52.52665,-1.8984,Reprocessor,B,,,,,,,,,,,,,,,,,,,,,
915,Reprocessor,8,Biffa Polymers Ltd,Plastic,Redcar,Teesside,TS10 4RG,54.58544,-1.12817,Reprocessor,B,,,,,,,,,,,,,,,,,,,,,
915,Reprocessor,8,Biffa Polymers Ltd,Plastic,Redcar,Teesside,TS10 4RG,54.58544,-1.12817,Reprocessor,B,,,,,,,,,,,,,,,,,,,,,
915,Reprocessor,8,Biffa Polymers Ltd,Plastic,Redcar,Teesside,TS10 4RG,54.58544,-1.12817,Reprocessor,B,,,,,,,,,,,,,,,,,,,,,
915,Reprocessor,8,Biffa Polymers Ltd,Plastic,Redcar,Teesside,TS10 4RG,54.58544,-1.12817,Reprocessor,B,,,,,,,,,,,,,,,,,,,,,
915,Reprocessor,8,Biffa Polymers Ltd,Plastic,Redcar,Teesside,TS10 4RG,54.58544,-1.12817,Reprocessor,B,,,,,,,,,,,,,,,,,,,,,
915,Reprocessor,8,Biffa Polymers Ltd,Plastic,Redcar,Teesside,TS10 4RG,54.58544,-1.12817,Reprocessor,B,,,,,,,,,,,,,,,,,,,,,
916,Reprocessor,8,BLUE SKY PLASTICS & ELECTRICAL RECYCLING LTD,Plastic,Bourne,Lincolnshire,PE10 0DN,52.7562,-0.31909,Reprocessor,B,,,,,,,,,,,,,,,,,,,,,
916,Reprocessor,8,BLUE SKY PLASTICS & ELECTRICAL RECYCLING LTD,Plastic,Bourne,Lincolnshire,PE10 0DN,52.7562,-0.31909,Reprocessor,B,,,,,,,,,,,,,,,,,,,,,
916,Reprocessor,8,BLUE SKY PLASTICS & ELECTRICAL RECYCLING LTD,Plastic,Bourne,Lincolnshire,PE10 0DN,52.7562,-0.31909,Reprocessor,B,,,,,,,,,,,,,,,,,,,,,
916,Reprocessor,8,BLUE SKY PLASTICS & ELECTRICAL RECYCLING LTD,Plastic,Bourne,Lincolnshire,PE10 0DN,52.7562,-0.31909,Reprocessor,B,,,,,,,,,,,,,,,,,,,,,
916,Reprocessor,8,BLUE SKY PLASTICS & ELECTRICAL RECYCLING LTD,Plastic,Bourne,Lincolnshire,PE10 0DN,52.7562,-0.31909,Reprocessor,B,,,,,,,,,,,,,,,,,,,,,
916,Reprocessor,8,BLUE SKY PLASTICS & ELECTRICAL RECYCLING LTD,Plastic,Bourne,Lincolnshire,PE10 0DN,52.7562,-0.31909,Reprocessor,B,,,,,,,,,,,,,,,,,,,,,
917,Reprocessor,8,British Polythene Limited,Plastic,Stroud,Gloucestershire,GL5 3QF,51.73453,-2.23387,Reprocessor,B,,,,,,,,,,,,,,,,,,,,,
917,Reprocessor,8,British Polythene Limited,Plastic,Stroud,Gloucestershire,GL5 3QF,51.73453,-2.23387,Reprocessor,B,,,,,,,,,,,,,,,,,,,,,
917,Reprocessor,8,British Polythene Limited,Plastic,Stroud,Gloucestershire,GL5 3QF,51.73453,-2.23387,Reprocessor,B,,,,,,,,,,,,,,,,,,,,,
917,Reprocessor,8,British Polythene Limited,Plastic,Stroud,Gloucestershire,GL5 3QF,51.73453,-2.23387,Reprocessor,B,,,,,,,,,,,,,,,,,,,,,
917,Reprocessor,8,British Polythene Limited,Plastic,Stroud,Gloucestershire,GL5 3QF,51.73453,-2.23387,Reprocessor,B,,,,,,,,,,,,,,,,,,,,,
917,Reprocessor,8,British Polythene Limited,Plastic,Stroud,Gloucestershire,GL5 3QF,51.73453,-2.23387,Reprocessor,B,,,,,,,,,,,,,,,,,,,,,
918,Reprocessor,8,British Polythene Ltd,Plastic,Heanor,Derbyshire,DE75 7RG,53.00887,-1.36283,Reprocessor,B,,,,,,,,,,,,,,,,,,,,,
918,Reprocessor,8,British Polythene Ltd,Plastic,Heanor,Derbyshire,DE75 7RG,53.00887,-1.36283,Reprocessor,B,,,,,,,,,,,,,,,,,,,,,
918,Reprocessor,8,British Polythene Ltd,Plastic,Heanor,Derbyshire,DE75 7RG,53.00887,-1.36283,Reprocessor,B,,,,,,,,,,,,,,,,,,,,,
918,Reprocessor,8,British Polythene Ltd,Plastic,Heanor,Derbyshire,DE75 7RG,53.00887,-1.36283,Reprocessor,B,,,,,,,,,,,,,,,,,,,,,
918,Reprocessor,8,British Polythene Ltd,Plastic,Heanor,Derbyshire,DE75 7RG,53.00887,-1.36283,Reprocessor,B,,,,,,,,,,,,,,,,,,,,,
918,Reprocessor,8,British Polythene Ltd,Plastic,Heanor,Derbyshire,DE75 7RG,53.00887,-1.36283,Reprocessor,B,,,,,,,,,,,,,,,,,,,,,
919,Reprocessor,8,Centriforce Products Ltd,Plastic,Liverpool,Merseyside,L20 8EE,53.44972,-3.00218,Reprocessor,B,,,,,,,,,,,,,,,,,,,,,
919,Reprocessor,8,Centriforce Products Ltd,Plastic,Liverpool,Merseyside,L20 8EE,53.44972,-3.00218,Reprocessor,B,,,,,,,,,,,,,,,,,,,,,
919,Reprocessor,8,Centriforce Products Ltd,Plastic,Liverpool,Merseyside,L20 8EE,53.44972,-3.00218,Reprocessor,B,,,,,,,,,,,,,,,,,,,,,
919,Reprocessor,8,Centriforce Products Ltd,Plastic,Liverpool,Merseyside,L20 8EE,53.44972,-3.00218,Reprocessor,B,,,,,,,,,,,,,,,,,,,,,
919,Reprocessor,8,Centriforce Products Ltd,Plastic,Liverpool,Merseyside,L20 8EE,53.44972,-3.00218,Reprocessor,B,,,,,,,,,,,,,,,,,,,,,
919,Reprocessor,8,Centriforce Products Ltd,Plastic,Liverpool,Merseyside,L20 8EE,53.44972,-3.00218,Reprocessor,B,,,,,,,,,,,,,,,,,,,,,
920,Reprocessor,8,Chase Plastics Ltd,Plastic,Brandon,Suffolk,IP27 0NE,52.4405,0.61065,Reprocessor,B,,,,,,,,,,,,,,,,,,,,,
920,Reprocessor,8,Chase Plastics Ltd,Plastic,Brandon,Suffolk,IP27 0NE,52.4405,0.61065,Reprocessor,B,,,,,,,,,,,,,,,,,,,,,
920,Reprocessor,8,Chase Plastics Ltd,Plastic,Brandon,Suffolk,IP27 0NE,52.4405,0.61065,Reprocessor,B,,,,,,,,,,,,,,,,,,,,,
920,Reprocessor,8,Chase Plastics Ltd,Plastic,Brandon,Suffolk,IP27 0NE,52.4405,0.61065,Reprocessor,B,,,,,,,,,,,,,,,,,,,,,
920,Reprocessor,8,Chase Plastics Ltd,Plastic,Brandon,Suffolk,IP27 0NE,52.4405,0.61065,Reprocessor,B,,,,,,,,,,,,,,,,,,,,,
920,Reprocessor,8,Chase Plastics Ltd,Plastic,Brandon,Suffolk,IP27 0NE,52.4405,0.61065,Reprocessor,B,,,,,,,,,,,,,,,,,,,,,
921,Reprocessor,8,Clean Tech UK Ltd,Plastic,Hemswell,South Yorkshire,DN21 5TU,53.40216,-0.57598,Reprocessor,B,,,,,,,,,,,,,,,,,,,,,
921,Reprocessor,8,Clean Tech UK Ltd,Plastic,Hemswell,South Yorkshire,DN21 5TU,53.40216,-0.57598,Reprocessor,B,,,,,,,,,,,,,,,,,,,,,
921,Reprocessor,8,Clean Tech UK Ltd,Plastic,Hemswell,South Yorkshire,DN21 5TU,53.40216,-0.57598,Reprocessor,B,,,,,,,,,,,,,,,,,,,,,
921,Reprocessor,8,Clean Tech UK Ltd,Plastic,Hemswell,South Yorkshire,DN21 5TU,53.40216,-0.57598,Reprocessor,B,,,,,,,,,,,,,,,,,,,,,
921,Reprocessor,8,Clean Tech UK Ltd,Plastic,Hemswell,South Yorkshire,DN21 5TU,53.40216,-0.57598,Reprocessor,B,,,,,,,,,,,,,,,,,,,,,
921,Reprocessor,8,Clean Tech UK Ltd,Plastic,Hemswell,South Yorkshire,DN21 5TU,53.40216,-0.57598,Reprocessor,B,,,,,,,,,,,,,,,,,,,,,
922,Reprocessor,8,Coveris Flexibles (Gainsborough) UK Ltd (T/A Coveris Winsford),Plastic,Winsford,Cheshire,CW7 3RD,53.20157,-2.49666,Reprocessor,B,,,,,,,,,,,,,,,,,,,,,
922,Reprocessor,8,Coveris Flexibles (Gainsborough) UK Ltd (T/A Coveris Winsford),Plastic,Winsford,Cheshire,CW7 3RD,53.20157,-2.49666,Reprocessor,B,,,,,,,,,,,,,,,,,,,,,
922,Reprocessor,8,Coveris Flexibles (Gainsborough) UK Ltd (T/A Coveris Winsford),Plastic,Winsford,Cheshire,CW7 3RD,53.20157,-2.49666,Reprocessor,B,,,,,,,,,,,,,,,,,,,,,
922,Reprocessor,8,Coveris Flexibles (Gainsborough) UK Ltd (T/A Coveris Winsford),Plastic,Winsford,Cheshire,CW7 3RD,53.20157,-2.49666,Reprocessor,B,,,,,,,,,,,,,,,,,,,,,
922,Reprocessor,8,Coveris Flexibles (Gainsborough) UK Ltd (T/A Coveris Winsford),Plastic,Winsford,Cheshire,CW7 3RD,53.20157,-2.49666,Reprocessor,B,,,,,,,,,,,,,,,,,,,,,
922,Reprocessor,8,Coveris Flexibles (Gainsborough) UK Ltd (T/A Coveris Winsford),Plastic,Winsford,Cheshire,CW7 3RD,53.20157,-2.49666,Reprocessor,B,,,,,,,,,,,,,,,,,,,,,
923,Reprocessor,8,Coveris Flexibles (Louth) UK Ltd,Plastic,Louth,Lincolnshire,LN11 0AX,53.37879,0.00038,Reprocessor,B,,,,,,,,,,,,,,,,,,,,,
923,Reprocessor,8,Coveris Flexibles (Louth) UK Ltd,Plastic,Louth,Lincolnshire,LN11 0AX,53.37879,0.00038,Reprocessor,B,,,,,,,,,,,,,,,,,,,,,
923,Reprocessor,8,Coveris Flexibles (Louth) UK Ltd,Plastic,Louth,Lincolnshire,LN11 0AX,53.37879,0.00038,Reprocessor,B,,,,,,,,,,,,,,,,,,,,,
923,Reprocessor,8,Coveris Flexibles (Louth) UK Ltd,Plastic,Louth,Lincolnshire,LN11 0AX,53.37879,0.00038,Reprocessor,B,,,,,,,,,,,,,,,,,,,,,
923,Reprocessor,8,Coveris Flexibles (Louth) UK Ltd,Plastic,Louth,Lincolnshire,LN11 0AX,53.37879,0.00038,Reprocessor,B,,,,,,,,,,,,,,,,,,,,,
923,Reprocessor,8,Coveris Flexibles (Louth) UK Ltd,Plastic,Louth,Lincolnshire,LN11 0AX,53.37879,0.00038,Reprocessor,B,,,,,,,,,,,,,,,,,,,,,
924,Reprocessor,8,Derek Lambert Polythene Ltd,Plastic,Bingley,West Yorkshire,BD16 2RD,53.85199,-1.84023,Reprocessor,B,,,,,,,,,,,,,,,,,,,,,
924,Reprocessor,8,Derek Lambert Polythene Ltd,Plastic,Bingley,West Yorkshire,BD16 2RD,53.85199,-1.84023,Reprocessor,B,,,,,,,,,,,,,,,,,,,,,
924,Reprocessor,8,Derek Lambert Polythene Ltd,Plastic,Bingley,West Yorkshire,BD16 2RD,53.85199,-1.84023,Reprocessor,B,,,,,,,,,,,,,,,,,,,,,
924,Reprocessor,8,Derek Lambert Polythene Ltd,Plastic,Bingley,West Yorkshire,BD16 2RD,53.85199,-1.84023,Reprocessor,B,,,,,,,,,,,,,,,,,,,,,
924,Reprocessor,8,Derek Lambert Polythene Ltd,Plastic,Bingley,West Yorkshire,BD16 2RD,53.85199,-1.84023,Reprocessor,B,,,,,,,,,,,,,,,,,,,,,
924,Reprocessor,8,Derek Lambert Polythene Ltd,Plastic,Bingley,West Yorkshire,BD16 2RD,53.85199,-1.84023,Reprocessor,B,,,,,,,,,,,,,,,,,,,,,
925,Reprocessor,8,Echo Packaging Ltd,Plastic,Corby,Northamptonshire,NN17 5XL,52.50577,-0.65663,Reprocessor,B,,,,,,,,,,,,,,,,,,,,,
925,Reprocessor,8,Echo Packaging Ltd,Plastic,Corby,Northamptonshire,NN17 5XL,52.50577,-0.65663,Reprocessor,B,,,,,,,,,,,,,,,,,,,,,
925,Reprocessor,8,Echo Packaging Ltd,Plastic,Corby,Northamptonshire,NN17 5XL,52.50577,-0.65663,Reprocessor,B,,,,,,,,,,,,,,,,,,,,,
925,Reprocessor,8,Echo Packaging Ltd,Plastic,Corby,Northamptonshire,NN17 5XL,52.50577,-0.65663,Reprocessor,B,,,,,,,,,,,,,,,,,,,,,
925,Reprocessor,8,Echo Packaging Ltd,Plastic,Corby,Northamptonshire,NN17 5XL,52.50577,-0.65663,Reprocessor,B,,,,,,,,,,,,,,,,,,,,,
925,Reprocessor,8,Echo Packaging Ltd,Plastic,Corby,Northamptonshire,NN17 5XL,52.50577,-0.65663,Reprocessor,B,,,,,,,,,,,,,,,,,,,,,
926,Reprocessor,8,Frank Mercer & Sons Ltd,Plastic,Bolton,Greater Manchester,BL5 3JF,53.55111,-2.49443,Reprocessor,B,,,,,,,,,,,,,,,,,,,,,
926,Reprocessor,8,Frank Mercer & Sons Ltd,Plastic,Bolton,Greater Manchester,BL5 3JF,53.55111,-2.49443,Reprocessor,B,,,,,,,,,,,,,,,,,,,,,
926,Reprocessor,8,Frank Mercer & Sons Ltd,Plastic,Bolton,Greater Manchester,BL5 3JF,53.55111,-2.49443,Reprocessor,B,,,,,,,,,,,,,,,,,,,,,
926,Reprocessor,8,Frank Mercer & Sons Ltd,Plastic,Bolton,Greater Manchester,BL5 3JF,53.55111,-2.49443,Reprocessor,B,,,,,,,,,,,,,,,,,,,,,
926,Reprocessor,8,Frank Mercer & Sons Ltd,Plastic,Bolton,Greater Manchester,BL5 3JF,53.55111,-2.49443,Reprocessor,B,,,,,,,,,,,,,,,,,,,,,
926,Reprocessor,8,Frank Mercer & Sons Ltd,Plastic,Bolton,Greater Manchester,BL5 3JF,53.55111,-2.49443,Reprocessor,B,,,,,,,,,,,,,,,,,,,,,
927,Reprocessor,8,Hahn Plastics Ltd,Plastic,Manchester,Greater Manchester,M27 8LJ,53.52366,-2.31525,Reprocessor,B,,,,,,,,,,,,,,,,,,,,,
927,Reprocessor,8,Hahn Plastics Ltd,Plastic,Manchester,Greater Manchester,M27 8LJ,53.52366,-2.31525,Reprocessor,B,,,,,,,,,,,,,,,,,,,,,
927,Reprocessor,8,Hahn Plastics Ltd,Plastic,Manchester,Greater Manchester,M27 8LJ,53.52366,-2.31525,Reprocessor,B,,,,,,,,,,,,,,,,,,,,,
927,Reprocessor,8,Hahn Plastics Ltd,Plastic,Manchester,Greater Manchester,M27 8LJ,53.52366,-2.31525,Reprocessor,B,,,,,,,,,,,,,,,,,,,,,
927,Reprocessor,8,Hahn Plastics Ltd,Plastic,Manchester,Greater Manchester,M27 8LJ,53.52366,-2.31525,Reprocessor,B,,,,,,,,,,,,,,,,,,,,,
927,Reprocessor,8,Hahn Plastics Ltd,Plastic,Manchester,Greater Manchester,M27 8LJ,53.52366,-2.31525,Reprocessor,B,,,,,,,,,,,,,,,,,,,,,
928,Reprocessor,8,Imerplast (UK) Ltd,Plastic,Castleford,East Yorkshire,WF10 2AL,53.74398,-1.35174,Reprocessor,B,,,,,,,,,,,,,,,,,,,,,
928,Reprocessor,8,Imerplast (UK) Ltd,Plastic,Castleford,East Yorkshire,WF10 2AL,53.74398,-1.35174,Reprocessor,B,,,,,,,,,,,,,,,,,,,,,
928,Reprocessor,8,Imerplast (UK) Ltd,Plastic,Castleford,East Yorkshire,WF10 2AL,53.74398,-1.35174,Reprocessor,B,,,,,,,,,,,,,,,,,,,,,
928,Reprocessor,8,Imerplast (UK) Ltd,Plastic,Castleford,East Yorkshire,WF10 2AL,53.74398,-1.35174,Reprocessor,B,,,,,,,,,,,,,,,,,,,,,
928,Reprocessor,8,Imerplast (UK) Ltd,Plastic,Castleford,East Yorkshire,WF10 2AL,53.74398,-1.35174,Reprocessor,B,,,,,,,,,,,,,,,,,,,,,
928,Reprocessor,8,Imerplast (UK) Ltd,Plastic,Castleford,East Yorkshire,WF10 2AL,53.74398,-1.35174,Reprocessor,B,,,,,,,,,,,,,,,,,,,,,
929,Reprocessor,8,Impact Recycling Ltd,Plastic,Wallsend,Tyne And Wear,NE28 6HH,54.99052,-1.52091,Reprocessor,B,,,,,,,,,,,,,,,,,,,,,
929,Reprocessor,8,Impact Recycling Ltd,Plastic,Wallsend,Tyne And Wear,NE28 6HH,54.99052,-1.52091,Reprocessor,B,,,,,,,,,,,,,,,,,,,,,
929,Reprocessor,8,Impact Recycling Ltd,Plastic,Wallsend,Tyne And Wear,NE28 6HH,54.99052,-1.52091,Reprocessor,B,,,,,,,,,,,,,,,,,,,,,
929,Reprocessor,8,Impact Recycling Ltd,Plastic,Wallsend,Tyne And Wear,NE28 6HH,54.99052,-1.52091,Reprocessor,B,,,,,,,,,,,,,,,,,,,,,
929,Reprocessor,8,Impact Recycling Ltd,Plastic,Wallsend,Tyne And Wear,NE28 6HH,54.99052,-1.52091,Reprocessor,B,,,,,,,,,,,,,,,,,,,,,
929,Reprocessor,8,Impact Recycling Ltd,Plastic,Wallsend,Tyne And Wear,NE28 6HH,54.99052,-1.52091,Reprocessor,B,,,,,,,,,,,,,,,,,,,,,
930,Reprocessor,8,Indigo Environmental Group Ltd,Plastic,Widnes,Cheshire,WA8 0TH,53.3587,-2.762,Reprocessor,B,,,,,,,,,,,,,,,,,,,,,
930,Reprocessor,8,Indigo Environmental Group Ltd,Plastic,Widnes,Cheshire,WA8 0TH,53.3587,-2.762,Reprocessor,B,,,,,,,,,,,,,,,,,,,,,
930,Reprocessor,8,Indigo Environmental Group Ltd,Plastic,Widnes,Cheshire,WA8 0TH,53.3587,-2.762,Reprocessor,B,,,,,,,,,,,,,,,,,,,,,
930,Reprocessor,8,Indigo Environmental Group Ltd,Plastic,Widnes,Cheshire,WA8 0TH,53.3587,-2.762,Reprocessor,B,,,,,,,,,,,,,,,,,,,,,
930,Reprocessor,8,Indigo Environmental Group Ltd,Plastic,Widnes,Cheshire,WA8 0TH,53.3587,-2.762,Reprocessor,B,,,,,,,,,,,,,,,,,,,,,
930,Reprocessor,8,Indigo Environmental Group Ltd,Plastic,Widnes,Cheshire,WA8 0TH,53.3587,-2.762,Reprocessor,B,,,,,,,,,,,,,,,,,,,,,
931,Reprocessor,8,J & A Young (Leicester) Ltd,Plastic,Loughborough,Leicestershire,LE11 5FJ,52.78518,-1.23092,Reprocessor,B,,,,,,,,,,,,,,,,,,,,,
931,Reprocessor,8,J & A Young (Leicester) Ltd,Plastic,Loughborough,Leicestershire,LE11 5FJ,52.78518,-1.23092,Reprocessor,B,,,,,,,,,,,,,,,,,,,,,
931,Reprocessor,8,J & A Young (Leicester) Ltd,Plastic,Loughborough,Leicestershire,LE11 5FJ,52.78518,-1.23092,Reprocessor,B,,,,,,,,,,,,,,,,,,,,,
931,Reprocessor,8,J & A Young (Leicester) Ltd,Plastic,Loughborough,Leicestershire,LE11 5FJ,52.78518,-1.23092,Reprocessor,B,,,,,,,,,,,,,,,,,,,,,
931,Reprocessor,8,J & A Young (Leicester) Ltd,Plastic,Loughborough,Leicestershire,LE11 5FJ,52.78518,-1.23092,Reprocessor,B,,,,,,,,,,,,,,,,,,,,,
931,Reprocessor,8,J & A Young (Leicester) Ltd,Plastic,Loughborough,Leicestershire,LE11 5FJ,52.78518,-1.23092,Reprocessor,B,,,,,,,,,,,,,,,,,,,,,
932,Reprocessor,8,J. AND A. YOUNG (LEICESTER) LIMITED,Plastic,Corby,Northamptonshire,NN17 5YH,52.4955,-0.67622,Reprocessor,B,,,,,,,,,,,,,,,,,,,,,
932,Reprocessor,8,J. AND A. YOUNG (LEICESTER) LIMITED,Plastic,Corby,Northamptonshire,NN17 5YH,52.4955,-0.67622,Reprocessor,B,,,,,,,,,,,,,,,,,,,,,
932,Reprocessor,8,J. AND A. YOUNG (LEICESTER) LIMITED,Plastic,Corby,Northamptonshire,NN17 5YH,52.4955,-0.67622,Reprocessor,B,,,,,,,,,,,,,,,,,,,,,
932,Reprocessor,8,J. AND A. YOUNG (LEICESTER) LIMITED,Plastic,Corby,Northamptonshire,NN17 5YH,52.4955,-0.67622,Reprocessor,B,,,,,,,,,,,,,,,,,,,,,
932,Reprocessor,8,J. AND A. YOUNG (LEICESTER) LIMITED,Plastic,Corby,Northamptonshire,NN17 5YH,52.4955,-0.67622,Reprocessor,B,,,,,,,,,,,,,,,,,,,,,
932,Reprocessor,8,J. AND A. YOUNG (LEICESTER) LIMITED,Plastic,Corby,Northamptonshire,NN17 5YH,52.4955,-0.67622,Reprocessor,B,,,,,,,,,,,,,,,,,,,,,
933,Reprocessor,8,J. and A. Young (Leicester) Ltd,Plastic,Loughborough,Leicestershire,LE11 5RE,52.78473,-1.22632,Reprocessor,B,,,,,,,,,,,,,,,,,,,,,
933,Reprocessor,8,J. and A. Young (Leicester) Ltd,Plastic,Loughborough,Leicestershire,LE11 5RE,52.78473,-1.22632,Reprocessor,B,,,,,,,,,,,,,,,,,,,,,
933,Reprocessor,8,J. and A. Young (Leicester) Ltd,Plastic,Loughborough,Leicestershire,LE11 5RE,52.78473,-1.22632,Reprocessor,B,,,,,,,,,,,,,,,,,,,,,
933,Reprocessor,8,J. and A. Young (Leicester) Ltd,Plastic,Loughborough,Leicestershire,LE11 5RE,52.78473,-1.22632,Reprocessor,B,,,,,,,,,,,,,,,,,,,,,
933,Reprocessor,8,J. and A. Young (Leicester) Ltd,Plastic,Loughborough,Leicestershire,LE11 5RE,52.78473,-1.22632,Reprocessor,B,,,,,,,,,,,,,,,,,,,,,
933,Reprocessor,8,J. and A. Young (Leicester) Ltd,Plastic,Loughborough,Leicestershire,LE11 5RE,52.78473,-1.22632,Reprocessor,B,,,,,,,,,,,,,,,,,,,,,
934,Reprocessor,8,Jason Plastics Ltd ,Plastic,Bury,Greater Manchester,BL9 7HZ,53.59219,-2.25639,Reprocessor,B,,,,,,,,,,,,,,,,,,,,,
934,Reprocessor,8,Jason Plastics Ltd ,Plastic,Bury,Greater Manchester,BL9 7HZ,53.59219,-2.25639,Reprocessor,B,,,,,,,,,,,,,,,,,,,,,
934,Reprocessor,8,Jason Plastics Ltd ,Plastic,Bury,Greater Manchester,BL9 7HZ,53.59219,-2.25639,Reprocessor,B,,,,,,,,,,,,,,,,,,,,,
934,Reprocessor,8,Jason Plastics Ltd ,Plastic,Bury,Greater Manchester,BL9 7HZ,53.59219,-2.25639,Reprocessor,B,,,,,,,,,,,,,,,,,,,,,
934,Reprocessor,8,Jason Plastics Ltd ,Plastic,Bury,Greater Manchester,BL9 7HZ,53.59219,-2.25639,Reprocessor,B,,,,,,,,,,,,,,,,,,,,,
934,Reprocessor,8,Jason Plastics Ltd ,Plastic,Bury,Greater Manchester,BL9 7HZ,53.59219,-2.25639,Reprocessor,B,,,,,,,,,,,,,,,,,,,,,
935,Reprocessor,8,Johnson Brothers Compounding Ltd,Plastic,Evesham,Worcestershire,WR11 7PY,52.07912,-1.82968,Reprocessor,B,,,,,,,,,,,,,,,,,,,,,
935,Reprocessor,8,Johnson Brothers Compounding Ltd,Plastic,Evesham,Worcestershire,WR11 7PY,52.07912,-1.82968,Reprocessor,B,,,,,,,,,,,,,,,,,,,,,
935,Reprocessor,8,Johnson Brothers Compounding Ltd,Plastic,Evesham,Worcestershire,WR11 7PY,52.07912,-1.82968,Reprocessor,B,,,,,,,,,,,,,,,,,,,,,
935,Reprocessor,8,Johnson Brothers Compounding Ltd,Plastic,Evesham,Worcestershire,WR11 7PY,52.07912,-1.82968,Reprocessor,B,,,,,,,,,,,,,,,,,,,,,
935,Reprocessor,8,Johnson Brothers Compounding Ltd,Plastic,Evesham,Worcestershire,WR11 7PY,52.07912,-1.82968,Reprocessor,B,,,,,,,,,,,,,,,,,,,,,
935,Reprocessor,8,Johnson Brothers Compounding Ltd,Plastic,Evesham,Worcestershire,WR11 7PY,52.07912,-1.82968,Reprocessor,B,,,,,,,,,,,,,,,,,,,,,
936,Reprocessor,8,K S Plastic Ltd,Plastic,Lydbrook,Gloucestershire,GL17 9NG,51.8543,-2.59651,Reprocessor,B,,,,,,,,,,,,,,,,,,,,,
936,Reprocessor,8,K S Plastic Ltd,Plastic,Lydbrook,Gloucestershire,GL17 9NG,51.8543,-2.59651,Reprocessor,B,,,,,,,,,,,,,,,,,,,,,
936,Reprocessor,8,K S Plastic Ltd,Plastic,Lydbrook,Gloucestershire,GL17 9NG,51.8543,-2.59651,Reprocessor,B,,,,,,,,,,,,,,,,,,,,,
936,Reprocessor,8,K S Plastic Ltd,Plastic,Lydbrook,Gloucestershire,GL17 9NG,51.8543,-2.59651,Reprocessor,B,,,,,,,,,,,,,,,,,,,,,
936,Reprocessor,8,K S Plastic Ltd,Plastic,Lydbrook,Gloucestershire,GL17 9NG,51.8543,-2.59651,Reprocessor,B,,,,,,,,,,,,,,,,,,,,,
936,Reprocessor,8,K S Plastic Ltd,Plastic,Lydbrook,Gloucestershire,GL17 9NG,51.8543,-2.59651,Reprocessor,B,,,,,,,,,,,,,,,,,,,,,
937,Reprocessor,8,KB Extruders Ltd,Plastic,Birmingham,West Midlands,B6 7DU,52.51257,-1.87735,Reprocessor,B,,,,,,,,,,,,,,,,,,,,,
937,Reprocessor,8,KB Extruders Ltd,Plastic,Birmingham,West Midlands,B6 7DU,52.51257,-1.87735,Reprocessor,B,,,,,,,,,,,,,,,,,,,,,
937,Reprocessor,8,KB Extruders Ltd,Plastic,Birmingham,West Midlands,B6 7DU,52.51257,-1.87735,Reprocessor,B,,,,,,,,,,,,,,,,,,,,,
937,Reprocessor,8,KB Extruders Ltd,Plastic,Birmingham,West Midlands,B6 7DU,52.51257,-1.87735,Reprocessor,B,,,,,,,,,,,,,,,,,,,,,
937,Reprocessor,8,KB Extruders Ltd,Plastic,Birmingham,West Midlands,B6 7DU,52.51257,-1.87735,Reprocessor,B,,,,,,,,,,,,,,,,,,,,,
937,Reprocessor,8,KB Extruders Ltd,Plastic,Birmingham,West Midlands,B6 7DU,52.51257,-1.87735,Reprocessor,B,,,,,,,,,,,,,,,,,,,,,
938,Reprocessor,8,Luxus Ltd,Plastic,Louth,Lincolnshire,LN11 0LQ,53.37861,-0.00442,Reprocessor,B,,,,,,,,,,,,,,,,,,,,,
938,Reprocessor,8,Luxus Ltd,Plastic,Louth,Lincolnshire,LN11 0LQ,53.37861,-0.00442,Reprocessor,B,,,,,,,,,,,,,,,,,,,,,
938,Reprocessor,8,Luxus Ltd,Plastic,Louth,Lincolnshire,LN11 0LQ,53.37861,-0.00442,Reprocessor,B,,,,,,,,,,,,,,,,,,,,,
938,Reprocessor,8,Luxus Ltd,Plastic,Louth,Lincolnshire,LN11 0LQ,53.37861,-0.00442,Reprocessor,B,,,,,,,,,,,,,,,,,,,,,
938,Reprocessor,8,Luxus Ltd,Plastic,Louth,Lincolnshire,LN11 0LQ,53.37861,-0.00442,Reprocessor,B,,,,,,,,,,,,,,,,,,,,,
938,Reprocessor,8,Luxus Ltd,Plastic,Louth,Lincolnshire,LN11 0LQ,53.37861,-0.00442,Reprocessor,B,,,,,,,,,,,,,,,,,,,,,
939,Reprocessor,8,Lynx Recycling & Recovery Ltd,Plastic,Grimsby,Lincolnshire,DN41 8DT,53.6105,-0.17506,Reprocessor,B,,,,,,,,,,,,,,,,,,,,,
939,Reprocessor,8,Lynx Recycling & Recovery Ltd,Plastic,Grimsby,Lincolnshire,DN41 8DT,53.6105,-0.17506,Reprocessor,B,,,,,,,,,,,,,,,,,,,,,
939,Reprocessor,8,Lynx Recycling & Recovery Ltd,Plastic,Grimsby,Lincolnshire,DN41 8DT,53.6105,-0.17506,Reprocessor,B,,,,,,,,,,,,,,,,,,,,,
939,Reprocessor,8,Lynx Recycling & Recovery Ltd,Plastic,Grimsby,Lincolnshire,DN41 8DT,53.6105,-0.17506,Reprocessor,B,,,,,,,,,,,,,,,,,,,,,
939,Reprocessor,8,Lynx Recycling & Recovery Ltd,Plastic,Grimsby,Lincolnshire,DN41 8DT,53.6105,-0.17506,Reprocessor,B,,,,,,,,,,,,,,,,,,,,,
939,Reprocessor,8,Lynx Recycling & Recovery Ltd,Plastic,Grimsby,Lincolnshire,DN41 8DT,53.6105,-0.17506,Reprocessor,B,,,,,,,,,,,,,,,,,,,,,
940,Reprocessor,8,Monoworld Recycling Ltd,Plastic,Rushden,Northamptonshire,NN10 6BQ,52.29601,-0.62509,Reprocessor,B,,,,,,,,,,,,,,,,,,,,,
940,Reprocessor,8,Monoworld Recycling Ltd,Plastic,Rushden,Northamptonshire,NN10 6BQ,52.29601,-0.62509,Reprocessor,B,,,,,,,,,,,,,,,,,,,,,
940,Reprocessor,8,Monoworld Recycling Ltd,Plastic,Rushden,Northamptonshire,NN10 6BQ,52.29601,-0.62509,Reprocessor,B,,,,,,,,,,,,,,,,,,,,,
940,Reprocessor,8,Monoworld Recycling Ltd,Plastic,Rushden,Northamptonshire,NN10 6BQ,52.29601,-0.62509,Reprocessor,B,,,,,,,,,,,,,,,,,,,,,
940,Reprocessor,8,Monoworld Recycling Ltd,Plastic,Rushden,Northamptonshire,NN10 6BQ,52.29601,-0.62509,Reprocessor,B,,,,,,,,,,,,,,,,,,,,,
940,Reprocessor,8,Monoworld Recycling Ltd,Plastic,Rushden,Northamptonshire,NN10 6BQ,52.29601,-0.62509,Reprocessor,B,,,,,,,,,,,,,,,,,,,,,
941,Reprocessor,8,NDC Polipak Limited,Plastic,Cradley Heath,West Midlands,B64 5RE,52.47729,-2.0588,Reprocessor,B,,,,,,,,,,,,,,,,,,,,,
941,Reprocessor,8,NDC Polipak Limited,Plastic,Cradley Heath,West Midlands,B64 5RE,52.47729,-2.0588,Reprocessor,B,,,,,,,,,,,,,,,,,,,,,
941,Reprocessor,8,NDC Polipak Limited,Plastic,Cradley Heath,West Midlands,B64 5RE,52.47729,-2.0588,Reprocessor,B,,,,,,,,,,,,,,,,,,,,,
941,Reprocessor,8,NDC Polipak Limited,Plastic,Cradley Heath,West Midlands,B64 5RE,52.47729,-2.0588,Reprocessor,B,,,,,,,,,,,,,,,,,,,,,
941,Reprocessor,8,NDC Polipak Limited,Plastic,Cradley Heath,West Midlands,B64 5RE,52.47729,-2.0588,Reprocessor,B,,,,,,,,,,,,,,,,,,,,,
941,Reprocessor,8,NDC Polipak Limited,Plastic,Cradley Heath,West Midlands,B64 5RE,52.47729,-2.0588,Reprocessor,B,,,,,,,,,,,,,,,,,,,,,
942,Reprocessor,8,Norpol Recycling Limited,Plastic,Nelson,Lancashire,BB9 7YG,53.84215,-2.21412,Reprocessor,B,,,,,,,,,,,,,,,,,,,,,
942,Reprocessor,8,Norpol Recycling Limited,Plastic,Nelson,Lancashire,BB9 7YG,53.84215,-2.21412,Reprocessor,B,,,,,,,,,,,,,,,,,,,,,
942,Reprocessor,8,Norpol Recycling Limited,Plastic,Nelson,Lancashire,BB9 7YG,53.84215,-2.21412,Reprocessor,B,,,,,,,,,,,,,,,,,,,,,
942,Reprocessor,8,Norpol Recycling Limited,Plastic,Nelson,Lancashire,BB9 7YG,53.84215,-2.21412,Reprocessor,B,,,,,,,,,,,,,,,,,,,,,
942,Reprocessor,8,Norpol Recycling Limited,Plastic,Nelson,Lancashire,BB9 7YG,53.84215,-2.21412,Reprocessor,B,,,,,,,,,,,,,,,,,,,,,
942,Reprocessor,8,Norpol Recycling Limited,Plastic,Nelson,Lancashire,BB9 7YG,53.84215,-2.21412,Reprocessor,B,,,,,,,,,,,,,,,,,,,,,
943,Reprocessor,8,Plasgran Ltd,Plastic,March,Cambridgeshire,PE15 0PE,52.50158,0.11631,Reprocessor,B,,,,,,,,,,,,,,,,,,,,,
943,Reprocessor,8,Plasgran Ltd,Plastic,March,Cambridgeshire,PE15 0PE,52.50158,0.11631,Reprocessor,B,,,,,,,,,,,,,,,,,,,,,
943,Reprocessor,8,Plasgran Ltd,Plastic,March,Cambridgeshire,PE15 0PE,52.50158,0.11631,Reprocessor,B,,,,,,,,,,,,,,,,,,,,,
943,Reprocessor,8,Plasgran Ltd,Plastic,March,Cambridgeshire,PE15 0PE,52.50158,0.11631,Reprocessor,B,,,,,,,,,,,,,,,,,,,,,
943,Reprocessor,8,Plasgran Ltd,Plastic,March,Cambridgeshire,PE15 0PE,52.50158,0.11631,Reprocessor,B,,,,,,,,,,,,,,,,,,,,,
943,Reprocessor,8,Plasgran Ltd,Plastic,March,Cambridgeshire,PE15 0PE,52.50158,0.11631,Reprocessor,B,,,,,,,,,,,,,,,,,,,,,
944,Reprocessor,8,Plasticity (Worldwide) Ltd,Plastic,Lichfield,Warwickshire,WS13 8EN,52.71434,-1.79383,Reprocessor,B,,,,,,,,,,,,,,,,,,,,,
944,Reprocessor,8,Plasticity (Worldwide) Ltd,Plastic,Lichfield,Warwickshire,WS13 8EN,52.71434,-1.79383,Reprocessor,B,,,,,,,,,,,,,,,,,,,,,
944,Reprocessor,8,Plasticity (Worldwide) Ltd,Plastic,Lichfield,Warwickshire,WS13 8EN,52.71434,-1.79383,Reprocessor,B,,,,,,,,,,,,,,,,,,,,,
944,Reprocessor,8,Plasticity (Worldwide) Ltd,Plastic,Lichfield,Warwickshire,WS13 8EN,52.71434,-1.79383,Reprocessor,B,,,,,,,,,,,,,,,,,,,,,
944,Reprocessor,8,Plasticity (Worldwide) Ltd,Plastic,Lichfield,Warwickshire,WS13 8EN,52.71434,-1.79383,Reprocessor,B,,,,,,,,,,,,,,,,,,,,,
944,Reprocessor,8,Plasticity (Worldwide) Ltd,Plastic,Lichfield,Warwickshire,WS13 8EN,52.71434,-1.79383,Reprocessor,B,,,,,,,,,,,,,,,,,,,,,
945,Reprocessor,8,Plumb Polymers Ltd,Plastic,Sheffield,South Yorkshire,S4 8DT,53.40066,-1.44146,Reprocessor,B,,,,,,,,,,,,,,,,,,,,,
945,Reprocessor,8,Plumb Polymers Ltd,Plastic,Sheffield,South Yorkshire,S4 8DT,53.40066,-1.44146,Reprocessor,B,,,,,,,,,,,,,,,,,,,,,
945,Reprocessor,8,Plumb Polymers Ltd,Plastic,Sheffield,South Yorkshire,S4 8DT,53.40066,-1.44146,Reprocessor,B,,,,,,,,,,,,,,,,,,,,,
945,Reprocessor,8,Plumb Polymers Ltd,Plastic,Sheffield,South Yorkshire,S4 8DT,53.40066,-1.44146,Reprocessor,B,,,,,,,,,,,,,,,,,,,,,
945,Reprocessor,8,Plumb Polymers Ltd,Plastic,Sheffield,South Yorkshire,S4 8DT,53.40066,-1.44146,Reprocessor,B,,,,,,,,,,,,,,,,,,,,,
945,Reprocessor,8,Plumb Polymers Ltd,Plastic,Sheffield,South Yorkshire,S4 8DT,53.40066,-1.44146,Reprocessor,B,,,,,,,,,,,,,,,,,,,,,
946,Reprocessor,8,Polypipe Ltd,Plastic,Horncastle,Lancashire,LN9 6JW,53.19793,-0.10626,Reprocessor,B,,,,,,,,,,,,,,,,,,,,,
946,Reprocessor,8,Polypipe Ltd,Plastic,Horncastle,Lancashire,LN9 6JW,53.19793,-0.10626,Reprocessor,B,,,,,,,,,,,,,,,,,,,,,
946,Reprocessor,8,Polypipe Ltd,Plastic,Horncastle,Lancashire,LN9 6JW,53.19793,-0.10626,Reprocessor,B,,,,,,,,,,,,,,,,,,,,,
946,Reprocessor,8,Polypipe Ltd,Plastic,Horncastle,Lancashire,LN9 6JW,53.19793,-0.10626,Reprocessor,B,,,,,,,,,,,,,,,,,,,,,
946,Reprocessor,8,Polypipe Ltd,Plastic,Horncastle,Lancashire,LN9 6JW,53.19793,-0.10626,Reprocessor,B,,,,,,,,,,,,,,,,,,,,,
946,Reprocessor,8,Polypipe Ltd,Plastic,Horncastle,Lancashire,LN9 6JW,53.19793,-0.10626,Reprocessor,B,,,,,,,,,,,,,,,,,,,,,
947,Reprocessor,8,Preston Plastics Ltd,Plastic,Preston,Lancashire,PR3 6BN,53.88343,-2.88549,Reprocessor,B,,,,,,,,,,,,,,,,,,,,,
947,Reprocessor,8,Preston Plastics Ltd,Plastic,Preston,Lancashire,PR3 6BN,53.88343,-2.88549,Reprocessor,B,,,,,,,,,,,,,,,,,,,,,
947,Reprocessor,8,Preston Plastics Ltd,Plastic,Preston,Lancashire,PR3 6BN,53.88343,-2.88549,Reprocessor,B,,,,,,,,,,,,,,,,,,,,,
947,Reprocessor,8,Preston Plastics Ltd,Plastic,Preston,Lancashire,PR3 6BN,53.88343,-2.88549,Reprocessor,B,,,,,,,,,,,,,,,,,,,,,
947,Reprocessor,8,Preston Plastics Ltd,Plastic,Preston,Lancashire,PR3 6BN,53.88343,-2.88549,Reprocessor,B,,,,,,,,,,,,,,,,,,,,,
947,Reprocessor,8,Preston Plastics Ltd,Plastic,Preston,Lancashire,PR3 6BN,53.88343,-2.88549,Reprocessor,B,,,,,,,,,,,,,,,,,,,,,
948,Reprocessor,8,Recycled Plastics UK Ltd,Plastic,Wolverhampton,West Midlands,WV10 0ES,52.58877,-2.11007,Reprocessor,B,,,,,,,,,,,,,,,,,,,,,
948,Reprocessor,8,Recycled Plastics UK Ltd,Plastic,Wolverhampton,West Midlands,WV10 0ES,52.58877,-2.11007,Reprocessor,B,,,,,,,,,,,,,,,,,,,,,
948,Reprocessor,8,Recycled Plastics UK Ltd,Plastic,Wolverhampton,West Midlands,WV10 0ES,52.58877,-2.11007,Reprocessor,B,,,,,,,,,,,,,,,,,,,,,
948,Reprocessor,8,Recycled Plastics UK Ltd,Plastic,Wolverhampton,West Midlands,WV10 0ES,52.58877,-2.11007,Reprocessor,B,,,,,,,,,,,,,,,,,,,,,
948,Reprocessor,8,Recycled Plastics UK Ltd,Plastic,Wolverhampton,West Midlands,WV10 0ES,52.58877,-2.11007,Reprocessor,B,,,,,,,,,,,,,,,,,,,,,
948,Reprocessor,8,Recycled Plastics UK Ltd,Plastic,Wolverhampton,West Midlands,WV10 0ES,52.58877,-2.11007,Reprocessor,B,,,,,,,,,,,,,,,,,,,,,
949,Reprocessor,8,Recyplas Limited,Plastic,Wimblington,Cambridgeshire,PE15 0QQ,52.51445,0.093,Reprocessor,B,,,,,,,,,,,,,,,,,,,,,
949,Reprocessor,8,Recyplas Limited,Plastic,Wimblington,Cambridgeshire,PE15 0QQ,52.51445,0.093,Reprocessor,B,,,,,,,,,,,,,,,,,,,,,
949,Reprocessor,8,Recyplas Limited,Plastic,Wimblington,Cambridgeshire,PE15 0QQ,52.51445,0.093,Reprocessor,B,,,,,,,,,,,,,,,,,,,,,
949,Reprocessor,8,Recyplas Limited,Plastic,Wimblington,Cambridgeshire,PE15 0QQ,52.51445,0.093,Reprocessor,B,,,,,,,,,,,,,,,,,,,,,
949,Reprocessor,8,Recyplas Limited,Plastic,Wimblington,Cambridgeshire,PE15 0QQ,52.51445,0.093,Reprocessor,B,,,,,,,,,,,,,,,,,,,,,
949,Reprocessor,8,Recyplas Limited,Plastic,Wimblington,Cambridgeshire,PE15 0QQ,52.51445,0.093,Reprocessor,B,,,,,,,,,,,,,,,,,,,,,
950,Reprocessor,8,Roydon Granulation Ltd,Plastic,St. Helens,Merseyside,WA9 3NA,53.4397,-2.71631,Reprocessor,B,,,,,,,,,,,,,,,,,,,,,
950,Reprocessor,8,Roydon Granulation Ltd,Plastic,St. Helens,Merseyside,WA9 3NA,53.4397,-2.71631,Reprocessor,B,,,,,,,,,,,,,,,,,,,,,
950,Reprocessor,8,Roydon Granulation Ltd,Plastic,St. Helens,Merseyside,WA9 3NA,53.4397,-2.71631,Reprocessor,B,,,,,,,,,,,,,,,,,,,,,
950,Reprocessor,8,Roydon Granulation Ltd,Plastic,St. Helens,Merseyside,WA9 3NA,53.4397,-2.71631,Reprocessor,B,,,,,,,,,,,,,,,,,,,,,
950,Reprocessor,8,Roydon Granulation Ltd,Plastic,St. Helens,Merseyside,WA9 3NA,53.4397,-2.71631,Reprocessor,B,,,,,,,,,,,,,,,,,,,,,
950,Reprocessor,8,Roydon Granulation Ltd,Plastic,St. Helens,Merseyside,WA9 3NA,53.4397,-2.71631,Reprocessor,B,,,,,,,,,,,,,,,,,,,,,
951,Reprocessor,8,Roydon Group PLC,Plastic,Swinton,Greater Manchester,M27 8LU,53.52514,-2.31517,Reprocessor,B,,,,,,,,,,,,,,,,,,,,,
951,Reprocessor,8,Roydon Group PLC,Plastic,Swinton,Greater Manchester,M27 8LU,53.52514,-2.31517,Reprocessor,B,,,,,,,,,,,,,,,,,,,,,
951,Reprocessor,8,Roydon Group PLC,Plastic,Swinton,Greater Manchester,M27 8LU,53.52514,-2.31517,Reprocessor,B,,,,,,,,,,,,,,,,,,,,,
951,Reprocessor,8,Roydon Group PLC,Plastic,Swinton,Greater Manchester,M27 8LU,53.52514,-2.31517,Reprocessor,B,,,,,,,,,,,,,,,,,,,,,
951,Reprocessor,8,Roydon Group PLC,Plastic,Swinton,Greater Manchester,M27 8LU,53.52514,-2.31517,Reprocessor,B,,,,,,,,,,,,,,,,,,,,,
951,Reprocessor,8,Roydon Group PLC,Plastic,Swinton,Greater Manchester,M27 8LU,53.52514,-2.31517,Reprocessor,B,,,,,,,,,,,,,,,,,,,,,
952,Reprocessor,8,Schutz UK Ltd,Plastic,Worksop,South Yorkshire,S81 7BE,53.31941,-1.13935,Reprocessor,B,,,,,,,,,,,,,,,,,,,,,
952,Reprocessor,8,Schutz UK Ltd,Plastic,Worksop,South Yorkshire,S81 7BE,53.31941,-1.13935,Reprocessor,B,,,,,,,,,,,,,,,,,,,,,
952,Reprocessor,8,Schutz UK Ltd,Plastic,Worksop,South Yorkshire,S81 7BE,53.31941,-1.13935,Reprocessor,B,,,,,,,,,,,,,,,,,,,,,
952,Reprocessor,8,Schutz UK Ltd,Plastic,Worksop,South Yorkshire,S81 7BE,53.31941,-1.13935,Reprocessor,B,,,,,,,,,,,,,,,,,,,,,
952,Reprocessor,8,Schutz UK Ltd,Plastic,Worksop,South Yorkshire,S81 7BE,53.31941,-1.13935,Reprocessor,B,,,,,,,,,,,,,,,,,,,,,
952,Reprocessor,8,Schutz UK Ltd,Plastic,Worksop,South Yorkshire,S81 7BE,53.31941,-1.13935,Reprocessor,B,,,,,,,,,,,,,,,,,,,,,
953,Reprocessor,8,Skymark Packaging International (Scunthorpe),Plastic,Scunthorpe,South Yorkshire,DN15 8XF,53.60342,-0.64933,Reprocessor,B,,,,,,,,,,,,,,,,,,,,,
953,Reprocessor,8,Skymark Packaging International (Scunthorpe),Plastic,Scunthorpe,South Yorkshire,DN15 8XF,53.60342,-0.64933,Reprocessor,B,,,,,,,,,,,,,,,,,,,,,
953,Reprocessor,8,Skymark Packaging International (Scunthorpe),Plastic,Scunthorpe,South Yorkshire,DN15 8XF,53.60342,-0.64933,Reprocessor,B,,,,,,,,,,,,,,,,,,,,,
953,Reprocessor,8,Skymark Packaging International (Scunthorpe),Plastic,Scunthorpe,South Yorkshire,DN15 8XF,53.60342,-0.64933,Reprocessor,B,,,,,,,,,,,,,,,,,,,,,
953,Reprocessor,8,Skymark Packaging International (Scunthorpe),Plastic,Scunthorpe,South Yorkshire,DN15 8XF,53.60342,-0.64933,Reprocessor,B,,,,,,,,,,,,,,,,,,,,,
953,Reprocessor,8,Skymark Packaging International (Scunthorpe),Plastic,Scunthorpe,South Yorkshire,DN15 8XF,53.60342,-0.64933,Reprocessor,B,,,,,,,,,,,,,,,,,,,,,
954,Reprocessor,8,Skymark Packaging International Ltd,Plastic,Ilkeston,Derbyshire,DE7 8EF,52.9768,-1.32001,Reprocessor,B,,,,,,,,,,,,,,,,,,,,,
954,Reprocessor,8,Skymark Packaging International Ltd,Plastic,Ilkeston,Derbyshire,DE7 8EF,52.9768,-1.32001,Reprocessor,B,,,,,,,,,,,,,,,,,,,,,
954,Reprocessor,8,Skymark Packaging International Ltd,Plastic,Ilkeston,Derbyshire,DE7 8EF,52.9768,-1.32001,Reprocessor,B,,,,,,,,,,,,,,,,,,,,,
954,Reprocessor,8,Skymark Packaging International Ltd,Plastic,Ilkeston,Derbyshire,DE7 8EF,52.9768,-1.32001,Reprocessor,B,,,,,,,,,,,,,,,,,,,,,
954,Reprocessor,8,Skymark Packaging International Ltd,Plastic,Ilkeston,Derbyshire,DE7 8EF,52.9768,-1.32001,Reprocessor,B,,,,,,,,,,,,,,,,,,,,,
954,Reprocessor,8,Skymark Packaging International Ltd,Plastic,Ilkeston,Derbyshire,DE7 8EF,52.9768,-1.32001,Reprocessor,B,,,,,,,,,,,,,,,,,,,,,
955,Reprocessor,8,Veolia ES (UK) Ltd,Plastic,Dagenham,Essex,RM9 6LF,51.52118,0.13691,Reprocessor,B,,,,,,,,,,,,,,,,,,,,,
955,Reprocessor,8,Veolia ES (UK) Ltd,Plastic,Dagenham,Essex,RM9 6LF,51.52118,0.13691,Reprocessor,B,,,,,,,,,,,,,,,,,,,,,
955,Reprocessor,8,Veolia ES (UK) Ltd,Plastic,Dagenham,Essex,RM9 6LF,51.52118,0.13691,Reprocessor,B,,,,,,,,,,,,,,,,,,,,,
955,Reprocessor,8,Veolia ES (UK) Ltd,Plastic,Dagenham,Essex,RM9 6LF,51.52118,0.13691,Reprocessor,B,,,,,,,,,,,,,,,,,,,,,
955,Reprocessor,8,Veolia ES (UK) Ltd,Plastic,Dagenham,Essex,RM9 6LF,51.52118,0.13691,Reprocessor,B,,,,,,,,,,,,,,,,,,,,,
955,Reprocessor,8,Veolia ES (UK) Ltd,Plastic,Dagenham,Essex,RM9 6LF,51.52118,0.13691,Reprocessor,B,,,,,,,,,,,,,,,,,,,,,
956,Reprocessor,8,Viridor Polymer Recycling Ltd,Plastic,Skelmersdale,Lancashire,WN8 9SU,53.54185,-2.79065,Reprocessor,B,,,,,,,,,,,,,,,,,,,,,
956,Reprocessor,8,Viridor Polymer Recycling Ltd,Plastic,Skelmersdale,Lancashire,WN8 9SU,53.54185,-2.79065,Reprocessor,B,,,,,,,,,,,,,,,,,,,,,
956,Reprocessor,8,Viridor Polymer Recycling Ltd,Plastic,Skelmersdale,Lancashire,WN8 9SU,53.54185,-2.79065,Reprocessor,B,,,,,,,,,,,,,,,,,,,,,
956,Reprocessor,8,Viridor Polymer Recycling Ltd,Plastic,Skelmersdale,Lancashire,WN8 9SU,53.54185,-2.79065,Reprocessor,B,,,,,,,,,,,,,,,,,,,,,
956,Reprocessor,8,Viridor Polymer Recycling Ltd,Plastic,Skelmersdale,Lancashire,WN8 9SU,53.54185,-2.79065,Reprocessor,B,,,,,,,,,,,,,,,,,,,,,
956,Reprocessor,8,Viridor Polymer Recycling Ltd,Plastic,Skelmersdale,Lancashire,WN8 9SU,53.54185,-2.79065,Reprocessor,B,,,,,,,,,,,,,,,,,,,,,
957,Reprocessor,8,Y S Reclamation Ltd,Plastic,Woolston,Hampshire,WA1 4RW,53.40864,-2.53406,Reprocessor,B,,,,,,,,,,,,,,,,,,,,,
957,Reprocessor,8,Y S Reclamation Ltd,Plastic,Woolston,Hampshire,WA1 4RW,53.40864,-2.53406,Reprocessor,B,,,,,,,,,,,,,,,,,,,,,
957,Reprocessor,8,Y S Reclamation Ltd,Plastic,Woolston,Hampshire,WA1 4RW,53.40864,-2.53406,Reprocessor,B,,,,,,,,,,,,,,,,,,,,,
957,Reprocessor,8,Y S Reclamation Ltd,Plastic,Woolston,Hampshire,WA1 4RW,53.40864,-2.53406,Reprocessor,B,,,,,,,,,,,,,,,,,,,,,
957,Reprocessor,8,Y S Reclamation Ltd,Plastic,Woolston,Hampshire,WA1 4RW,53.40864,-2.53406,Reprocessor,B,,,,,,,,,,,,,,,,,,,,,
957,Reprocessor,8,Y S Reclamation Ltd,Plastic,Woolston,Hampshire,WA1 4RW,53.40864,-2.53406,Reprocessor,B,,,,,,,,,,,,,,,,,,,,,
958,Reprocessor,8,Arden Wood Shavings Limited,Timber,Solihull,West Midlands,B92 0LP,52.40863,-1.66804,Reprocessor,B,,,,,,,,,,,,,,,,,,,,,
958,Reprocessor,8,Arden Wood Shavings Limited,Timber,Solihull,West Midlands,B92 0LP,52.40863,-1.66804,Reprocessor,B,,,,,,,,,,,,,,,,,,,,,
958,Reprocessor,8,Arden Wood Shavings Limited,Timber,Solihull,West Midlands,B92 0LP,52.40863,-1.66804,Reprocessor,B,,,,,,,,,,,,,,,,,,,,,
958,Reprocessor,8,Arden Wood Shavings Limited,Timber,Solihull,West Midlands,B92 0LP,52.40863,-1.66804,Reprocessor,B,,,,,,,,,,,,,,,,,,,,,
958,Reprocessor,8,Arden Wood Shavings Limited,Timber,Solihull,West Midlands,B92 0LP,52.40863,-1.66804,Reprocessor,B,,,,,,,,,,,,,,,,,,,,,
958,Reprocessor,8,Arden Wood Shavings Limited,Timber,Solihull,West Midlands,B92 0LP,52.40863,-1.66804,Reprocessor,B,,,,,,,,,,,,,,,,,,,,,
959,Reprocessor,8,Boden & Davies Ltd,Timber,Astley,Greater Manchester,M29 7JZ,53.48707,-2.45148,Reprocessor,B,,,,,,,,,,,,,,,,,,,,,
959,Reprocessor,8,Boden & Davies Ltd,Timber,Astley,Greater Manchester,M29 7JZ,53.48707,-2.45148,Reprocessor,B,,,,,,,,,,,,,,,,,,,,,
959,Reprocessor,8,Boden & Davies Ltd,Timber,Astley,Greater Manchester,M29 7JZ,53.48707,-2.45148,Reprocessor,B,,,,,,,,,,,,,,,,,,,,,
959,Reprocessor,8,Boden & Davies Ltd,Timber,Astley,Greater Manchester,M29 7JZ,53.48707,-2.45148,Reprocessor,B,,,,,,,,,,,,,,,,,,,,,
959,Reprocessor,8,Boden & Davies Ltd,Timber,Astley,Greater Manchester,M29 7JZ,53.48707,-2.45148,Reprocessor,B,,,,,,,,,,,,,,,,,,,,,
959,Reprocessor,8,Boden & Davies Ltd,Timber,Astley,Greater Manchester,M29 7JZ,53.48707,-2.45148,Reprocessor,B,,,,,,,,,,,,,,,,,,,,,
960,Reprocessor,8,Brier Hills Recycling Ltd,Timber,Doncaster,South Yorkshire,DN7 6HA,53.57893,-0.92984,Reprocessor,B,,,,,,,,,,,,,,,,,,,,,
960,Reprocessor,8,Brier Hills Recycling Ltd,Timber,Doncaster,South Yorkshire,DN7 6HA,53.57893,-0.92984,Reprocessor,B,,,,,,,,,,,,,,,,,,,,,
960,Reprocessor,8,Brier Hills Recycling Ltd,Timber,Doncaster,South Yorkshire,DN7 6HA,53.57893,-0.92984,Reprocessor,B,,,,,,,,,,,,,,,,,,,,,
960,Reprocessor,8,Brier Hills Recycling Ltd,Timber,Doncaster,South Yorkshire,DN7 6HA,53.57893,-0.92984,Reprocessor,B,,,,,,,,,,,,,,,,,,,,,
960,Reprocessor,8,Brier Hills Recycling Ltd,Timber,Doncaster,South Yorkshire,DN7 6HA,53.57893,-0.92984,Reprocessor,B,,,,,,,,,,,,,,,,,,,,,
960,Reprocessor,8,Brier Hills Recycling Ltd,Timber,Doncaster,South Yorkshire,DN7 6HA,53.57893,-0.92984,Reprocessor,B,,,,,,,,,,,,,,,,,,,,,
961,Reprocessor,8,Egger (UK) Limited,Timber,Hexham,Northumberland,NE46 4JS,54.97677,-2.08488,Reprocessor,B,,,,,,,,,,,,,,,,,,,,,
961,Reprocessor,8,Egger (UK) Limited,Timber,Hexham,Northumberland,NE46 4JS,54.97677,-2.08488,Reprocessor,B,,,,,,,,,,,,,,,,,,,,,
961,Reprocessor,8,Egger (UK) Limited,Timber,Hexham,Northumberland,NE46 4JS,54.97677,-2.08488,Reprocessor,B,,,,,,,,,,,,,,,,,,,,,
961,Reprocessor,8,Egger (UK) Limited,Timber,Hexham,Northumberland,NE46 4JS,54.97677,-2.08488,Reprocessor,B,,,,,,,,,,,,,,,,,,,,,
961,Reprocessor,8,Egger (UK) Limited,Timber,Hexham,Northumberland,NE46 4JS,54.97677,-2.08488,Reprocessor,B,,,,,,,,,,,,,,,,,,,,,
961,Reprocessor,8,Egger (UK) Limited,Timber,Hexham,Northumberland,NE46 4JS,54.97677,-2.08488,Reprocessor,B,,,,,,,,,,,,,,,,,,,,,
962,Reprocessor,8,Giffords Recycling Ltd,Timber,West Bromwich,West Midlands,B70 7JR,52.50741,-1.99742,Reprocessor,B,,,,,,,,,,,,,,,,,,,,,
962,Reprocessor,8,Giffords Recycling Ltd,Timber,West Bromwich,West Midlands,B70 7JR,52.50741,-1.99742,Reprocessor,B,,,,,,,,,,,,,,,,,,,,,
962,Reprocessor,8,Giffords Recycling Ltd,Timber,West Bromwich,West Midlands,B70 7JR,52.50741,-1.99742,Reprocessor,B,,,,,,,,,,,,,,,,,,,,,
962,Reprocessor,8,Giffords Recycling Ltd,Timber,West Bromwich,West Midlands,B70 7JR,52.50741,-1.99742,Reprocessor,B,,,,,,,,,,,,,,,,,,,,,
962,Reprocessor,8,Giffords Recycling Ltd,Timber,West Bromwich,West Midlands,B70 7JR,52.50741,-1.99742,Reprocessor,B,,,,,,,,,,,,,,,,,,,,,
962,Reprocessor,8,Giffords Recycling Ltd,Timber,West Bromwich,West Midlands,B70 7JR,52.50741,-1.99742,Reprocessor,B,,,,,,,,,,,,,,,,,,,,,
963,Reprocessor,8,Hadfield Wood Recyclers Ltd,Timber,Manchester,Greater Manchester,M43 7LB,53.49094,-2.13739,Reprocessor,B,,,,,,,,,,,,,,,,,,,,,
963,Reprocessor,8,Hadfield Wood Recyclers Ltd,Timber,Manchester,Greater Manchester,M43 7LB,53.49094,-2.13739,Reprocessor,B,,,,,,,,,,,,,,,,,,,,,
963,Reprocessor,8,Hadfield Wood Recyclers Ltd,Timber,Manchester,Greater Manchester,M43 7LB,53.49094,-2.13739,Reprocessor,B,,,,,,,,,,,,,,,,,,,,,
963,Reprocessor,8,Hadfield Wood Recyclers Ltd,Timber,Manchester,Greater Manchester,M43 7LB,53.49094,-2.13739,Reprocessor,B,,,,,,,,,,,,,,,,,,,,,
963,Reprocessor,8,Hadfield Wood Recyclers Ltd,Timber,Manchester,Greater Manchester,M43 7LB,53.49094,-2.13739,Reprocessor,B,,,,,,,,,,,,,,,,,,,,,
963,Reprocessor,8,Hadfield Wood Recyclers Ltd,Timber,Manchester,Greater Manchester,M43 7LB,53.49094,-2.13739,Reprocessor,B,,,,,,,,,,,,,,,,,,,,,
964,Reprocessor,8,Mendip Woodshavings Ltd,Timber,Bristol,Avon,BS40 7XS,51.2992,-2.7238,Reprocessor,B,,,,,,,,,,,,,,,,,,,,,
964,Reprocessor,8,Mendip Woodshavings Ltd,Timber,Bristol,Avon,BS40 7XS,51.2992,-2.7238,Reprocessor,B,,,,,,,,,,,,,,,,,,,,,
964,Reprocessor,8,Mendip Woodshavings Ltd,Timber,Bristol,Avon,BS40 7XS,51.2992,-2.7238,Reprocessor,B,,,,,,,,,,,,,,,,,,,,,
964,Reprocessor,8,Mendip Woodshavings Ltd,Timber,Bristol,Avon,BS40 7XS,51.2992,-2.7238,Reprocessor,B,,,,,,,,,,,,,,,,,,,,,
964,Reprocessor,8,Mendip Woodshavings Ltd,Timber,Bristol,Avon,BS40 7XS,51.2992,-2.7238,Reprocessor,B,,,,,,,,,,,,,,,,,,,,,
964,Reprocessor,8,Mendip Woodshavings Ltd,Timber,Bristol,Avon,BS40 7XS,51.2992,-2.7238,Reprocessor,B,,,,,,,,,,,,,,,,,,,,,
965,Reprocessor,8,Norbord Europe Ltd,Timber,South Molton,Devon,EX36 4HP,51.01773,-3.85623,Reprocessor,B,,,,,,,,,,,,,,,,,,,,,
965,Reprocessor,8,Norbord Europe Ltd,Timber,South Molton,Devon,EX36 4HP,51.01773,-3.85623,Reprocessor,B,,,,,,,,,,,,,,,,,,,,,
965,Reprocessor,8,Norbord Europe Ltd,Timber,South Molton,Devon,EX36 4HP,51.01773,-3.85623,Reprocessor,B,,,,,,,,,,,,,,,,,,,,,
965,Reprocessor,8,Norbord Europe Ltd,Timber,South Molton,Devon,EX36 4HP,51.01773,-3.85623,Reprocessor,B,,,,,,,,,,,,,,,,,,,,,
965,Reprocessor,8,Norbord Europe Ltd,Timber,South Molton,Devon,EX36 4HP,51.01773,-3.85623,Reprocessor,B,,,,,,,,,,,,,,,,,,,,,
965,Reprocessor,8,Norbord Europe Ltd,Timber,South Molton,Devon,EX36 4HP,51.01773,-3.85623,Reprocessor,B,,,,,,,,,,,,,,,,,,,,,
966,Reprocessor,8,Wood Waste Recycling Ltd,Timber,Garretts Green,West Midlands,B33 0SS,52.47219,-1.77307,Reprocessor,B,,,,,,,,,,,,,,,,,,,,,
966,Reprocessor,8,Wood Waste Recycling Ltd,Timber,Garretts Green,West Midlands,B33 0SS,52.47219,-1.77307,Reprocessor,B,,,,,,,,,,,,,,,,,,,,,
966,Reprocessor,8,Wood Waste Recycling Ltd,Timber,Garretts Green,West Midlands,B33 0SS,52.47219,-1.77307,Reprocessor,B,,,,,,,,,,,,,,,,,,,,,
966,Reprocessor,8,Wood Waste Recycling Ltd,Timber,Garretts Green,West Midlands,B33 0SS,52.47219,-1.77307,Reprocessor,B,,,,,,,,,,,,,,,,,,,,,
966,Reprocessor,8,Wood Waste Recycling Ltd,Timber,Garretts Green,West Midlands,B33 0SS,52.47219,-1.77307,Reprocessor,B,,,,,,,,,,,,,,,,,,,,,
966,Reprocessor,8,Wood Waste Recycling Ltd,Timber,Garretts Green,West Midlands,B33 0SS,52.47219,-1.77307,Reprocessor,B,,,,,,,,,,,,,,,,,,,,,
967,EFW,6,FCC Environment (Lincolnshire) Ltd,EFW,NORTH HYKEHAM,Lincolnshire,LN6 3QW,53.20006,-0.60701,EFW,D,,,,,,,,,,,,,,,,,,,,,
967,EFW,6,FCC Environment (Lincolnshire) Ltd,EFW,NORTH HYKEHAM,Lincolnshire,LN6 3QW,53.20006,-0.60701,EFW,D,,,,,,,,,,,,,,,,,,,,,
968,EFW,6,Lakeside Energy From Waste Ltd,EFW,Colnbrook,Berkshire,SL3 0FE,51.48576,-0.50561,EFW,D,,,,,,,,,,,,,,,,,,,,,
968,EFW,6,Lakeside Energy From Waste Ltd,EFW,Colnbrook,Berkshire,SL3 0FE,51.48576,-0.50561,EFW,D,,,,,,,,,,,,,,,,,,,,,
969,EFW,6,South East London Combined Heat and Power Ltd,EFW,London,London,SE14 5RS,51.48456,-0.04483,EFW,D,,,,,,,,,,,,,,,,,,,,,
969,EFW,6,South East London Combined Heat and Power Ltd,EFW,London,London,SE14 5RS,51.48456,-0.04483,EFW,D,,,,,,,,,,,,,,,,,,,,,
970,EFW,6,SUEZ Recycling and Recovery Kirklees Ltd,EFW,Huddersfield,West Yorkshire,HD1 6NT,53.65677,-1.77533,EFW,D,,,,,,,,,,,,,,,,,,,,,
970,EFW,6,SUEZ Recycling and Recovery Kirklees Ltd,EFW,Huddersfield,West Yorkshire,HD1 6NT,53.65677,-1.77533,EFW,D,,,,,,,,,,,,,,,,,,,,,
971,EFW,6,SUEZ Recycling and Recovery Suffolk Ltd,EFW,Great Blakenham,Suffolk,IP6 0JE,52.10474,1.09933,EFW,D,,,,,,,,,,,,,,,,,,,,,
971,EFW,6,SUEZ Recycling and Recovery Suffolk Ltd,EFW,Great Blakenham,Suffolk,IP6 0JE,52.10474,1.09933,EFW,D,,,,,,,,,,,,,,,,,,,,,
972,EFW,6,SUEZ Recycling and Recovery Tees Valley Ltd,EFW,Billingham,Teesside,TS23 1PY,54.59084,-1.26175,EFW,D,,,,,,,,,,,,,,,,,,,,,
972,EFW,6,SUEZ Recycling and Recovery Tees Valley Ltd,EFW,Billingham,Teesside,TS23 1PY,54.59084,-1.26175,EFW,D,,,,,,,,,,,,,,,,,,,,,
973,EFW,6,Veolia ES Birmingham Ltd,EFW,Birmingham,West Midlands,B11 2BA,52.45956,-1.84007,EFW,D,,,,,,,,,,,,,,,,,,,,,
973,EFW,6,Veolia ES Birmingham Ltd,EFW,Birmingham,West Midlands,B11 2BA,52.45956,-1.84007,EFW,D,,,,,,,,,,,,,,,,,,,,,
974,EFW,6,VEOLIA ES SHEFFIELD LIMITED,EFW,Sheffield,South Yorkshire,S4 7YX,53.38681,-1.45083,EFW,D,,,,,,,,,,,,,,,,,,,,,
974,EFW,6,VEOLIA ES SHEFFIELD LIMITED,EFW,Sheffield,South Yorkshire,S4 7YX,53.38681,-1.45083,EFW,D,,,,,,,,,,,,,,,,,,,,,
975,EFW,6,Viridor Peterborough Ltd,EFW,Peterborough,Cambridgeshire,PE1 5UR,52.57562,-0.20509,EFW,D,,,,,,,,,,,,,,,,,,,,,
975,EFW,6,Viridor Peterborough Ltd,EFW,Peterborough,Cambridgeshire,PE1 5UR,52.57562,-0.20509,EFW,D,,,,,,,,,,,,,,,,,,,,,
976,EFW,6,Viridor Waste Management Ltd (Ardley),EFW,ARDLEY,Oxfordshire,OX27 7PH,51.93333,-1.21596,EFW,D,,,,,,,,,,,,,,,,,,,,,
976,EFW,6,Viridor Waste Management Ltd (Ardley),EFW,ARDLEY,Oxfordshire,OX27 7PH,51.93333,-1.21596,EFW,D,,,,,,,,,,,,,,,,,,,,,
977,EFW,6,SUEZ,EFW,Middlesborough,Teesside,TS6 8DN,54.56634,-1.12841,EFW,D,,,,,,,,,,,,,,,,,,,,,
977,EFW,6,SUEZ,EFW,Middlesborough,Teesside,TS6 8DN,54.56634,-1.12841,EFW,D,,,,,,,,,,,,,,,,,,,,,
978,EFW,6,SUEZ,EFW,Brsitol,Avon,BS10 7SP,51.52901,-2.6534,EFW,D,,,,,,,,,,,,,,,,,,,,,
978,EFW,6,SUEZ,EFW,Brsitol,Avon,BS10 7SP,51.52901,-2.6534,EFW,D,,,,,,,,,,,,,,,,,,,,,
979,EFW,6,SUEZ,EFW,St Austell,Cornwall,PL26 8DY,50.37765,-4.89137,EFW,D,,,,,,,,,,,,,,,,,,,,,
979,EFW,6,SUEZ,EFW,St Austell,Cornwall,PL26 8DY,50.37765,-4.89137,EFW,D,,,,,,,,,,,,,,,,,,,,,
980,MRF,5,Closed Loop London Ltd,MRF,Dagenham,Essex,RM9 6LF,51.52118,0.13691,MRF,C,,,,,,,,,,,,,,,,,,,,,
980,MRF,5,Closed Loop London Ltd,MRF,Dagenham,Essex,RM9 6LF,51.52118,0.13691,MRF,C,,,,,,,,,,,,,,,,,,,,,
980,MRF,5,Closed Loop London Ltd,MRF,Dagenham,Essex,RM9 6LF,51.52118,0.13691,MRF,C,,,,,,,,,,,,,,,,,,,,,
980,MRF,5,Closed Loop London Ltd,MRF,Dagenham,Essex,RM9 6LF,51.52118,0.13691,MRF,C,,,,,,,,,,,,,,,,,,,,,
980,MRF,5,Closed Loop London Ltd,MRF,Dagenham,Essex,RM9 6LF,51.52118,0.13691,MRF,C,,,,,,,,,,,,,,,,,,,,,
980,MRF,5,Closed Loop London Ltd,MRF,Dagenham,Essex,RM9 6LF,51.52118,0.13691,MRF,C,,,,,,,,,,,,,,,,,,,,,
980,MRF,5,Closed Loop London Ltd,MRF,Dagenham,Essex,RM9 6LF,51.52118,0.13691,MRF,C,,,,,,,,,,,,,,,,,,,,,
981,MRF,5,G O’ Brien & Sons (Nationwide Demolition Contractors) Ltd,MRF,Durham,County Durham,DH6 2QA,54.75036,-1.3865,MRF,C,,,,,,,,,,,,,,,,,,,,,
981,MRF,5,G O’ Brien & Sons (Nationwide Demolition Contractors) Ltd,MRF,Durham,County Durham,DH6 2QA,54.75036,-1.3865,MRF,C,,,,,,,,,,,,,,,,,,,,,
981,MRF,5,G O’ Brien & Sons (Nationwide Demolition Contractors) Ltd,MRF,Durham,County Durham,DH6 2QA,54.75036,-1.3865,MRF,C,,,,,,,,,,,,,,,,,,,,,
981,MRF,5,G O’ Brien & Sons (Nationwide Demolition Contractors) Ltd,MRF,Durham,County Durham,DH6 2QA,54.75036,-1.3865,MRF,C,,,,,,,,,,,,,,,,,,,,,
981,MRF,5,G O’ Brien & Sons (Nationwide Demolition Contractors) Ltd,MRF,Durham,County Durham,DH6 2QA,54.75036,-1.3865,MRF,C,,,,,,,,,,,,,,,,,,,,,
981,MRF,5,G O’ Brien & Sons (Nationwide Demolition Contractors) Ltd,MRF,Durham,County Durham,DH6 2QA,54.75036,-1.3865,MRF,C,,,,,,,,,,,,,,,,,,,,,
981,MRF,5,G O’ Brien & Sons (Nationwide Demolition Contractors) Ltd,MRF,Durham,County Durham,DH6 2QA,54.75036,-1.3865,MRF,C,,,,,,,,,,,,,,,,,,,,,
982,MRF,5,Biffa Waste Services Ltd,MRF,Irlam,Greater Manchester,M44 5AY,53.43078,-2.43113,MRF,C,,,,,,,,,,,,,,,,,,,,,
982,MRF,5,Biffa Waste Services Ltd,MRF,Irlam,Greater Manchester,M44 5AY,53.43078,-2.43113,MRF,C,,,,,,,,,,,,,,,,,,,,,
982,MRF,5,Biffa Waste Services Ltd,MRF,Irlam,Greater Manchester,M44 5AY,53.43078,-2.43113,MRF,C,,,,,,,,,,,,,,,,,,,,,
982,MRF,5,Biffa Waste Services Ltd,MRF,Irlam,Greater Manchester,M44 5AY,53.43078,-2.43113,MRF,C,,,,,,,,,,,,,,,,,,,,,
982,MRF,5,Biffa Waste Services Ltd,MRF,Irlam,Greater Manchester,M44 5AY,53.43078,-2.43113,MRF,C,,,,,,,,,,,,,,,,,,,,,
982,MRF,5,Biffa Waste Services Ltd,MRF,Irlam,Greater Manchester,M44 5AY,53.43078,-2.43113,MRF,C,,,,,,,,,,,,,,,,,,,,,
982,MRF,5,Biffa Waste Services Ltd,MRF,Irlam,Greater Manchester,M44 5AY,53.43078,-2.43113,MRF,C,,,,,,,,,,,,,,,,,,,,,
983,MRF,5,Environmental Waste Controls Plc,MRF,Prescot,Lancashire,L34 9JA,53.46108,-2.85639,MRF,C,,,,,,,,,,,,,,,,,,,,,
983,MRF,5,Environmental Waste Controls Plc,MRF,Prescot,Lancashire,L34 9JA,53.46108,-2.85639,MRF,C,,,,,,,,,,,,,,,,,,,,,
983,MRF,5,Environmental Waste Controls Plc,MRF,Prescot,Lancashire,L34 9JA,53.46108,-2.85639,MRF,C,,,,,,,,,,,,,,,,,,,,,
983,MRF,5,Environmental Waste Controls Plc,MRF,Prescot,Lancashire,L34 9JA,53.46108,-2.85639,MRF,C,,,,,,,,,,,,,,,,,,,,,
983,MRF,5,Environmental Waste Controls Plc,MRF,Prescot,Lancashire,L34 9JA,53.46108,-2.85639,MRF,C,,,,,,,,,,,,,,,,,,,,,
983,MRF,5,Environmental Waste Controls Plc,MRF,Prescot,Lancashire,L34 9JA,53.46108,-2.85639,MRF,C,,,,,,,,,,,,,,,,,,,,,
983,MRF,5,Environmental Waste Controls Plc,MRF,Prescot,Lancashire,L34 9JA,53.46108,-2.85639,MRF,C,,,,,,,,,,,,,,,,,,,,,
984,MRF,5,Wm M Briers & Son (Tamworth) Ltd,MRF,Tamworth,West Midlands,B77 4DP,52.62486,-1.65367,MRF,C,,,,,,,,,,,,,,,,,,,,,
984,MRF,5,Wm M Briers & Son (Tamworth) Ltd,MRF,Tamworth,West Midlands,B77 4DP,52.62486,-1.65367,MRF,C,,,,,,,,,,,,,,,,,,,,,
984,MRF,5,Wm M Briers & Son (Tamworth) Ltd,MRF,Tamworth,West Midlands,B77 4DP,52.62486,-1.65367,MRF,C,,,,,,,,,,,,,,,,,,,,,
984,MRF,5,Wm M Briers & Son (Tamworth) Ltd,MRF,Tamworth,West Midlands,B77 4DP,52.62486,-1.65367,MRF,C,,,,,,,,,,,,,,,,,,,,,
984,MRF,5,Wm M Briers & Son (Tamworth) Ltd,MRF,Tamworth,West Midlands,B77 4DP,52.62486,-1.65367,MRF,C,,,,,,,,,,,,,,,,,,,,,
984,MRF,5,Wm M Briers & Son (Tamworth) Ltd,MRF,Tamworth,West Midlands,B77 4DP,52.62486,-1.65367,MRF,C,,,,,,,,,,,,,,,,,,,,,
984,MRF,5,Wm M Briers & Son (Tamworth) Ltd,MRF,Tamworth,West Midlands,B77 4DP,52.62486,-1.65367,MRF,C,,,,,,,,,,,,,,,,,,,,,
985,MRF,5,Hali Recycling Ltd,MRF,Totnes,Devon,TQ9 7QQ,50.3191,-3.76455,MRF,C,,,,,,,,,,,,,,,,,,,,,
985,MRF,5,Hali Recycling Ltd,MRF,Totnes,Devon,TQ9 7QQ,50.3191,-3.76455,MRF,C,,,,,,,,,,,,,,,,,,,,,
985,MRF,5,Hali Recycling Ltd,MRF,Totnes,Devon,TQ9 7QQ,50.3191,-3.76455,MRF,C,,,,,,,,,,,,,,,,,,,,,
985,MRF,5,Hali Recycling Ltd,MRF,Totnes,Devon,TQ9 7QQ,50.3191,-3.76455,MRF,C,,,,,,,,,,,,,,,,,,,,,
985,MRF,5,Hali Recycling Ltd,MRF,Totnes,Devon,TQ9 7QQ,50.3191,-3.76455,MRF,C,,,,,,,,,,,,,,,,,,,,,
985,MRF,5,Hali Recycling Ltd,MRF,Totnes,Devon,TQ9 7QQ,50.3191,-3.76455,MRF,C,,,,,,,,,,,,,,,,,,,,,
985,MRF,5,Hali Recycling Ltd,MRF,Totnes,Devon,TQ9 7QQ,50.3191,-3.76455,MRF,C,,,,,,,,,,,,,,,,,,,,,
986,MRF,5,O C S Group U K Limited,MRF,Birmingham,West Midlands,B40 1NT,52.45195,-1.71962,MRF,C,,,,,,,,,,,,,,,,,,,,,
986,MRF,5,O C S Group U K Limited,MRF,Birmingham,West Midlands,B40 1NT,52.45195,-1.71962,MRF,C,,,,,,,,,,,,,,,,,,,,,
986,MRF,5,O C S Group U K Limited,MRF,Birmingham,West Midlands,B40 1NT,52.45195,-1.71962,MRF,C,,,,,,,,,,,,,,,,,,,,,
986,MRF,5,O C S Group U K Limited,MRF,Birmingham,West Midlands,B40 1NT,52.45195,-1.71962,MRF,C,,,,,,,,,,,,,,,,,,,,,
986,MRF,5,O C S Group U K Limited,MRF,Birmingham,West Midlands,B40 1NT,52.45195,-1.71962,MRF,C,,,,,,,,,,,,,,,,,,,,,
986,MRF,5,O C S Group U K Limited,MRF,Birmingham,West Midlands,B40 1NT,52.45195,-1.71962,MRF,C,,,,,,,,,,,,,,,,,,,,,
986,MRF,5,O C S Group U K Limited,MRF,Birmingham,West Midlands,B40 1NT,52.45195,-1.71962,MRF,C,,,,,,,,,,,,,,,,,,,,,
987,MRF,5,P D Port Services Ltd,MRF,Scunthorpe,South Yorkshire,DN16 1DQ,53.58159,-0.62975,MRF,C,,,,,,,,,,,,,,,,,,,,,
987,MRF,5,P D Port Services Ltd,MRF,Scunthorpe,South Yorkshire,DN16 1DQ,53.58159,-0.62975,MRF,C,,,,,,,,,,,,,,,,,,,,,
987,MRF,5,P D Port Services Ltd,MRF,Scunthorpe,South Yorkshire,DN16 1DQ,53.58159,-0.62975,MRF,C,,,,,,,,,,,,,,,,,,,,,
987,MRF,5,P D Port Services Ltd,MRF,Scunthorpe,South Yorkshire,DN16 1DQ,53.58159,-0.62975,MRF,C,,,,,,,,,,,,,,,,,,,,,
987,MRF,5,P D Port Services Ltd,MRF,Scunthorpe,South Yorkshire,DN16 1DQ,53.58159,-0.62975,MRF,C,,,,,,,,,,,,,,,,,,,,,
987,MRF,5,P D Port Services Ltd,MRF,Scunthorpe,South Yorkshire,DN16 1DQ,53.58159,-0.62975,MRF,C,,,,,,,,,,,,,,,,,,,,,
987,MRF,5,P D Port Services Ltd,MRF,Scunthorpe,South Yorkshire,DN16 1DQ,53.58159,-0.62975,MRF,C,,,,,,,,,,,,,,,,,,,,,
988,MRF,5,P D Port Services Ltd,MRF,Liverpool,Merseyside,L33 4XZ,53.49891,-2.86972,MRF,C,,,,,,,,,,,,,,,,,,,,,
988,MRF,5,P D Port Services Ltd,MRF,Liverpool,Merseyside,L33 4XZ,53.49891,-2.86972,MRF,C,,,,,,,,,,,,,,,,,,,,,
988,MRF,5,P D Port Services Ltd,MRF,Liverpool,Merseyside,L33 4XZ,53.49891,-2.86972,MRF,C,,,,,,,,,,,,,,,,,,,,,
988,MRF,5,P D Port Services Ltd,MRF,Liverpool,Merseyside,L33 4XZ,53.49891,-2.86972,MRF,C,,,,,,,,,,,,,,,,,,,,,
988,MRF,5,P D Port Services Ltd,MRF,Liverpool,Merseyside,L33 4XZ,53.49891,-2.86972,MRF,C,,,,,,,,,,,,,,,,,,,,,
988,MRF,5,P D Port Services Ltd,MRF,Liverpool,Merseyside,L33 4XZ,53.49891,-2.86972,MRF,C,,,,,,,,,,,,,,,,,,,,,
988,MRF,5,P D Port Services Ltd,MRF,Liverpool,Merseyside,L33 4XZ,53.49891,-2.86972,MRF,C,,,,,,,,,,,,,,,,,,,,,
989,MRF,5,SBP Ltd,MRF,Telford,Shropshire,TF3 3BN,52.67423,-2.42224,MRF,C,,,,,,,,,,,,,,,,,,,,,
989,MRF,5,SBP Ltd,MRF,Telford,Shropshire,TF3 3BN,52.67423,-2.42224,MRF,C,,,,,,,,,,,,,,,,,,,,,
989,MRF,5,SBP Ltd,MRF,Telford,Shropshire,TF3 3BN,52.67423,-2.42224,MRF,C,,,,,,,,,,,,,,,,,,,,,
989,MRF,5,SBP Ltd,MRF,Telford,Shropshire,TF3 3BN,52.67423,-2.42224,MRF,C,,,,,,,,,,,,,,,,,,,,,
989,MRF,5,SBP Ltd,MRF,Telford,Shropshire,TF3 3BN,52.67423,-2.42224,MRF,C,,,,,,,,,,,,,,,,,,,,,
989,MRF,5,SBP Ltd,MRF,Telford,Shropshire,TF3 3BN,52.67423,-2.42224,MRF,C,,,,,,,,,,,,,,,,,,,,,
989,MRF,5,SBP Ltd,MRF,Telford,Shropshire,TF3 3BN,52.67423,-2.42224,MRF,C,,,,,,,,,,,,,,,,,,,,,
990,MRF,5,Pearce Recycling Company Ltd,MRF,St Albans,Hertfordshire,AL4 0JY,51.75043,-0.27828,MRF,C,,,,,,,,,,,,,,,,,,,,,
990,MRF,5,Pearce Recycling Company Ltd,MRF,St Albans,Hertfordshire,AL4 0JY,51.75043,-0.27828,MRF,C,,,,,,,,,,,,,,,,,,,,,
990,MRF,5,Pearce Recycling Company Ltd,MRF,St Albans,Hertfordshire,AL4 0JY,51.75043,-0.27828,MRF,C,,,,,,,,,,,,,,,,,,,,,
990,MRF,5,Pearce Recycling Company Ltd,MRF,St Albans,Hertfordshire,AL4 0JY,51.75043,-0.27828,MRF,C,,,,,,,,,,,,,,,,,,,,,
990,MRF,5,Pearce Recycling Company Ltd,MRF,St Albans,Hertfordshire,AL4 0JY,51.75043,-0.27828,MRF,C,,,,,,,,,,,,,,,,,,,,,
990,MRF,5,Pearce Recycling Company Ltd,MRF,St Albans,Hertfordshire,AL4 0JY,51.75043,-0.27828,MRF,C,,,,,,,,,,,,,,,,,,,,,
990,MRF,5,Pearce Recycling Company Ltd,MRF,St Albans,Hertfordshire,AL4 0JY,51.75043,-0.27828,MRF,C,,,,,,,,,,,,,,,,,,,,,
991,MRF,5,Sita U K Ltd,MRF,Bodmin,Devon,PL31 2RJ,50.47728,-4.7006,MRF,C,,,,,,,,,,,,,,,,,,,,,
991,MRF,5,Sita U K Ltd,MRF,Bodmin,Devon,PL31 2RJ,50.47728,-4.7006,MRF,C,,,,,,,,,,,,,,,,,,,,,
991,MRF,5,Sita U K Ltd,MRF,Bodmin,Devon,PL31 2RJ,50.47728,-4.7006,MRF,C,,,,,,,,,,,,,,,,,,,,,
991,MRF,5,Sita U K Ltd,MRF,Bodmin,Devon,PL31 2RJ,50.47728,-4.7006,MRF,C,,,,,,,,,,,,,,,,,,,,,
991,MRF,5,Sita U K Ltd,MRF,Bodmin,Devon,PL31 2RJ,50.47728,-4.7006,MRF,C,,,,,,,,,,,,,,,,,,,,,
991,MRF,5,Sita U K Ltd,MRF,Bodmin,Devon,PL31 2RJ,50.47728,-4.7006,MRF,C,,,,,,,,,,,,,,,,,,,,,
991,MRF,5,Sita U K Ltd,MRF,Bodmin,Devon,PL31 2RJ,50.47728,-4.7006,MRF,C,,,,,,,,,,,,,,,,,,,,,
992,MRF,5,Sita U K Ltd,MRF,Barking,London,IG11 0DS,51.5156,0.10585,MRF,C,,,,,,,,,,,,,,,,,,,,,
992,MRF,5,Sita U K Ltd,MRF,Barking,London,IG11 0DS,51.5156,0.10585,MRF,C,,,,,,,,,,,,,,,,,,,,,
992,MRF,5,Sita U K Ltd,MRF,Barking,London,IG11 0DS,51.5156,0.10585,MRF,C,,,,,,,,,,,,,,,,,,,,,
992,MRF,5,Sita U K Ltd,MRF,Barking,London,IG11 0DS,51.5156,0.10585,MRF,C,,,,,,,,,,,,,,,,,,,,,
992,MRF,5,Sita U K Ltd,MRF,Barking,London,IG11 0DS,51.5156,0.10585,MRF,C,,,,,,,,,,,,,,,,,,,,,
992,MRF,5,Sita U K Ltd,MRF,Barking,London,IG11 0DS,51.5156,0.10585,MRF,C,,,,,,,,,,,,,,,,,,,,,
992,MRF,5,Sita U K Ltd,MRF,Barking,London,IG11 0DS,51.5156,0.10585,MRF,C,,,,,,,,,,,,,,,,,,,,,
993,MRF,5,Perrys Recycling Ltd,MRF,Yeovil,Somerset,BA22 8DL,50.99958,-2.57251,MRF,C,,,,,,,,,,,,,,,,,,,,,
993,MRF,5,Perrys Recycling Ltd,MRF,Yeovil,Somerset,BA22 8DL,50.99958,-2.57251,MRF,C,,,,,,,,,,,,,,,,,,,,,
993,MRF,5,Perrys Recycling Ltd,MRF,Yeovil,Somerset,BA22 8DL,50.99958,-2.57251,MRF,C,,,,,,,,,,,,,,,,,,,,,
993,MRF,5,Perrys Recycling Ltd,MRF,Yeovil,Somerset,BA22 8DL,50.99958,-2.57251,MRF,C,,,,,,,,,,,,,,,,,,,,,
993,MRF,5,Perrys Recycling Ltd,MRF,Yeovil,Somerset,BA22 8DL,50.99958,-2.57251,MRF,C,,,,,,,,,,,,,,,,,,,,,
993,MRF,5,Perrys Recycling Ltd,MRF,Yeovil,Somerset,BA22 8DL,50.99958,-2.57251,MRF,C,,,,,,,,,,,,,,,,,,,,,
993,MRF,5,Perrys Recycling Ltd,MRF,Yeovil,Somerset,BA22 8DL,50.99958,-2.57251,MRF,C,,,,,,,,,,,,,,,,,,,,,
994,MRF,5,Perrys Recycling Ltd,MRF,Bridgwater,Somerset,TA6 6AJ,51.11073,-2.98978,MRF,C,,,,,,,,,,,,,,,,,,,,,
994,MRF,5,Perrys Recycling Ltd,MRF,Bridgwater,Somerset,TA6 6AJ,51.11073,-2.98978,MRF,C,,,,,,,,,,,,,,,,,,,,,
994,MRF,5,Perrys Recycling Ltd,MRF,Bridgwater,Somerset,TA6 6AJ,51.11073,-2.98978,MRF,C,,,,,,,,,,,,,,,,,,,,,
994,MRF,5,Perrys Recycling Ltd,MRF,Bridgwater,Somerset,TA6 6AJ,51.11073,-2.98978,MRF,C,,,,,,,,,,,,,,,,,,,,,
994,MRF,5,Perrys Recycling Ltd,MRF,Bridgwater,Somerset,TA6 6AJ,51.11073,-2.98978,MRF,C,,,,,,,,,,,,,,,,,,,,,
994,MRF,5,Perrys Recycling Ltd,MRF,Bridgwater,Somerset,TA6 6AJ,51.11073,-2.98978,MRF,C,,,,,,,,,,,,,,,,,,,,,
994,MRF,5,Perrys Recycling Ltd,MRF,Bridgwater,Somerset,TA6 6AJ,51.11073,-2.98978,MRF,C,,,,,,,,,,,,,,,,,,,,,
995,MRF,5,Sita U K Ltd,MRF,Redruth,Cornwall,TR15 3RT,50.22568,-5.26071,MRF,C,,,,,,,,,,,,,,,,,,,,,
995,MRF,5,Sita U K Ltd,MRF,Redruth,Cornwall,TR15 3RT,50.22568,-5.26071,MRF,C,,,,,,,,,,,,,,,,,,,,,
995,MRF,5,Sita U K Ltd,MRF,Redruth,Cornwall,TR15 3RT,50.22568,-5.26071,MRF,C,,,,,,,,,,,,,,,,,,,,,
995,MRF,5,Sita U K Ltd,MRF,Redruth,Cornwall,TR15 3RT,50.22568,-5.26071,MRF,C,,,,,,,,,,,,,,,,,,,,,
995,MRF,5,Sita U K Ltd,MRF,Redruth,Cornwall,TR15 3RT,50.22568,-5.26071,MRF,C,,,,,,,,,,,,,,,,,,,,,
995,MRF,5,Sita U K Ltd,MRF,Redruth,Cornwall,TR15 3RT,50.22568,-5.26071,MRF,C,,,,,,,,,,,,,,,,,,,,,
995,MRF,5,Sita U K Ltd,MRF,Redruth,Cornwall,TR15 3RT,50.22568,-5.26071,MRF,C,,,,,,,,,,,,,,,,,,,,,
996,MRF,5,Biowise Ltd,MRF,Kingston Upon Hull,East Yorkshire,HU5 1RL,53.75996,-0.33882,MRF,C,,,,,,,,,,,,,,,,,,,,,
996,MRF,5,Biowise Ltd,MRF,Kingston Upon Hull,East Yorkshire,HU5 1RL,53.75996,-0.33882,MRF,C,,,,,,,,,,,,,,,,,,,,,
996,MRF,5,Biowise Ltd,MRF,Kingston Upon Hull,East Yorkshire,HU5 1RL,53.75996,-0.33882,MRF,C,,,,,,,,,,,,,,,,,,,,,
996,MRF,5,Biowise Ltd,MRF,Kingston Upon Hull,East Yorkshire,HU5 1RL,53.75996,-0.33882,MRF,C,,,,,,,,,,,,,,,,,,,,,
996,MRF,5,Biowise Ltd,MRF,Kingston Upon Hull,East Yorkshire,HU5 1RL,53.75996,-0.33882,MRF,C,,,,,,,,,,,,,,,,,,,,,
996,MRF,5,Biowise Ltd,MRF,Kingston Upon Hull,East Yorkshire,HU5 1RL,53.75996,-0.33882,MRF,C,,,,,,,,,,,,,,,,,,,,,
996,MRF,5,Biowise Ltd,MRF,Kingston Upon Hull,East Yorkshire,HU5 1RL,53.75996,-0.33882,MRF,C,,,,,,,,,,,,,,,,,,,,,
997,MRF,5,May Gurney Ltd,MRF,Witney,Oxfordshire,OX29 0SZ,51.79039,-1.52376,MRF,C,,,,,,,,,,,,,,,,,,,,,
997,MRF,5,May Gurney Ltd,MRF,Witney,Oxfordshire,OX29 0SZ,51.79039,-1.52376,MRF,C,,,,,,,,,,,,,,,,,,,,,
997,MRF,5,May Gurney Ltd,MRF,Witney,Oxfordshire,OX29 0SZ,51.79039,-1.52376,MRF,C,,,,,,,,,,,,,,,,,,,,,
997,MRF,5,May Gurney Ltd,MRF,Witney,Oxfordshire,OX29 0SZ,51.79039,-1.52376,MRF,C,,,,,,,,,,,,,,,,,,,,,
997,MRF,5,May Gurney Ltd,MRF,Witney,Oxfordshire,OX29 0SZ,51.79039,-1.52376,MRF,C,,,,,,,,,,,,,,,,,,,,,
997,MRF,5,May Gurney Ltd,MRF,Witney,Oxfordshire,OX29 0SZ,51.79039,-1.52376,MRF,C,,,,,,,,,,,,,,,,,,,,,
997,MRF,5,May Gurney Ltd,MRF,Witney,Oxfordshire,OX29 0SZ,51.79039,-1.52376,MRF,C,,,,,,,,,,,,,,,,,,,,,
998,MRF,5,Saica Natur U K Limited,MRF,Washington,Tyne And Wear,NE37 3HR,54.92133,-1.5146,MRF,C,,,,,,,,,,,,,,,,,,,,,
998,MRF,5,Saica Natur U K Limited,MRF,Washington,Tyne And Wear,NE37 3HR,54.92133,-1.5146,MRF,C,,,,,,,,,,,,,,,,,,,,,
998,MRF,5,Saica Natur U K Limited,MRF,Washington,Tyne And Wear,NE37 3HR,54.92133,-1.5146,MRF,C,,,,,,,,,,,,,,,,,,,,,
998,MRF,5,Saica Natur U K Limited,MRF,Washington,Tyne And Wear,NE37 3HR,54.92133,-1.5146,MRF,C,,,,,,,,,,,,,,,,,,,,,
998,MRF,5,Saica Natur U K Limited,MRF,Washington,Tyne And Wear,NE37 3HR,54.92133,-1.5146,MRF,C,,,,,,,,,,,,,,,,,,,,,
998,MRF,5,Saica Natur U K Limited,MRF,Washington,Tyne And Wear,NE37 3HR,54.92133,-1.5146,MRF,C,,,,,,,,,,,,,,,,,,,,,
998,MRF,5,Saica Natur U K Limited,MRF,Washington,Tyne And Wear,NE37 3HR,54.92133,-1.5146,MRF,C,,,,,,,,,,,,,,,,,,,,,
999,MRF,5,Wirral Metals Limited,MRF,Port Sunlight,Merseyside,CH63 7RH,53.34775,-2.99885,MRF,C,,,,,,,,,,,,,,,,,,,,,
999,MRF,5,Wirral Metals Limited,MRF,Port Sunlight,Merseyside,CH63 7RH,53.34775,-2.99885,MRF,C,,,,,,,,,,,,,,,,,,,,,
999,MRF,5,Wirral Metals Limited,MRF,Port Sunlight,Merseyside,CH63 7RH,53.34775,-2.99885,MRF,C,,,,,,,,,,,,,,,,,,,,,
999,MRF,5,Wirral Metals Limited,MRF,Port Sunlight,Merseyside,CH63 7RH,53.34775,-2.99885,MRF,C,,,,,,,,,,,,,,,,,,,,,
999,MRF,5,Wirral Metals Limited,MRF,Port Sunlight,Merseyside,CH63 7RH,53.34775,-2.99885,MRF,C,,,,,,,,,,,,,,,,,,,,,
999,MRF,5,Wirral Metals Limited,MRF,Port Sunlight,Merseyside,CH63 7RH,53.34775,-2.99885,MRF,C,,,,,,,,,,,,,,,,,,,,,
999,MRF,5,Wirral Metals Limited,MRF,Port Sunlight,Merseyside,CH63 7RH,53.34775,-2.99885,MRF,C,,,,,,,,,,,,,,,,,,,,,
1000,MRF,5,Windmill Sustainable Business Solutions Ltd,MRF,South Shields,Tyne And Wear,NE34 0NT,54.97573,-1.44508,MRF,C,,,,,,,,,,,,,,,,,,,,,
1000,MRF,5,Windmill Sustainable Business Solutions Ltd,MRF,South Shields,Tyne And Wear,NE34 0NT,54.97573,-1.44508,MRF,C,,,,,,,,,,,,,,,,,,,,,
1000,MRF,5,Windmill Sustainable Business Solutions Ltd,MRF,South Shields,Tyne And Wear,NE34 0NT,54.97573,-1.44508,MRF,C,,,,,,,,,,,,,,,,,,,,,
1000,MRF,5,Windmill Sustainable Business Solutions Ltd,MRF,South Shields,Tyne And Wear,NE34 0NT,54.97573,-1.44508,MRF,C,,,,,,,,,,,,,,,,,,,,,
1000,MRF,5,Windmill Sustainable Business Solutions Ltd,MRF,South Shields,Tyne And Wear,NE34 0NT,54.97573,-1.44508,MRF,C,,,,,,,,,,,,,,,,,,,,,
1000,MRF,5,Windmill Sustainable Business Solutions Ltd,MRF,South Shields,Tyne And Wear,NE34 0NT,54.97573,-1.44508,MRF,C,,,,,,,,,,,,,,,,,,,,,
1000,MRF,5,Windmill Sustainable Business Solutions Ltd,MRF,South Shields,Tyne And Wear,NE34 0NT,54.97573,-1.44508,MRF,C,,,,,,,,,,,,,,,,,,,,,
1001,MRF,5,Hills Waste Solutions Limited,MRF,Calne,Wiltshire,SN11 9BW,51.44844,-1.9985,MRF,C,,,,,,,,,,,,,,,,,,,,,
1001,MRF,5,Hills Waste Solutions Limited,MRF,Calne,Wiltshire,SN11 9BW,51.44844,-1.9985,MRF,C,,,,,,,,,,,,,,,,,,,,,
1001,MRF,5,Hills Waste Solutions Limited,MRF,Calne,Wiltshire,SN11 9BW,51.44844,-1.9985,MRF,C,,,,,,,,,,,,,,,,,,,,,
1001,MRF,5,Hills Waste Solutions Limited,MRF,Calne,Wiltshire,SN11 9BW,51.44844,-1.9985,MRF,C,,,,,,,,,,,,,,,,,,,,,
1001,MRF,5,Hills Waste Solutions Limited,MRF,Calne,Wiltshire,SN11 9BW,51.44844,-1.9985,MRF,C,,,,,,,,,,,,,,,,,,,,,
1001,MRF,5,Hills Waste Solutions Limited,MRF,Calne,Wiltshire,SN11 9BW,51.44844,-1.9985,MRF,C,,,,,,,,,,,,,,,,,,,,,
1001,MRF,5,Hills Waste Solutions Limited,MRF,Calne,Wiltshire,SN11 9BW,51.44844,-1.9985,MRF,C,,,,,,,,,,,,,,,,,,,,,
1002,MRF,5,Centrol Recycling Group Ltd,MRF,Widnes,Cheshire,WA8 8PT,53.36236,-2.77248,MRF,C,,,,,,,,,,,,,,,,,,,,,
1002,MRF,5,Centrol Recycling Group Ltd,MRF,Widnes,Cheshire,WA8 8PT,53.36236,-2.77248,MRF,C,,,,,,,,,,,,,,,,,,,,,
1002,MRF,5,Centrol Recycling Group Ltd,MRF,Widnes,Cheshire,WA8 8PT,53.36236,-2.77248,MRF,C,,,,,,,,,,,,,,,,,,,,,
1002,MRF,5,Centrol Recycling Group Ltd,MRF,Widnes,Cheshire,WA8 8PT,53.36236,-2.77248,MRF,C,,,,,,,,,,,,,,,,,,,,,
1002,MRF,5,Centrol Recycling Group Ltd,MRF,Widnes,Cheshire,WA8 8PT,53.36236,-2.77248,MRF,C,,,,,,,,,,,,,,,,,,,,,
1002,MRF,5,Centrol Recycling Group Ltd,MRF,Widnes,Cheshire,WA8 8PT,53.36236,-2.77248,MRF,C,,,,,,,,,,,,,,,,,,,,,
1002,MRF,5,Centrol Recycling Group Ltd,MRF,Widnes,Cheshire,WA8 8PT,53.36236,-2.77248,MRF,C,,,,,,,,,,,,,,,,,,,,,
1003,MRF,5,Sita U K Ltd,MRF,Blackburn,Lancashire,BB3 0RP,53.71166,-2.46863,MRF,C,,,,,,,,,,,,,,,,,,,,,
1003,MRF,5,Sita U K Ltd,MRF,Blackburn,Lancashire,BB3 0RP,53.71166,-2.46863,MRF,C,,,,,,,,,,,,,,,,,,,,,
1003,MRF,5,Sita U K Ltd,MRF,Blackburn,Lancashire,BB3 0RP,53.71166,-2.46863,MRF,C,,,,,,,,,,,,,,,,,,,,,
1003,MRF,5,Sita U K Ltd,MRF,Blackburn,Lancashire,BB3 0RP,53.71166,-2.46863,MRF,C,,,,,,,,,,,,,,,,,,,,,
1003,MRF,5,Sita U K Ltd,MRF,Blackburn,Lancashire,BB3 0RP,53.71166,-2.46863,MRF,C,,,,,,,,,,,,,,,,,,,,,
1003,MRF,5,Sita U K Ltd,MRF,Blackburn,Lancashire,BB3 0RP,53.71166,-2.46863,MRF,C,,,,,,,,,,,,,,,,,,,,,
1003,MRF,5,Sita U K Ltd,MRF,Blackburn,Lancashire,BB3 0RP,53.71166,-2.46863,MRF,C,,,,,,,,,,,,,,,,,,,,,
1004,MRF,5,Devon Contact Waste Ltd,MRF,Exeter,Devon,EX2 8NU,50.7091,-3.52981,MRF,C,,,,,,,,,,,,,,,,,,,,,
1004,MRF,5,Devon Contact Waste Ltd,MRF,Exeter,Devon,EX2 8NU,50.7091,-3.52981,MRF,C,,,,,,,,,,,,,,,,,,,,,
1004,MRF,5,Devon Contact Waste Ltd,MRF,Exeter,Devon,EX2 8NU,50.7091,-3.52981,MRF,C,,,,,,,,,,,,,,,,,,,,,
1004,MRF,5,Devon Contact Waste Ltd,MRF,Exeter,Devon,EX2 8NU,50.7091,-3.52981,MRF,C,,,,,,,,,,,,,,,,,,,,,
1004,MRF,5,Devon Contact Waste Ltd,MRF,Exeter,Devon,EX2 8NU,50.7091,-3.52981,MRF,C,,,,,,,,,,,,,,,,,,,,,
1004,MRF,5,Devon Contact Waste Ltd,MRF,Exeter,Devon,EX2 8NU,50.7091,-3.52981,MRF,C,,,,,,,,,,,,,,,,,,,,,
1004,MRF,5,Devon Contact Waste Ltd,MRF,Exeter,Devon,EX2 8NU,50.7091,-3.52981,MRF,C,,,,,,,,,,,,,,,,,,,,,
1005,MRF,5,B P R Group Europe Ltd,MRF,Purfleet,Thurrock,RM15 4YA,51.49692,0.22857,MRF,C,,,,,,,,,,,,,,,,,,,,,
1005,MRF,5,B P R Group Europe Ltd,MRF,Purfleet,Thurrock,RM15 4YA,51.49692,0.22857,MRF,C,,,,,,,,,,,,,,,,,,,,,
1005,MRF,5,B P R Group Europe Ltd,MRF,Purfleet,Thurrock,RM15 4YA,51.49692,0.22857,MRF,C,,,,,,,,,,,,,,,,,,,,,
1005,MRF,5,B P R Group Europe Ltd,MRF,Purfleet,Thurrock,RM15 4YA,51.49692,0.22857,MRF,C,,,,,,,,,,,,,,,,,,,,,
1005,MRF,5,B P R Group Europe Ltd,MRF,Purfleet,Thurrock,RM15 4YA,51.49692,0.22857,MRF,C,,,,,,,,,,,,,,,,,,,,,
1005,MRF,5,B P R Group Europe Ltd,MRF,Purfleet,Thurrock,RM15 4YA,51.49692,0.22857,MRF,C,,,,,,,,,,,,,,,,,,,,,
1005,MRF,5,B P R Group Europe Ltd,MRF,Purfleet,Thurrock,RM15 4YA,51.49692,0.22857,MRF,C,,,,,,,,,,,,,,,,,,,,,
1006,MRF,5,Veka Plc,MRF,Sutton Coldfield,West Midlands,B76 9BW,52.52031,-1.7534,MRF,C,,,,,,,,,,,,,,,,,,,,,
1006,MRF,5,Veka Plc,MRF,Sutton Coldfield,West Midlands,B76 9BW,52.52031,-1.7534,MRF,C,,,,,,,,,,,,,,,,,,,,,
1006,MRF,5,Veka Plc,MRF,Sutton Coldfield,West Midlands,B76 9BW,52.52031,-1.7534,MRF,C,,,,,,,,,,,,,,,,,,,,,
1006,MRF,5,Veka Plc,MRF,Sutton Coldfield,West Midlands,B76 9BW,52.52031,-1.7534,MRF,C,,,,,,,,,,,,,,,,,,,,,
1006,MRF,5,Veka Plc,MRF,Sutton Coldfield,West Midlands,B76 9BW,52.52031,-1.7534,MRF,C,,,,,,,,,,,,,,,,,,,,,
1006,MRF,5,Veka Plc,MRF,Sutton Coldfield,West Midlands,B76 9BW,52.52031,-1.7534,MRF,C,,,,,,,,,,,,,,,,,,,,,
1006,MRF,5,Veka Plc,MRF,Sutton Coldfield,West Midlands,B76 9BW,52.52031,-1.7534,MRF,C,,,,,,,,,,,,,,,,,,,,,
1007,MRF,5,Sita U K Ltd,MRF,Salterton,Devon,EX5 1EW,50.69932,-3.39089,MRF,C,,,,,,,,,,,,,,,,,,,,,
1007,MRF,5,Sita U K Ltd,MRF,Salterton,Devon,EX5 1EW,50.69932,-3.39089,MRF,C,,,,,,,,,,,,,,,,,,,,,
1007,MRF,5,Sita U K Ltd,MRF,Salterton,Devon,EX5 1EW,50.69932,-3.39089,MRF,C,,,,,,,,,,,,,,,,,,,,,
1007,MRF,5,Sita U K Ltd,MRF,Salterton,Devon,EX5 1EW,50.69932,-3.39089,MRF,C,,,,,,,,,,,,,,,,,,,,,
1007,MRF,5,Sita U K Ltd,MRF,Salterton,Devon,EX5 1EW,50.69932,-3.39089,MRF,C,,,,,,,,,,,,,,,,,,,,,
1007,MRF,5,Sita U K Ltd,MRF,Salterton,Devon,EX5 1EW,50.69932,-3.39089,MRF,C,,,,,,,,,,,,,,,,,,,,,
1007,MRF,5,Sita U K Ltd,MRF,Salterton,Devon,EX5 1EW,50.69932,-3.39089,MRF,C,,,,,,,,,,,,,,,,,,,,,
1008,MRF,5,A W S Recycling Ltd,MRF,Birmingham,West Midlands,B7 5AF,52.4963,-1.86875,MRF,C,,,,,,,,,,,,,,,,,,,,,
1008,MRF,5,A W S Recycling Ltd,MRF,Birmingham,West Midlands,B7 5AF,52.4963,-1.86875,MRF,C,,,,,,,,,,,,,,,,,,,,,
1008,MRF,5,A W S Recycling Ltd,MRF,Birmingham,West Midlands,B7 5AF,52.4963,-1.86875,MRF,C,,,,,,,,,,,,,,,,,,,,,
1008,MRF,5,A W S Recycling Ltd,MRF,Birmingham,West Midlands,B7 5AF,52.4963,-1.86875,MRF,C,,,,,,,,,,,,,,,,,,,,,
1008,MRF,5,A W S Recycling Ltd,MRF,Birmingham,West Midlands,B7 5AF,52.4963,-1.86875,MRF,C,,,,,,,,,,,,,,,,,,,,,
1008,MRF,5,A W S Recycling Ltd,MRF,Birmingham,West Midlands,B7 5AF,52.4963,-1.86875,MRF,C,,,,,,,,,,,,,,,,,,,,,
1008,MRF,5,A W S Recycling Ltd,MRF,Birmingham,West Midlands,B7 5AF,52.4963,-1.86875,MRF,C,,,,,,,,,,,,,,,,,,,,,
1009,MRF,5,Thompson Geoffrey David,MRF,Dorchester,Dorset,DT2 8BF,50.69196,-2.32779,MRF,C,,,,,,,,,,,,,,,,,,,,,
1009,MRF,5,Thompson Geoffrey David,MRF,Dorchester,Dorset,DT2 8BF,50.69196,-2.32779,MRF,C,,,,,,,,,,,,,,,,,,,,,
1009,MRF,5,Thompson Geoffrey David,MRF,Dorchester,Dorset,DT2 8BF,50.69196,-2.32779,MRF,C,,,,,,,,,,,,,,,,,,,,,
1009,MRF,5,Thompson Geoffrey David,MRF,Dorchester,Dorset,DT2 8BF,50.69196,-2.32779,MRF,C,,,,,,,,,,,,,,,,,,,,,
1009,MRF,5,Thompson Geoffrey David,MRF,Dorchester,Dorset,DT2 8BF,50.69196,-2.32779,MRF,C,,,,,,,,,,,,,,,,,,,,,
1009,MRF,5,Thompson Geoffrey David,MRF,Dorchester,Dorset,DT2 8BF,50.69196,-2.32779,MRF,C,,,,,,,,,,,,,,,,,,,,,
1009,MRF,5,Thompson Geoffrey David,MRF,Dorchester,Dorset,DT2 8BF,50.69196,-2.32779,MRF,C,,,,,,,,,,,,,,,,,,,,,
1010,MRF,5,Pulse Environmental Limited,MRF,Leyton,London,E10 7JQ,51.56814,-0.02347,MRF,C,,,,,,,,,,,,,,,,,,,,,
1010,MRF,5,Pulse Environmental Limited,MRF,Leyton,London,E10 7JQ,51.56814,-0.02347,MRF,C,,,,,,,,,,,,,,,,,,,,,
1010,MRF,5,Pulse Environmental Limited,MRF,Leyton,London,E10 7JQ,51.56814,-0.02347,MRF,C,,,,,,,,,,,,,,,,,,,,,
1010,MRF,5,Pulse Environmental Limited,MRF,Leyton,London,E10 7JQ,51.56814,-0.02347,MRF,C,,,,,,,,,,,,,,,,,,,,,
1010,MRF,5,Pulse Environmental Limited,MRF,Leyton,London,E10 7JQ,51.56814,-0.02347,MRF,C,,,,,,,,,,,,,,,,,,,,,
1010,MRF,5,Pulse Environmental Limited,MRF,Leyton,London,E10 7JQ,51.56814,-0.02347,MRF,C,,,,,,,,,,,,,,,,,,,,,
1010,MRF,5,Pulse Environmental Limited,MRF,Leyton,London,E10 7JQ,51.56814,-0.02347,MRF,C,,,,,,,,,,,,,,,,,,,,,
1011,MRF,5,Ellgia Recycling Limited,MRF,Scunthorpe,South Yorkshire,DN16 1DQ,53.58159,-0.62975,MRF,C,,,,,,,,,,,,,,,,,,,,,
1011,MRF,5,Ellgia Recycling Limited,MRF,Scunthorpe,South Yorkshire,DN16 1DQ,53.58159,-0.62975,MRF,C,,,,,,,,,,,,,,,,,,,,,
1011,MRF,5,Ellgia Recycling Limited,MRF,Scunthorpe,South Yorkshire,DN16 1DQ,53.58159,-0.62975,MRF,C,,,,,,,,,,,,,,,,,,,,,
1011,MRF,5,Ellgia Recycling Limited,MRF,Scunthorpe,South Yorkshire,DN16 1DQ,53.58159,-0.62975,MRF,C,,,,,,,,,,,,,,,,,,,,,
1011,MRF,5,Ellgia Recycling Limited,MRF,Scunthorpe,South Yorkshire,DN16 1DQ,53.58159,-0.62975,MRF,C,,,,,,,,,,,,,,,,,,,,,
1011,MRF,5,Ellgia Recycling Limited,MRF,Scunthorpe,South Yorkshire,DN16 1DQ,53.58159,-0.62975,MRF,C,,,,,,,,,,,,,,,,,,,,,
1011,MRF,5,Ellgia Recycling Limited,MRF,Scunthorpe,South Yorkshire,DN16 1DQ,53.58159,-0.62975,MRF,C,,,,,,,,,,,,,,,,,,,,,
1012,MRF,5,Amey Environmental Services,MRF,Knaresborough,North Yorkshire,HG5 0SD,54.03307,-1.37328,MRF,C,,,,,,,,,,,,,,,,,,,,,
1012,MRF,5,Amey Environmental Services,MRF,Knaresborough,North Yorkshire,HG5 0SD,54.03307,-1.37328,MRF,C,,,,,,,,,,,,,,,,,,,,,
1012,MRF,5,Amey Environmental Services,MRF,Knaresborough,North Yorkshire,HG5 0SD,54.03307,-1.37328,MRF,C,,,,,,,,,,,,,,,,,,,,,
1012,MRF,5,Amey Environmental Services,MRF,Knaresborough,North Yorkshire,HG5 0SD,54.03307,-1.37328,MRF,C,,,,,,,,,,,,,,,,,,,,,
1012,MRF,5,Amey Environmental Services,MRF,Knaresborough,North Yorkshire,HG5 0SD,54.03307,-1.37328,MRF,C,,,,,,,,,,,,,,,,,,,,,
1012,MRF,5,Amey Environmental Services,MRF,Knaresborough,North Yorkshire,HG5 0SD,54.03307,-1.37328,MRF,C,,,,,,,,,,,,,,,,,,,,,
1012,MRF,5,Amey Environmental Services,MRF,Knaresborough,North Yorkshire,HG5 0SD,54.03307,-1.37328,MRF,C,,,,,,,,,,,,,,,,,,,,,
1013,MRF,5,Bywaters,MRF,London,London,E3 3JG,51.52278,-0.00472,MRF,C,,,,,,,,,,,,,,,,,,,,,
1013,MRF,5,Bywaters,MRF,London,London,E3 3JG,51.52278,-0.00472,MRF,C,,,,,,,,,,,,,,,,,,,,,
1013,MRF,5,Bywaters,MRF,London,London,E3 3JG,51.52278,-0.00472,MRF,C,,,,,,,,,,,,,,,,,,,,,
1013,MRF,5,Bywaters,MRF,London,London,E3 3JG,51.52278,-0.00472,MRF,C,,,,,,,,,,,,,,,,,,,,,
1013,MRF,5,Bywaters,MRF,London,London,E3 3JG,51.52278,-0.00472,MRF,C,,,,,,,,,,,,,,,,,,,,,
1013,MRF,5,Bywaters,MRF,London,London,E3 3JG,51.52278,-0.00472,MRF,C,,,,,,,,,,,,,,,,,,,,,
1013,MRF,5,Bywaters,MRF,London,London,E3 3JG,51.52278,-0.00472,MRF,C,,,,,,,,,,,,,,,,,,,,,
1014,MRF,5,Grundon Waste Management Ltd,MRF,Slough,Berkshire,SL3 0EG,51.48516,-0.50549,MRF,C,,,,,,,,,,,,,,,,,,,,,
1014,MRF,5,Grundon Waste Management Ltd,MRF,Slough,Berkshire,SL3 0EG,51.48516,-0.50549,MRF,C,,,,,,,,,,,,,,,,,,,,,
1014,MRF,5,Grundon Waste Management Ltd,MRF,Slough,Berkshire,SL3 0EG,51.48516,-0.50549,MRF,C,,,,,,,,,,,,,,,,,,,,,
1014,MRF,5,Grundon Waste Management Ltd,MRF,Slough,Berkshire,SL3 0EG,51.48516,-0.50549,MRF,C,,,,,,,,,,,,,,,,,,,,,
1014,MRF,5,Grundon Waste Management Ltd,MRF,Slough,Berkshire,SL3 0EG,51.48516,-0.50549,MRF,C,,,,,,,,,,,,,,,,,,,,,
1014,MRF,5,Grundon Waste Management Ltd,MRF,Slough,Berkshire,SL3 0EG,51.48516,-0.50549,MRF,C,,,,,,,,,,,,,,,,,,,,,
1014,MRF,5,Grundon Waste Management Ltd,MRF,Slough,Berkshire,SL3 0EG,51.48516,-0.50549,MRF,C,,,,,,,,,,,,,,,,,,,,,
1015,MRF,5,Grundon Waste Management Ltd,MRF,Banbury,Oxfordshire,OX16 4RN,52.05919,-1.32442,MRF,C,,,,,,,,,,,,,,,,,,,,,
1015,MRF,5,Grundon Waste Management Ltd,MRF,Banbury,Oxfordshire,OX16 4RN,52.05919,-1.32442,MRF,C,,,,,,,,,,,,,,,,,,,,,
1015,MRF,5,Grundon Waste Management Ltd,MRF,Banbury,Oxfordshire,OX16 4RN,52.05919,-1.32442,MRF,C,,,,,,,,,,,,,,,,,,,,,
1015,MRF,5,Grundon Waste Management Ltd,MRF,Banbury,Oxfordshire,OX16 4RN,52.05919,-1.32442,MRF,C,,,,,,,,,,,,,,,,,,,,,
1015,MRF,5,Grundon Waste Management Ltd,MRF,Banbury,Oxfordshire,OX16 4RN,52.05919,-1.32442,MRF,C,,,,,,,,,,,,,,,,,,,,,
1015,MRF,5,Grundon Waste Management Ltd,MRF,Banbury,Oxfordshire,OX16 4RN,52.05919,-1.32442,MRF,C,,,,,,,,,,,,,,,,,,,,,
1015,MRF,5,Grundon Waste Management Ltd,MRF,Banbury,Oxfordshire,OX16 4RN,52.05919,-1.32442,MRF,C,,,,,,,,,,,,,,,,,,,,,
1016,MRF,5,Grundon Waste Management Ltd,MRF,Cheltenham,Gloucestershire,GL52 7DG,51.94609,-2.08326,MRF,C,,,,,,,,,,,,,,,,,,,,,
1016,MRF,5,Grundon Waste Management Ltd,MRF,Cheltenham,Gloucestershire,GL52 7DG,51.94609,-2.08326,MRF,C,,,,,,,,,,,,,,,,,,,,,
1016,MRF,5,Grundon Waste Management Ltd,MRF,Cheltenham,Gloucestershire,GL52 7DG,51.94609,-2.08326,MRF,C,,,,,,,,,,,,,,,,,,,,,
1016,MRF,5,Grundon Waste Management Ltd,MRF,Cheltenham,Gloucestershire,GL52 7DG,51.94609,-2.08326,MRF,C,,,,,,,,,,,,,,,,,,,,,
1016,MRF,5,Grundon Waste Management Ltd,MRF,Cheltenham,Gloucestershire,GL52 7DG,51.94609,-2.08326,MRF,C,,,,,,,,,,,,,,,,,,,,,
1016,MRF,5,Grundon Waste Management Ltd,MRF,Cheltenham,Gloucestershire,GL52 7DG,51.94609,-2.08326,MRF,C,,,,,,,,,,,,,,,,,,,,,
1016,MRF,5,Grundon Waste Management Ltd,MRF,Cheltenham,Gloucestershire,GL52 7DG,51.94609,-2.08326,MRF,C,,,,,,,,,,,,,,,,,,,,,
1017,MRF,5,Grundon Waste Management Ltd,MRF,Leatherhead,Surrey,KT22 0BA,51.30745,-0.35161,MRF,C,,,,,,,,,,,,,,,,,,,,,
1017,MRF,5,Grundon Waste Management Ltd,MRF,Leatherhead,Surrey,KT22 0BA,51.30745,-0.35161,MRF,C,,,,,,,,,,,,,,,,,,,,,
1017,MRF,5,Grundon Waste Management Ltd,MRF,Leatherhead,Surrey,KT22 0BA,51.30745,-0.35161,MRF,C,,,,,,,,,,,,,,,,,,,,,
1017,MRF,5,Grundon Waste Management Ltd,MRF,Leatherhead,Surrey,KT22 0BA,51.30745,-0.35161,MRF,C,,,,,,,,,,,,,,,,,,,,,
1017,MRF,5,Grundon Waste Management Ltd,MRF,Leatherhead,Surrey,KT22 0BA,51.30745,-0.35161,MRF,C,,,,,,,,,,,,,,,,,,,,,
1017,MRF,5,Grundon Waste Management Ltd,MRF,Leatherhead,Surrey,KT22 0BA,51.30745,-0.35161,MRF,C,,,,,,,,,,,,,,,,,,,,,
1017,MRF,5,Grundon Waste Management Ltd,MRF,Leatherhead,Surrey,KT22 0BA,51.30745,-0.35161,MRF,C,,,,,,,,,,,,,,,,,,,,,
1018,MRF,5,Grundon Waste Management Ltd,MRF,Reading,Berkshire,RG10 9XY,51.50976,-0.81934,MRF,C,,,,,,,,,,,,,,,,,,,,,
1018,MRF,5,Grundon Waste Management Ltd,MRF,Reading,Berkshire,RG10 9XY,51.50976,-0.81934,MRF,C,,,,,,,,,,,,,,,,,,,,,
1018,MRF,5,Grundon Waste Management Ltd,MRF,Reading,Berkshire,RG10 9XY,51.50976,-0.81934,MRF,C,,,,,,,,,,,,,,,,,,,,,
1018,MRF,5,Grundon Waste Management Ltd,MRF,Reading,Berkshire,RG10 9XY,51.50976,-0.81934,MRF,C,,,,,,,,,,,,,,,,,,,,,
1018,MRF,5,Grundon Waste Management Ltd,MRF,Reading,Berkshire,RG10 9XY,51.50976,-0.81934,MRF,C,,,,,,,,,,,,,,,,,,,,,
1018,MRF,5,Grundon Waste Management Ltd,MRF,Reading,Berkshire,RG10 9XY,51.50976,-0.81934,MRF,C,,,,,,,,,,,,,,,,,,,,,
1018,MRF,5,Grundon Waste Management Ltd,MRF,Reading,Berkshire,RG10 9XY,51.50976,-0.81934,MRF,C,,,,,,,,,,,,,,,,,,,,,
1019,MRF,5,Grundon Waste Management Ltd,MRF,Wallingford,Oxfordshire,OX10 6LX,51.62136,-1.11316,MRF,C,,,,,,,,,,,,,,,,,,,,,
1019,MRF,5,Grundon Waste Management Ltd,MRF,Wallingford,Oxfordshire,OX10 6LX,51.62136,-1.11316,MRF,C,,,,,,,,,,,,,,,,,,,,,
1019,MRF,5,Grundon Waste Management Ltd,MRF,Wallingford,Oxfordshire,OX10 6LX,51.62136,-1.11316,MRF,C,,,,,,,,,,,,,,,,,,,,,
1019,MRF,5,Grundon Waste Management Ltd,MRF,Wallingford,Oxfordshire,OX10 6LX,51.62136,-1.11316,MRF,C,,,,,,,,,,,,,,,,,,,,,
1019,MRF,5,Grundon Waste Management Ltd,MRF,Wallingford,Oxfordshire,OX10 6LX,51.62136,-1.11316,MRF,C,,,,,,,,,,,,,,,,,,,,,
1019,MRF,5,Grundon Waste Management Ltd,MRF,Wallingford,Oxfordshire,OX10 6LX,51.62136,-1.11316,MRF,C,,,,,,,,,,,,,,,,,,,,,
1019,MRF,5,Grundon Waste Management Ltd,MRF,Wallingford,Oxfordshire,OX10 6LX,51.62136,-1.11316,MRF,C,,,,,,,,,,,,,,,,,,,,,
1020,MRF,5,Greenstar Environmental Ltd,MRF,Aldridge,West Midlands,WS9 8EA,52.60231,-1.94063,MRF,C,,,,,,,,,,,,,,,,,,,,,
1020,MRF,5,Greenstar Environmental Ltd,MRF,Aldridge,West Midlands,WS9 8EA,52.60231,-1.94063,MRF,C,,,,,,,,,,,,,,,,,,,,,
1020,MRF,5,Greenstar Environmental Ltd,MRF,Aldridge,West Midlands,WS9 8EA,52.60231,-1.94063,MRF,C,,,,,,,,,,,,,,,,,,,,,
1020,MRF,5,Greenstar Environmental Ltd,MRF,Aldridge,West Midlands,WS9 8EA,52.60231,-1.94063,MRF,C,,,,,,,,,,,,,,,,,,,,,
1020,MRF,5,Greenstar Environmental Ltd,MRF,Aldridge,West Midlands,WS9 8EA,52.60231,-1.94063,MRF,C,,,,,,,,,,,,,,,,,,,,,
1020,MRF,5,Greenstar Environmental Ltd,MRF,Aldridge,West Midlands,WS9 8EA,52.60231,-1.94063,MRF,C,,,,,,,,,,,,,,,,,,,,,
1020,MRF,5,Greenstar Environmental Ltd,MRF,Aldridge,West Midlands,WS9 8EA,52.60231,-1.94063,MRF,C,,,,,,,,,,,,,,,,,,,,,
1021,MRF,5,"Community Waste Ltd,",MRF,Milton Keynes,Buckinghamshire,MK12 5QF,52.06799,-0.81521,MRF,C,,,,,,,,,,,,,,,,,,,,,
1021,MRF,5,"Community Waste Ltd,",MRF,Milton Keynes,Buckinghamshire,MK12 5QF,52.06799,-0.81521,MRF,C,,,,,,,,,,,,,,,,,,,,,
1021,MRF,5,"Community Waste Ltd,",MRF,Milton Keynes,Buckinghamshire,MK12 5QF,52.06799,-0.81521,MRF,C,,,,,,,,,,,,,,,,,,,,,
1021,MRF,5,"Community Waste Ltd,",MRF,Milton Keynes,Buckinghamshire,MK12 5QF,52.06799,-0.81521,MRF,C,,,,,,,,,,,,,,,,,,,,,
1021,MRF,5,"Community Waste Ltd,",MRF,Milton Keynes,Buckinghamshire,MK12 5QF,52.06799,-0.81521,MRF,C,,,,,,,,,,,,,,,,,,,,,
1021,MRF,5,"Community Waste Ltd,",MRF,Milton Keynes,Buckinghamshire,MK12 5QF,52.06799,-0.81521,MRF,C,,,,,,,,,,,,,,,,,,,,,
1021,MRF,5,"Community Waste Ltd,",MRF,Milton Keynes,Buckinghamshire,MK12 5QF,52.06799,-0.81521,MRF,C,,,,,,,,,,,,,,,,,,,,,
1022,MRF,5,Re-Gen Ltd,MRF,Newry,Northern Ireland,BT35 6JQ,54.20173,-6.35035,MRF,C,,,,,,,,,,,,,,,,,,,,,
1022,MRF,5,Re-Gen Ltd,MRF,Newry,Northern Ireland,BT35 6JQ,54.20173,-6.35035,MRF,C,,,,,,,,,,,,,,,,,,,,,
1022,MRF,5,Re-Gen Ltd,MRF,Newry,Northern Ireland,BT35 6JQ,54.20173,-6.35035,MRF,C,,,,,,,,,,,,,,,,,,,,,
1022,MRF,5,Re-Gen Ltd,MRF,Newry,Northern Ireland,BT35 6JQ,54.20173,-6.35035,MRF,C,,,,,,,,,,,,,,,,,,,,,
1022,MRF,5,Re-Gen Ltd,MRF,Newry,Northern Ireland,BT35 6JQ,54.20173,-6.35035,MRF,C,,,,,,,,,,,,,,,,,,,,,
1022,MRF,5,Re-Gen Ltd,MRF,Newry,Northern Ireland,BT35 6JQ,54.20173,-6.35035,MRF,C,,,,,,,,,,,,,,,,,,,,,
1022,MRF,5,Re-Gen Ltd,MRF,Newry,Northern Ireland,BT35 6JQ,54.20173,-6.35035,MRF,C,,,,,,,,,,,,,,,,,,,,,
1023,MRF,5,Atlantic Recycling,MRF,Rumney,Monmouthshire,CF3 2EJ,51.50055,-3.09764,MRF,C,,,,,,,,,,,,,,,,,,,,,
1023,MRF,5,Atlantic Recycling,MRF,Rumney,Monmouthshire,CF3 2EJ,51.50055,-3.09764,MRF,C,,,,,,,,,,,,,,,,,,,,,
1023,MRF,5,Atlantic Recycling,MRF,Rumney,Monmouthshire,CF3 2EJ,51.50055,-3.09764,MRF,C,,,,,,,,,,,,,,,,,,,,,
1023,MRF,5,Atlantic Recycling,MRF,Rumney,Monmouthshire,CF3 2EJ,51.50055,-3.09764,MRF,C,,,,,,,,,,,,,,,,,,,,,
1023,MRF,5,Atlantic Recycling,MRF,Rumney,Monmouthshire,CF3 2EJ,51.50055,-3.09764,MRF,C,,,,,,,,,,,,,,,,,,,,,
1023,MRF,5,Atlantic Recycling,MRF,Rumney,Monmouthshire,CF3 2EJ,51.50055,-3.09764,MRF,C,,,,,,,,,,,,,,,,,,,,,
1023,MRF,5,Atlantic Recycling,MRF,Rumney,Monmouthshire,CF3 2EJ,51.50055,-3.09764,MRF,C,,,,,,,,,,,,,,,,,,,,,
1024,MRF,5,Suez,MRF,Bedlington,Tyne And Wear,NE22 7LQ,55.15625,-1.56429,MRF,C,,,,,,,,,,,,,,,,,,,,,
1024,MRF,5,Suez,MRF,Bedlington,Tyne And Wear,NE22 7LQ,55.15625,-1.56429,MRF,C,,,,,,,,,,,,,,,,,,,,,
1024,MRF,5,Suez,MRF,Bedlington,Tyne And Wear,NE22 7LQ,55.15625,-1.56429,MRF,C,,,,,,,,,,,,,,,,,,,,,
1024,MRF,5,Suez,MRF,Bedlington,Tyne And Wear,NE22 7LQ,55.15625,-1.56429,MRF,C,,,,,,,,,,,,,,,,,,,,,
1024,MRF,5,Suez,MRF,Bedlington,Tyne And Wear,NE22 7LQ,55.15625,-1.56429,MRF,C,,,,,,,,,,,,,,,,,,,,,
1024,MRF,5,Suez,MRF,Bedlington,Tyne And Wear,NE22 7LQ,55.15625,-1.56429,MRF,C,,,,,,,,,,,,,,,,,,,,,
1024,MRF,5,Suez,MRF,Bedlington,Tyne And Wear,NE22 7LQ,55.15625,-1.56429,MRF,C,,,,,,,,,,,,,,,,,,,,,
1025,MRF,5,Suez,MRF,Huddersfield,West Yorkshire,HD1 6NT,53.65677,-1.77533,MRF,C,,,,,,,,,,,,,,,,,,,,,
1025,MRF,5,Suez,MRF,Huddersfield,West Yorkshire,HD1 6NT,53.65677,-1.77533,MRF,C,,,,,,,,,,,,,,,,,,,,,
1025,MRF,5,Suez,MRF,Huddersfield,West Yorkshire,HD1 6NT,53.65677,-1.77533,MRF,C,,,,,,,,,,,,,,,,,,,,,
1025,MRF,5,Suez,MRF,Huddersfield,West Yorkshire,HD1 6NT,53.65677,-1.77533,MRF,C,,,,,,,,,,,,,,,,,,,,,
1025,MRF,5,Suez,MRF,Huddersfield,West Yorkshire,HD1 6NT,53.65677,-1.77533,MRF,C,,,,,,,,,,,,,,,,,,,,,
1025,MRF,5,Suez,MRF,Huddersfield,West Yorkshire,HD1 6NT,53.65677,-1.77533,MRF,C,,,,,,,,,,,,,,,,,,,,,
1025,MRF,5,Suez,MRF,Huddersfield,West Yorkshire,HD1 6NT,53.65677,-1.77533,MRF,C,,,,,,,,,,,,,,,,,,,,,
1026,MRF,5,Suez,MRF,Birmingham,West Midlands,B8 1AE,52.48244,-1.8703,MRF,C,,,,,,,,,,,,,,,,,,,,,
1026,MRF,5,Suez,MRF,Birmingham,West Midlands,B8 1AE,52.48244,-1.8703,MRF,C,,,,,,,,,,,,,,,,,,,,,
1026,MRF,5,Suez,MRF,Birmingham,West Midlands,B8 1AE,52.48244,-1.8703,MRF,C,,,,,,,,,,,,,,,,,,,,,
1026,MRF,5,Suez,MRF,Birmingham,West Midlands,B8 1AE,52.48244,-1.8703,MRF,C,,,,,,,,,,,,,,,,,,,,,
1026,MRF,5,Suez,MRF,Birmingham,West Midlands,B8 1AE,52.48244,-1.8703,MRF,C,,,,,,,,,,,,,,,,,,,,,
1026,MRF,5,Suez,MRF,Birmingham,West Midlands,B8 1AE,52.48244,-1.8703,MRF,C,,,,,,,,,,,,,,,,,,,,,
1026,MRF,5,Suez,MRF,Birmingham,West Midlands,B8 1AE,52.48244,-1.8703,MRF,C,,,,,,,,,,,,,,,,,,,,,
1027,MRF,5,Suez,MRF,Mitcham,London,CR4 3BQ,51.40272,-0.17682,MRF,C,,,,,,,,,,,,,,,,,,,,,
1027,MRF,5,Suez,MRF,Mitcham,London,CR4 3BQ,51.40272,-0.17682,MRF,C,,,,,,,,,,,,,,,,,,,,,
1027,MRF,5,Suez,MRF,Mitcham,London,CR4 3BQ,51.40272,-0.17682,MRF,C,,,,,,,,,,,,,,,,,,,,,
1027,MRF,5,Suez,MRF,Mitcham,London,CR4 3BQ,51.40272,-0.17682,MRF,C,,,,,,,,,,,,,,,,,,,,,
1027,MRF,5,Suez,MRF,Mitcham,London,CR4 3BQ,51.40272,-0.17682,MRF,C,,,,,,,,,,,,,,,,,,,,,
1027,MRF,5,Suez,MRF,Mitcham,London,CR4 3BQ,51.40272,-0.17682,MRF,C,,,,,,,,,,,,,,,,,,,,,
1027,MRF,5,Suez,MRF,Mitcham,London,CR4 3BQ,51.40272,-0.17682,MRF,C,,,,,,,,,,,,,,,,,,,,,
1028,MRF,5,Suez,MRF,Bristol,Avon,BS11 8AQ,51.51636,-2.68125,MRF,C,,,,,,,,,,,,,,,,,,,,,
1028,MRF,5,Suez,MRF,Bristol,Avon,BS11 8AQ,51.51636,-2.68125,MRF,C,,,,,,,,,,,,,,,,,,,,,
1028,MRF,5,Suez,MRF,Bristol,Avon,BS11 8AQ,51.51636,-2.68125,MRF,C,,,,,,,,,,,,,,,,,,,,,
1028,MRF,5,Suez,MRF,Bristol,Avon,BS11 8AQ,51.51636,-2.68125,MRF,C,,,,,,,,,,,,,,,,,,,,,
1028,MRF,5,Suez,MRF,Bristol,Avon,BS11 8AQ,51.51636,-2.68125,MRF,C,,,,,,,,,,,,,,,,,,,,,
1028,MRF,5,Suez,MRF,Bristol,Avon,BS11 8AQ,51.51636,-2.68125,MRF,C,,,,,,,,,,,,,,,,,,,,,
1028,MRF,5,Suez,MRF,Bristol,Avon,BS11 8AQ,51.51636,-2.68125,MRF,C,,,,,,,,,,,,,,,,,,,,,
1029,MRF,5,Suez,MRF,Bodmin,Devon,PL31 2RJ,50.47728,-4.7006,MRF,C,,,,,,,,,,,,,,,,,,,,,
1029,MRF,5,Suez,MRF,Bodmin,Devon,PL31 2RJ,50.47728,-4.7006,MRF,C,,,,,,,,,,,,,,,,,,,,,
1029,MRF,5,Suez,MRF,Bodmin,Devon,PL31 2RJ,50.47728,-4.7006,MRF,C,,,,,,,,,,,,,,,,,,,,,
1029,MRF,5,Suez,MRF,Bodmin,Devon,PL31 2RJ,50.47728,-4.7006,MRF,C,,,,,,,,,,,,,,,,,,,,,
1029,MRF,5,Suez,MRF,Bodmin,Devon,PL31 2RJ,50.47728,-4.7006,MRF,C,,,,,,,,,,,,,,,,,,,,,
1029,MRF,5,Suez,MRF,Bodmin,Devon,PL31 2RJ,50.47728,-4.7006,MRF,C,,,,,,,,,,,,,,,,,,,,,
1029,MRF,5,Suez,MRF,Bodmin,Devon,PL31 2RJ,50.47728,-4.7006,MRF,C,,,,,,,,,,,,,,,,,,,,,
1030,MRF,5,Suez,MRF,Redruth,Cornwall,TR15 3RT,50.22568,-5.26071,MRF,C,,,,,,,,,,,,,,,,,,,,,
1030,MRF,5,Suez,MRF,Redruth,Cornwall,TR15 3RT,50.22568,-5.26071,MRF,C,,,,,,,,,,,,,,,,,,,,,
1030,MRF,5,Suez,MRF,Redruth,Cornwall,TR15 3RT,50.22568,-5.26071,MRF,C,,,,,,,,,,,,,,,,,,,,,
1030,MRF,5,Suez,MRF,Redruth,Cornwall,TR15 3RT,50.22568,-5.26071,MRF,C,,,,,,,,,,,,,,,,,,,,,
1030,MRF,5,Suez,MRF,Redruth,Cornwall,TR15 3RT,50.22568,-5.26071,MRF,C,,,,,,,,,,,,,,,,,,,,,
1030,MRF,5,Suez,MRF,Redruth,Cornwall,TR15 3RT,50.22568,-5.26071,MRF,C,,,,,,,,,,,,,,,,,,,,,
1030,MRF,5,Suez,MRF,Redruth,Cornwall,TR15 3RT,50.22568,-5.26071,MRF,C,,,,,,,,,,,,,,,,,,,,,
1031,MRF,5,Biffa Recycling Centre,MRF,Melton Mowbray,Leicestershire,LE13 0BZ,52.76163,-0.89885,MRF,C,,,,,,,,,,,,,,,,,,,,,
1031,MRF,5,Biffa Recycling Centre,MRF,Melton Mowbray,Leicestershire,LE13 0BZ,52.76163,-0.89885,MRF,C,,,,,,,,,,,,,,,,,,,,,
1031,MRF,5,Biffa Recycling Centre,MRF,Melton Mowbray,Leicestershire,LE13 0BZ,52.76163,-0.89885,MRF,C,,,,,,,,,,,,,,,,,,,,,
1031,MRF,5,Biffa Recycling Centre,MRF,Melton Mowbray,Leicestershire,LE13 0BZ,52.76163,-0.89885,MRF,C,,,,,,,,,,,,,,,,,,,,,
1031,MRF,5,Biffa Recycling Centre,MRF,Melton Mowbray,Leicestershire,LE13 0BZ,52.76163,-0.89885,MRF,C,,,,,,,,,,,,,,,,,,,,,
1031,MRF,5,Biffa Recycling Centre,MRF,Melton Mowbray,Leicestershire,LE13 0BZ,52.76163,-0.89885,MRF,C,,,,,,,,,,,,,,,,,,,,,
1031,MRF,5,Biffa Recycling Centre,MRF,Melton Mowbray,Leicestershire,LE13 0BZ,52.76163,-0.89885,MRF,C,,,,,,,,,,,,,,,,,,,,,
1032,MRF,5,Viridor Wooton,MRF,Northampton,Northamptonshire,NN4 0LY,52.19371,-0.89185,MRF,C,,,,,,,,,,,,,,,,,,,,,
1032,MRF,5,Viridor Wooton,MRF,Northampton,Northamptonshire,NN4 0LY,52.19371,-0.89185,MRF,C,,,,,,,,,,,,,,,,,,,,,
1032,MRF,5,Viridor Wooton,MRF,Northampton,Northamptonshire,NN4 0LY,52.19371,-0.89185,MRF,C,,,,,,,,,,,,,,,,,,,,,
1032,MRF,5,Viridor Wooton,MRF,Northampton,Northamptonshire,NN4 0LY,52.19371,-0.89185,MRF,C,,,,,,,,,,,,,,,,,,,,,
1032,MRF,5,Viridor Wooton,MRF,Northampton,Northamptonshire,NN4 0LY,52.19371,-0.89185,MRF,C,,,,,,,,,,,,,,,,,,,,,
1032,MRF,5,Viridor Wooton,MRF,Northampton,Northamptonshire,NN4 0LY,52.19371,-0.89185,MRF,C,,,,,,,,,,,,,,,,,,,,,
1032,MRF,5,Viridor Wooton,MRF,Northampton,Northamptonshire,NN4 0LY,52.19371,-0.89185,MRF,C,,,,,,,,,,,,,,,,,,,,,
1033,MRF,5,Viridor Filton,MRF,Bristol,Avon,BS34 7QG,51.51686,-2.56599,MRF,C,,,,,,,,,,,,,,,,,,,,,
1033,MRF,5,Viridor Filton,MRF,Bristol,Avon,BS34 7QG,51.51686,-2.56599,MRF,C,,,,,,,,,,,,,,,,,,,,,
1033,MRF,5,Viridor Filton,MRF,Bristol,Avon,BS34 7QG,51.51686,-2.56599,MRF,C,,,,,,,,,,,,,,,,,,,,,
1033,MRF,5,Viridor Filton,MRF,Bristol,Avon,BS34 7QG,51.51686,-2.56599,MRF,C,,,,,,,,,,,,,,,,,,,,,
1033,MRF,5,Viridor Filton,MRF,Bristol,Avon,BS34 7QG,51.51686,-2.56599,MRF,C,,,,,,,,,,,,,,,,,,,,,
1033,MRF,5,Viridor Filton,MRF,Bristol,Avon,BS34 7QG,51.51686,-2.56599,MRF,C,,,,,,,,,,,,,,,,,,,,,
1033,MRF,5,Viridor Filton,MRF,Bristol,Avon,BS34 7QG,51.51686,-2.56599,MRF,C,,,,,,,,,,,,,,,,,,,,,
1034,Landfill,4,Amey Cespa (East) Ltd,Landfill,Cambridge,Cambridgeshire,CB25 9PQ,52.29572,0.1823,Landfill,E,,,,,,,,,,,,,,,,,,,,,
1034,Landfill,4,Amey Cespa (East) Ltd,Landfill,Cambridge,Cambridgeshire,CB25 9PQ,52.29572,0.1823,Landfill,E,,,,,,,,,,,,,,,,,,,,,
1034,Landfill,4,Amey Cespa (East) Ltd,Landfill,Cambridge,Cambridgeshire,CB25 9PQ,52.29572,0.1823,Landfill,E,,,,,,,,,,,,,,,,,,,,,
1035,Landfill,4,Augean South Ltd,Landfill,Kingscliffe,Cambridgeshire,PE8 6XX,52.58725,-0.50707,Landfill,E,,,,,,,,,,,,,,,,,,,,,
1035,Landfill,4,Augean South Ltd,Landfill,Kingscliffe,Cambridgeshire,PE8 6XX,52.58725,-0.50707,Landfill,E,,,,,,,,,,,,,,,,,,,,,
1035,Landfill,4,Augean South Ltd,Landfill,Kingscliffe,Cambridgeshire,PE8 6XX,52.58725,-0.50707,Landfill,E,,,,,,,,,,,,,,,,,,,,,
1036,Landfill,4,Aughrim Landfill Ltd,Landfill,Lisburn,Northern Ireland,BT28 3TE,54.57081,-6.08759,Landfill,E,,,,,,,,,,,,,,,,,,,,,
1036,Landfill,4,Aughrim Landfill Ltd,Landfill,Lisburn,Northern Ireland,BT28 3TE,54.57081,-6.08759,Landfill,E,,,,,,,,,,,,,,,,,,,,,
1036,Landfill,4,Aughrim Landfill Ltd,Landfill,Lisburn,Northern Ireland,BT28 3TE,54.57081,-6.08759,Landfill,E,,,,,,,,,,,,,,,,,,,,,
1037,Landfill,4,Biffa Waste Services Ltd,Landfill,Tamworth,West Midlands,B77 1LT,52.58887,-1.67903,Landfill,E,,,,,,,,,,,,,,,,,,,,,
1037,Landfill,4,Biffa Waste Services Ltd,Landfill,Tamworth,West Midlands,B77 1LT,52.58887,-1.67903,Landfill,E,,,,,,,,,,,,,,,,,,,,,
1037,Landfill,4,Biffa Waste Services Ltd,Landfill,Tamworth,West Midlands,B77 1LT,52.58887,-1.67903,Landfill,E,,,,,,,,,,,,,,,,,,,,,
1038,Landfill,4,Biffa Waste Services Ltd,Landfill,Ballyclare,Northern Ireland,BT39 9PJ,54.74972,-5.9901,Landfill,E,,,,,,,,,,,,,,,,,,,,,
1038,Landfill,4,Biffa Waste Services Ltd,Landfill,Ballyclare,Northern Ireland,BT39 9PJ,54.74972,-5.9901,Landfill,E,,,,,,,,,,,,,,,,,,,,,
1038,Landfill,4,Biffa Waste Services Ltd,Landfill,Ballyclare,Northern Ireland,BT39 9PJ,54.74972,-5.9901,Landfill,E,,,,,,,,,,,,,,,,,,,,,
1040,Landfill,4,Biffa Waste Services Ltd,Landfill,Bromborough,Merseyside,CH62 4SQ,53.34784,-2.98092,Landfill,E,,,,,,,,,,,,,,,,,,,,,
1040,Landfill,4,Biffa Waste Services Ltd,Landfill,Bromborough,Merseyside,CH62 4SQ,53.34784,-2.98092,Landfill,E,,,,,,,,,,,,,,,,,,,,,
1040,Landfill,4,Biffa Waste Services Ltd,Landfill,Bromborough,Merseyside,CH62 4SQ,53.34784,-2.98092,Landfill,E,,,,,,,,,,,,,,,,,,,,,
1041,Landfill,4,Biffa Waste Services Ltd,Landfill,Bishops Stortford,Essex,CM22 6HT,51.92854,0.20137,Landfill,E,,,,,,,,,,,,,,,,,,,,,
1041,Landfill,4,Biffa Waste Services Ltd,Landfill,Bishops Stortford,Essex,CM22 6HT,51.92854,0.20137,Landfill,E,,,,,,,,,,,,,,,,,,,,,
1041,Landfill,4,Biffa Waste Services Ltd,Landfill,Bishops Stortford,Essex,CM22 6HT,51.92854,0.20137,Landfill,E,,,,,,,,,,,,,,,,,,,,,
1042,Landfill,4,Biffa Waste Services Ltd,Landfill,Kilsby,Leicestershire,CV23 8XF,52.33271,-1.17598,Landfill,E,,,,,,,,,,,,,,,,,,,,,
1042,Landfill,4,Biffa Waste Services Ltd,Landfill,Kilsby,Leicestershire,CV23 8XF,52.33271,-1.17598,Landfill,E,,,,,,,,,,,,,,,,,,,,,
1042,Landfill,4,Biffa Waste Services Ltd,Landfill,Kilsby,Leicestershire,CV23 8XF,52.33271,-1.17598,Landfill,E,,,,,,,,,,,,,,,,,,,,,
1045,Landfill,4,Biffa Waste Services Ltd,Landfill,Dudley  ,West Midlands,DY3 4DA,52.51512,-2.15243,Landfill,E,,,,,,,,,,,,,,,,,,,,,
1045,Landfill,4,Biffa Waste Services Ltd,Landfill,Dudley  ,West Midlands,DY3 4DA,52.51512,-2.15243,Landfill,E,,,,,,,,,,,,,,,,,,,,,
1045,Landfill,4,Biffa Waste Services Ltd,Landfill,Dudley  ,West Midlands,DY3 4DA,52.51512,-2.15243,Landfill,E,,,,,,,,,,,,,,,,,,,,,
1046,Landfill,4,Biffa Waste Services Ltd,Landfill,Attlebridge,Norfolk,NR9 5TD,52.70029,1.17876,Landfill,E,,,,,,,,,,,,,,,,,,,,,
1046,Landfill,4,Biffa Waste Services Ltd,Landfill,Attlebridge,Norfolk,NR9 5TD,52.70029,1.17876,Landfill,E,,,,,,,,,,,,,,,,,,,,,
1046,Landfill,4,Biffa Waste Services Ltd,Landfill,Attlebridge,Norfolk,NR9 5TD,52.70029,1.17876,Landfill,E,,,,,,,,,,,,,,,,,,,,,
1047,Landfill,4,Biffa Waste Services Ltd,Landfill,Eye,Cambridgeshire,PE6 7TH,52.60036,-0.18285,Landfill,E,,,,,,,,,,,,,,,,,,,,,
1047,Landfill,4,Biffa Waste Services Ltd,Landfill,Eye,Cambridgeshire,PE6 7TH,52.60036,-0.18285,Landfill,E,,,,,,,,,,,,,,,,,,,,,
1047,Landfill,4,Biffa Waste Services Ltd,Landfill,Eye,Cambridgeshire,PE6 7TH,52.60036,-0.18285,Landfill,E,,,,,,,,,,,,,,,,,,,,,
1048,Landfill,4,Biffa Waste Services Ltd,Landfill,Newport,Gwent,PO30 2PD,50.69076,-1.24633,Landfill,E,,,,,,,,,,,,,,,,,,,,,
1048,Landfill,4,Biffa Waste Services Ltd,Landfill,Newport,Gwent,PO30 2PD,50.69076,-1.24633,Landfill,E,,,,,,,,,,,,,,,,,,,,,
1048,Landfill,4,Biffa Waste Services Ltd,Landfill,Newport,Gwent,PO30 2PD,50.69076,-1.24633,Landfill,E,,,,,,,,,,,,,,,,,,,,,
1050,Landfill,4,Biffa Waste Services Ltd,Landfill,Reading,Berkshire,RG2 0RR,51.44769,-0.97512,Landfill,E,,,,,,,,,,,,,,,,,,,,,
1050,Landfill,4,Biffa Waste Services Ltd,Landfill,Reading,Berkshire,RG2 0RR,51.44769,-0.97512,Landfill,E,,,,,,,,,,,,,,,,,,,,,
1050,Landfill,4,Biffa Waste Services Ltd,Landfill,Reading,Berkshire,RG2 0RR,51.44769,-0.97512,Landfill,E,,,,,,,,,,,,,,,,,,,,,
1051,Landfill,4,Biffa Waste Services Ltd,Landfill,Pulborough,West Sussex,RH20 3DA,50.9139,-0.40189,Landfill,E,,,,,,,,,,,,,,,,,,,,,
1051,Landfill,4,Biffa Waste Services Ltd,Landfill,Pulborough,West Sussex,RH20 3DA,50.9139,-0.40189,Landfill,E,,,,,,,,,,,,,,,,,,,,,
1051,Landfill,4,Biffa Waste Services Ltd,Landfill,Pulborough,West Sussex,RH20 3DA,50.9139,-0.40189,Landfill,E,,,,,,,,,,,,,,,,,,,,,
1052,Landfill,4,Biffa Waste Services Ltd,Landfill,Salisbury,Wiltshire,SP5 2QF,51.01491,-1.67118,Landfill,E,,,,,,,,,,,,,,,,,,,,,
1052,Landfill,4,Biffa Waste Services Ltd,Landfill,Salisbury,Wiltshire,SP5 2QF,51.01491,-1.67118,Landfill,E,,,,,,,,,,,,,,,,,,,,,
1052,Landfill,4,Biffa Waste Services Ltd,Landfill,Salisbury,Wiltshire,SP5 2QF,51.01491,-1.67118,Landfill,E,,,,,,,,,,,,,,,,,,,,,
1054,Landfill,4,City of Plymouth (Unitary),Landfill,Plymouth,Devon,PL9 7JA,50.37205,-4.10116,Landfill,E,,,,,,,,,,,,,,,,,,,,,
1054,Landfill,4,City of Plymouth (Unitary),Landfill,Plymouth,Devon,PL9 7JA,50.37205,-4.10116,Landfill,E,,,,,,,,,,,,,,,,,,,,,
1054,Landfill,4,City of Plymouth (Unitary),Landfill,Plymouth,Devon,PL9 7JA,50.37205,-4.10116,Landfill,E,,,,,,,,,,,,,,,,,,,,,
1055,Landfill,4,Cory Enviromental (Gloucestershire) Ltd,Landfill,Bristol,Avon,BS16 9NW,51.49116,-2.45037,Landfill,E,,,,,,,,,,,,,,,,,,,,,
1055,Landfill,4,Cory Enviromental (Gloucestershire) Ltd,Landfill,Bristol,Avon,BS16 9NW,51.49116,-2.45037,Landfill,E,,,,,,,,,,,,,,,,,,,,,
1055,Landfill,4,Cory Enviromental (Gloucestershire) Ltd,Landfill,Bristol,Avon,BS16 9NW,51.49116,-2.45037,Landfill,E,,,,,,,,,,,,,,,,,,,,,
1057,Landfill,4,Cory Environmental (Central) Ltd,Landfill,Wrexham,Clwyd,LL14 6ET,53.00882,-3.02703,Landfill,E,,,,,,,,,,,,,,,,,,,,,
1057,Landfill,4,Cory Environmental (Central) Ltd,Landfill,Wrexham,Clwyd,LL14 6ET,53.00882,-3.02703,Landfill,E,,,,,,,,,,,,,,,,,,,,,
1057,Landfill,4,Cory Environmental (Central) Ltd,Landfill,Wrexham,Clwyd,LL14 6ET,53.00882,-3.02703,Landfill,E,,,,,,,,,,,,,,,,,,,,,
1060,Landfill,4,Cory Environmental (Central) Ltd,Landfill,Walsall,West Midlands,WS9 9AH,52.6234,-1.93626,Landfill,E,,,,,,,,,,,,,,,,,,,,,
1060,Landfill,4,Cory Environmental (Central) Ltd,Landfill,Walsall,West Midlands,WS9 9AH,52.6234,-1.93626,Landfill,E,,,,,,,,,,,,,,,,,,,,,
1060,Landfill,4,Cory Environmental (Central) Ltd,Landfill,Walsall,West Midlands,WS9 9AH,52.6234,-1.93626,Landfill,E,,,,,,,,,,,,,,,,,,,,,
1061,Landfill,4,Cumbria Waste Management Ltd,Landfill,Workington,Cumbria,CA14 4JP,54.60745,-3.51939,Landfill,E,,,,,,,,,,,,,,,,,,,,,
1061,Landfill,4,Cumbria Waste Management Ltd,Landfill,Workington,Cumbria,CA14 4JP,54.60745,-3.51939,Landfill,E,,,,,,,,,,,,,,,,,,,,,
1061,Landfill,4,Cumbria Waste Management Ltd,Landfill,Workington,Cumbria,CA14 4JP,54.60745,-3.51939,Landfill,E,,,,,,,,,,,,,,,,,,,,,
1062,Landfill,4,Cumbria Waste Management Ltd,Landfill,Carlisle,Cumbria,CA6 4BJ,54.95296,-2.99288,Landfill,E,,,,,,,,,,,,,,,,,,,,,
1062,Landfill,4,Cumbria Waste Management Ltd,Landfill,Carlisle,Cumbria,CA6 4BJ,54.95296,-2.99288,Landfill,E,,,,,,,,,,,,,,,,,,,,,
1062,Landfill,4,Cumbria Waste Management Ltd,Landfill,Carlisle,Cumbria,CA6 4BJ,54.95296,-2.99288,Landfill,E,,,,,,,,,,,,,,,,,,,,,
1063,Landfill,4,Cumbria Waste Management Ltd,Landfill,Barrow In Furness,Cumbria,LA1 4QH,54.02661,-2.7968,Landfill,E,,,,,,,,,,,,,,,,,,,,,
1063,Landfill,4,Cumbria Waste Management Ltd,Landfill,Barrow In Furness,Cumbria,LA1 4QH,54.02661,-2.7968,Landfill,E,,,,,,,,,,,,,,,,,,,,,
1063,Landfill,4,Cumbria Waste Management Ltd,Landfill,Barrow In Furness,Cumbria,LA1 4QH,54.02661,-2.7968,Landfill,E,,,,,,,,,,,,,,,,,,,,,
1066,Landfill,4,FCC Recycling (UK) Ltd,Landfill,Nuneaton,Warwickshire,CV10 9JQ,52.52468,-1.51877,Landfill,E,,,,,,,,,,,,,,,,,,,,,
1066,Landfill,4,FCC Recycling (UK) Ltd,Landfill,Nuneaton,Warwickshire,CV10 9JQ,52.52468,-1.51877,Landfill,E,,,,,,,,,,,,,,,,,,,,,
1066,Landfill,4,FCC Recycling (UK) Ltd,Landfill,Nuneaton,Warwickshire,CV10 9JQ,52.52468,-1.51877,Landfill,E,,,,,,,,,,,,,,,,,,,,,
1068,Landfill,4,FCC Recycling (UK) Ltd,Landfill,Doncaster,South Yorkshire,DN6 8LY,53.60104,-1.23151,Landfill,E,,,,,,,,,,,,,,,,,,,,,
1068,Landfill,4,FCC Recycling (UK) Ltd,Landfill,Doncaster,South Yorkshire,DN6 8LY,53.60104,-1.23151,Landfill,E,,,,,,,,,,,,,,,,,,,,,
1068,Landfill,4,FCC Recycling (UK) Ltd,Landfill,Doncaster,South Yorkshire,DN6 8LY,53.60104,-1.23151,Landfill,E,,,,,,,,,,,,,,,,,,,,,
1069,Landfill,4,FCC Recycling (UK) Ltd,Landfill,Barrow-In-Furness,Cumbria,LA14 4QH,54.16041,-3.20266,Landfill,E,,,,,,,,,,,,,,,,,,,,,
1069,Landfill,4,FCC Recycling (UK) Ltd,Landfill,Barrow-In-Furness,Cumbria,LA14 4QH,54.16041,-3.20266,Landfill,E,,,,,,,,,,,,,,,,,,,,,
1069,Landfill,4,FCC Recycling (UK) Ltd,Landfill,Barrow-In-Furness,Cumbria,LA14 4QH,54.16041,-3.20266,Landfill,E,,,,,,,,,,,,,,,,,,,,,
1070,Landfill,4,FCC Recycling (UK) Ltd,Landfill,Wrexham,West Glamorganshire,LL12 0AE,53.10636,-2.99607,Landfill,E,,,,,,,,,,,,,,,,,,,,,
1070,Landfill,4,FCC Recycling (UK) Ltd,Landfill,Wrexham,West Glamorganshire,LL12 0AE,53.10636,-2.99607,Landfill,E,,,,,,,,,,,,,,,,,,,,,
1070,Landfill,4,FCC Recycling (UK) Ltd,Landfill,Wrexham,West Glamorganshire,LL12 0AE,53.10636,-2.99607,Landfill,E,,,,,,,,,,,,,,,,,,,,,
1071,Landfill,4,FCC Recycling (UK) Ltd,Landfill,Louth,Lincolnshire,LN11 9QP,53.35804,-0.00528,Landfill,E,,,,,,,,,,,,,,,,,,,,,
1071,Landfill,4,FCC Recycling (UK) Ltd,Landfill,Louth,Lincolnshire,LN11 9QP,53.35804,-0.00528,Landfill,E,,,,,,,,,,,,,,,,,,,,,
1071,Landfill,4,FCC Recycling (UK) Ltd,Landfill,Louth,Lincolnshire,LN11 9QP,53.35804,-0.00528,Landfill,E,,,,,,,,,,,,,,,,,,,,,
1073,Landfill,4,FCC Recycling (UK) Ltd,Landfill,Isle Of Sheppey,Kent,ME12 3AJ,51.40914,0.82821,Landfill,E,,,,,,,,,,,,,,,,,,,,,
1073,Landfill,4,FCC Recycling (UK) Ltd,Landfill,Isle Of Sheppey,Kent,ME12 3AJ,51.40914,0.82821,Landfill,E,,,,,,,,,,,,,,,,,,,,,
1073,Landfill,4,FCC Recycling (UK) Ltd,Landfill,Isle Of Sheppey,Kent,ME12 3AJ,51.40914,0.82821,Landfill,E,,,,,,,,,,,,,,,,,,,,,
1074,Landfill,4,FCC Recycling (UK) Ltd,Landfill,Milton Keynes,Buckinghamshire,MK17 0BA,51.97429,-0.76842,Landfill,E,,,,,,,,,,,,,,,,,,,,,
1074,Landfill,4,FCC Recycling (UK) Ltd,Landfill,Milton Keynes,Buckinghamshire,MK17 0BA,51.97429,-0.76842,Landfill,E,,,,,,,,,,,,,,,,,,,,,
1074,Landfill,4,FCC Recycling (UK) Ltd,Landfill,Milton Keynes,Buckinghamshire,MK17 0BA,51.97429,-0.76842,Landfill,E,,,,,,,,,,,,,,,,,,,,,
1076,Landfill,4,FCC Recycling (UK) Ltd,Landfill,Langar,Nottinghamshire,NG13 9JN,52.90011,-0.89401,Landfill,E,,,,,,,,,,,,,,,,,,,,,
1076,Landfill,4,FCC Recycling (UK) Ltd,Landfill,Langar,Nottinghamshire,NG13 9JN,52.90011,-0.89401,Landfill,E,,,,,,,,,,,,,,,,,,,,,
1076,Landfill,4,FCC Recycling (UK) Ltd,Landfill,Langar,Nottinghamshire,NG13 9JN,52.90011,-0.89401,Landfill,E,,,,,,,,,,,,,,,,,,,,,
1077,Landfill,4,FCC Recycling (UK) Ltd,Landfill,Beccles,Norfolk,NR34 0BL,52.48157,1.62531,Landfill,E,,,,,,,,,,,,,,,,,,,,,
1077,Landfill,4,FCC Recycling (UK) Ltd,Landfill,Beccles,Norfolk,NR34 0BL,52.48157,1.62531,Landfill,E,,,,,,,,,,,,,,,,,,,,,
1077,Landfill,4,FCC Recycling (UK) Ltd,Landfill,Beccles,Norfolk,NR34 0BL,52.48157,1.62531,Landfill,E,,,,,,,,,,,,,,,,,,,,,
1079,Landfill,4,FCC Recycling (UK) Ltd,Landfill,Peterborough,Cambridgeshire,PE1 3TD,52.60332,-0.22353,Landfill,E,,,,,,,,,,,,,,,,,,,,,
1079,Landfill,4,FCC Recycling (UK) Ltd,Landfill,Peterborough,Cambridgeshire,PE1 3TD,52.60332,-0.22353,Landfill,E,,,,,,,,,,,,,,,,,,,,,
1079,Landfill,4,FCC Recycling (UK) Ltd,Landfill,Peterborough,Cambridgeshire,PE1 3TD,52.60332,-0.22353,Landfill,E,,,,,,,,,,,,,,,,,,,,,
1082,Landfill,4,FCC Recycling (UK) Ltd,Landfill,Aveley,Thurrock,RM15 4HL,51.49521,0.25196,Landfill,E,,,,,,,,,,,,,,,,,,,,,
1082,Landfill,4,FCC Recycling (UK) Ltd,Landfill,Aveley,Thurrock,RM15 4HL,51.49521,0.25196,Landfill,E,,,,,,,,,,,,,,,,,,,,,
1082,Landfill,4,FCC Recycling (UK) Ltd,Landfill,Aveley,Thurrock,RM15 4HL,51.49521,0.25196,Landfill,E,,,,,,,,,,,,,,,,,,,,,
1083,Landfill,4,FCC Recycling (UK) Ltd,Landfill,Staveley,Cumbria,S43 3TP,53.27004,-1.35032,Landfill,E,,,,,,,,,,,,,,,,,,,,,
1083,Landfill,4,FCC Recycling (UK) Ltd,Landfill,Staveley,Cumbria,S43 3TP,53.27004,-1.35032,Landfill,E,,,,,,,,,,,,,,,,,,,,,
1083,Landfill,4,FCC Recycling (UK) Ltd,Landfill,Staveley,Cumbria,S43 3TP,53.27004,-1.35032,Landfill,E,,,,,,,,,,,,,,,,,,,,,
1084,Landfill,4,FCC Recycling (UK) Ltd,Landfill,Swansea,Wset Glamorganshire,SA8 4RX,51.76365,-3.89291,Landfill,E,,,,,,,,,,,,,,,,,,,,,
1084,Landfill,4,FCC Recycling (UK) Ltd,Landfill,Swansea,Wset Glamorganshire,SA8 4RX,51.76365,-3.89291,Landfill,E,,,,,,,,,,,,,,,,,,,,,
1084,Landfill,4,FCC Recycling (UK) Ltd,Landfill,Swansea,Wset Glamorganshire,SA8 4RX,51.76365,-3.89291,Landfill,E,,,,,,,,,,,,,,,,,,,,,
1085,Landfill,4,FCC Recycling (UK) Ltd,Landfill,Arlesey,Warwickshire,SG15 6RF,52.00494,-0.27135,Landfill,E,,,,,,,,,,,,,,,,,,,,,
1085,Landfill,4,FCC Recycling (UK) Ltd,Landfill,Arlesey,Warwickshire,SG15 6RF,52.00494,-0.27135,Landfill,E,,,,,,,,,,,,,,,,,,,,,
1085,Landfill,4,FCC Recycling (UK) Ltd,Landfill,Arlesey,Warwickshire,SG15 6RF,52.00494,-0.27135,Landfill,E,,,,,,,,,,,,,,,,,,,,,
1086,Landfill,4,FCC Recycling (UK) Ltd,Landfill,Knottingley,East Yorkshire,WF11 0AH,53.6862,-1.2328,Landfill,E,,,,,,,,,,,,,,,,,,,,,
1086,Landfill,4,FCC Recycling (UK) Ltd,Landfill,Knottingley,East Yorkshire,WF11 0AH,53.6862,-1.2328,Landfill,E,,,,,,,,,,,,,,,,,,,,,
1086,Landfill,4,FCC Recycling (UK) Ltd,Landfill,Knottingley,East Yorkshire,WF11 0AH,53.6862,-1.2328,Landfill,E,,,,,,,,,,,,,,,,,,,,,
1087,Landfill,4,FCC Recycling (UK) Ltd,Landfill,Wigan,Lancashire,WN1 2XJ,53.60079,-2.63336,Landfill,E,,,,,,,,,,,,,,,,,,,,,
1087,Landfill,4,FCC Recycling (UK) Ltd,Landfill,Wigan,Lancashire,WN1 2XJ,53.60079,-2.63336,Landfill,E,,,,,,,,,,,,,,,,,,,,,
1087,Landfill,4,FCC Recycling (UK) Ltd,Landfill,Wigan,Lancashire,WN1 2XJ,53.60079,-2.63336,Landfill,E,,,,,,,,,,,,,,,,,,,,,
1088,Landfill,4,FCC Recycling (UK) Ltd,Landfill,Bridlington,North Yorkshire,YO16 4UU,54.06987,-0.24757,Landfill,E,,,,,,,,,,,,,,,,,,,,,
1088,Landfill,4,FCC Recycling (UK) Ltd,Landfill,Bridlington,North Yorkshire,YO16 4UU,54.06987,-0.24757,Landfill,E,,,,,,,,,,,,,,,,,,,,,
1088,Landfill,4,FCC Recycling (UK) Ltd,Landfill,Bridlington,North Yorkshire,YO16 4UU,54.06987,-0.24757,Landfill,E,,,,,,,,,,,,,,,,,,,,,
1089,Landfill,4,Grundon Waste Management Ltd,Landfill,Bishops Cleeve,Gloucestershire,GL52 7DG,51.94609,-2.08326,Landfill,E,,,,,,,,,,,,,,,,,,,,,
1089,Landfill,4,Grundon Waste Management Ltd,Landfill,Bishops Cleeve,Gloucestershire,GL52 7DG,51.94609,-2.08326,Landfill,E,,,,,,,,,,,,,,,,,,,,,
1089,Landfill,4,Grundon Waste Management Ltd,Landfill,Bishops Cleeve,Gloucestershire,GL52 7DG,51.94609,-2.08326,Landfill,E,,,,,,,,,,,,,,,,,,,,,
1090,Landfill,4,Grundon Waste Management Ltd,Landfill,Wallingford,Oxfordshire,OX10 6PJ,51.60771,-1.0697,Landfill,E,,,,,,,,,,,,,,,,,,,,,
1090,Landfill,4,Grundon Waste Management Ltd,Landfill,Wallingford,Oxfordshire,OX10 6PJ,51.60771,-1.0697,Landfill,E,,,,,,,,,,,,,,,,,,,,,
1090,Landfill,4,Grundon Waste Management Ltd,Landfill,Wallingford,Oxfordshire,OX10 6PJ,51.60771,-1.0697,Landfill,E,,,,,,,,,,,,,,,,,,,,,
1092,Landfill,4,Lakeland Waste Management Ltd,Landfill,Penrith,Cumbria,CA11 0JB,54.65539,-2.8415,Landfill,E,,,,,,,,,,,,,,,,,,,,,
1092,Landfill,4,Lakeland Waste Management Ltd,Landfill,Penrith,Cumbria,CA11 0JB,54.65539,-2.8415,Landfill,E,,,,,,,,,,,,,,,,,,,,,
1092,Landfill,4,Lakeland Waste Management Ltd,Landfill,Penrith,Cumbria,CA11 0JB,54.65539,-2.8415,Landfill,E,,,,,,,,,,,,,,,,,,,,,
1094,Landfill,4,Lafarge Tarmac Trading,Landfill,Syston,West Yorkshire,LE6 0FA,52.67338,-1.25072,Landfill,E,,,,,,,,,,,,,,,,,,,,,
1094,Landfill,4,Lafarge Tarmac Trading,Landfill,Syston,West Yorkshire,LE6 0FA,52.67338,-1.25072,Landfill,E,,,,,,,,,,,,,,,,,,,,,
1094,Landfill,4,Lafarge Tarmac Trading,Landfill,Syston,West Yorkshire,LE6 0FA,52.67338,-1.25072,Landfill,E,,,,,,,,,,,,,,,,,,,,,
1095,Landfill,4,Lidsey Landfill Ltd,Landfill,Bognor Regis,Dorset,PO22 9PL,50.82354,-0.67033,Landfill,E,,,,,,,,,,,,,,,,,,,,,
1095,Landfill,4,Lidsey Landfill Ltd,Landfill,Bognor Regis,Dorset,PO22 9PL,50.82354,-0.67033,Landfill,E,,,,,,,,,,,,,,,,,,,,,
1095,Landfill,4,Lidsey Landfill Ltd,Landfill,Bognor Regis,Dorset,PO22 9PL,50.82354,-0.67033,Landfill,E,,,,,,,,,,,,,,,,,,,,,
1097,Landfill,4,Resources Management UK Ltd,Landfill,Welshpoool,Powys,SY21 7YE,52.6575,-3.13845,Landfill,E,,,,,,,,,,,,,,,,,,,,,
1097,Landfill,4,Resources Management UK Ltd,Landfill,Welshpoool,Powys,SY21 7YE,52.6575,-3.13845,Landfill,E,,,,,,,,,,,,,,,,,,,,,
1097,Landfill,4,Resources Management UK Ltd,Landfill,Welshpoool,Powys,SY21 7YE,52.6575,-3.13845,Landfill,E,,,,,,,,,,,,,,,,,,,,,
1098,Landfill,4,Saint-Gobain PAM UK Ltd,Landfill,Melton Mowbray,Leicestershire,LE14 3RE,52.77393,-0.92272,Landfill,E,,,,,,,,,,,,,,,,,,,,,
1098,Landfill,4,Saint-Gobain PAM UK Ltd,Landfill,Melton Mowbray,Leicestershire,LE14 3RE,52.77393,-0.92272,Landfill,E,,,,,,,,,,,,,,,,,,,,,
1098,Landfill,4,Saint-Gobain PAM UK Ltd,Landfill,Melton Mowbray,Leicestershire,LE14 3RE,52.77393,-0.92272,Landfill,E,,,,,,,,,,,,,,,,,,,,,
1100,Landfill,4,Singleton Birch Ltd,Landfill,Barnetby,Singleton,DN38 6AE,53.58648,-0.36446,Landfill,E,,,,,,,,,,,,,,,,,,,,,
1100,Landfill,4,Singleton Birch Ltd,Landfill,Barnetby,Singleton,DN38 6AE,53.58648,-0.36446,Landfill,E,,,,,,,,,,,,,,,,,,,,,
1100,Landfill,4,Singleton Birch Ltd,Landfill,Barnetby,Singleton,DN38 6AE,53.58648,-0.36446,Landfill,E,,,,,,,,,,,,,,,,,,,,,
1101,Landfill,4,Suez Recycling and Recovery UK Ltd,Landfill,Accrington,Lancashire,BB5 5UU,53.7674,-2.35977,Landfill,E,,,,,,,,,,,,,,,,,,,,,
1101,Landfill,4,Suez Recycling and Recovery UK Ltd,Landfill,Accrington,Lancashire,BB5 5UU,53.7674,-2.35977,Landfill,E,,,,,,,,,,,,,,,,,,,,,
1101,Landfill,4,Suez Recycling and Recovery UK Ltd,Landfill,Accrington,Lancashire,BB5 5UU,53.7674,-2.35977,Landfill,E,,,,,,,,,,,,,,,,,,,,,
1102,Landfill,4,Suez Recycling and Recovery UK Ltd,Landfill,Wimbourne,Dorset,BH21 3RX,50.75427,-2.03233,Landfill,E,,,,,,,,,,,,,,,,,,,,,
1102,Landfill,4,Suez Recycling and Recovery UK Ltd,Landfill,Wimbourne,Dorset,BH21 3RX,50.75427,-2.03233,Landfill,E,,,,,,,,,,,,,,,,,,,,,
1102,Landfill,4,Suez Recycling and Recovery UK Ltd,Landfill,Wimbourne,Dorset,BH21 3RX,50.75427,-2.03233,Landfill,E,,,,,,,,,,,,,,,,,,,,,
1103,Landfill,4,Suez Recycling and Recovery UK Ltd,Landfill,Runfold,Surrey,GU10 1PB,51.22004,-0.76028,Landfill,E,,,,,,,,,,,,,,,,,,,,,
1103,Landfill,4,Suez Recycling and Recovery UK Ltd,Landfill,Runfold,Surrey,GU10 1PB,51.22004,-0.76028,Landfill,E,,,,,,,,,,,,,,,,,,,,,
1103,Landfill,4,Suez Recycling and Recovery UK Ltd,Landfill,Runfold,Surrey,GU10 1PB,51.22004,-0.76028,Landfill,E,,,,,,,,,,,,,,,,,,,,,
1104,Landfill,4,Suez Recycling and Recovery UK Ltd,Landfill,Liskeard,Cornwall,PL14 4NP,50.42905,-4.5593,Landfill,E,,,,,,,,,,,,,,,,,,,,,
1104,Landfill,4,Suez Recycling and Recovery UK Ltd,Landfill,Liskeard,Cornwall,PL14 4NP,50.42905,-4.5593,Landfill,E,,,,,,,,,,,,,,,,,,,,,
1104,Landfill,4,Suez Recycling and Recovery UK Ltd,Landfill,Liskeard,Cornwall,PL14 4NP,50.42905,-4.5593,Landfill,E,,,,,,,,,,,,,,,,,,,,,
1106,Landfill,4,Suez Recycling and Recovery UK Ltd,Landfill,Telford,Shropshire,TF2 9PB,52.70152,-2.41291,Landfill,E,,,,,,,,,,,,,,,,,,,,,
1106,Landfill,4,Suez Recycling and Recovery UK Ltd,Landfill,Telford,Shropshire,TF2 9PB,52.70152,-2.41291,Landfill,E,,,,,,,,,,,,,,,,,,,,,
1106,Landfill,4,Suez Recycling and Recovery UK Ltd,Landfill,Telford,Shropshire,TF2 9PB,52.70152,-2.41291,Landfill,E,,,,,,,,,,,,,,,,,,,,,
1107,Landfill,4,Sundorne Products Ltd,Landfill,Llanidloes,Powys,SY18 6JJ,52.42864,-3.52056,Landfill,E,,,,,,,,,,,,,,,,,,,,,
1107,Landfill,4,Sundorne Products Ltd,Landfill,Llanidloes,Powys,SY18 6JJ,52.42864,-3.52056,Landfill,E,,,,,,,,,,,,,,,,,,,,,
1107,Landfill,4,Sundorne Products Ltd,Landfill,Llanidloes,Powys,SY18 6JJ,52.42864,-3.52056,Landfill,E,,,,,,,,,,,,,,,,,,,,,
1108,Landfill,4,Thompsons of Prudhoe Ltd,Landfill,Darlington,Teesside,DL1 3HB,54.54354,-1.51589,Landfill,E,,,,,,,,,,,,,,,,,,,,,
1108,Landfill,4,Thompsons of Prudhoe Ltd,Landfill,Darlington,Teesside,DL1 3HB,54.54354,-1.51589,Landfill,E,,,,,,,,,,,,,,,,,,,,,
1108,Landfill,4,Thompsons of Prudhoe Ltd,Landfill,Darlington,Teesside,DL1 3HB,54.54354,-1.51589,Landfill,E,,,,,,,,,,,,,,,,,,,,,
1109,Landfill,4,Veolia ES Landfill Ltd,Landfill,Bromsgove,Worcestershire,B61 0QT,52.38271,-2.07068,Landfill,E,,,,,,,,,,,,,,,,,,,,,
1109,Landfill,4,Veolia ES Landfill Ltd,Landfill,Bromsgove,Worcestershire,B61 0QT,52.38271,-2.07068,Landfill,E,,,,,,,,,,,,,,,,,,,,,
1109,Landfill,4,Veolia ES Landfill Ltd,Landfill,Bromsgove,Worcestershire,B61 0QT,52.38271,-2.07068,Landfill,E,,,,,,,,,,,,,,,,,,,,,
1110,Landfill,4,Veolia ES Landfill Ltd,Landfill,Ringwood,Dorset,BH24 3QE,50.86075,-1.82898,Landfill,E,,,,,,,,,,,,,,,,,,,,,
1110,Landfill,4,Veolia ES Landfill Ltd,Landfill,Ringwood,Dorset,BH24 3QE,50.86075,-1.82898,Landfill,E,,,,,,,,,,,,,,,,,,,,,
1110,Landfill,4,Veolia ES Landfill Ltd,Landfill,Ringwood,Dorset,BH24 3QE,50.86075,-1.82898,Landfill,E,,,,,,,,,,,,,,,,,,,,,
1111,Landfill,4,Veolia ES Landfill Ltd,Landfill,Rugby,Warwickshire,CV23 9HN,52.35886,-1.40381,Landfill,E,,,,,,,,,,,,,,,,,,,,,
1111,Landfill,4,Veolia ES Landfill Ltd,Landfill,Rugby,Warwickshire,CV23 9HN,52.35886,-1.40381,Landfill,E,,,,,,,,,,,,,,,,,,,,,
1111,Landfill,4,Veolia ES Landfill Ltd,Landfill,Rugby,Warwickshire,CV23 9HN,52.35886,-1.40381,Landfill,E,,,,,,,,,,,,,,,,,,,,,
1112,Landfill,4,Veolia ES Landfill Ltd,Landfill,Swadlincote,Derbyshire,DE11 8HD,52.7549,-1.55661,Landfill,E,,,,,,,,,,,,,,,,,,,,,
1112,Landfill,4,Veolia ES Landfill Ltd,Landfill,Swadlincote,Derbyshire,DE11 8HD,52.7549,-1.55661,Landfill,E,,,,,,,,,,,,,,,,,,,,,
1112,Landfill,4,Veolia ES Landfill Ltd,Landfill,Swadlincote,Derbyshire,DE11 8HD,52.7549,-1.55661,Landfill,E,,,,,,,,,,,,,,,,,,,,,
1113,Landfill,4,Veolia ES Landfill Ltd,Landfill,Doncaster,South Yorkshire,DN6 8DE,53.58132,-1.17653,Landfill,E,,,,,,,,,,,,,,,,,,,,,
1113,Landfill,4,Veolia ES Landfill Ltd,Landfill,Doncaster,South Yorkshire,DN6 8DE,53.58132,-1.17653,Landfill,E,,,,,,,,,,,,,,,,,,,,,
1113,Landfill,4,Veolia ES Landfill Ltd,Landfill,Doncaster,South Yorkshire,DN6 8DE,53.58132,-1.17653,Landfill,E,,,,,,,,,,,,,,,,,,,,,
1114,Landfill,4,Veolia ES Landfill Ltd,Landfill,Beaconsfield,Buckinghamshire,HP9 1XD,51.59419,-0.66314,Landfill,E,,,,,,,,,,,,,,,,,,,,,
1114,Landfill,4,Veolia ES Landfill Ltd,Landfill,Beaconsfield,Buckinghamshire,HP9 1XD,51.59419,-0.66314,Landfill,E,,,,,,,,,,,,,,,,,,,,,
1114,Landfill,4,Veolia ES Landfill Ltd,Landfill,Beaconsfield,Buckinghamshire,HP9 1XD,51.59419,-0.66314,Landfill,E,,,,,,,,,,,,,,,,,,,,,
1115,Landfill,4,Veolia ES Landfill Ltd,Landfill,Oldham,Greater Manchester,OL4 3SA,53.55279,-2.0501,Landfill,E,,,,,,,,,,,,,,,,,,,,,
1115,Landfill,4,Veolia ES Landfill Ltd,Landfill,Oldham,Greater Manchester,OL4 3SA,53.55279,-2.0501,Landfill,E,,,,,,,,,,,,,,,,,,,,,
1115,Landfill,4,Veolia ES Landfill Ltd,Landfill,Oldham,Greater Manchester,OL4 3SA,53.55279,-2.0501,Landfill,E,,,,,,,,,,,,,,,,,,,,,
1118,Landfill,4,Veolia ES Landfill Ltd,Landfill,Gerrards Cross,Buckinghamshire,SL9 8TE,51.58817,-0.59673,Landfill,E,,,,,,,,,,,,,,,,,,,,,
1118,Landfill,4,Veolia ES Landfill Ltd,Landfill,Gerrards Cross,Buckinghamshire,SL9 8TE,51.58817,-0.59673,Landfill,E,,,,,,,,,,,,,,,,,,,,,
1118,Landfill,4,Veolia ES Landfill Ltd,Landfill,Gerrards Cross,Buckinghamshire,SL9 8TE,51.58817,-0.59673,Landfill,E,,,,,,,,,,,,,,,,,,,,,
1120,Landfill,4,Viridor Waste Management Ltd.,Landfill,Bury,Greater Manchester,BL9 8QZ,53.57946,-2.26549,Landfill,E,,,,,,,,,,,,,,,,,,,,,
1120,Landfill,4,Viridor Waste Management Ltd.,Landfill,Bury,Greater Manchester,BL9 8QZ,53.57946,-2.26549,Landfill,E,,,,,,,,,,,,,,,,,,,,,
1120,Landfill,4,Viridor Waste Management Ltd.,Landfill,Bury,Greater Manchester,BL9 8QZ,53.57946,-2.26549,Landfill,E,,,,,,,,,,,,,,,,,,,,,
1124,Landfill,4,Viridor Waste Management Ltd.,Landfill,Newton Abbot,Devon,TQ12 3GP,50.5741,-3.60638,Landfill,E,,,,,,,,,,,,,,,,,,,,,
1124,Landfill,4,Viridor Waste Management Ltd.,Landfill,Newton Abbot,Devon,TQ12 3GP,50.5741,-3.60638,Landfill,E,,,,,,,,,,,,,,,,,,,,,
1124,Landfill,4,Viridor Waste Management Ltd.,Landfill,Newton Abbot,Devon,TQ12 3GP,50.5741,-3.60638,Landfill,E,,,,,,,,,,,,,,,,,,,,,
1125,Landfill,4,Whitemoss Landfill Ltd,Landfill,Skelmersdale,Lancashire,WN8 9TH,53.54264,-2.79957,Landfill,E,,,,,,,,,,,,,,,,,,,,,
1125,Landfill,4,Whitemoss Landfill Ltd,Landfill,Skelmersdale,Lancashire,WN8 9TH,53.54264,-2.79957,Landfill,E,,,,,,,,,,,,,,,,,,,,,
1125,Landfill,4,Whitemoss Landfill Ltd,Landfill,Skelmersdale,Lancashire,WN8 9TH,53.54264,-2.79957,Landfill,E,,,,,,,,,,,,,,,,,,,,,
1127,Landfill,4,Yorwaste Ltd,Landfill,York,North Yorkshire,YO23 3RR,53.95916,-1.1801,Landfill,E,,,,,,,,,,,,,,,,,,,,,
1127,Landfill,4,Yorwaste Ltd,Landfill,York,North Yorkshire,YO23 3RR,53.95916,-1.1801,Landfill,E,,,,,,,,,,,,,,,,,,,,,
1127,Landfill,4,Yorwaste Ltd,Landfill,York,North Yorkshire,YO23 3RR,53.95916,-1.1801,Landfill,E,,,,,,,,,,,,,,,,,,,,,
1039,Landfill,4,Biffa Waste Services Ltd,Landfill,Merthyr Tydfil,Rhonnda,CF48 4AB,51.76746,-3.32099,Landfill,E,,,,,,,,,,,,,,,,,,,,,
1039,Landfill,4,Biffa Waste Services Ltd,Landfill,Merthyr Tydfil,Rhonnda,CF48 4AB,51.76746,-3.32099,Landfill,E,,,,,,,,,,,,,,,,,,,,,
1039,Landfill,4,Biffa Waste Services Ltd,Landfill,Merthyr Tydfil,Rhonnda,CF48 4AB,51.76746,-3.32099,Landfill,E,,,,,,,,,,,,,,,,,,,,,
1043,Landfill,4,Biffa Waste Services Ltd,Landfill,Shardlow,Derbyshire,DE72 3FF,52.87848,-1.3717,Landfill,E,,,,,,,,,,,,,,,,,,,,,
1043,Landfill,4,Biffa Waste Services Ltd,Landfill,Shardlow,Derbyshire,DE72 3FF,52.87848,-1.3717,Landfill,E,,,,,,,,,,,,,,,,,,,,,
1043,Landfill,4,Biffa Waste Services Ltd,Landfill,Shardlow,Derbyshire,DE72 3FF,52.87848,-1.3717,Landfill,E,,,,,,,,,,,,,,,,,,,,,
1044,Landfill,4,Biffa Waste Services Ltd,Landfill,Houghton-Le-Spring,County Durham,DH4 4AU,54.84825,-1.47484,Landfill,E,,,,,,,,,,,,,,,,,,,,,
1044,Landfill,4,Biffa Waste Services Ltd,Landfill,Houghton-Le-Spring,County Durham,DH4 4AU,54.84825,-1.47484,Landfill,E,,,,,,,,,,,,,,,,,,,,,
1044,Landfill,4,Biffa Waste Services Ltd,Landfill,Houghton-Le-Spring,County Durham,DH4 4AU,54.84825,-1.47484,Landfill,E,,,,,,,,,,,,,,,,,,,,,
1049,Landfill,4,Biffa Waste Services Ltd,Landfill,Withnell,Lancashire,PR6 8BP,53.71205,-2.55606,Landfill,E,,,,,,,,,,,,,,,,,,,,,
1049,Landfill,4,Biffa Waste Services Ltd,Landfill,Withnell,Lancashire,PR6 8BP,53.71205,-2.55606,Landfill,E,,,,,,,,,,,,,,,,,,,,,
1049,Landfill,4,Biffa Waste Services Ltd,Landfill,Withnell,Lancashire,PR6 8BP,53.71205,-2.55606,Landfill,E,,,,,,,,,,,,,,,,,,,,,
1053,Landfill,4,Biffa Waste Services Ltd,Landfill,Cannock,Staffordshire,WS11 8NQ,52.68523,-2.01379,Landfill,E,,,,,,,,,,,,,,,,,,,,,
1053,Landfill,4,Biffa Waste Services Ltd,Landfill,Cannock,Staffordshire,WS11 8NQ,52.68523,-2.01379,Landfill,E,,,,,,,,,,,,,,,,,,,,,
1053,Landfill,4,Biffa Waste Services Ltd,Landfill,Cannock,Staffordshire,WS11 8NQ,52.68523,-2.01379,Landfill,E,,,,,,,,,,,,,,,,,,,,,
1056,Landfill,4,Cory Environmental (Central) Ltd,Landfill,Colchester,Essex,CO3 0NN,51.86601,0.82748,Landfill,E,,,,,,,,,,,,,,,,,,,,,
1056,Landfill,4,Cory Environmental (Central) Ltd,Landfill,Colchester,Essex,CO3 0NN,51.86601,0.82748,Landfill,E,,,,,,,,,,,,,,,,,,,,,
1056,Landfill,4,Cory Environmental (Central) Ltd,Landfill,Colchester,Essex,CO3 0NN,51.86601,0.82748,Landfill,E,,,,,,,,,,,,,,,,,,,,,
1058,Landfill,4,Cory Environmental (Central) Ltd,Landfill,Warrington,Cheshire,WA11  0RN,53.46399,-2.64536,Landfill,E,,,,,,,,,,,,,,,,,,,,,
1058,Landfill,4,Cory Environmental (Central) Ltd,Landfill,Warrington,Cheshire,WA11  0RN,53.46399,-2.64536,Landfill,E,,,,,,,,,,,,,,,,,,,,,
1058,Landfill,4,Cory Environmental (Central) Ltd,Landfill,Warrington,Cheshire,WA11  0RN,53.46399,-2.64536,Landfill,E,,,,,,,,,,,,,,,,,,,,,
1059,Landfill,4,Cory Environmental (Central) Ltd,Landfill,Sevenoaks,Kent,TN14 5SR,51.29366,0.19897,Landfill,E,,,,,,,,,,,,,,,,,,,,,
1059,Landfill,4,Cory Environmental (Central) Ltd,Landfill,Sevenoaks,Kent,TN14 5SR,51.29366,0.19897,Landfill,E,,,,,,,,,,,,,,,,,,,,,
1059,Landfill,4,Cory Environmental (Central) Ltd,Landfill,Sevenoaks,Kent,TN14 5SR,51.29366,0.19897,Landfill,E,,,,,,,,,,,,,,,,,,,,,
1064,Landfill,4,Drax Power Ltd,Landfill,Selby,North Yorkshire,YO8 8PH,53.73058,-0.99467,Landfill,E,,,,,,,,,,,,,,,,,,,,,
1064,Landfill,4,Drax Power Ltd,Landfill,Selby,North Yorkshire,YO8 8PH,53.73058,-0.99467,Landfill,E,,,,,,,,,,,,,,,,,,,,,
1064,Landfill,4,Drax Power Ltd,Landfill,Selby,North Yorkshire,YO8 8PH,53.73058,-0.99467,Landfill,E,,,,,,,,,,,,,,,,,,,,,
1065,Landfill,4,FCC Recycling (UK) Ltd,Landfill,Warley,West Midlands,B65 9DS,52.48963,-2.04804,Landfill,E,,,,,,,,,,,,,,,,,,,,,
1065,Landfill,4,FCC Recycling (UK) Ltd,Landfill,Warley,West Midlands,B65 9DS,52.48963,-2.04804,Landfill,E,,,,,,,,,,,,,,,,,,,,,
1065,Landfill,4,FCC Recycling (UK) Ltd,Landfill,Warley,West Midlands,B65 9DS,52.48963,-2.04804,Landfill,E,,,,,,,,,,,,,,,,,,,,,
1067,Landfill,4,FCC Recycling (UK) Ltd,Landfill,Bishop Auckland,County Durham,DL13 2TA,54.70733,-2.00616,Landfill,E,,,,,,,,,,,,,,,,,,,,,
1067,Landfill,4,FCC Recycling (UK) Ltd,Landfill,Bishop Auckland,County Durham,DL13 2TA,54.70733,-2.00616,Landfill,E,,,,,,,,,,,,,,,,,,,,,
1067,Landfill,4,FCC Recycling (UK) Ltd,Landfill,Bishop Auckland,County Durham,DL13 2TA,54.70733,-2.00616,Landfill,E,,,,,,,,,,,,,,,,,,,,,
1072,Landfill,4,FCC Recycling (UK) Ltd,Landfill,Tadcaster,West Yorkshire,LS24 9SG,53.88249,-1.26833,Landfill,E,,,,,,,,,,,,,,,,,,,,,
1072,Landfill,4,FCC Recycling (UK) Ltd,Landfill,Tadcaster,West Yorkshire,LS24 9SG,53.88249,-1.26833,Landfill,E,,,,,,,,,,,,,,,,,,,,,
1072,Landfill,4,FCC Recycling (UK) Ltd,Landfill,Tadcaster,West Yorkshire,LS24 9SG,53.88249,-1.26833,Landfill,E,,,,,,,,,,,,,,,,,,,,,
1075,Landfill,4,FCC Recycling (UK) Ltd,Landfill,Stewartby,Bedfordshire,MK43 9LY,52.07328,-0.52541,Landfill,E,,,,,,,,,,,,,,,,,,,,,
1075,Landfill,4,FCC Recycling (UK) Ltd,Landfill,Stewartby,Bedfordshire,MK43 9LY,52.07328,-0.52541,Landfill,E,,,,,,,,,,,,,,,,,,,,,
1075,Landfill,4,FCC Recycling (UK) Ltd,Landfill,Stewartby,Bedfordshire,MK43 9LY,52.07328,-0.52541,Landfill,E,,,,,,,,,,,,,,,,,,,,,
1078,Landfill,4,FCC Recycling (UK) Ltd,Landfill,Wallingford,Oxfordshire,OX10 6PW,51.59599,-1.07912,Landfill,E,,,,,,,,,,,,,,,,,,,,,
1078,Landfill,4,FCC Recycling (UK) Ltd,Landfill,Wallingford,Oxfordshire,OX10 6PW,51.59599,-1.07912,Landfill,E,,,,,,,,,,,,,,,,,,,,,
1078,Landfill,4,FCC Recycling (UK) Ltd,Landfill,Wallingford,Oxfordshire,OX10 6PW,51.59599,-1.07912,Landfill,E,,,,,,,,,,,,,,,,,,,,,
1080,Landfill,4,FCC Recycling (UK) Ltd,Landfill,Skegness,Lincolnshire,PE25 2JS,53.14817,0.31165,Landfill,E,,,,,,,,,,,,,,,,,,,,,
1080,Landfill,4,FCC Recycling (UK) Ltd,Landfill,Skegness,Lincolnshire,PE25 2JS,53.14817,0.31165,Landfill,E,,,,,,,,,,,,,,,,,,,,,
1080,Landfill,4,FCC Recycling (UK) Ltd,Landfill,Skegness,Lincolnshire,PE25 2JS,53.14817,0.31165,Landfill,E,,,,,,,,,,,,,,,,,,,,,
1091,Landfill,4,Grundon Waste Management Ltd,Landfill,Maidenhead,Kent,RG10 9XY,51.50976,-0.81934,Landfill,E,,,,,,,,,,,,,,,,,,,,,
1091,Landfill,4,Grundon Waste Management Ltd,Landfill,Maidenhead,Kent,RG10 9XY,51.50976,-0.81934,Landfill,E,,,,,,,,,,,,,,,,,,,,,
1091,Landfill,4,Grundon Waste Management Ltd,Landfill,Maidenhead,Kent,RG10 9XY,51.50976,-0.81934,Landfill,E,,,,,,,,,,,,,,,,,,,,,
1096,Landfill,4,Mick George Ltd.,Landfill,Kettering,Northamptonshire,NN14 1QT,52.44968,-0.74339,Landfill,E,,,,,,,,,,,,,,,,,,,,,
1096,Landfill,4,Mick George Ltd.,Landfill,Kettering,Northamptonshire,NN14 1QT,52.44968,-0.74339,Landfill,E,,,,,,,,,,,,,,,,,,,,,
1096,Landfill,4,Mick George Ltd.,Landfill,Kettering,Northamptonshire,NN14 1QT,52.44968,-0.74339,Landfill,E,,,,,,,,,,,,,,,,,,,,,
1099,Landfill,4,Silent Valley Waste Services Ltd,Landfill,Ebbw Vale,Gwent,NP23 6PZ,51.75174,-3.18262,Landfill,E,,,,,,,,,,,,,,,,,,,,,
1099,Landfill,4,Silent Valley Waste Services Ltd,Landfill,Ebbw Vale,Gwent,NP23 6PZ,51.75174,-3.18262,Landfill,E,,,,,,,,,,,,,,,,,,,,,
1099,Landfill,4,Silent Valley Waste Services Ltd,Landfill,Ebbw Vale,Gwent,NP23 6PZ,51.75174,-3.18262,Landfill,E,,,,,,,,,,,,,,,,,,,,,
1105,Landfill,4,Suez Recycling and Recovery UK Ltd,Landfill,Preston,Lancashire,PR4 0XE,53.75798,-2.81796,Landfill,E,,,,,,,,,,,,,,,,,,,,,
1105,Landfill,4,Suez Recycling and Recovery UK Ltd,Landfill,Preston,Lancashire,PR4 0XE,53.75798,-2.81796,Landfill,E,,,,,,,,,,,,,,,,,,,,,
1105,Landfill,4,Suez Recycling and Recovery UK Ltd,Landfill,Preston,Lancashire,PR4 0XE,53.75798,-2.81796,Landfill,E,,,,,,,,,,,,,,,,,,,,,
1116,Landfill,4,Veolia ES Landfill Ltd,Landfill,Rainham,Essex,RM13 9YB,51.50671,0.18005,Landfill,E,,,,,,,,,,,,,,,,,,,,,
1116,Landfill,4,Veolia ES Landfill Ltd,Landfill,Rainham,Essex,RM13 9YB,51.50671,0.18005,Landfill,E,,,,,,,,,,,,,,,,,,,,,
1116,Landfill,4,Veolia ES Landfill Ltd,Landfill,Rainham,Essex,RM13 9YB,51.50671,0.18005,Landfill,E,,,,,,,,,,,,,,,,,,,,,
1117,Landfill,4,Veolia ES Landfill Ltd,Landfill,Grays,Essex,RM16 5TZ,51.51812,0.32644,Landfill,E,,,,,,,,,,,,,,,,,,,,,
1117,Landfill,4,Veolia ES Landfill Ltd,Landfill,Grays,Essex,RM16 5TZ,51.51812,0.32644,Landfill,E,,,,,,,,,,,,,,,,,,,,,
1117,Landfill,4,Veolia ES Landfill Ltd,Landfill,Grays,Essex,RM16 5TZ,51.51812,0.32644,Landfill,E,,,,,,,,,,,,,,,,,,,,,
1119,Landfill,4,Veolia ES Landfill Ltd,Landfill,Basildon,Essex,SS16 4UH,51.55644,0.50491,Landfill,E,,,,,,,,,,,,,,,,,,,,,
1119,Landfill,4,Veolia ES Landfill Ltd,Landfill,Basildon,Essex,SS16 4UH,51.55644,0.50491,Landfill,E,,,,,,,,,,,,,,,,,,,,,
1119,Landfill,4,Veolia ES Landfill Ltd,Landfill,Basildon,Essex,SS16 4UH,51.55644,0.50491,Landfill,E,,,,,,,,,,,,,,,,,,,,,
1121,Landfill,4,Viridor Waste Management Ltd.,Landfill,Beddingham,East Sussex,BN8 6JX,50.84329,0.05237,Landfill,E,,,,,,,,,,,,,,,,,,,,,
1121,Landfill,4,Viridor Waste Management Ltd.,Landfill,Beddingham,East Sussex,BN8 6JX,50.84329,0.05237,Landfill,E,,,,,,,,,,,,,,,,,,,,,
1121,Landfill,4,Viridor Waste Management Ltd.,Landfill,Beddingham,East Sussex,BN8 6JX,50.84329,0.05237,Landfill,E,,,,,,,,,,,,,,,,,,,,,
1122,Landfill,4,Viridor Waste Management Ltd.,Landfill,Ardley,Oxfordshire,OX27 7AA,51.92423,-1.21312,Landfill,E,,,,,,,,,,,,,,,,,,,,,
1122,Landfill,4,Viridor Waste Management Ltd.,Landfill,Ardley,Oxfordshire,OX27 7AA,51.92423,-1.21312,Landfill,E,,,,,,,,,,,,,,,,,,,,,
1122,Landfill,4,Viridor Waste Management Ltd.,Landfill,Ardley,Oxfordshire,OX27 7AA,51.92423,-1.21312,Landfill,E,,,,,,,,,,,,,,,,,,,,,
1123,Landfill,4,Viridor Waste Management Ltd.,Landfill,Calne,Wiltshire,SN11 8RB,51.43543,-1.97056,Landfill,E,,,,,,,,,,,,,,,,,,,,,
1123,Landfill,4,Viridor Waste Management Ltd.,Landfill,Calne,Wiltshire,SN11 8RB,51.43543,-1.97056,Landfill,E,,,,,,,,,,,,,,,,,,,,,
1123,Landfill,4,Viridor Waste Management Ltd.,Landfill,Calne,Wiltshire,SN11 8RB,51.43543,-1.97056,Landfill,E,,,,,,,,,,,,,,,,,,,,,
1126,Landfill,4,Woods Waste Ltd,Landfill,Blackpool,Lancashire,FY4 5JX,53.77526,-2.97579,Landfill,E,,,,,,,,,,,,,,,,,,,,,
1126,Landfill,4,Woods Waste Ltd,Landfill,Blackpool,Lancashire,FY4 5JX,53.77526,-2.97579,Landfill,E,,,,,,,,,,,,,,,,,,,,,
1126,Landfill,4,Woods Waste Ltd,Landfill,Blackpool,Lancashire,FY4 5JX,53.77526,-2.97579,Landfill,E,,,,,,,,,,,,,,,,,,,,,
1127,Landfill,4,Enovert South Ltd,Landfill,Swansea,West Glamorganshire,SA1 8PA,51.62148,-3.9089,Landfill,E,,,,,,,,,,,,,,,,,,,,,
1127,Landfill,4,Enovert South Ltd,Landfill,Swansea,West Glamorganshire,SA1 8PA,51.62148,-3.9089,Landfill,E,,,,,,,,,,,,,,,,,,,,,
1127,Landfill,4,Enovert South Ltd,Landfill,Swansea,West Glamorganshire,SA1 8PA,51.62148,-3.9089,Landfill,E,,,,,,,,,,,,,,,,,,,,,
1128,Landfill,4,Enovert North Ltd,Landfill,Wrexham,Clwyd,LL14 6ET,53.00882,-3.02703,Landfill,E,,,,,,,,,,,,,,,,,,,,,
1128,Landfill,4,Enovert North Ltd,Landfill,Wrexham,Clwyd,LL14 6ET,53.00882,-3.02703,Landfill,E,,,,,,,,,,,,,,,,,,,,,
1128,Landfill,4,Enovert North Ltd,Landfill,Wrexham,Clwyd,LL14 6ET,53.00882,-3.02703,Landfill,E,,,,,,,,,,,,,,,,,,,,,
1129,Landfill,4,Enovert South Ltd,Landfill,Bristol,Avon,BS16 9NN,51.49058,-2.46595,Landfill,E,,,,,,,,,,,,,,,,,,,,,
1129,Landfill,4,Enovert South Ltd,Landfill,Bristol,Avon,BS16 9NN,51.49058,-2.46595,Landfill,E,,,,,,,,,,,,,,,,,,,,,
1129,Landfill,4,Enovert South Ltd,Landfill,Bristol,Avon,BS16 9NN,51.49058,-2.46595,Landfill,E,,,,,,,,,,,,,,,,,,,,,
0,0,0,0,0,0,0,0,0.0,0.0,0,0,,,,,,,,,,,,,,,,,,,,,
